feature	param0_importance	param1_importance	Category8	Category6
1-cell stage conceptus_E-MTAB-5210_237	0	0	Gene_expression	Gene_expression
1-cell stage conceptus_E-MTAB-5210_57	0	0.00038699792741098	Gene_expression	Gene_expression
1st branchial arch mandibular component_E-GEOD-55966_489	0	0.00571765416430038	Gene_expression	Gene_expression
1st branchial arch mandibular component_E-GEOD-55966_666	0.00501990907217443	0	Gene_expression	Gene_expression
1st branchial arch maxillary component_E-GEOD-55966_336	0	0	Gene_expression	Gene_expression
1st branchial arch maxillary component_E-GEOD-55966_598	0	0.00107050291765081	Gene_expression	Gene_expression
2-cell stage conceptus_E-MTAB-5210_240	0	0	Gene_expression	Gene_expression
2-cell stage conceptus_E-MTAB-5210_305	0.00054478418849072	0	Gene_expression	Gene_expression
abdomen musculature_E-MTAB-4035_121	0	0	Gene_expression	Gene_expression
abdomen musculature_E-MTAB-4035_181	0	0	Gene_expression	Gene_expression
abdomen musculature_E-MTAB-4035_387	0	0	Gene_expression	Gene_expression
adrenal medulla_E-GEOD-72165_53	0.00393943393449548	0.00546743030245726	Gene_expression	Gene_expression
Ala_percent	0.00073989358019185	0.00652428722260755	aa_composition	aa_composition
Amphipathic_percent	0.00561369527599042	0.00160532276110328	aa_composition	aa_composition
arcuate nucleus_E-GEOD-70484_18	0.00056781534236622	0	Gene_expression	Gene_expression
arcuate nucleus_E-GEOD-70484_298	0	0	Gene_expression	Gene_expression
arcuate nucleus_E-GEOD-70484_43	0	0	Gene_expression	Gene_expression
arcuate nucleus_E-GEOD-70484_696	0.00060234264498063	0.00368567186492101	Gene_expression	Gene_expression
Arg_percent	0.00183991230354163	0.00303655044788026	aa_composition	aa_composition
ascending colon_E-MTAB-2801_546	0.00023159869944591	0.00245813766010633	Gene_expression	Gene_expression
ascending colon_E-MTAB-2801_637	0.00101172981253107	0.00077555581203447	Gene_expression	Gene_expression
ascending colon_E-MTAB-2801_672	0	0	Gene_expression	Gene_expression
ascending colon_E-MTAB-6547_17	0	0.00099349987150389	Gene_expression	Gene_expression
ascending colon_E-MTAB-6547_218	0	0	Gene_expression	Gene_expression
ascending colon_E-MTAB-6547_224	0	0	Gene_expression	Gene_expression
Asp_percent	0.0052994530658301	0.00599081849335426	aa_composition	aa_composition
Betweenness_Centrality	0.0160722395181872	0.00816599227012015	ppi	ppi
Betweenness_Centrality_Percentiles	0	0	ppi	ppi
brain_E-GEOD-22131_24	0	0.00057218625437618	Gene_expression	Gene_expression
brain_E-GEOD-22131_337	0.0270825730819695	0.00125844423414388	Gene_expression	Gene_expression
brain_E-GEOD-22131_457	0.00663727522082515	0.0012606194149501	Gene_expression	Gene_expression
brain_E-GEOD-22131_93	0	0	Gene_expression	Gene_expression
brain_E-GEOD-55966_291	0	0.0021534229729123	Gene_expression	Gene_expression
brain_E-GEOD-55966_434	0	0.0081553272175197	Gene_expression	Gene_expression
brain_E-GEOD-55966_704	0	0.00268359268226198	Gene_expression	Gene_expression
brain_E-GEOD-74747_706	0.0051516169381131	0	Gene_expression	Gene_expression
brain_E-GEOD-77720_506	0.00205671911419996	0	Gene_expression	Gene_expression
brain_E-MTAB-2328_241	0	0	Gene_expression	Gene_expression
brain_E-MTAB-2328_427	0.00220216636913153	0.00048648666380825	Gene_expression	Gene_expression
brain_E-MTAB-2328_441	0.00213532312862913	0.00515027207668221	Gene_expression	Gene_expression
brain_E-MTAB-2328_482	0	0.00178713694687624	Gene_expression	Gene_expression
brain_E-MTAB-2328_627	0	0.00083423574251881	Gene_expression	Gene_expression
brain_E-MTAB-2328_97	0.00857933945522618	0.00197642853532894	Gene_expression	Gene_expression
brain_E-MTAB-6798_150	0	0	Gene_expression	Gene_expression
brain_E-MTAB-6798_402	0	0	Gene_expression	Gene_expression
brain_E-MTAB-6798_523	0	0.00106808808730023	Gene_expression	Gene_expression
brain_E-MTAB-6798_526	0	0	Gene_expression	Gene_expression
brain_E-MTAB-6798_639	0	0	Gene_expression	Gene_expression
brain_E-MTAB-6798_646	0	0.00085402422541422	Gene_expression	Gene_expression
brain_E-MTAB-7790_231	0	0.00215199712615042	Gene_expression	Gene_expression
brain_E-MTAB-7790_301	0	0.00167658575038864	Gene_expression	Gene_expression
brain_E-MTAB-9164_447	0	0	Gene_expression	Gene_expression
brain_E-MTAB-9164_617	0.00631406776950319	0	Gene_expression	Gene_expression
brainstem_E-GEOD-65775_16	0.00108144128362438	0.00426605343400749	Gene_expression	Gene_expression
brainstem_E-GEOD-65775_20	0.00093537122493935	0	Gene_expression	Gene_expression
brainstem_E-GEOD-65775_573	0	0	Gene_expression	Gene_expression
brainstem_E-GEOD-65775_621	0.0012183393860028	0.00055386974705465	Gene_expression	Gene_expression
bronchus_E-MTAB-8573_431	0	0	Gene_expression	Gene_expression
brown fat_E-GEOD-65775_37	0	0.000978310340462	Gene_expression	Gene_expression
brown fat_E-GEOD-65775_67	0	0.00058020903955509	Gene_expression	Gene_expression
brown fat_E-GEOD-65775_673	0	0	Gene_expression	Gene_expression
brown fat_E-GEOD-65775_76	0	0.00043975283227217	Gene_expression	Gene_expression
brown fat_E-MTAB-7445_303	0	0	Gene_expression	Gene_expression
brown fat_E-MTAB-7445_73	0	0	Gene_expression	Gene_expression
brown fat_E-MTAB-7561_391	0	0.00209668842141374	Gene_expression	Gene_expression
brown fat_E-MTAB-8366_166	0	0	Gene_expression	Gene_expression
brown fat_E-MTAB-8366_334	0	0.00081023431263208	Gene_expression	Gene_expression
brown fat_E-MTAB-8717_249	0	0	Gene_expression	Gene_expression
brown fat_E-MTAB-8717_567	0	0.00201629487519111	Gene_expression	Gene_expression
brown fat_E-MTAB-9192_466	0	0.00337061000576708	Gene_expression	Gene_expression
carotid body_E-GEOD-72165_275	0.00060935127660901	0.00288705981013217	Gene_expression	Gene_expression
CDS_GC_content	0.0554999870561511	0.0137530170570279	gene_structure	gene_structure
CDS_length	0.0257987125690965	0.0323893244020481	gene_structure	gene_structure
cecum_E-GEOD-44366_75	0.00125742820942973	0	Gene_expression	Gene_expression
cerebellar hemisphere_E-MTAB-7279_10	0	0	Gene_expression	Gene_expression
cerebellum_E-GEOD-65775_129	0	0	Gene_expression	Gene_expression
cerebellum_E-GEOD-65775_421	0	0	Gene_expression	Gene_expression
cerebellum_E-GEOD-65775_497	0.00037722105112087	0	Gene_expression	Gene_expression
cerebellum_E-GEOD-65775_524	0	0	Gene_expression	Gene_expression
cerebellum_E-GEOD-79929_182	0	0	Gene_expression	Gene_expression
cerebellum_E-GEOD-79929_312	0.00203605567386581	0	Gene_expression	Gene_expression
cerebellum_E-GEOD-79929_415	0.00120157302046072	0	Gene_expression	Gene_expression
cerebellum_E-GEOD-79929_625	0.00186249507823511	0	Gene_expression	Gene_expression
cerebellum_E-MTAB-6798_117	0	0.00205747523831865	Gene_expression	Gene_expression
cerebellum_E-MTAB-6798_141	0.00445832068214953	0	Gene_expression	Gene_expression
cerebellum_E-MTAB-6798_158	0.00036078516742072	0	Gene_expression	Gene_expression
cerebellum_E-MTAB-6798_283	0	0	Gene_expression	Gene_expression
cerebellum_E-MTAB-6798_314	0	0	Gene_expression	Gene_expression
cerebellum_E-MTAB-6798_371	0	0.00282914379091506	Gene_expression	Gene_expression
cerebellum_E-MTAB-6798_496	0	0	Gene_expression	Gene_expression
cerebellum_E-MTAB-6798_516	0	0.000594139487265	Gene_expression	Gene_expression
cerebellum_E-MTAB-6798_525	0	0	Gene_expression	Gene_expression
cerebellum_E-MTAB-6798_536	0.00082011806351539	0	Gene_expression	Gene_expression
cerebellum_E-MTAB-6798_555	0	0.00254952201127032	Gene_expression	Gene_expression
cerebellum_E-MTAB-6798_556	0	0.00055119609001315	Gene_expression	Gene_expression
cerebellum_E-MTAB-6798_562	0.000336311240999	0	Gene_expression	Gene_expression
cerebellum_E-MTAB-6798_586	0	0	Gene_expression	Gene_expression
cerebellum_E-MTAB-6798_622	0.00071642308501258	0	Gene_expression	Gene_expression
cerebellum_E-MTAB-6798_659	0.0205357008418245	0.00423484476597196	Gene_expression	Gene_expression
cerebellum_E-MTAB-6798_684	0	0	Gene_expression	Gene_expression
cerebellum_E-MTAB-6798_99	0	0.00157599986740881	Gene_expression	Gene_expression
cerebellum_E-MTAB-8838_276	0	0	Gene_expression	Gene_expression
cerebellum_E-MTAB-8838_547	0	0	Gene_expression	Gene_expression
cerebellum_E-MTAB-8838_63	0	0	Gene_expression	Gene_expression
cerebral cortex_E-GEOD-58261_264	0.00068179660869115	0	Gene_expression	Gene_expression
cerebral cortex_E-GEOD-58261_292	0	0	Gene_expression	Gene_expression
cerebral cortex_E-GEOD-58261_493	0.00508359414112081	0.00289494822570983	Gene_expression	Gene_expression
cerebral cortex_E-GEOD-58261_553	0	0	Gene_expression	Gene_expression
cerebral cortex_E-MTAB-7279_113	0	0.00500042833221933	Gene_expression	Gene_expression
cerebral cortex_E-MTAB-8279_120	0	0.00052002046368283	Gene_expression	Gene_expression
cerebral cortex_E-MTAB-8279_234	0.00073829818412102	0.00780033157455236	Gene_expression	Gene_expression
cerebral cortex_E-MTAB-8838_229	0.00011336681208085	0	Gene_expression	Gene_expression
cerebral cortex_E-MTAB-8838_508	0	0.00082495918659581	Gene_expression	Gene_expression
cerebral hemisphere_E-MTAB-6798_11	0	0	Gene_expression	Gene_expression
cerebral hemisphere_E-MTAB-6798_242	0	0	Gene_expression	Gene_expression
cerebral hemisphere_E-MTAB-6798_257	0	0	Gene_expression	Gene_expression
cerebral hemisphere_E-MTAB-6798_28	0	0	Gene_expression	Gene_expression
cerebral hemisphere_E-MTAB-6798_326	0.00107248973492926	0.0009007147464014	Gene_expression	Gene_expression
cerebral hemisphere_E-MTAB-6798_338	0	0	Gene_expression	Gene_expression
cerebral hemisphere_E-MTAB-6798_405	0.00149040015616669	0	Gene_expression	Gene_expression
cerebral hemisphere_E-MTAB-6798_414	0	0.00213384501750929	Gene_expression	Gene_expression
cerebral hemisphere_E-MTAB-6798_417	0.00061084816304632	0.00252650755655491	Gene_expression	Gene_expression
cerebral hemisphere_E-MTAB-6798_426	0	0.00096136448081832	Gene_expression	Gene_expression
cerebral hemisphere_E-MTAB-6798_428	0.00434775508592615	0.00780944586978764	Gene_expression	Gene_expression
cerebral hemisphere_E-MTAB-6798_479	3.1435969903448e-06	0.00259833069992529	Gene_expression	Gene_expression
cerebral hemisphere_E-MTAB-6798_512	0	0	Gene_expression	Gene_expression
cerebral hemisphere_E-MTAB-6798_574	0	0	Gene_expression	Gene_expression
cerebral hemisphere_E-MTAB-6798_588	0	0	Gene_expression	Gene_expression
cerebral hemisphere_E-MTAB-6798_593	0	0.00752613184155331	Gene_expression	Gene_expression
cerebral hemisphere_E-MTAB-6798_648	0	0.00028204704080815	Gene_expression	Gene_expression
cerebral hemisphere_E-MTAB-6798_662	0	0.00208783428101634	Gene_expression	Gene_expression
cerebral hemisphere_E-MTAB-6798_663	0.0004570749814362	0.00051244306125404	Gene_expression	Gene_expression
cerebral hemisphere_E-MTAB-6798_695	0	0.00034162259586702	Gene_expression	Gene_expression
Charged_percent	0.00367114438100013	0.0105667199350067	aa_composition	aa_composition
Closeness_Centrality	0.00792364527552066	0.00571728451832164	ppi	ppi
Closeness_Centrality_Deciles	0	0	ppi	ppi
Closeness_Centrality_Percentiles	0	0	ppi	ppi
Closeness_Centrality_Quartiles	0	0	ppi	ppi
Clustering_Coefficient	0.0005779964798199	0.00426071706903857	ppi	ppi
Clustering_Coefficient_Deciles	0	0.00117772393137165	ppi	ppi
Clustering_Coefficient_Percentiles	0	0.00033058183964188	ppi	ppi
cochlea_E-MTAB-8668_109	0.00093998025130188	0	Gene_expression	Gene_expression
cochlea_E-MTAB-8668_587	0	0	Gene_expression	Gene_expression
colon_E-MTAB-9148_252	0	0.00042898544756701	Gene_expression	Gene_expression
colon_E-MTAB-9148_47	0	0.00136870949030598	Gene_expression	Gene_expression
corpus callosum_E-GEOD-65775_130	0	0.00122983934966144	Gene_expression	Gene_expression
corpus callosum_E-GEOD-65775_134	0	0.00207455080285224	Gene_expression	Gene_expression
corpus callosum_E-GEOD-65775_160	0	0	Gene_expression	Gene_expression
corpus callosum_E-GEOD-65775_395	0	0	Gene_expression	Gene_expression
corpus striatum_E-GEOD-45278_384	0	0.00135232624667831	Gene_expression	Gene_expression
corpus striatum_E-MTAB-5020_227	0	0	Gene_expression	Gene_expression
corpus striatum_E-MTAB-5020_288	0	0.0019365812106442	Gene_expression	Gene_expression
corpus striatum_E-MTAB-5020_29	0.00016672055768455	0	Gene_expression	Gene_expression
corpus striatum_E-MTAB-5020_539	0	0	Gene_expression	Gene_expression
corpus striatum_E-MTAB-5020_561	0.00280663519926561	0	Gene_expression	Gene_expression
corpus striatum_E-MTAB-5020_578	0	0	Gene_expression	Gene_expression
corpus striatum_E-MTAB-5020_679	0	0.00263177178866228	Gene_expression	Gene_expression
corpus striatum_E-MTAB-5020_680	0	0.00412773434478213	Gene_expression	Gene_expression
corpus striatum_E-MTAB-7279_315	0	0	Gene_expression	Gene_expression
corpus striatum_E-MTAB-8240_243	0.00553312366039694	0	Gene_expression	Gene_expression
corpus striatum_E-MTAB-8240_370	0.00173640575994123	0.00362484422359713	Gene_expression	Gene_expression
crypt of lieberkuhn_E-MTAB-9180_633	0	0	Gene_expression	Gene_expression
crypt of lieberkuhn_E-MTAB-9180_645	0.00213801194599895	0.007508971907293	Gene_expression	Gene_expression
Cys_percent	0.00156221097412624	0.00107441729072346	aa_composition	aa_composition
Degree_Centrality	0.00969528275808155	0.00764202507192984	ppi	ppi
Degree_Centrality_Percentiles	0	0	ppi	ppi
dentate gyrus_E-GEOD-45278_399	0	0.00575126808221167	Gene_expression	Gene_expression
diencephalon_E-GEOD-65775_262	0.00166115751942407	0	Gene_expression	Gene_expression
diencephalon_E-GEOD-65775_271	0.00098259313458168	0	Gene_expression	Gene_expression
diencephalon_E-GEOD-65775_438	0	0	Gene_expression	Gene_expression
diencephalon_E-GEOD-65775_519	0	0.0014978797524747	Gene_expression	Gene_expression
dorsal raphe nucleus_E-GEOD-70484_407	0	0	Gene_expression	Gene_expression
dorsal raphe nucleus_E-GEOD-70484_449	0	0	Gene_expression	Gene_expression
dorsal raphe nucleus_E-GEOD-70484_456	0.00133974410313144	0.00056807165504865	Gene_expression	Gene_expression
dorsal raphe nucleus_E-GEOD-70484_68	0	0	Gene_expression	Gene_expression
Eigenvector_Centrality	0.00405286816623263	0.00162166019985724	ppi	ppi
Eigenvector_Centrality_Deciles	0	0	ppi	ppi
Eigenvector_Centrality_Percentiles	0	0	ppi	ppi
Eigenvector_Centrality_Quartiles	0	0	ppi	ppi
embryo_E-ERAD-352_34	0	0	Gene_expression	Gene_expression
embryo_E-ERAD-352_46	0	0	Gene_expression	Gene_expression
embryo_E-ERAD-352_601	0.00040255558439363	0	Gene_expression	Gene_expression
embryo_E-ERAD-352_62	0.00048246147441043	0	Gene_expression	Gene_expression
embryo_E-ERAD-352_635	0	0	Gene_expression	Gene_expression
embryo_E-ERAD-352_675	0	0	Gene_expression	Gene_expression
embryo_E-ERAD-352_690	0	0	Gene_expression	Gene_expression
embryo_E-ERAD-352_691	0	0	Gene_expression	Gene_expression
embryo_E-ERAD-401_106	0.00022417344268624	0	Gene_expression	Gene_expression
embryo_E-ERAD-401_136	0	0.00157249103267704	Gene_expression	Gene_expression
embryo_E-ERAD-401_152	0	0	Gene_expression	Gene_expression
embryo_E-ERAD-401_155	0	0	Gene_expression	Gene_expression
embryo_E-ERAD-401_164	0	0	Gene_expression	Gene_expression
embryo_E-ERAD-401_165	0	0	Gene_expression	Gene_expression
embryo_E-ERAD-401_179	0	0	Gene_expression	Gene_expression
embryo_E-ERAD-401_190	0	0	Gene_expression	Gene_expression
embryo_E-ERAD-401_195	0	0.00086077885698912	Gene_expression	Gene_expression
embryo_E-ERAD-401_198	0	0	Gene_expression	Gene_expression
embryo_E-ERAD-401_206	0	0	Gene_expression	Gene_expression
embryo_E-ERAD-401_215	0	0	Gene_expression	Gene_expression
embryo_E-ERAD-401_217	0	0.00402186940151627	Gene_expression	Gene_expression
embryo_E-ERAD-401_286	0	0	Gene_expression	Gene_expression
embryo_E-ERAD-401_295	0.00881775437505558	0	Gene_expression	Gene_expression
embryo_E-ERAD-401_359	0.00115755952520296	0	Gene_expression	Gene_expression
embryo_E-ERAD-401_360	0	0.00286069745322572	Gene_expression	Gene_expression
embryo_E-ERAD-401_379	0	0	Gene_expression	Gene_expression
embryo_E-ERAD-401_39	0	0	Gene_expression	Gene_expression
embryo_E-ERAD-401_392	0	0	Gene_expression	Gene_expression
embryo_E-ERAD-401_429	0.00055254309358909	0	Gene_expression	Gene_expression
embryo_E-ERAD-401_430	0	0	Gene_expression	Gene_expression
embryo_E-ERAD-401_442	0	0.00330248575172116	Gene_expression	Gene_expression
embryo_E-ERAD-401_448	0	0	Gene_expression	Gene_expression
embryo_E-ERAD-401_452	0	0	Gene_expression	Gene_expression
embryo_E-ERAD-401_473	0	0	Gene_expression	Gene_expression
embryo_E-ERAD-401_484	0	0	Gene_expression	Gene_expression
embryo_E-ERAD-401_486	0	0	Gene_expression	Gene_expression
embryo_E-ERAD-401_490	0	0	Gene_expression	Gene_expression
embryo_E-ERAD-401_492	0	0	Gene_expression	Gene_expression
embryo_E-ERAD-401_499	0	0	Gene_expression	Gene_expression
embryo_E-ERAD-401_5	0	0	Gene_expression	Gene_expression
embryo_E-ERAD-401_502	0	0	Gene_expression	Gene_expression
embryo_E-ERAD-401_505	0	0.00158539968184982	Gene_expression	Gene_expression
embryo_E-ERAD-401_509	0	0	Gene_expression	Gene_expression
embryo_E-ERAD-401_515	0.00037943183275836	0	Gene_expression	Gene_expression
embryo_E-ERAD-401_522	0	0	Gene_expression	Gene_expression
embryo_E-ERAD-401_528	8.26233516297826e-05	0	Gene_expression	Gene_expression
embryo_E-ERAD-401_535	0	0	Gene_expression	Gene_expression
embryo_E-ERAD-401_540	0	0	Gene_expression	Gene_expression
embryo_E-ERAD-401_560	0.00058648372776611	0.00357780702385574	Gene_expression	Gene_expression
embryo_E-ERAD-401_568	0	0	Gene_expression	Gene_expression
embryo_E-ERAD-401_579	0	0	Gene_expression	Gene_expression
embryo_E-ERAD-401_580	0	0	Gene_expression	Gene_expression
embryo_E-ERAD-401_584	0	0	Gene_expression	Gene_expression
embryo_E-ERAD-401_610	0	0	Gene_expression	Gene_expression
embryo_E-ERAD-401_618	0.00046353149264567	0	Gene_expression	Gene_expression
embryo_E-ERAD-401_623	0	0.00240334116658827	Gene_expression	Gene_expression
embryo_E-ERAD-401_624	0	0	Gene_expression	Gene_expression
embryo_E-ERAD-401_631	0.00051536884262865	0	Gene_expression	Gene_expression
embryo_E-ERAD-401_66	0	0	Gene_expression	Gene_expression
embryo_E-ERAD-401_74	0	0	Gene_expression	Gene_expression
embryo_E-ERAD-499_212	0.00030299697389661	0	Gene_expression	Gene_expression
embryo_E-ERAD-499_238	0	0	Gene_expression	Gene_expression
embryo_E-ERAD-499_307	0	0.00059443291056491	Gene_expression	Gene_expression
embryo_E-ERAD-499_369	0	0	Gene_expression	Gene_expression
embryo_E-ERAD-499_61	0	0	Gene_expression	Gene_expression
embryo_E-ERAD-499_8	0	0	Gene_expression	Gene_expression
embryo_E-ERAD-499_9	0.00012032115165208	0	Gene_expression	Gene_expression
embryo_E-GEOD-63813_110	0	0	Gene_expression	Gene_expression
embryo_E-GEOD-63813_228	0	0.00508111141448244	Gene_expression	Gene_expression
embryo_E-GEOD-63813_287	0	0.00059045261605096	Gene_expression	Gene_expression
embryo_E-GEOD-63813_297	0	0.00185878911561901	Gene_expression	Gene_expression
embryo_E-GEOD-63813_348	0	0.00055145750821036	Gene_expression	Gene_expression
embryo_E-GEOD-63813_358	0	0	Gene_expression	Gene_expression
embryo_E-GEOD-63813_533	0	0.00111428900796118	Gene_expression	Gene_expression
embryo_E-GEOD-63813_56	0	0.00034068557197948	Gene_expression	Gene_expression
embryo_E-MTAB-6336_171	0	0	Gene_expression	Gene_expression
embryo_E-MTAB-6336_458	0.00058827905854861	0.00278498432933567	Gene_expression	Gene_expression
endocrine pancreas_E-MTAB-9538_331	0	0	Gene_expression	Gene_expression
endocrine pancreas_E-MTAB-9538_7	0.00154144431085646	0	Gene_expression	Gene_expression
exon_count	0.00327903991232825	0.050589430460791	gene_structure	gene_structure
eye_E-GEOD-63810_396	0	0	Gene_expression	Gene_expression
eye_E-GEOD-63810_89	0	0	Gene_expression	Gene_expression
femur diaphysis_E-GEOD-53105_107	0.00069041187704898	0.00088110818724769	Gene_expression	Gene_expression
femur diaphysis_E-GEOD-53105_173	0	0	Gene_expression	Gene_expression
femur metaphysis_E-GEOD-53105_184	0.00113954764933545	0.00041658573783616	Gene_expression	Gene_expression
femur metaphysis_E-GEOD-53105_277	0.00122441390918248	0.00325873571574208	Gene_expression	Gene_expression
fiveUTR_GC_content	0.0183550904277995	0.00669908901911103	gene_structure	gene_structure
future brain floor plate_E-GEOD-55966_606	0	0.00109723887258308	Gene_expression	Gene_expression
future brain_E-GEOD-55966_48	0	0	Gene_expression	Gene_expression
future brain_E-GEOD-55966_698	0	0.00288611274415774	Gene_expression	Gene_expression
gastrocnemius muscle_E-GEOD-55163_143	0	0.00065185680273716	Gene_expression	Gene_expression
gastrocnemius muscle_E-GEOD-55163_168	0	0.00115303474810884	Gene_expression	Gene_expression
gastrocnemius muscle_E-GEOD-65775_125	0	0.0009140590601757	Gene_expression	Gene_expression
gastrocnemius muscle_E-GEOD-65775_268	0	0.00187768618513761	Gene_expression	Gene_expression
gastrocnemius muscle_E-GEOD-65775_282	0	0.00089864750183224	Gene_expression	Gene_expression
gastrocnemius muscle_E-GEOD-65775_455	0	0	Gene_expression	Gene_expression
gene_mean_cM_weighted	0.0578942085486338	0.0192652910111195	gene_structure	gene_structure
Gln_percent	0.0132381044687501	0.00552188047355321	aa_composition	aa_composition
Glu_percent	0.00727823325342408	0.00770424402819425	aa_composition	aa_composition
Gly_percent	0.00551585596593497	0.00332297335822651	aa_composition	aa_composition
GO:0000015	0	0	GO_terms	GO_terms
GO:0000038	0	0	GO_terms	GO_terms
GO:0000045	0	0	GO_terms	GO_terms
GO:0000050	0	0	GO_terms	GO_terms
GO:0000055	0	0	GO_terms	GO_terms
GO:0000062	0	0.00105316681765184	GO_terms	GO_terms
GO:0000076	0	0	GO_terms	GO_terms
GO:0000082	0	0	GO_terms	GO_terms
GO:0000086	0	0	GO_terms	GO_terms
GO:0000118	0	0	GO_terms	GO_terms
GO:0000122	0	0	GO_terms	GO_terms
GO:0000123	0	0	GO_terms	GO_terms
GO:0000124	0	0	GO_terms	GO_terms
GO:0000139	0	0	GO_terms	GO_terms
GO:0000145	0	0	GO_terms	GO_terms
GO:0000146	0	0	GO_terms	GO_terms
GO:0000149	0	0	GO_terms	GO_terms
GO:0000151	0	0	GO_terms	GO_terms
GO:0000159	0	0	GO_terms	GO_terms
GO:0000165	0	0	GO_terms	GO_terms
GO:0000166	0	0	GO_terms	GO_terms
GO:0000209	0	0	GO_terms	GO_terms
GO:0000220	0	0	GO_terms	GO_terms
GO:0000221	0	0	GO_terms	GO_terms
GO:0000226	0	0	GO_terms	GO_terms
GO:0000244	0	0	GO_terms	GO_terms
GO:0000245	0	0	GO_terms	GO_terms
GO:0000271	0	0	GO_terms	GO_terms
GO:0000281	0	0	GO_terms	GO_terms
GO:0000287	0	0	GO_terms	GO_terms
GO:0000288	0	0	GO_terms	GO_terms
GO:0000307	0	0	GO_terms	GO_terms
GO:0000322	0	0	GO_terms	GO_terms
GO:0000338	0	0	GO_terms	GO_terms
GO:0000380	0	0	GO_terms	GO_terms
GO:0000381	0	0.0015255028447984	GO_terms	GO_terms
GO:0000398	0	0	GO_terms	GO_terms
GO:0000405	0	0	GO_terms	GO_terms
GO:0000407	0	0	GO_terms	GO_terms
GO:0000421	0	0	GO_terms	GO_terms
GO:0000423	0	0	GO_terms	GO_terms
GO:0000439	0	0	GO_terms	GO_terms
GO:0000502	0	0	GO_terms	GO_terms
GO:0000712	0	0	GO_terms	GO_terms
GO:0000774	0	0	GO_terms	GO_terms
GO:0000776	0	0	GO_terms	GO_terms
GO:0000779	0.0003021040703982	0	GO_terms	GO_terms
GO:0000785	0	0	GO_terms	GO_terms
GO:0000786	0	0	GO_terms	GO_terms
GO:0000791	0	0	GO_terms	GO_terms
GO:0000800	0	0	GO_terms	GO_terms
GO:0000810	0	0	GO_terms	GO_terms
GO:0000812	0	0	GO_terms	GO_terms
GO:0000815	0	0	GO_terms	GO_terms
GO:0000900	0	0	GO_terms	GO_terms
GO:0000902	0	0	GO_terms	GO_terms
GO:0000922	0	0	GO_terms	GO_terms
GO:0000930	0	0	GO_terms	GO_terms
GO:0000932	0	0	GO_terms	GO_terms
GO:0000939	0	0	GO_terms	GO_terms
GO:0000940	0	0	GO_terms	GO_terms
GO:0000972	0	0	GO_terms	GO_terms
GO:0000974	0	0	GO_terms	GO_terms
GO:0000976	0	0	GO_terms	GO_terms
GO:0000977	0	0	GO_terms	GO_terms
GO:0000978	0.00028085417218656	0	GO_terms	GO_terms
GO:0000979	0	0	GO_terms	GO_terms
GO:0000987	0	0	GO_terms	GO_terms
GO:0001046	0	0	GO_terms	GO_terms
GO:0001111	0	0	GO_terms	GO_terms
GO:0001161	0	0	GO_terms	GO_terms
GO:0001164	0	0	GO_terms	GO_terms
GO:0001216	0	0	GO_terms	GO_terms
GO:0001221	0	0	GO_terms	GO_terms
GO:0001222	0	0	GO_terms	GO_terms
GO:0001223	0	0	GO_terms	GO_terms
GO:0001227	0.00084200932714442	0	GO_terms	GO_terms
GO:0001228	0.00309813027451871	0	GO_terms	GO_terms
GO:0001501	0	0	GO_terms	GO_terms
GO:0001502	0	0	GO_terms	GO_terms
GO:0001503	0	0	GO_terms	GO_terms
GO:0001504	0	0	GO_terms	GO_terms
GO:0001508	0	0	GO_terms	GO_terms
GO:0001518	0	0	GO_terms	GO_terms
GO:0001525	0	0	GO_terms	GO_terms
GO:0001540	0	0	GO_terms	GO_terms
GO:0001550	0	0	GO_terms	GO_terms
GO:0001553	0	0	GO_terms	GO_terms
GO:0001568	0	0	GO_terms	GO_terms
GO:0001569	0	0	GO_terms	GO_terms
GO:0001570	0	0	GO_terms	GO_terms
GO:0001580	0	0	GO_terms	GO_terms
GO:0001594	0	0.00078062570536891	GO_terms	GO_terms
GO:0001618	0	0	GO_terms	GO_terms
GO:0001640	0	0	GO_terms	GO_terms
GO:0001642	0	0	GO_terms	GO_terms
GO:0001649	0	0	GO_terms	GO_terms
GO:0001651	0	0	GO_terms	GO_terms
GO:0001654	0	0	GO_terms	GO_terms
GO:0001655	0	0	GO_terms	GO_terms
GO:0001656	0	0	GO_terms	GO_terms
GO:0001657	0	0	GO_terms	GO_terms
GO:0001658	0	0	GO_terms	GO_terms
GO:0001662	0	0	GO_terms	GO_terms
GO:0001666	0	0	GO_terms	GO_terms
GO:0001676	0	0	GO_terms	GO_terms
GO:0001678	0	0	GO_terms	GO_terms
GO:0001701	0	0	GO_terms	GO_terms
GO:0001702	0	0	GO_terms	GO_terms
GO:0001707	0	0	GO_terms	GO_terms
GO:0001708	0	0	GO_terms	GO_terms
GO:0001709	0	0	GO_terms	GO_terms
GO:0001725	0	0	GO_terms	GO_terms
GO:0001726	0	0	GO_terms	GO_terms
GO:0001730	0	0	GO_terms	GO_terms
GO:0001732	0	0	GO_terms	GO_terms
GO:0001739	0	0	GO_terms	GO_terms
GO:0001755	0	0	GO_terms	GO_terms
GO:0001756	0	0	GO_terms	GO_terms
GO:0001759	0	0	GO_terms	GO_terms
GO:0001764	0	0	GO_terms	GO_terms
GO:0001778	0	0	GO_terms	GO_terms
GO:0001782	0	0	GO_terms	GO_terms
GO:0001784	0	0	GO_terms	GO_terms
GO:0001788	0	0	GO_terms	GO_terms
GO:0001791	0	0	GO_terms	GO_terms
GO:0001817	0	0	GO_terms	GO_terms
GO:0001822	0	0	GO_terms	GO_terms
GO:0001823	0	0	GO_terms	GO_terms
GO:0001837	0	0	GO_terms	GO_terms
GO:0001843	0	0	GO_terms	GO_terms
GO:0001872	0	0	GO_terms	GO_terms
GO:0001889	0	0	GO_terms	GO_terms
GO:0001890	0	0	GO_terms	GO_terms
GO:0001894	0	0	GO_terms	GO_terms
GO:0001913	0	0	GO_terms	GO_terms
GO:0001916	0	0	GO_terms	GO_terms
GO:0001917	0	0	GO_terms	GO_terms
GO:0001932	0	0	GO_terms	GO_terms
GO:0001933	0	0	GO_terms	GO_terms
GO:0001934	0	0	GO_terms	GO_terms
GO:0001935	0	0	GO_terms	GO_terms
GO:0001937	0	0	GO_terms	GO_terms
GO:0001938	0	0	GO_terms	GO_terms
GO:0001944	0	0	GO_terms	GO_terms
GO:0001947	0	0	GO_terms	GO_terms
GO:0001958	0	0	GO_terms	GO_terms
GO:0001964	0	0	GO_terms	GO_terms
GO:0001967	0	0	GO_terms	GO_terms
GO:0001975	0	0	GO_terms	GO_terms
GO:0002011	0	0	GO_terms	GO_terms
GO:0002021	0	0	GO_terms	GO_terms
GO:0002026	0.00025525571019325	0	GO_terms	GO_terms
GO:0002027	0.00032353284733275	0	GO_terms	GO_terms
GO:0002028	0	0	GO_terms	GO_terms
GO:0002029	0	0	GO_terms	GO_terms
GO:0002031	0	0	GO_terms	GO_terms
GO:0002039	0	0	GO_terms	GO_terms
GO:0002052	0	0	GO_terms	GO_terms
GO:0002053	0	0	GO_terms	GO_terms
GO:0002062	0	0	GO_terms	GO_terms
GO:0002063	0	0	GO_terms	GO_terms
GO:0002064	0	0	GO_terms	GO_terms
GO:0002076	0	0	GO_terms	GO_terms
GO:0002087	0	0	GO_terms	GO_terms
GO:0002089	0	0	GO_terms	GO_terms
GO:0002090	0	0	GO_terms	GO_terms
GO:0002091	0	0	GO_terms	GO_terms
GO:0002102	0	0	GO_terms	GO_terms
GO:0002157	0	0	GO_terms	GO_terms
GO:0002181	0	0	GO_terms	GO_terms
GO:0002183	0	0	GO_terms	GO_terms
GO:0002218	0	0	GO_terms	GO_terms
GO:0002223	0	0	GO_terms	GO_terms
GO:0002227	0	0	GO_terms	GO_terms
GO:0002230	0	0	GO_terms	GO_terms
GO:0002250	0	0	GO_terms	GO_terms
GO:0002286	0	0	GO_terms	GO_terms
GO:0002312	0	0	GO_terms	GO_terms
GO:0002317	0	0	GO_terms	GO_terms
GO:0002323	0	0	GO_terms	GO_terms
GO:0002360	0	0	GO_terms	GO_terms
GO:0002376	0.00080060107317805	0	GO_terms	GO_terms
GO:0002430	0	0	GO_terms	GO_terms
GO:0002470	0	0	GO_terms	GO_terms
GO:0002474	0	0	GO_terms	GO_terms
GO:0002476	0.00115110793785547	0	GO_terms	GO_terms
GO:0002486	0	0	GO_terms	GO_terms
GO:0002503	0	0	GO_terms	GO_terms
GO:0002554	0	0	GO_terms	GO_terms
GO:0002576	0	0	GO_terms	GO_terms
GO:0002682	0	0	GO_terms	GO_terms
GO:0002752	0	0	GO_terms	GO_terms
GO:0002764	0	0	GO_terms	GO_terms
GO:0002860	0	0	GO_terms	GO_terms
GO:0002931	0	0	GO_terms	GO_terms
GO:0003007	0	0	GO_terms	GO_terms
GO:0003008	0	0	GO_terms	GO_terms
GO:0003009	0	0	GO_terms	GO_terms
GO:0003104	0	0	GO_terms	GO_terms
GO:0003140	0	0	GO_terms	GO_terms
GO:0003148	0	0	GO_terms	GO_terms
GO:0003149	0	0	GO_terms	GO_terms
GO:0003151	0	0	GO_terms	GO_terms
GO:0003157	0	0	GO_terms	GO_terms
GO:0003171	0	0	GO_terms	GO_terms
GO:0003180	0	0	GO_terms	GO_terms
GO:0003190	0	0	GO_terms	GO_terms
GO:0003197	0	0	GO_terms	GO_terms
GO:0003198	0	0	GO_terms	GO_terms
GO:0003203	0	0	GO_terms	GO_terms
GO:0003214	0	0	GO_terms	GO_terms
GO:0003215	0	0	GO_terms	GO_terms
GO:0003223	0	0	GO_terms	GO_terms
GO:0003229	0	0	GO_terms	GO_terms
GO:0003254	0	0	GO_terms	GO_terms
GO:0003272	0	0	GO_terms	GO_terms
GO:0003279	0	0	GO_terms	GO_terms
GO:0003281	0	0	GO_terms	GO_terms
GO:0003323	0	0	GO_terms	GO_terms
GO:0003337	0	0	GO_terms	GO_terms
GO:0003344	0	0	GO_terms	GO_terms
GO:0003352	0	0.00149733884842235	GO_terms	GO_terms
GO:0003376	0	0	GO_terms	GO_terms
GO:0003417	0	0	GO_terms	GO_terms
GO:0003674	0.00044272814336472	0	GO_terms	GO_terms
GO:0003676	0	0	GO_terms	GO_terms
GO:0003677	0	0	GO_terms	GO_terms
GO:0003682	0.00289979189835169	0	GO_terms	GO_terms
GO:0003700	0.00040559979445976	0	GO_terms	GO_terms
GO:0003707	0	0	GO_terms	GO_terms
GO:0003712	0	0	GO_terms	GO_terms
GO:0003713	0	0	GO_terms	GO_terms
GO:0003714	0	0	GO_terms	GO_terms
GO:0003723	0	0	GO_terms	GO_terms
GO:0003724	0	0	GO_terms	GO_terms
GO:0003729	0.00127017910073528	0	GO_terms	GO_terms
GO:0003730	0	0	GO_terms	GO_terms
GO:0003735	0	0	GO_terms	GO_terms
GO:0003743	0	0	GO_terms	GO_terms
GO:0003746	0	0	GO_terms	GO_terms
GO:0003774	0	0	GO_terms	GO_terms
GO:0003777	0	0	GO_terms	GO_terms
GO:0003779	0	0	GO_terms	GO_terms
GO:0003823	0	0	GO_terms	GO_terms
GO:0003824	0.00101058522517942	0	GO_terms	GO_terms
GO:0003831	0	0	GO_terms	GO_terms
GO:0003872	0	0	GO_terms	GO_terms
GO:0003924	0	0	GO_terms	GO_terms
GO:0003925	0	0	GO_terms	GO_terms
GO:0003985	0	0	GO_terms	GO_terms
GO:0003988	0	0	GO_terms	GO_terms
GO:0004013	0	0	GO_terms	GO_terms
GO:0004016	0	0	GO_terms	GO_terms
GO:0004017	0	0	GO_terms	GO_terms
GO:0004027	0	0	GO_terms	GO_terms
GO:0004095	0	0	GO_terms	GO_terms
GO:0004115	0	0	GO_terms	GO_terms
GO:0004117	0	0	GO_terms	GO_terms
GO:0004174	0	0	GO_terms	GO_terms
GO:0004340	0	0	GO_terms	GO_terms
GO:0004396	0	0	GO_terms	GO_terms
GO:0004402	0	0	GO_terms	GO_terms
GO:0004407	0	0	GO_terms	GO_terms
GO:0004435	0	0	GO_terms	GO_terms
GO:0004497	0	0	GO_terms	GO_terms
GO:0004505	0	0	GO_terms	GO_terms
GO:0004518	0	0	GO_terms	GO_terms
GO:0004519	0	0	GO_terms	GO_terms
GO:0004520	0	0	GO_terms	GO_terms
GO:0004535	0	0	GO_terms	GO_terms
GO:0004540	0	0	GO_terms	GO_terms
GO:0004634	0	0	GO_terms	GO_terms
GO:0004672	0	0	GO_terms	GO_terms
GO:0004674	0	0	GO_terms	GO_terms
GO:0004675	0	0	GO_terms	GO_terms
GO:0004679	0	0	GO_terms	GO_terms
GO:0004683	0	0	GO_terms	GO_terms
GO:0004693	0	0	GO_terms	GO_terms
GO:0004697	0	0	GO_terms	GO_terms
GO:0004698	0	0	GO_terms	GO_terms
GO:0004699	0	0	GO_terms	GO_terms
GO:0004703	0	0	GO_terms	GO_terms
GO:0004705	0	0	GO_terms	GO_terms
GO:0004707	0	0	GO_terms	GO_terms
GO:0004708	0	0	GO_terms	GO_terms
GO:0004709	0	0	GO_terms	GO_terms
GO:0004711	0	0	GO_terms	GO_terms
GO:0004712	0	0	GO_terms	GO_terms
GO:0004713	0	0	GO_terms	GO_terms
GO:0004714	0	0	GO_terms	GO_terms
GO:0004715	0	0	GO_terms	GO_terms
GO:0004721	0	0.00166395772895346	GO_terms	GO_terms
GO:0004722	0	0	GO_terms	GO_terms
GO:0004740	0	0	GO_terms	GO_terms
GO:0004768	0	0	GO_terms	GO_terms
GO:0004842	0	0	GO_terms	GO_terms
GO:0004849	0	0	GO_terms	GO_terms
GO:0004862	0	0	GO_terms	GO_terms
GO:0004864	0	0	GO_terms	GO_terms
GO:0004867	0	0	GO_terms	GO_terms
GO:0004869	0	0	GO_terms	GO_terms
GO:0004875	0	0	GO_terms	GO_terms
GO:0004879	0	0	GO_terms	GO_terms
GO:0004890	0	0	GO_terms	GO_terms
GO:0004896	0	0	GO_terms	GO_terms
GO:0004930	0	0	GO_terms	GO_terms
GO:0004935	0	0	GO_terms	GO_terms
GO:0004937	0	0	GO_terms	GO_terms
GO:0004970	0	0	GO_terms	GO_terms
GO:0004971	0	0	GO_terms	GO_terms
GO:0004972	0	0	GO_terms	GO_terms
GO:0004982	0	0	GO_terms	GO_terms
GO:0004984	0	0	GO_terms	GO_terms
GO:0004993	0	0	GO_terms	GO_terms
GO:0005003	0	0	GO_terms	GO_terms
GO:0005004	0	0	GO_terms	GO_terms
GO:0005005	0	0	GO_terms	GO_terms
GO:0005025	0	0	GO_terms	GO_terms
GO:0005046	0	0	GO_terms	GO_terms
GO:0005047	0	0	GO_terms	GO_terms
GO:0005049	0	0	GO_terms	GO_terms
GO:0005080	0	0	GO_terms	GO_terms
GO:0005085	0	0	GO_terms	GO_terms
GO:0005096	0.00299640140706409	0	GO_terms	GO_terms
GO:0005109	0	0	GO_terms	GO_terms
GO:0005112	0	0	GO_terms	GO_terms
GO:0005125	0	0	GO_terms	GO_terms
GO:0005126	0	0	GO_terms	GO_terms
GO:0005132	0	0	GO_terms	GO_terms
GO:0005139	0	0	GO_terms	GO_terms
GO:0005148	0	0	GO_terms	GO_terms
GO:0005157	0	0	GO_terms	GO_terms
GO:0005158	0	0	GO_terms	GO_terms
GO:0005178	0	0	GO_terms	GO_terms
GO:0005179	0	0	GO_terms	GO_terms
GO:0005186	0	0	GO_terms	GO_terms
GO:0005198	0	0	GO_terms	GO_terms
GO:0005200	0	0	GO_terms	GO_terms
GO:0005216	0.00188707558035374	0	GO_terms	GO_terms
GO:0005222	0	0.000442970138743	GO_terms	GO_terms
GO:0005225	0	0	GO_terms	GO_terms
GO:0005230	0	0	GO_terms	GO_terms
GO:0005234	0	0	GO_terms	GO_terms
GO:0005242	0	0	GO_terms	GO_terms
GO:0005243	0	0	GO_terms	GO_terms
GO:0005244	0	0	GO_terms	GO_terms
GO:0005245	0	0	GO_terms	GO_terms
GO:0005246	0	0	GO_terms	GO_terms
GO:0005247	0	0	GO_terms	GO_terms
GO:0005248	0	0	GO_terms	GO_terms
GO:0005249	0	0	GO_terms	GO_terms
GO:0005250	0	0	GO_terms	GO_terms
GO:0005251	0	0	GO_terms	GO_terms
GO:0005254	0	0	GO_terms	GO_terms
GO:0005261	0	0	GO_terms	GO_terms
GO:0005262	0	0.00153856296751395	GO_terms	GO_terms
GO:0005267	0	0	GO_terms	GO_terms
GO:0005272	0	0	GO_terms	GO_terms
GO:0005283	0	0	GO_terms	GO_terms
GO:0005290	0	0	GO_terms	GO_terms
GO:0005332	0	0	GO_terms	GO_terms
GO:0005338	0	0	GO_terms	GO_terms
GO:0005388	0	0	GO_terms	GO_terms
GO:0005391	0	0	GO_terms	GO_terms
GO:0005415	0	0	GO_terms	GO_terms
GO:0005484	0	0	GO_terms	GO_terms
GO:0005504	0	0	GO_terms	GO_terms
GO:0005509	0	0	GO_terms	GO_terms
GO:0005513	0	0	GO_terms	GO_terms
GO:0005515	0.00418656519142872	0.00195452052422492	GO_terms	GO_terms
GO:0005516	0	0	GO_terms	GO_terms
GO:0005524	0	0	GO_terms	GO_terms
GO:0005525	0	0	GO_terms	GO_terms
GO:0005536	0	0	GO_terms	GO_terms
GO:0005537	0	0	GO_terms	GO_terms
GO:0005540	0	0	GO_terms	GO_terms
GO:0005543	0	0	GO_terms	GO_terms
GO:0005546	0	0	GO_terms	GO_terms
GO:0005547	0	0	GO_terms	GO_terms
GO:0005548	0	0	GO_terms	GO_terms
GO:0005549	0	0	GO_terms	GO_terms
GO:0005550	0	0	GO_terms	GO_terms
GO:0005575	0	0	GO_terms	GO_terms
GO:0005576	0.00069170989777098	0	GO_terms	GO_terms
GO:0005579	0	0	GO_terms	GO_terms
GO:0005592	0	0	GO_terms	GO_terms
GO:0005615	0	0	GO_terms	GO_terms
GO:0005622	0	0	GO_terms	GO_terms
GO:0005634	0.00838490290764562	0	GO_terms	GO_terms
GO:0005635	0	0	GO_terms	GO_terms
GO:0005643	0	0	GO_terms	GO_terms
GO:0005654	0	0	GO_terms	GO_terms
GO:0005665	0	0	GO_terms	GO_terms
GO:0005666	0	0	GO_terms	GO_terms
GO:0005667	0	0	GO_terms	GO_terms
GO:0005669	0	0	GO_terms	GO_terms
GO:0005675	0	0	GO_terms	GO_terms
GO:0005680	0	0	GO_terms	GO_terms
GO:0005681	0	0	GO_terms	GO_terms
GO:0005682	0	0	GO_terms	GO_terms
GO:0005684	0	0	GO_terms	GO_terms
GO:0005686	0	0	GO_terms	GO_terms
GO:0005687	0	0	GO_terms	GO_terms
GO:0005688	0	0	GO_terms	GO_terms
GO:0005689	0	0	GO_terms	GO_terms
GO:0005730	0.00059881813161415	0	GO_terms	GO_terms
GO:0005737	0.0074427208558953	0	GO_terms	GO_terms
GO:0005739	0.00415212404020214	0	GO_terms	GO_terms
GO:0005740	0	0	GO_terms	GO_terms
GO:0005741	0	0	GO_terms	GO_terms
GO:0005742	0	0	GO_terms	GO_terms
GO:0005743	0.00035330083241568	0	GO_terms	GO_terms
GO:0005757	0	0	GO_terms	GO_terms
GO:0005759	0	0	GO_terms	GO_terms
GO:0005764	0.00046168802463351	0	GO_terms	GO_terms
GO:0005765	0	0	GO_terms	GO_terms
GO:0005768	0	0.0011151051380802	GO_terms	GO_terms
GO:0005769	0	0	GO_terms	GO_terms
GO:0005770	0	0	GO_terms	GO_terms
GO:0005783	0	0	GO_terms	GO_terms
GO:0005789	0.00046452261423315	0.00064790184019721	GO_terms	GO_terms
GO:0005790	0	0	GO_terms	GO_terms
GO:0005791	0	0	GO_terms	GO_terms
GO:0005793	0	0	GO_terms	GO_terms
GO:0005794	0.00059554207891495	0	GO_terms	GO_terms
GO:0005796	0	0	GO_terms	GO_terms
GO:0005802	0	0	GO_terms	GO_terms
GO:0005811	0	0	GO_terms	GO_terms
GO:0005813	0	0	GO_terms	GO_terms
GO:0005815	0	0	GO_terms	GO_terms
GO:0005819	0	0	GO_terms	GO_terms
GO:0005827	0	0	GO_terms	GO_terms
GO:0005829	0	0	GO_terms	GO_terms
GO:0005834	0	0	GO_terms	GO_terms
GO:0005838	0	0	GO_terms	GO_terms
GO:0005839	0	0	GO_terms	GO_terms
GO:0005840	0	0	GO_terms	GO_terms
GO:0005847	0	0	GO_terms	GO_terms
GO:0005852	0	0	GO_terms	GO_terms
GO:0005856	0	0	GO_terms	GO_terms
GO:0005859	0	0.00073383592969075	GO_terms	GO_terms
GO:0005861	0	0	GO_terms	GO_terms
GO:0005868	0	0	GO_terms	GO_terms
GO:0005869	0	0	GO_terms	GO_terms
GO:0005871	0	0	GO_terms	GO_terms
GO:0005874	0	0	GO_terms	GO_terms
GO:0005876	0	0	GO_terms	GO_terms
GO:0005881	0	0	GO_terms	GO_terms
GO:0005884	0	0	GO_terms	GO_terms
GO:0005885	0	0	GO_terms	GO_terms
GO:0005886	0.00093370670043775	0	GO_terms	GO_terms
GO:0005891	0	0	GO_terms	GO_terms
GO:0005901	0	0	GO_terms	GO_terms
GO:0005903	0	0	GO_terms	GO_terms
GO:0005905	0	0	GO_terms	GO_terms
GO:0005911	0	0	GO_terms	GO_terms
GO:0005912	0	0	GO_terms	GO_terms
GO:0005916	0	0	GO_terms	GO_terms
GO:0005921	0	0	GO_terms	GO_terms
GO:0005925	0	0.00111358198025705	GO_terms	GO_terms
GO:0005929	0	0.00079057546983892	GO_terms	GO_terms
GO:0005938	0	0.0005326126251497	GO_terms	GO_terms
GO:0005940	0	0	GO_terms	GO_terms
GO:0005943	0	0	GO_terms	GO_terms
GO:0005945	0	0	GO_terms	GO_terms
GO:0005952	0	0	GO_terms	GO_terms
GO:0005954	0	0	GO_terms	GO_terms
GO:0005978	0	0	GO_terms	GO_terms
GO:0006002	0	0	GO_terms	GO_terms
GO:0006006	0	0	GO_terms	GO_terms
GO:0006007	0	0	GO_terms	GO_terms
GO:0006024	0	0	GO_terms	GO_terms
GO:0006044	0	0	GO_terms	GO_terms
GO:0006046	0	0	GO_terms	GO_terms
GO:0006068	0	0	GO_terms	GO_terms
GO:0006072	0	0	GO_terms	GO_terms
GO:0006082	0	0	GO_terms	GO_terms
GO:0006094	0	0	GO_terms	GO_terms
GO:0006096	0	0	GO_terms	GO_terms
GO:0006099	0	0	GO_terms	GO_terms
GO:0006102	0	0	GO_terms	GO_terms
GO:0006164	0	0	GO_terms	GO_terms
GO:0006166	0	0	GO_terms	GO_terms
GO:0006171	0	0	GO_terms	GO_terms
GO:0006172	0	0	GO_terms	GO_terms
GO:0006275	0	0	GO_terms	GO_terms
GO:0006279	0	0	GO_terms	GO_terms
GO:0006281	0	0	GO_terms	GO_terms
GO:0006282	0	0	GO_terms	GO_terms
GO:0006298	0.00033361830961292	0	GO_terms	GO_terms
GO:0006302	0.00055157678567451	0	GO_terms	GO_terms
GO:0006309	0	0.00057937000699921	GO_terms	GO_terms
GO:0006325	0.00227650473178398	0	GO_terms	GO_terms
GO:0006337	0	0	GO_terms	GO_terms
GO:0006338	0	0	GO_terms	GO_terms
GO:0006351	0	0	GO_terms	GO_terms
GO:0006355	0.00193989511122744	0	GO_terms	GO_terms
GO:0006357	0.00609719482684326	0	GO_terms	GO_terms
GO:0006366	0	0	GO_terms	GO_terms
GO:0006367	0	0	GO_terms	GO_terms
GO:0006368	0	0	GO_terms	GO_terms
GO:0006376	0	0	GO_terms	GO_terms
GO:0006383	0	0	GO_terms	GO_terms
GO:0006384	0	0	GO_terms	GO_terms
GO:0006397	0.00155570692497293	0	GO_terms	GO_terms
GO:0006400	0	0	GO_terms	GO_terms
GO:0006403	0	0	GO_terms	GO_terms
GO:0006406	0	0	GO_terms	GO_terms
GO:0006412	0	0	GO_terms	GO_terms
GO:0006413	0	0	GO_terms	GO_terms
GO:0006414	0	0	GO_terms	GO_terms
GO:0006417	0	0	GO_terms	GO_terms
GO:0006449	0	0	GO_terms	GO_terms
GO:0006457	0	0	GO_terms	GO_terms
GO:0006468	0.00128922327074674	0	GO_terms	GO_terms
GO:0006470	0	0	GO_terms	GO_terms
GO:0006476	0.00076366009017916	0	GO_terms	GO_terms
GO:0006479	0	0	GO_terms	GO_terms
GO:0006486	0	0	GO_terms	GO_terms
GO:0006487	0	0	GO_terms	GO_terms
GO:0006511	0	0	GO_terms	GO_terms
GO:0006538	0	0	GO_terms	GO_terms
GO:0006541	0	0	GO_terms	GO_terms
GO:0006558	0	0	GO_terms	GO_terms
GO:0006605	0	0	GO_terms	GO_terms
GO:0006606	0	0	GO_terms	GO_terms
GO:0006607	0	0	GO_terms	GO_terms
GO:0006610	0	0	GO_terms	GO_terms
GO:0006611	0	0	GO_terms	GO_terms
GO:0006613	0	0	GO_terms	GO_terms
GO:0006616	0	0	GO_terms	GO_terms
GO:0006621	0	0	GO_terms	GO_terms
GO:0006626	0	0	GO_terms	GO_terms
GO:0006629	0	0	GO_terms	GO_terms
GO:0006631	0	0	GO_terms	GO_terms
GO:0006633	0	0	GO_terms	GO_terms
GO:0006635	0	0	GO_terms	GO_terms
GO:0006636	0	0	GO_terms	GO_terms
GO:0006639	0	0	GO_terms	GO_terms
GO:0006641	0	0	GO_terms	GO_terms
GO:0006646	0	0	GO_terms	GO_terms
GO:0006654	0	0	GO_terms	GO_terms
GO:0006656	0	0	GO_terms	GO_terms
GO:0006657	0	0	GO_terms	GO_terms
GO:0006661	0	0	GO_terms	GO_terms
GO:0006665	0	0	GO_terms	GO_terms
GO:0006741	0	0	GO_terms	GO_terms
GO:0006754	0	0	GO_terms	GO_terms
GO:0006805	0	0	GO_terms	GO_terms
GO:0006810	0	0	GO_terms	GO_terms
GO:0006811	0.0024103658479201	0	GO_terms	GO_terms
GO:0006812	0	0	GO_terms	GO_terms
GO:0006813	0	0	GO_terms	GO_terms
GO:0006814	0	0.00040911863639392	GO_terms	GO_terms
GO:0006816	0	0	GO_terms	GO_terms
GO:0006820	0	0.00086103684144049	GO_terms	GO_terms
GO:0006821	0	0	GO_terms	GO_terms
GO:0006833	0	0	GO_terms	GO_terms
GO:0006836	0	0	GO_terms	GO_terms
GO:0006839	0	0	GO_terms	GO_terms
GO:0006851	0	0	GO_terms	GO_terms
GO:0006865	0	0.00072174383175676	GO_terms	GO_terms
GO:0006869	0	0.0004840273243371	GO_terms	GO_terms
GO:0006874	0	0	GO_terms	GO_terms
GO:0006884	0	0	GO_terms	GO_terms
GO:0006885	0	0	GO_terms	GO_terms
GO:0006886	0	0	GO_terms	GO_terms
GO:0006887	0	0	GO_terms	GO_terms
GO:0006888	0	0	GO_terms	GO_terms
GO:0006890	0	0	GO_terms	GO_terms
GO:0006891	0	0	GO_terms	GO_terms
GO:0006892	0	0	GO_terms	GO_terms
GO:0006893	0	0	GO_terms	GO_terms
GO:0006897	0	0	GO_terms	GO_terms
GO:0006901	0	0	GO_terms	GO_terms
GO:0006904	0	0	GO_terms	GO_terms
GO:0006906	0	0	GO_terms	GO_terms
GO:0006909	0	0	GO_terms	GO_terms
GO:0006913	0	0	GO_terms	GO_terms
GO:0006914	0	0	GO_terms	GO_terms
GO:0006915	0	0	GO_terms	GO_terms
GO:0006936	0	0	GO_terms	GO_terms
GO:0006937	0	0	GO_terms	GO_terms
GO:0006939	0	0.00031349539078187	GO_terms	GO_terms
GO:0006940	0	0	GO_terms	GO_terms
GO:0006941	0	0	GO_terms	GO_terms
GO:0006942	0	0	GO_terms	GO_terms
GO:0006952	0	0	GO_terms	GO_terms
GO:0006953	0	0	GO_terms	GO_terms
GO:0006954	0	0	GO_terms	GO_terms
GO:0006955	0	0	GO_terms	GO_terms
GO:0006956	0	0	GO_terms	GO_terms
GO:0006957	0	0	GO_terms	GO_terms
GO:0006958	0	0	GO_terms	GO_terms
GO:0006979	0	0	GO_terms	GO_terms
GO:0006986	0	0	GO_terms	GO_terms
GO:0006997	0	0	GO_terms	GO_terms
GO:0006998	0	0	GO_terms	GO_terms
GO:0007005	0	0	GO_terms	GO_terms
GO:0007010	0	0	GO_terms	GO_terms
GO:0007015	0	0	GO_terms	GO_terms
GO:0007017	0	0	GO_terms	GO_terms
GO:0007018	0	0	GO_terms	GO_terms
GO:0007030	0	0	GO_terms	GO_terms
GO:0007032	0	0	GO_terms	GO_terms
GO:0007033	0	0	GO_terms	GO_terms
GO:0007034	0	0	GO_terms	GO_terms
GO:0007043	0	0	GO_terms	GO_terms
GO:0007059	0	0	GO_terms	GO_terms
GO:0007066	0	0.00135879150418187	GO_terms	GO_terms
GO:0007099	0	0	GO_terms	GO_terms
GO:0007129	0	0	GO_terms	GO_terms
GO:0007144	0	0	GO_terms	GO_terms
GO:0007154	0	0	GO_terms	GO_terms
GO:0007155	0	0	GO_terms	GO_terms
GO:0007156	0	0	GO_terms	GO_terms
GO:0007163	0	0	GO_terms	GO_terms
GO:0007165	0	0	GO_terms	GO_terms
GO:0007169	0.00129276006137435	0	GO_terms	GO_terms
GO:0007173	0	0	GO_terms	GO_terms
GO:0007178	0	0	GO_terms	GO_terms
GO:0007179	0	0	GO_terms	GO_terms
GO:0007186	0	0	GO_terms	GO_terms
GO:0007187	0	0	GO_terms	GO_terms
GO:0007188	0	0	GO_terms	GO_terms
GO:0007189	0	0	GO_terms	GO_terms
GO:0007195	0	0	GO_terms	GO_terms
GO:0007196	0.00048666288922455	0	GO_terms	GO_terms
GO:0007198	0	0	GO_terms	GO_terms
GO:0007200	0	0	GO_terms	GO_terms
GO:0007204	0	0	GO_terms	GO_terms
GO:0007207	0	0	GO_terms	GO_terms
GO:0007213	0	0	GO_terms	GO_terms
GO:0007214	0	0	GO_terms	GO_terms
GO:0007215	0	0	GO_terms	GO_terms
GO:0007216	0	0.00133676577390453	GO_terms	GO_terms
GO:0007217	0	0	GO_terms	GO_terms
GO:0007219	0	0	GO_terms	GO_terms
GO:0007220	0	0	GO_terms	GO_terms
GO:0007223	0	0	GO_terms	GO_terms
GO:0007224	0	0	GO_terms	GO_terms
GO:0007229	0	0	GO_terms	GO_terms
GO:0007249	0	0	GO_terms	GO_terms
GO:0007254	0	0	GO_terms	GO_terms
GO:0007258	0	0	GO_terms	GO_terms
GO:0007263	0	0	GO_terms	GO_terms
GO:0007264	0	0	GO_terms	GO_terms
GO:0007265	0	0	GO_terms	GO_terms
GO:0007266	0	0	GO_terms	GO_terms
GO:0007267	0	0	GO_terms	GO_terms
GO:0007268	0	0	GO_terms	GO_terms
GO:0007269	0	0	GO_terms	GO_terms
GO:0007270	0	0	GO_terms	GO_terms
GO:0007281	0	0	GO_terms	GO_terms
GO:0007368	0	0	GO_terms	GO_terms
GO:0007389	0	0	GO_terms	GO_terms
GO:0007399	0	0	GO_terms	GO_terms
GO:0007403	0	0	GO_terms	GO_terms
GO:0007405	0	0	GO_terms	GO_terms
GO:0007406	0	0	GO_terms	GO_terms
GO:0007409	0	0	GO_terms	GO_terms
GO:0007411	0	0	GO_terms	GO_terms
GO:0007412	0	0	GO_terms	GO_terms
GO:0007413	0	0	GO_terms	GO_terms
GO:0007416	0.0005097790930977	0	GO_terms	GO_terms
GO:0007417	0	0	GO_terms	GO_terms
GO:0007420	0	0	GO_terms	GO_terms
GO:0007423	0	0	GO_terms	GO_terms
GO:0007435	0	0	GO_terms	GO_terms
GO:0007498	0	0	GO_terms	GO_terms
GO:0007507	0	0	GO_terms	GO_terms
GO:0007512	0	0	GO_terms	GO_terms
GO:0007517	0	0	GO_terms	GO_terms
GO:0007519	0	0	GO_terms	GO_terms
GO:0007528	0	0	GO_terms	GO_terms
GO:0007548	0	0	GO_terms	GO_terms
GO:0007584	0	0	GO_terms	GO_terms
GO:0007599	0	0	GO_terms	GO_terms
GO:0007603	0	0	GO_terms	GO_terms
GO:0007605	0	0	GO_terms	GO_terms
GO:0007608	0	0	GO_terms	GO_terms
GO:0007611	0	0	GO_terms	GO_terms
GO:0007612	0	0	GO_terms	GO_terms
GO:0007613	0.00153683100850852	0	GO_terms	GO_terms
GO:0007616	0	0	GO_terms	GO_terms
GO:0007626	0	0	GO_terms	GO_terms
GO:0007628	0	0	GO_terms	GO_terms
GO:0007631	0	0	GO_terms	GO_terms
GO:0007632	0	0	GO_terms	GO_terms
GO:0007638	0	0	GO_terms	GO_terms
GO:0008009	0	0	GO_terms	GO_terms
GO:0008013	0	0	GO_terms	GO_terms
GO:0008015	0	0	GO_terms	GO_terms
GO:0008016	0	0	GO_terms	GO_terms
GO:0008017	0	0	GO_terms	GO_terms
GO:0008021	0	0	GO_terms	GO_terms
GO:0008033	0	0	GO_terms	GO_terms
GO:0008045	0	0	GO_terms	GO_terms
GO:0008046	0	0	GO_terms	GO_terms
GO:0008066	0	0	GO_terms	GO_terms
GO:0008076	0	0	GO_terms	GO_terms
GO:0008081	0	0	GO_terms	GO_terms
GO:0008089	0	0	GO_terms	GO_terms
GO:0008091	0	0	GO_terms	GO_terms
GO:0008092	0	0	GO_terms	GO_terms
GO:0008104	0	0	GO_terms	GO_terms
GO:0008134	0	0	GO_terms	GO_terms
GO:0008139	0	0	GO_terms	GO_terms
GO:0008150	0.00189747856694429	0.00197809983013051	GO_terms	GO_terms
GO:0008152	0	0	GO_terms	GO_terms
GO:0008168	0	0	GO_terms	GO_terms
GO:0008179	0	0	GO_terms	GO_terms
GO:0008180	0	0	GO_terms	GO_terms
GO:0008186	0	0	GO_terms	GO_terms
GO:0008195	0	0	GO_terms	GO_terms
GO:0008217	0	0	GO_terms	GO_terms
GO:0008227	0	0	GO_terms	GO_terms
GO:0008250	0	0	GO_terms	GO_terms
GO:0008270	0	0	GO_terms	GO_terms
GO:0008282	0	0	GO_terms	GO_terms
GO:0008283	0	0	GO_terms	GO_terms
GO:0008284	0	0	GO_terms	GO_terms
GO:0008285	0	0	GO_terms	GO_terms
GO:0008286	0	0	GO_terms	GO_terms
GO:0008289	0	0	GO_terms	GO_terms
GO:0008306	0	0	GO_terms	GO_terms
GO:0008320	0	0	GO_terms	GO_terms
GO:0008328	0	0	GO_terms	GO_terms
GO:0008330	0	0	GO_terms	GO_terms
GO:0008331	0	0	GO_terms	GO_terms
GO:0008333	0	0	GO_terms	GO_terms
GO:0008344	0	0	GO_terms	GO_terms
GO:0008353	0	0	GO_terms	GO_terms
GO:0008354	0	0	GO_terms	GO_terms
GO:0008360	0	0	GO_terms	GO_terms
GO:0008361	0	0	GO_terms	GO_terms
GO:0008379	0	0	GO_terms	GO_terms
GO:0008380	0	0	GO_terms	GO_terms
GO:0008392	0	0	GO_terms	GO_terms
GO:0008401	0	0	GO_terms	GO_terms
GO:0008404	0	0	GO_terms	GO_terms
GO:0008405	0	0	GO_terms	GO_terms
GO:0008432	0	0.00155797568199702	GO_terms	GO_terms
GO:0008467	0	0	GO_terms	GO_terms
GO:0008469	0	0	GO_terms	GO_terms
GO:0008503	0	0	GO_terms	GO_terms
GO:0008526	0	0	GO_terms	GO_terms
GO:0008527	0	0	GO_terms	GO_terms
GO:0008542	0	0	GO_terms	GO_terms
GO:0008543	0	0	GO_terms	GO_terms
GO:0008556	0	0	GO_terms	GO_terms
GO:0008582	0	0	GO_terms	GO_terms
GO:0008584	0	0	GO_terms	GO_terms
GO:0008610	0	0	GO_terms	GO_terms
GO:0008637	0	0	GO_terms	GO_terms
GO:0008654	0	0	GO_terms	GO_terms
GO:0008821	0	0	GO_terms	GO_terms
GO:0008865	0	0	GO_terms	GO_terms
GO:0009048	0	0	GO_terms	GO_terms
GO:0009062	0	0	GO_terms	GO_terms
GO:0009224	0	0	GO_terms	GO_terms
GO:0009266	0	0	GO_terms	GO_terms
GO:0009267	0	0	GO_terms	GO_terms
GO:0009301	0	0	GO_terms	GO_terms
GO:0009306	0	0	GO_terms	GO_terms
GO:0009408	0	0	GO_terms	GO_terms
GO:0009409	0	0	GO_terms	GO_terms
GO:0009410	0	0	GO_terms	GO_terms
GO:0009416	0	0	GO_terms	GO_terms
GO:0009437	0	0	GO_terms	GO_terms
GO:0009449	0	0	GO_terms	GO_terms
GO:0009583	0	0	GO_terms	GO_terms
GO:0009611	0	0	GO_terms	GO_terms
GO:0009612	0	0	GO_terms	GO_terms
GO:0009617	0	0	GO_terms	GO_terms
GO:0009636	0	0	GO_terms	GO_terms
GO:0009642	0	0	GO_terms	GO_terms
GO:0009653	0	0	GO_terms	GO_terms
GO:0009725	0	0	GO_terms	GO_terms
GO:0009749	0	0	GO_terms	GO_terms
GO:0009790	0	0	GO_terms	GO_terms
GO:0009791	0	0	GO_terms	GO_terms
GO:0009880	0	0	GO_terms	GO_terms
GO:0009887	0	0	GO_terms	GO_terms
GO:0009888	0	0	GO_terms	GO_terms
GO:0009893	0.00181050039142542	0	GO_terms	GO_terms
GO:0009897	0	0.00131044688951614	GO_terms	GO_terms
GO:0009898	0	0	GO_terms	GO_terms
GO:0009913	0	0	GO_terms	GO_terms
GO:0009922	0	0	GO_terms	GO_terms
GO:0009948	0	0	GO_terms	GO_terms
GO:0009952	0	0	GO_terms	GO_terms
GO:0009953	0	0	GO_terms	GO_terms
GO:0009954	0	0	GO_terms	GO_terms
GO:0009957	0	0	GO_terms	GO_terms
GO:0009966	0	0	GO_terms	GO_terms
GO:0009968	0	0	GO_terms	GO_terms
GO:0010001	0	0	GO_terms	GO_terms
GO:0010008	0	0	GO_terms	GO_terms
GO:0010044	0	0	GO_terms	GO_terms
GO:0010226	0	0	GO_terms	GO_terms
GO:0010248	0	0	GO_terms	GO_terms
GO:0010288	0	0	GO_terms	GO_terms
GO:0010458	0	0	GO_terms	GO_terms
GO:0010463	0	0	GO_terms	GO_terms
GO:0010467	0	0	GO_terms	GO_terms
GO:0010468	0.00039103089669152	0	GO_terms	GO_terms
GO:0010485	0	0	GO_terms	GO_terms
GO:0010494	0	0	GO_terms	GO_terms
GO:0010498	0	0	GO_terms	GO_terms
GO:0010506	0	0	GO_terms	GO_terms
GO:0010507	0.00136340964155422	0	GO_terms	GO_terms
GO:0010508	0	0	GO_terms	GO_terms
GO:0010510	0	0	GO_terms	GO_terms
GO:0010518	0	0	GO_terms	GO_terms
GO:0010543	0	0	GO_terms	GO_terms
GO:0010558	0	0	GO_terms	GO_terms
GO:0010586	0	0	GO_terms	GO_terms
GO:0010592	0	0	GO_terms	GO_terms
GO:0010595	0	0	GO_terms	GO_terms
GO:0010596	0	0	GO_terms	GO_terms
GO:0010604	0	0	GO_terms	GO_terms
GO:0010606	0	0	GO_terms	GO_terms
GO:0010613	0	0	GO_terms	GO_terms
GO:0010628	0	0	GO_terms	GO_terms
GO:0010629	0	0	GO_terms	GO_terms
GO:0010634	0	0	GO_terms	GO_terms
GO:0010638	0	0	GO_terms	GO_terms
GO:0010647	0	0	GO_terms	GO_terms
GO:0010659	0	0	GO_terms	GO_terms
GO:0010666	0	0	GO_terms	GO_terms
GO:0010667	0	0	GO_terms	GO_terms
GO:0010701	0	0	GO_terms	GO_terms
GO:0010717	0	0	GO_terms	GO_terms
GO:0010718	0	0	GO_terms	GO_terms
GO:0010719	0	0	GO_terms	GO_terms
GO:0010725	0	0	GO_terms	GO_terms
GO:0010748	0	0	GO_terms	GO_terms
GO:0010760	0	0	GO_terms	GO_terms
GO:0010761	0	0	GO_terms	GO_terms
GO:0010763	0	0	GO_terms	GO_terms
GO:0010764	0	0	GO_terms	GO_terms
GO:0010765	0	0	GO_terms	GO_terms
GO:0010807	0	0	GO_terms	GO_terms
GO:0010811	0	0	GO_terms	GO_terms
GO:0010812	0	0	GO_terms	GO_terms
GO:0010839	0	0	GO_terms	GO_terms
GO:0010856	0	0	GO_terms	GO_terms
GO:0010867	0	0	GO_terms	GO_terms
GO:0010881	0	0	GO_terms	GO_terms
GO:0010882	0	0	GO_terms	GO_terms
GO:0010891	0	0	GO_terms	GO_terms
GO:0010918	0	0	GO_terms	GO_terms
GO:0010944	0	0	GO_terms	GO_terms
GO:0010951	0	0	GO_terms	GO_terms
GO:0010957	0	0	GO_terms	GO_terms
GO:0010970	0	0	GO_terms	GO_terms
GO:0010975	0	0	GO_terms	GO_terms
GO:0010976	0	0	GO_terms	GO_terms
GO:0010977	0	0	GO_terms	GO_terms
GO:0012505	0	0	GO_terms	GO_terms
GO:0014033	0	0	GO_terms	GO_terms
GO:0014037	0	0	GO_terms	GO_terms
GO:0014044	0	0	GO_terms	GO_terms
GO:0014047	0	0	GO_terms	GO_terms
GO:0014051	0	0	GO_terms	GO_terms
GO:0014059	0	0	GO_terms	GO_terms
GO:0014061	0	0	GO_terms	GO_terms
GO:0014069	0	0	GO_terms	GO_terms
GO:0014075	0	0	GO_terms	GO_terms
GO:0014704	0	0	GO_terms	GO_terms
GO:0014706	0	0	GO_terms	GO_terms
GO:0014707	0	0	GO_terms	GO_terms
GO:0014807	0	0	GO_terms	GO_terms
GO:0014823	0	0	GO_terms	GO_terms
GO:0014834	0	0	GO_terms	GO_terms
GO:0014839	0	0	GO_terms	GO_terms
GO:0014850	0	0	GO_terms	GO_terms
GO:0014883	0	0	GO_terms	GO_terms
GO:0014898	0	0	GO_terms	GO_terms
GO:0014902	0	0	GO_terms	GO_terms
GO:0014912	0	0	GO_terms	GO_terms
GO:0015012	0	0	GO_terms	GO_terms
GO:0015026	0	0	GO_terms	GO_terms
GO:0015031	0	0	GO_terms	GO_terms
GO:0015075	0	0	GO_terms	GO_terms
GO:0015081	0	0	GO_terms	GO_terms
GO:0015085	0	0	GO_terms	GO_terms
GO:0015095	0	0	GO_terms	GO_terms
GO:0015108	0	0	GO_terms	GO_terms
GO:0015125	0	0	GO_terms	GO_terms
GO:0015185	0	0	GO_terms	GO_terms
GO:0015187	0	0	GO_terms	GO_terms
GO:0015228	0	0	GO_terms	GO_terms
GO:0015254	0	0	GO_terms	GO_terms
GO:0015267	0	0	GO_terms	GO_terms
GO:0015269	0	0	GO_terms	GO_terms
GO:0015271	0	0	GO_terms	GO_terms
GO:0015272	0	0	GO_terms	GO_terms
GO:0015276	0	0	GO_terms	GO_terms
GO:0015277	0	0	GO_terms	GO_terms
GO:0015278	0	0.00209068687346885	GO_terms	GO_terms
GO:0015279	0	0	GO_terms	GO_terms
GO:0015288	0	0	GO_terms	GO_terms
GO:0015291	0	0	GO_terms	GO_terms
GO:0015293	0	0.00057440510206343	GO_terms	GO_terms
GO:0015297	0	0.00089274890957326	GO_terms	GO_terms
GO:0015347	0	0	GO_terms	GO_terms
GO:0015375	0	0	GO_terms	GO_terms
GO:0015379	0	0	GO_terms	GO_terms
GO:0015385	0	0	GO_terms	GO_terms
GO:0015386	0	0	GO_terms	GO_terms
GO:0015459	0	0	GO_terms	GO_terms
GO:0015467	0	0	GO_terms	GO_terms
GO:0015485	0	0	GO_terms	GO_terms
GO:0015616	0	0	GO_terms	GO_terms
GO:0015629	0	0	GO_terms	GO_terms
GO:0015630	0	0	GO_terms	GO_terms
GO:0015693	0	0	GO_terms	GO_terms
GO:0015734	0	0	GO_terms	GO_terms
GO:0015757	0	0	GO_terms	GO_terms
GO:0015786	0	0	GO_terms	GO_terms
GO:0015793	0	0	GO_terms	GO_terms
GO:0015804	0	0	GO_terms	GO_terms
GO:0015810	0	0	GO_terms	GO_terms
GO:0015813	0	0	GO_terms	GO_terms
GO:0015816	0	0	GO_terms	GO_terms
GO:0015871	0	0	GO_terms	GO_terms
GO:0015908	0	0	GO_terms	GO_terms
GO:0015909	0	0	GO_terms	GO_terms
GO:0015914	0	0	GO_terms	GO_terms
GO:0015918	0	0	GO_terms	GO_terms
GO:0015935	0	0	GO_terms	GO_terms
GO:0015937	0	0	GO_terms	GO_terms
GO:0016018	0	0	GO_terms	GO_terms
GO:0016020	0	0.0023719466875516	GO_terms	GO_terms
GO:0016024	0	0	GO_terms	GO_terms
GO:0016042	0	0	GO_terms	GO_terms
GO:0016055	0	0	GO_terms	GO_terms
GO:0016056	0	0	GO_terms	GO_terms
GO:0016064	0	0	GO_terms	GO_terms
GO:0016078	0.0001567506441919	0	GO_terms	GO_terms
GO:0016079	0	0.00029907427374939	GO_terms	GO_terms
GO:0016081	0	0	GO_terms	GO_terms
GO:0016082	0	0.00096485530458136	GO_terms	GO_terms
GO:0016180	0	0	GO_terms	GO_terms
GO:0016183	0	0	GO_terms	GO_terms
GO:0016185	0	0	GO_terms	GO_terms
GO:0016188	0	0	GO_terms	GO_terms
GO:0016192	0	0	GO_terms	GO_terms
GO:0016197	0	0	GO_terms	GO_terms
GO:0016208	0	0	GO_terms	GO_terms
GO:0016209	0	0	GO_terms	GO_terms
GO:0016233	0	0	GO_terms	GO_terms
GO:0016240	0	0	GO_terms	GO_terms
GO:0016247	0	0	GO_terms	GO_terms
GO:0016251	0	0	GO_terms	GO_terms
GO:0016274	0	0	GO_terms	GO_terms
GO:0016281	0	0	GO_terms	GO_terms
GO:0016282	0	0	GO_terms	GO_terms
GO:0016286	0	0	GO_terms	GO_terms
GO:0016301	0.00158897810828295	0	GO_terms	GO_terms
GO:0016322	0	0	GO_terms	GO_terms
GO:0016323	0	0	GO_terms	GO_terms
GO:0016324	0	0	GO_terms	GO_terms
GO:0016328	0.00043718546206709	0	GO_terms	GO_terms
GO:0016338	0	0	GO_terms	GO_terms
GO:0016339	0	0	GO_terms	GO_terms
GO:0016342	0	0	GO_terms	GO_terms
GO:0016358	0	0	GO_terms	GO_terms
GO:0016361	0	0	GO_terms	GO_terms
GO:0016363	0	0	GO_terms	GO_terms
GO:0016410	0	0	GO_terms	GO_terms
GO:0016441	0	0	GO_terms	GO_terms
GO:0016442	0.00159322250970795	0	GO_terms	GO_terms
GO:0016459	0	0	GO_terms	GO_terms
GO:0016460	0	0	GO_terms	GO_terms
GO:0016477	0	0	GO_terms	GO_terms
GO:0016485	0	0	GO_terms	GO_terms
GO:0016491	0	0	GO_terms	GO_terms
GO:0016494	0	0	GO_terms	GO_terms
GO:0016503	0	0	GO_terms	GO_terms
GO:0016514	0	0	GO_terms	GO_terms
GO:0016525	0	0	GO_terms	GO_terms
GO:0016528	0	0	GO_terms	GO_terms
GO:0016529	0	0	GO_terms	GO_terms
GO:0016556	0	0	GO_terms	GO_terms
GO:0016567	0	0	GO_terms	GO_terms
GO:0016581	0	0	GO_terms	GO_terms
GO:0016586	0	0	GO_terms	GO_terms
GO:0016589	0	0	GO_terms	GO_terms
GO:0016592	0	0.00029021310389118	GO_terms	GO_terms
GO:0016594	0	0	GO_terms	GO_terms
GO:0016595	0	0	GO_terms	GO_terms
GO:0016600	0	0	GO_terms	GO_terms
GO:0016601	0	0	GO_terms	GO_terms
GO:0016607	0	0	GO_terms	GO_terms
GO:0016616	0	0	GO_terms	GO_terms
GO:0016712	0	0	GO_terms	GO_terms
GO:0016740	0	0	GO_terms	GO_terms
GO:0016746	0	0	GO_terms	GO_terms
GO:0016757	0	0	GO_terms	GO_terms
GO:0016773	0	0	GO_terms	GO_terms
GO:0016776	0	0	GO_terms	GO_terms
GO:0016787	0	0	GO_terms	GO_terms
GO:0016874	0.00026763969279634	0	GO_terms	GO_terms
GO:0016887	0	0	GO_terms	GO_terms
GO:0016917	0	0	GO_terms	GO_terms
GO:0016922	0	0	GO_terms	GO_terms
GO:0016925	0	0	GO_terms	GO_terms
GO:0016939	0	0	GO_terms	GO_terms
GO:0017002	0	0	GO_terms	GO_terms
GO:0017022	0	0	GO_terms	GO_terms
GO:0017025	0	0	GO_terms	GO_terms
GO:0017075	0	0	GO_terms	GO_terms
GO:0017080	0	0	GO_terms	GO_terms
GO:0017095	0	0	GO_terms	GO_terms
GO:0017134	0	0	GO_terms	GO_terms
GO:0017146	0	0	GO_terms	GO_terms
GO:0017147	0	0	GO_terms	GO_terms
GO:0017148	0	0	GO_terms	GO_terms
GO:0017154	0	0	GO_terms	GO_terms
GO:0017156	0	0	GO_terms	GO_terms
GO:0017157	0	0	GO_terms	GO_terms
GO:0017162	0	0	GO_terms	GO_terms
GO:0018027	0	0	GO_terms	GO_terms
GO:0018105	0	0	GO_terms	GO_terms
GO:0018107	0	0	GO_terms	GO_terms
GO:0018108	0	0	GO_terms	GO_terms
GO:0018279	0	0	GO_terms	GO_terms
GO:0018393	0	0	GO_terms	GO_terms
GO:0018401	0	0.00010496930249442	GO_terms	GO_terms
GO:0018444	0	0	GO_terms	GO_terms
GO:0019001	0	0	GO_terms	GO_terms
GO:0019003	0	0	GO_terms	GO_terms
GO:0019005	0	0	GO_terms	GO_terms
GO:0019076	0	0	GO_terms	GO_terms
GO:0019104	0	0.00108898881230236	GO_terms	GO_terms
GO:0019205	0	0	GO_terms	GO_terms
GO:0019216	0	0	GO_terms	GO_terms
GO:0019221	0	0	GO_terms	GO_terms
GO:0019226	0	0	GO_terms	GO_terms
GO:0019227	0	0	GO_terms	GO_terms
GO:0019228	0	0	GO_terms	GO_terms
GO:0019229	0	0	GO_terms	GO_terms
GO:0019233	0	0	GO_terms	GO_terms
GO:0019236	0	0	GO_terms	GO_terms
GO:0019293	0	0	GO_terms	GO_terms
GO:0019303	0	0	GO_terms	GO_terms
GO:0019318	0	0	GO_terms	GO_terms
GO:0019367	0	0	GO_terms	GO_terms
GO:0019373	0	0	GO_terms	GO_terms
GO:0019395	0	0	GO_terms	GO_terms
GO:0019432	0	0	GO_terms	GO_terms
GO:0019538	0	0	GO_terms	GO_terms
GO:0019674	0	0	GO_terms	GO_terms
GO:0019705	0	0	GO_terms	GO_terms
GO:0019722	0	0	GO_terms	GO_terms
GO:0019724	0	0	GO_terms	GO_terms
GO:0019770	0	0	GO_terms	GO_terms
GO:0019773	0	0	GO_terms	GO_terms
GO:0019789	0	0	GO_terms	GO_terms
GO:0019827	0	0	GO_terms	GO_terms
GO:0019829	0	0	GO_terms	GO_terms
GO:0019852	0	0	GO_terms	GO_terms
GO:0019855	0	0	GO_terms	GO_terms
GO:0019864	0	0	GO_terms	GO_terms
GO:0019869	0	0	GO_terms	GO_terms
GO:0019887	0	0	GO_terms	GO_terms
GO:0019888	0	0	GO_terms	GO_terms
GO:0019894	0	0	GO_terms	GO_terms
GO:0019899	0	0	GO_terms	GO_terms
GO:0019900	0	0	GO_terms	GO_terms
GO:0019901	0	0	GO_terms	GO_terms
GO:0019903	0	0	GO_terms	GO_terms
GO:0019904	0	0	GO_terms	GO_terms
GO:0019905	0	0	GO_terms	GO_terms
GO:0019911	0	0	GO_terms	GO_terms
GO:0019915	0	0	GO_terms	GO_terms
GO:0019955	0	0	GO_terms	GO_terms
GO:0020005	0	0	GO_terms	GO_terms
GO:0021510	0	0	GO_terms	GO_terms
GO:0021513	0	0	GO_terms	GO_terms
GO:0021520	0	0	GO_terms	GO_terms
GO:0021522	0	0	GO_terms	GO_terms
GO:0021524	0	0	GO_terms	GO_terms
GO:0021527	0	0	GO_terms	GO_terms
GO:0021535	0	0	GO_terms	GO_terms
GO:0021537	0	0	GO_terms	GO_terms
GO:0021542	0	0	GO_terms	GO_terms
GO:0021549	0	0	GO_terms	GO_terms
GO:0021554	0	0	GO_terms	GO_terms
GO:0021559	0	0	GO_terms	GO_terms
GO:0021591	0	0	GO_terms	GO_terms
GO:0021610	0	0	GO_terms	GO_terms
GO:0021612	0	0	GO_terms	GO_terms
GO:0021631	0	0	GO_terms	GO_terms
GO:0021637	0	0	GO_terms	GO_terms
GO:0021670	0	0	GO_terms	GO_terms
GO:0021675	0	0	GO_terms	GO_terms
GO:0021680	0	0	GO_terms	GO_terms
GO:0021697	0	0	GO_terms	GO_terms
GO:0021702	0	0	GO_terms	GO_terms
GO:0021707	0	0	GO_terms	GO_terms
GO:0021756	0	0	GO_terms	GO_terms
GO:0021766	0	0	GO_terms	GO_terms
GO:0021772	0	0	GO_terms	GO_terms
GO:0021773	0	0	GO_terms	GO_terms
GO:0021780	0	0	GO_terms	GO_terms
GO:0021785	0	0	GO_terms	GO_terms
GO:0021796	0	0	GO_terms	GO_terms
GO:0021797	0	0	GO_terms	GO_terms
GO:0021819	0	0	GO_terms	GO_terms
GO:0021846	0	0	GO_terms	GO_terms
GO:0021853	0	0	GO_terms	GO_terms
GO:0021861	0	0	GO_terms	GO_terms
GO:0021871	0	0	GO_terms	GO_terms
GO:0021889	0	0.00032898116338678	GO_terms	GO_terms
GO:0021891	0	0	GO_terms	GO_terms
GO:0021895	0	0	GO_terms	GO_terms
GO:0021902	0	0	GO_terms	GO_terms
GO:0021904	0	0	GO_terms	GO_terms
GO:0021915	0	0	GO_terms	GO_terms
GO:0021930	0	0	GO_terms	GO_terms
GO:0021936	0	0	GO_terms	GO_terms
GO:0021942	0	0	GO_terms	GO_terms
GO:0021943	0	0	GO_terms	GO_terms
GO:0021952	0	0	GO_terms	GO_terms
GO:0021953	0	0	GO_terms	GO_terms
GO:0021954	0	0	GO_terms	GO_terms
GO:0021955	0	0	GO_terms	GO_terms
GO:0021960	0	0	GO_terms	GO_terms
GO:0021978	0	0	GO_terms	GO_terms
GO:0021983	0	0	GO_terms	GO_terms
GO:0021984	0	0	GO_terms	GO_terms
GO:0021987	0	0	GO_terms	GO_terms
GO:0022008	0	0	GO_terms	GO_terms
GO:0022011	0	0	GO_terms	GO_terms
GO:0022029	0	0	GO_terms	GO_terms
GO:0022038	0	0	GO_terms	GO_terms
GO:0022409	0	0	GO_terms	GO_terms
GO:0022414	0	0	GO_terms	GO_terms
GO:0022604	0	0	GO_terms	GO_terms
GO:0022624	0	0	GO_terms	GO_terms
GO:0022625	0	0	GO_terms	GO_terms
GO:0022626	0	0	GO_terms	GO_terms
GO:0022627	0	0	GO_terms	GO_terms
GO:0022824	0	0	GO_terms	GO_terms
GO:0022841	0	0	GO_terms	GO_terms
GO:0022843	0	0	GO_terms	GO_terms
GO:0022849	0	0	GO_terms	GO_terms
GO:0022851	0	0	GO_terms	GO_terms
GO:0022857	0	0	GO_terms	GO_terms
GO:0023019	0	0	GO_terms	GO_terms
GO:0023024	0	0	GO_terms	GO_terms
GO:0023026	0	0	GO_terms	GO_terms
GO:0023041	0	0	GO_terms	GO_terms
GO:0023052	0.00051645873300029	0	GO_terms	GO_terms
GO:0023056	0	0	GO_terms	GO_terms
GO:0023057	0	0	GO_terms	GO_terms
GO:0030007	0	0	GO_terms	GO_terms
GO:0030010	0	0	GO_terms	GO_terms
GO:0030014	0	0	GO_terms	GO_terms
GO:0030015	0	0	GO_terms	GO_terms
GO:0030016	0	0	GO_terms	GO_terms
GO:0030017	0	0	GO_terms	GO_terms
GO:0030018	0	0	GO_terms	GO_terms
GO:0030027	0	0	GO_terms	GO_terms
GO:0030031	0	0	GO_terms	GO_terms
GO:0030032	0	0	GO_terms	GO_terms
GO:0030036	0	0	GO_terms	GO_terms
GO:0030048	0	0	GO_terms	GO_terms
GO:0030049	0	0	GO_terms	GO_terms
GO:0030054	0	0	GO_terms	GO_terms
GO:0030071	0	0	GO_terms	GO_terms
GO:0030073	0	0	GO_terms	GO_terms
GO:0030117	0	0	GO_terms	GO_terms
GO:0030123	0	0	GO_terms	GO_terms
GO:0030126	0	0	GO_terms	GO_terms
GO:0030131	0	0	GO_terms	GO_terms
GO:0030134	0	0	GO_terms	GO_terms
GO:0030135	0	0	GO_terms	GO_terms
GO:0030136	0	0	GO_terms	GO_terms
GO:0030137	0	0	GO_terms	GO_terms
GO:0030139	0	0	GO_terms	GO_terms
GO:0030145	0.00109240071520998	0	GO_terms	GO_terms
GO:0030148	0	0	GO_terms	GO_terms
GO:0030150	0	0	GO_terms	GO_terms
GO:0030154	0	0	GO_terms	GO_terms
GO:0030163	0	0	GO_terms	GO_terms
GO:0030165	0	0	GO_terms	GO_terms
GO:0030168	0	0	GO_terms	GO_terms
GO:0030175	0	0	GO_terms	GO_terms
GO:0030177	0	0	GO_terms	GO_terms
GO:0030178	0	0	GO_terms	GO_terms
GO:0030182	0.00012456871957385	0	GO_terms	GO_terms
GO:0030199	0	0	GO_terms	GO_terms
GO:0030215	0	0	GO_terms	GO_terms
GO:0030216	0	0	GO_terms	GO_terms
GO:0030217	0	0	GO_terms	GO_terms
GO:0030218	0	0	GO_terms	GO_terms
GO:0030234	0	0	GO_terms	GO_terms
GO:0030235	0	0	GO_terms	GO_terms
GO:0030238	0	0	GO_terms	GO_terms
GO:0030246	0	0	GO_terms	GO_terms
GO:0030247	0	0	GO_terms	GO_terms
GO:0030250	0	0	GO_terms	GO_terms
GO:0030279	0	0	GO_terms	GO_terms
GO:0030282	0	0	GO_terms	GO_terms
GO:0030286	0	0	GO_terms	GO_terms
GO:0030291	0	0	GO_terms	GO_terms
GO:0030295	0	0	GO_terms	GO_terms
GO:0030308	0	0	GO_terms	GO_terms
GO:0030315	0	0	GO_terms	GO_terms
GO:0030324	0	0	GO_terms	GO_terms
GO:0030325	0.00016534288053741	0	GO_terms	GO_terms
GO:0030326	0	0	GO_terms	GO_terms
GO:0030331	0	0	GO_terms	GO_terms
GO:0030334	0	0	GO_terms	GO_terms
GO:0030335	0	0	GO_terms	GO_terms
GO:0030336	0	0	GO_terms	GO_terms
GO:0030346	0	0	GO_terms	GO_terms
GO:0030368	0	0	GO_terms	GO_terms
GO:0030414	0.00059971343225589	0	GO_terms	GO_terms
GO:0030424	0	0	GO_terms	GO_terms
GO:0030425	0.00106133423969454	0	GO_terms	GO_terms
GO:0030426	0	0	GO_terms	GO_terms
GO:0030451	0	0	GO_terms	GO_terms
GO:0030488	0.00088580729006194	0	GO_terms	GO_terms
GO:0030496	0	0	GO_terms	GO_terms
GO:0030501	0	0	GO_terms	GO_terms
GO:0030506	0	0	GO_terms	GO_terms
GO:0030507	0	0	GO_terms	GO_terms
GO:0030509	0	0	GO_terms	GO_terms
GO:0030511	0	0	GO_terms	GO_terms
GO:0030512	0	0	GO_terms	GO_terms
GO:0030513	0	0	GO_terms	GO_terms
GO:0030514	0	0	GO_terms	GO_terms
GO:0030516	0	0	GO_terms	GO_terms
GO:0030518	0	0	GO_terms	GO_terms
GO:0030522	0	0	GO_terms	GO_terms
GO:0030527	0	0	GO_terms	GO_terms
GO:0030532	0	0	GO_terms	GO_terms
GO:0030534	0	0	GO_terms	GO_terms
GO:0030539	0	0	GO_terms	GO_terms
GO:0030544	0	0	GO_terms	GO_terms
GO:0030546	0	0	GO_terms	GO_terms
GO:0030552	0	0	GO_terms	GO_terms
GO:0030594	0	7.13765215563219e-05	GO_terms	GO_terms
GO:0030621	0	0	GO_terms	GO_terms
GO:0030659	0	0	GO_terms	GO_terms
GO:0030660	0	0	GO_terms	GO_terms
GO:0030663	0	0	GO_terms	GO_terms
GO:0030665	0	0	GO_terms	GO_terms
GO:0030672	0	0	GO_terms	GO_terms
GO:0030673	0	0	GO_terms	GO_terms
GO:0030674	0	0	GO_terms	GO_terms
GO:0030684	0	0	GO_terms	GO_terms
GO:0030688	0	0	GO_terms	GO_terms
GO:0030742	0	0	GO_terms	GO_terms
GO:0030833	0	0	GO_terms	GO_terms
GO:0030838	0	0	GO_terms	GO_terms
GO:0030850	0	0	GO_terms	GO_terms
GO:0030855	0	0	GO_terms	GO_terms
GO:0030856	0	0	GO_terms	GO_terms
GO:0030863	0	0	GO_terms	GO_terms
GO:0030864	0	0	GO_terms	GO_terms
GO:0030865	0	0	GO_terms	GO_terms
GO:0030866	0	0	GO_terms	GO_terms
GO:0030867	0	0	GO_terms	GO_terms
GO:0030877	0	0	GO_terms	GO_terms
GO:0030881	0	0	GO_terms	GO_terms
GO:0030887	0	0	GO_terms	GO_terms
GO:0030897	0	0.00040954129487324	GO_terms	GO_terms
GO:0030899	0	0	GO_terms	GO_terms
GO:0030900	0	0	GO_terms	GO_terms
GO:0030901	0	0	GO_terms	GO_terms
GO:0030902	0	0	GO_terms	GO_terms
GO:0030904	0	0	GO_terms	GO_terms
GO:0030911	0	0	GO_terms	GO_terms
GO:0030915	0	0	GO_terms	GO_terms
GO:0030949	0	0	GO_terms	GO_terms
GO:0030950	0	0	GO_terms	GO_terms
GO:0030955	0	0	GO_terms	GO_terms
GO:0030957	0	0	GO_terms	GO_terms
GO:0030968	0	0	GO_terms	GO_terms
GO:0030970	0	0	GO_terms	GO_terms
GO:0030971	0	0	GO_terms	GO_terms
GO:0030984	0	0	GO_terms	GO_terms
GO:0031011	0	0	GO_terms	GO_terms
GO:0031014	0	0	GO_terms	GO_terms
GO:0031016	0	0	GO_terms	GO_terms
GO:0031017	0	0	GO_terms	GO_terms
GO:0031032	0	0	GO_terms	GO_terms
GO:0031047	0	0	GO_terms	GO_terms
GO:0031069	0	0	GO_terms	GO_terms
GO:0031072	0	0	GO_terms	GO_terms
GO:0031090	0	0	GO_terms	GO_terms
GO:0031099	0	0	GO_terms	GO_terms
GO:0031100	0	0	GO_terms	GO_terms
GO:0031105	0	0	GO_terms	GO_terms
GO:0031115	0	0	GO_terms	GO_terms
GO:0031124	0	0	GO_terms	GO_terms
GO:0031133	0	0	GO_terms	GO_terms
GO:0031143	0	0	GO_terms	GO_terms
GO:0031145	0	0	GO_terms	GO_terms
GO:0031146	0	0	GO_terms	GO_terms
GO:0031175	0	0	GO_terms	GO_terms
GO:0031201	0	0	GO_terms	GO_terms
GO:0031209	0	0	GO_terms	GO_terms
GO:0031210	0	0	GO_terms	GO_terms
GO:0031252	0	0	GO_terms	GO_terms
GO:0031258	0	0	GO_terms	GO_terms
GO:0031264	0	0	GO_terms	GO_terms
GO:0031265	0	0	GO_terms	GO_terms
GO:0031267	0	0	GO_terms	GO_terms
GO:0031290	0	0	GO_terms	GO_terms
GO:0031297	0	0.00064160175882594	GO_terms	GO_terms
GO:0031340	0	0	GO_terms	GO_terms
GO:0031347	0	0	GO_terms	GO_terms
GO:0031396	0	0	GO_terms	GO_terms
GO:0031397	0	0	GO_terms	GO_terms
GO:0031398	0	0	GO_terms	GO_terms
GO:0031402	0	0	GO_terms	GO_terms
GO:0031410	0	0	GO_terms	GO_terms
GO:0031428	0	0	GO_terms	GO_terms
GO:0031432	0	0	GO_terms	GO_terms
GO:0031434	0	0	GO_terms	GO_terms
GO:0031435	0	0.00035045281342196	GO_terms	GO_terms
GO:0031440	0	0	GO_terms	GO_terms
GO:0031461	0	0	GO_terms	GO_terms
GO:0031462	0	0	GO_terms	GO_terms
GO:0031463	0.00291470640587993	0	GO_terms	GO_terms
GO:0031464	0	0	GO_terms	GO_terms
GO:0031465	0	0	GO_terms	GO_terms
GO:0031468	0	0	GO_terms	GO_terms
GO:0031489	0	0	GO_terms	GO_terms
GO:0031490	0	0	GO_terms	GO_terms
GO:0031491	0	0	GO_terms	GO_terms
GO:0031507	0	0	GO_terms	GO_terms
GO:0031533	0	0	GO_terms	GO_terms
GO:0031547	0	0	GO_terms	GO_terms
GO:0031573	0.00159163796556978	0	GO_terms	GO_terms
GO:0031588	0	0	GO_terms	GO_terms
GO:0031589	0	0	GO_terms	GO_terms
GO:0031594	0	0	GO_terms	GO_terms
GO:0031597	0	0	GO_terms	GO_terms
GO:0031623	0	0	GO_terms	GO_terms
GO:0031625	0	0	GO_terms	GO_terms
GO:0031628	0	0	GO_terms	GO_terms
GO:0031638	0	0	GO_terms	GO_terms
GO:0031640	0	0	GO_terms	GO_terms
GO:0031664	0	0	GO_terms	GO_terms
GO:0031669	0	0	GO_terms	GO_terms
GO:0031670	0	0	GO_terms	GO_terms
GO:0031672	0	0	GO_terms	GO_terms
GO:0031683	0	0	GO_terms	GO_terms
GO:0031697	0	0	GO_terms	GO_terms
GO:0031726	0	0	GO_terms	GO_terms
GO:0031731	0	0	GO_terms	GO_terms
GO:0031748	0	0	GO_terms	GO_terms
GO:0031762	0	0	GO_terms	GO_terms
GO:0031800	0	0	GO_terms	GO_terms
GO:0031802	0	0	GO_terms	GO_terms
GO:0031901	0	0	GO_terms	GO_terms
GO:0031902	0.0001390683431391	0	GO_terms	GO_terms
GO:0031929	0	0	GO_terms	GO_terms
GO:0031932	0	0	GO_terms	GO_terms
GO:0031965	0	0	GO_terms	GO_terms
GO:0031966	0	0	GO_terms	GO_terms
GO:0031982	0	0	GO_terms	GO_terms
GO:0032007	0	0	GO_terms	GO_terms
GO:0032008	0	0	GO_terms	GO_terms
GO:0032012	0	0	GO_terms	GO_terms
GO:0032021	0	0	GO_terms	GO_terms
GO:0032024	0	0	GO_terms	GO_terms
GO:0032039	0	0	GO_terms	GO_terms
GO:0032050	0	0	GO_terms	GO_terms
GO:0032079	0	0	GO_terms	GO_terms
GO:0032153	0	0	GO_terms	GO_terms
GO:0032190	0	0	GO_terms	GO_terms
GO:0032225	0	0	GO_terms	GO_terms
GO:0032229	0	0	GO_terms	GO_terms
GO:0032230	0	0	GO_terms	GO_terms
GO:0032263	0	0	GO_terms	GO_terms
GO:0032264	0	0	GO_terms	GO_terms
GO:0032279	0	0	GO_terms	GO_terms
GO:0032281	0	0	GO_terms	GO_terms
GO:0032287	0	0	GO_terms	GO_terms
GO:0032288	0	0.00013661395906976	GO_terms	GO_terms
GO:0032328	0	0	GO_terms	GO_terms
GO:0032331	0	0	GO_terms	GO_terms
GO:0032332	0	0	GO_terms	GO_terms
GO:0032355	0	0	GO_terms	GO_terms
GO:0032368	0	0	GO_terms	GO_terms
GO:0032396	0	0	GO_terms	GO_terms
GO:0032398	0	0	GO_terms	GO_terms
GO:0032402	0	0	GO_terms	GO_terms
GO:0032420	0	0	GO_terms	GO_terms
GO:0032435	0	0	GO_terms	GO_terms
GO:0032436	0	0	GO_terms	GO_terms
GO:0032437	0	0	GO_terms	GO_terms
GO:0032456	0	0	GO_terms	GO_terms
GO:0032461	0	0	GO_terms	GO_terms
GO:0032465	0	0	GO_terms	GO_terms
GO:0032469	0	0	GO_terms	GO_terms
GO:0032470	0	0	GO_terms	GO_terms
GO:0032482	0	0	GO_terms	GO_terms
GO:0032486	0	0	GO_terms	GO_terms
GO:0032496	0	0	GO_terms	GO_terms
GO:0032511	0	0	GO_terms	GO_terms
GO:0032580	0	0	GO_terms	GO_terms
GO:0032585	0	0	GO_terms	GO_terms
GO:0032587	0	0	GO_terms	GO_terms
GO:0032588	0	0	GO_terms	GO_terms
GO:0032590	0	0	GO_terms	GO_terms
GO:0032591	0	0	GO_terms	GO_terms
GO:0032634	0	0	GO_terms	GO_terms
GO:0032727	0.00137377158516361	0	GO_terms	GO_terms
GO:0032729	0	0	GO_terms	GO_terms
GO:0032785	0	0	GO_terms	GO_terms
GO:0032786	0	0	GO_terms	GO_terms
GO:0032793	0	0	GO_terms	GO_terms
GO:0032794	0	0	GO_terms	GO_terms
GO:0032795	0	0	GO_terms	GO_terms
GO:0032808	0	0	GO_terms	GO_terms
GO:0032809	0	0	GO_terms	GO_terms
GO:0032811	0	0	GO_terms	GO_terms
GO:0032839	0	0	GO_terms	GO_terms
GO:0032849	0	0	GO_terms	GO_terms
GO:0032868	0	0	GO_terms	GO_terms
GO:0032869	0	0	GO_terms	GO_terms
GO:0032878	0	0	GO_terms	GO_terms
GO:0032880	0	0	GO_terms	GO_terms
GO:0032909	0	0	GO_terms	GO_terms
GO:0032924	0	0	GO_terms	GO_terms
GO:0032926	0	0	GO_terms	GO_terms
GO:0032927	0	0	GO_terms	GO_terms
GO:0032956	0	0	GO_terms	GO_terms
GO:0032967	0	0	GO_terms	GO_terms
GO:0032968	0	0	GO_terms	GO_terms
GO:0032970	0	0	GO_terms	GO_terms
GO:0032982	0	0	GO_terms	GO_terms
GO:0032983	0	0	GO_terms	GO_terms
GO:0032991	0.00125634191477309	0.00037063745664486	GO_terms	GO_terms
GO:0032993	0	0	GO_terms	GO_terms
GO:0033010	0	0	GO_terms	GO_terms
GO:0033017	0	0	GO_terms	GO_terms
GO:0033018	0	0	GO_terms	GO_terms
GO:0033038	0	0	GO_terms	GO_terms
GO:0033044	0	0	GO_terms	GO_terms
GO:0033119	0	0	GO_terms	GO_terms
GO:0033120	0	0	GO_terms	GO_terms
GO:0033138	0	0	GO_terms	GO_terms
GO:0033180	0	0	GO_terms	GO_terms
GO:0033260	0	0	GO_terms	GO_terms
GO:0033268	0	0	GO_terms	GO_terms
GO:0033270	0	0	GO_terms	GO_terms
GO:0033276	0	0	GO_terms	GO_terms
GO:0033290	0	0	GO_terms	GO_terms
GO:0033314	0	0.00093655918997517	GO_terms	GO_terms
GO:0033503	0	0	GO_terms	GO_terms
GO:0033550	0	0	GO_terms	GO_terms
GO:0033553	0	0	GO_terms	GO_terms
GO:0033555	0	0	GO_terms	GO_terms
GO:0033603	0	0	GO_terms	GO_terms
GO:0033673	0	0	GO_terms	GO_terms
GO:0033691	0	0	GO_terms	GO_terms
GO:0033962	0	0	GO_terms	GO_terms
GO:0033993	0	0	GO_terms	GO_terms
GO:0034045	0	0	GO_terms	GO_terms
GO:0034061	0.00221791309031983	0	GO_terms	GO_terms
GO:0034080	0	0	GO_terms	GO_terms
GO:0034098	0	0	GO_terms	GO_terms
GO:0034101	0	0	GO_terms	GO_terms
GO:0034109	0	0	GO_terms	GO_terms
GO:0034111	0	0	GO_terms	GO_terms
GO:0034123	0	0	GO_terms	GO_terms
GO:0034198	0	0	GO_terms	GO_terms
GO:0034220	0.00421515436507981	0	GO_terms	GO_terms
GO:0034236	0	0	GO_terms	GO_terms
GO:0034274	0	0	GO_terms	GO_terms
GO:0034314	0	0	GO_terms	GO_terms
GO:0034329	0	0	GO_terms	GO_terms
GO:0034331	0	0	GO_terms	GO_terms
GO:0034332	0	0	GO_terms	GO_terms
GO:0034333	0	0	GO_terms	GO_terms
GO:0034351	0	0	GO_terms	GO_terms
GO:0034379	0	0	GO_terms	GO_terms
GO:0034394	0	0	GO_terms	GO_terms
GO:0034446	0	0	GO_terms	GO_terms
GO:0034447	0	0	GO_terms	GO_terms
GO:0034450	0	0	GO_terms	GO_terms
GO:0034458	0	0	GO_terms	GO_terms
GO:0034464	0	0	GO_terms	GO_terms
GO:0034472	0	0	GO_terms	GO_terms
GO:0034497	0	0	GO_terms	GO_terms
GO:0034504	0	0	GO_terms	GO_terms
GO:0034584	0	0	GO_terms	GO_terms
GO:0034599	0	0	GO_terms	GO_terms
GO:0034605	0	0	GO_terms	GO_terms
GO:0034625	0	0	GO_terms	GO_terms
GO:0034626	0	0	GO_terms	GO_terms
GO:0034634	0	0	GO_terms	GO_terms
GO:0034644	0	0	GO_terms	GO_terms
GO:0034657	0	0	GO_terms	GO_terms
GO:0034663	0	0	GO_terms	GO_terms
GO:0034702	0	0	GO_terms	GO_terms
GO:0034705	0	0	GO_terms	GO_terms
GO:0034706	0	0	GO_terms	GO_terms
GO:0034707	0	0	GO_terms	GO_terms
GO:0034709	0	0	GO_terms	GO_terms
GO:0034711	0	0	GO_terms	GO_terms
GO:0034715	0	0	GO_terms	GO_terms
GO:0034727	0	0	GO_terms	GO_terms
GO:0034757	0	0	GO_terms	GO_terms
GO:0034765	0	0	GO_terms	GO_terms
GO:0034775	0	0	GO_terms	GO_terms
GO:0034875	0	0	GO_terms	GO_terms
GO:0034976	0	0	GO_terms	GO_terms
GO:0034987	0	0	GO_terms	GO_terms
GO:0035019	0	0	GO_terms	GO_terms
GO:0035023	0	0	GO_terms	GO_terms
GO:0035024	0	0	GO_terms	GO_terms
GO:0035035	0	0	GO_terms	GO_terms
GO:0035036	0	0	GO_terms	GO_terms
GO:0035060	0	0	GO_terms	GO_terms
GO:0035061	0	0	GO_terms	GO_terms
GO:0035091	0	0	GO_terms	GO_terms
GO:0035098	0	0	GO_terms	GO_terms
GO:0035115	0	0	GO_terms	GO_terms
GO:0035116	0	0	GO_terms	GO_terms
GO:0035136	0	0	GO_terms	GO_terms
GO:0035137	0	0	GO_terms	GO_terms
GO:0035162	0	0	GO_terms	GO_terms
GO:0035176	0	0	GO_terms	GO_terms
GO:0035194	0	0	GO_terms	GO_terms
GO:0035235	0	0	GO_terms	GO_terms
GO:0035240	0	0	GO_terms	GO_terms
GO:0035249	0	0.00041612474126063	GO_terms	GO_terms
GO:0035254	0	0	GO_terms	GO_terms
GO:0035255	0	0	GO_terms	GO_terms
GO:0035264	0	0	GO_terms	GO_terms
GO:0035267	0	0	GO_terms	GO_terms
GO:0035278	0	0	GO_terms	GO_terms
GO:0035279	0	0	GO_terms	GO_terms
GO:0035329	0	0	GO_terms	GO_terms
GO:0035331	0	0	GO_terms	GO_terms
GO:0035332	0	0	GO_terms	GO_terms
GO:0035336	0	0	GO_terms	GO_terms
GO:0035338	0	0	GO_terms	GO_terms
GO:0035356	0	0	GO_terms	GO_terms
GO:0035357	0	0	GO_terms	GO_terms
GO:0035375	0	0	GO_terms	GO_terms
GO:0035418	0	0	GO_terms	GO_terms
GO:0035425	0	0	GO_terms	GO_terms
GO:0035437	0	0	GO_terms	GO_terms
GO:0035455	0	0	GO_terms	GO_terms
GO:0035457	0	0	GO_terms	GO_terms
GO:0035458	0	0	GO_terms	GO_terms
GO:0035493	0	0	GO_terms	GO_terms
GO:0035556	0	0	GO_terms	GO_terms
GO:0035567	0	0	GO_terms	GO_terms
GO:0035615	0	0	GO_terms	GO_terms
GO:0035640	0	0	GO_terms	GO_terms
GO:0035641	0	0	GO_terms	GO_terms
GO:0035658	0	0	GO_terms	GO_terms
GO:0035701	0	0	GO_terms	GO_terms
GO:0035721	0	0	GO_terms	GO_terms
GO:0035725	0.00106056789888545	0.00107213614970372	GO_terms	GO_terms
GO:0035729	0	0	GO_terms	GO_terms
GO:0035744	0	0	GO_terms	GO_terms
GO:0035748	0	0	GO_terms	GO_terms
GO:0035749	0	0	GO_terms	GO_terms
GO:0035774	0	0	GO_terms	GO_terms
GO:0035799	0	0	GO_terms	GO_terms
GO:0035825	0.00140996035106279	0	GO_terms	GO_terms
GO:0035851	0	0	GO_terms	GO_terms
GO:0035865	0	0	GO_terms	GO_terms
GO:0035867	0	0	GO_terms	GO_terms
GO:0035881	0	0	GO_terms	GO_terms
GO:0035904	0	0	GO_terms	GO_terms
GO:0035912	0	0	GO_terms	GO_terms
GO:0035914	0	0	GO_terms	GO_terms
GO:0035924	0	0	GO_terms	GO_terms
GO:0035925	0	0	GO_terms	GO_terms
GO:0035984	0	0	GO_terms	GO_terms
GO:0035994	0	0	GO_terms	GO_terms
GO:0036023	0	0	GO_terms	GO_terms
GO:0036037	0	0	GO_terms	GO_terms
GO:0036109	0	0	GO_terms	GO_terms
GO:0036120	0	0	GO_terms	GO_terms
GO:0036131	0	0	GO_terms	GO_terms
GO:0036135	0	0	GO_terms	GO_terms
GO:0036211	0	0	GO_terms	GO_terms
GO:0036258	0	0	GO_terms	GO_terms
GO:0036297	0.00076262818476116	0.00066737843531038	GO_terms	GO_terms
GO:0036302	0	0	GO_terms	GO_terms
GO:0036342	0	0	GO_terms	GO_terms
GO:0036376	0	0	GO_terms	GO_terms
GO:0036402	0	0	GO_terms	GO_terms
GO:0036408	0	0	GO_terms	GO_terms
GO:0036430	0	0	GO_terms	GO_terms
GO:0036431	0	0	GO_terms	GO_terms
GO:0036444	0	0	GO_terms	GO_terms
GO:0036457	0	0	GO_terms	GO_terms
GO:0036462	0	0	GO_terms	GO_terms
GO:0036464	0	0	GO_terms	GO_terms
GO:0036465	0	0	GO_terms	GO_terms
GO:0036477	0	0	GO_terms	GO_terms
GO:0036486	0	0	GO_terms	GO_terms
GO:0036503	0	0	GO_terms	GO_terms
GO:0036513	0	0	GO_terms	GO_terms
GO:0038020	0	0	GO_terms	GO_terms
GO:0038022	0	0	GO_terms	GO_terms
GO:0038026	0	0	GO_terms	GO_terms
GO:0038036	0	0	GO_terms	GO_terms
GO:0038061	0	0	GO_terms	GO_terms
GO:0038066	0	0	GO_terms	GO_terms
GO:0038092	0	0	GO_terms	GO_terms
GO:0038094	0	0	GO_terms	GO_terms
GO:0038127	0	0	GO_terms	GO_terms
GO:0038133	0	0	GO_terms	GO_terms
GO:0038160	0	0	GO_terms	GO_terms
GO:0038180	0	0.00095044580883491	GO_terms	GO_terms
GO:0038187	0	0	GO_terms	GO_terms
GO:0038202	0	0	GO_terms	GO_terms
GO:0038203	0.00110850619805279	0	GO_terms	GO_terms
GO:0039536	0	0	GO_terms	GO_terms
GO:0039702	0	0	GO_terms	GO_terms
GO:0040011	0	0	GO_terms	GO_terms
GO:0040012	0	0	GO_terms	GO_terms
GO:0040014	0	0	GO_terms	GO_terms
GO:0040037	0	0	GO_terms	GO_terms
GO:0042026	0	0	GO_terms	GO_terms
GO:0042048	0	0	GO_terms	GO_terms
GO:0042060	0	0	GO_terms	GO_terms
GO:0042110	0	0	GO_terms	GO_terms
GO:0042127	0	0	GO_terms	GO_terms
GO:0042138	0	0	GO_terms	GO_terms
GO:0042147	0	0	GO_terms	GO_terms
GO:0042149	0	0	GO_terms	GO_terms
GO:0042171	0	0	GO_terms	GO_terms
GO:0042176	0	0	GO_terms	GO_terms
GO:0042177	0	0	GO_terms	GO_terms
GO:0042220	0	0	GO_terms	GO_terms
GO:0042277	0	0	GO_terms	GO_terms
GO:0042288	0	0	GO_terms	GO_terms
GO:0042301	0	0	GO_terms	GO_terms
GO:0042307	0	0	GO_terms	GO_terms
GO:0042308	0	0	GO_terms	GO_terms
GO:0042311	0	0	GO_terms	GO_terms
GO:0042325	0	0	GO_terms	GO_terms
GO:0042327	0	0	GO_terms	GO_terms
GO:0042382	0	0	GO_terms	GO_terms
GO:0042383	0	0	GO_terms	GO_terms
GO:0042391	0	0	GO_terms	GO_terms
GO:0042393	0	0	GO_terms	GO_terms
GO:0042405	0	0	GO_terms	GO_terms
GO:0042428	0	0	GO_terms	GO_terms
GO:0042445	0	0	GO_terms	GO_terms
GO:0042470	0	0	GO_terms	GO_terms
GO:0042472	0	0	GO_terms	GO_terms
GO:0042473	0	0	GO_terms	GO_terms
GO:0042474	0	0	GO_terms	GO_terms
GO:0042475	0	0	GO_terms	GO_terms
GO:0042481	0	0	GO_terms	GO_terms
GO:0042490	0	0	GO_terms	GO_terms
GO:0042491	0	0	GO_terms	GO_terms
GO:0042542	0	0	GO_terms	GO_terms
GO:0042552	0	0	GO_terms	GO_terms
GO:0042564	0	0	GO_terms	GO_terms
GO:0042590	0.00048581400893955	0	GO_terms	GO_terms
GO:0042592	0	0	GO_terms	GO_terms
GO:0042593	0	0	GO_terms	GO_terms
GO:0042594	0	0	GO_terms	GO_terms
GO:0042596	0	0	GO_terms	GO_terms
GO:0042605	0	0	GO_terms	GO_terms
GO:0042612	0	0	GO_terms	GO_terms
GO:0042613	0	0	GO_terms	GO_terms
GO:0042631	0	0	GO_terms	GO_terms
GO:0042632	0	0	GO_terms	GO_terms
GO:0042641	0	0	GO_terms	GO_terms
GO:0042659	0	0.00044200897335465	GO_terms	GO_terms
GO:0042660	0	0	GO_terms	GO_terms
GO:0042711	0	0	GO_terms	GO_terms
GO:0042733	0	0	GO_terms	GO_terms
GO:0042734	0.00405123543627404	0	GO_terms	GO_terms
GO:0042742	0	0	GO_terms	GO_terms
GO:0042752	0	0	GO_terms	GO_terms
GO:0042755	0	0	GO_terms	GO_terms
GO:0042759	0	0.00110371290881421	GO_terms	GO_terms
GO:0042761	0	0	GO_terms	GO_terms
GO:0042776	0	0	GO_terms	GO_terms
GO:0042789	0	0	GO_terms	GO_terms
GO:0042802	0	0	GO_terms	GO_terms
GO:0042803	0	0	GO_terms	GO_terms
GO:0042813	0	0	GO_terms	GO_terms
GO:0042824	0	0	GO_terms	GO_terms
GO:0042826	0	0	GO_terms	GO_terms
GO:0042832	0	0	GO_terms	GO_terms
GO:0042867	0	0	GO_terms	GO_terms
GO:0042981	0	0	GO_terms	GO_terms
GO:0042982	0	0	GO_terms	GO_terms
GO:0042987	0	0	GO_terms	GO_terms
GO:0042995	0	0	GO_terms	GO_terms
GO:0043005	0	0	GO_terms	GO_terms
GO:0043008	0	0	GO_terms	GO_terms
GO:0043010	0	0	GO_terms	GO_terms
GO:0043014	0	0	GO_terms	GO_terms
GO:0043022	0	0	GO_terms	GO_terms
GO:0043025	0.00054550747790127	0	GO_terms	GO_terms
GO:0043065	0	0	GO_terms	GO_terms
GO:0043066	0	0	GO_terms	GO_terms
GO:0043067	0	0	GO_terms	GO_terms
GO:0043069	0	0	GO_terms	GO_terms
GO:0043083	0	0	GO_terms	GO_terms
GO:0043087	0	0	GO_terms	GO_terms
GO:0043114	0	0	GO_terms	GO_terms
GO:0043121	0	0	GO_terms	GO_terms
GO:0043124	0	0	GO_terms	GO_terms
GO:0043125	0	0	GO_terms	GO_terms
GO:0043149	0	0	GO_terms	GO_terms
GO:0043161	0	0	GO_terms	GO_terms
GO:0043194	0	0	GO_terms	GO_terms
GO:0043195	0	0	GO_terms	GO_terms
GO:0043197	0	0	GO_terms	GO_terms
GO:0043198	0	0	GO_terms	GO_terms
GO:0043200	0	0	GO_terms	GO_terms
GO:0043204	0	0	GO_terms	GO_terms
GO:0043209	0	0	GO_terms	GO_terms
GO:0043226	0	0	GO_terms	GO_terms
GO:0043231	0	0	GO_terms	GO_terms
GO:0043235	0	0	GO_terms	GO_terms
GO:0043240	0	0	GO_terms	GO_terms
GO:0043243	0	0	GO_terms	GO_terms
GO:0043266	0	0	GO_terms	GO_terms
GO:0043268	0	0	GO_terms	GO_terms
GO:0043276	0	0	GO_terms	GO_terms
GO:0043278	0	0	GO_terms	GO_terms
GO:0043292	0	0	GO_terms	GO_terms
GO:0043303	0.00253919498766732	0	GO_terms	GO_terms
GO:0043325	0	0	GO_terms	GO_terms
GO:0043330	0	0	GO_terms	GO_terms
GO:0043367	0	0	GO_terms	GO_terms
GO:0043369	0	0	GO_terms	GO_terms
GO:0043388	0	0	GO_terms	GO_terms
GO:0043393	0	0	GO_terms	GO_terms
GO:0043406	0	0	GO_terms	GO_terms
GO:0043408	0	0	GO_terms	GO_terms
GO:0043409	0	0	GO_terms	GO_terms
GO:0043410	0	0	GO_terms	GO_terms
GO:0043415	0	0	GO_terms	GO_terms
GO:0043422	0	0	GO_terms	GO_terms
GO:0043423	0	0	GO_terms	GO_terms
GO:0043425	0	0	GO_terms	GO_terms
GO:0043433	0	0	GO_terms	GO_terms
GO:0043462	0	0	GO_terms	GO_terms
GO:0043484	0	0	GO_terms	GO_terms
GO:0043488	0	0	GO_terms	GO_terms
GO:0043491	0	0	GO_terms	GO_terms
GO:0043505	0	0	GO_terms	GO_terms
GO:0043507	0.00061754147314468	0	GO_terms	GO_terms
GO:0043523	0	0	GO_terms	GO_terms
GO:0043524	0	0	GO_terms	GO_terms
GO:0043525	0	0	GO_terms	GO_terms
GO:0043531	0	0	GO_terms	GO_terms
GO:0043533	0	0	GO_terms	GO_terms
GO:0043536	0	0	GO_terms	GO_terms
GO:0043537	0	0	GO_terms	GO_terms
GO:0043539	0	0	GO_terms	GO_terms
GO:0043547	0	0	GO_terms	GO_terms
GO:0043548	0	0	GO_terms	GO_terms
GO:0043560	0	0	GO_terms	GO_terms
GO:0043565	0	0	GO_terms	GO_terms
GO:0043568	0	0	GO_terms	GO_terms
GO:0043588	0	0	GO_terms	GO_terms
GO:0043589	0	0	GO_terms	GO_terms
GO:0043616	0	0	GO_terms	GO_terms
GO:0043627	0	0	GO_terms	GO_terms
GO:0043652	0	0	GO_terms	GO_terms
GO:0043653	0	0	GO_terms	GO_terms
GO:0043679	0	0	GO_terms	GO_terms
GO:0043687	0	0	GO_terms	GO_terms
GO:0043771	0	0	GO_terms	GO_terms
GO:0043995	0	0	GO_terms	GO_terms
GO:0043996	0	0	GO_terms	GO_terms
GO:0043997	0	0	GO_terms	GO_terms
GO:0043998	0	0	GO_terms	GO_terms
GO:0044070	0	0	GO_terms	GO_terms
GO:0044091	0	0	GO_terms	GO_terms
GO:0044183	0	0	GO_terms	GO_terms
GO:0044206	0	0	GO_terms	GO_terms
GO:0044218	0	0	GO_terms	GO_terms
GO:0044224	0	0	GO_terms	GO_terms
GO:0044233	0	0	GO_terms	GO_terms
GO:0044291	0	0	GO_terms	GO_terms
GO:0044294	0	0	GO_terms	GO_terms
GO:0044295	0	0	GO_terms	GO_terms
GO:0044297	0	0	GO_terms	GO_terms
GO:0044300	0	0	GO_terms	GO_terms
GO:0044305	0	0	GO_terms	GO_terms
GO:0044306	0	0	GO_terms	GO_terms
GO:0044309	0	0	GO_terms	GO_terms
GO:0044320	0	0	GO_terms	GO_terms
GO:0044322	0	0	GO_terms	GO_terms
GO:0044323	0	0	GO_terms	GO_terms
GO:0044325	0	0	GO_terms	GO_terms
GO:0044327	0	0	GO_terms	GO_terms
GO:0044331	0	0	GO_terms	GO_terms
GO:0044344	0	0.00124037971841542	GO_terms	GO_terms
GO:0044406	0	0	GO_terms	GO_terms
GO:0044548	0	0	GO_terms	GO_terms
GO:0044613	0	0	GO_terms	GO_terms
GO:0044729	0	0	GO_terms	GO_terms
GO:0044829	0	0	GO_terms	GO_terms
GO:0044849	0	0	GO_terms	GO_terms
GO:0044877	0	0.00154993780129396	GO_terms	GO_terms
GO:0045048	0	0	GO_terms	GO_terms
GO:0045055	0	0	GO_terms	GO_terms
GO:0045070	0	0	GO_terms	GO_terms
GO:0045071	0	0	GO_terms	GO_terms
GO:0045087	0	0	GO_terms	GO_terms
GO:0045121	0	0	GO_terms	GO_terms
GO:0045165	0	0	GO_terms	GO_terms
GO:0045177	0	0	GO_terms	GO_terms
GO:0045180	0	0	GO_terms	GO_terms
GO:0045184	0	0	GO_terms	GO_terms
GO:0045202	0.00246891821186677	0	GO_terms	GO_terms
GO:0045211	0.00032372656242927	0	GO_terms	GO_terms
GO:0045214	0	0	GO_terms	GO_terms
GO:0045216	0	0	GO_terms	GO_terms
GO:0045242	0	0	GO_terms	GO_terms
GO:0045254	0	0	GO_terms	GO_terms
GO:0045259	0	0	GO_terms	GO_terms
GO:0045296	0	0	GO_terms	GO_terms
GO:0045322	0	0	GO_terms	GO_terms
GO:0045324	0	0	GO_terms	GO_terms
GO:0045334	0	0	GO_terms	GO_terms
GO:0045335	0	0	GO_terms	GO_terms
GO:0045444	0	0	GO_terms	GO_terms
GO:0045445	0	0	GO_terms	GO_terms
GO:0045453	0	0	GO_terms	GO_terms
GO:0045454	0	0	GO_terms	GO_terms
GO:0045471	0	0	GO_terms	GO_terms
GO:0045542	0	0	GO_terms	GO_terms
GO:0045550	0	0	GO_terms	GO_terms
GO:0045569	0	0	GO_terms	GO_terms
GO:0045596	0	0	GO_terms	GO_terms
GO:0045597	0	0	GO_terms	GO_terms
GO:0045599	0	0	GO_terms	GO_terms
GO:0045600	0	0	GO_terms	GO_terms
GO:0045607	0	0	GO_terms	GO_terms
GO:0045608	0	0	GO_terms	GO_terms
GO:0045617	0	0	GO_terms	GO_terms
GO:0045634	0	0	GO_terms	GO_terms
GO:0045638	0	0	GO_terms	GO_terms
GO:0045647	0	0	GO_terms	GO_terms
GO:0045648	0	0	GO_terms	GO_terms
GO:0045654	0	0	GO_terms	GO_terms
GO:0045657	0	0	GO_terms	GO_terms
GO:0045662	0	0	GO_terms	GO_terms
GO:0045663	0	0	GO_terms	GO_terms
GO:0045664	0	0	GO_terms	GO_terms
GO:0045665	0	0	GO_terms	GO_terms
GO:0045666	0	0	GO_terms	GO_terms
GO:0045668	0	0	GO_terms	GO_terms
GO:0045669	0	0	GO_terms	GO_terms
GO:0045703	0	0	GO_terms	GO_terms
GO:0045722	0	0	GO_terms	GO_terms
GO:0045723	0	0	GO_terms	GO_terms
GO:0045725	0	0	GO_terms	GO_terms
GO:0045727	0	0	GO_terms	GO_terms
GO:0045732	0	0	GO_terms	GO_terms
GO:0045740	0	0	GO_terms	GO_terms
GO:0045742	0	0	GO_terms	GO_terms
GO:0045746	0	0	GO_terms	GO_terms
GO:0045747	0	0	GO_terms	GO_terms
GO:0045760	0.00032077849724717	0	GO_terms	GO_terms
GO:0045766	0	0	GO_terms	GO_terms
GO:0045773	0	0	GO_terms	GO_terms
GO:0045776	0	0	GO_terms	GO_terms
GO:0045792	0	0	GO_terms	GO_terms
GO:0045794	0	0	GO_terms	GO_terms
GO:0045807	0	0	GO_terms	GO_terms
GO:0045815	0	0	GO_terms	GO_terms
GO:0045821	0	0	GO_terms	GO_terms
GO:0045822	0	0	GO_terms	GO_terms
GO:0045836	0	0	GO_terms	GO_terms
GO:0045876	0	0	GO_terms	GO_terms
GO:0045879	0	0	GO_terms	GO_terms
GO:0045880	0	0	GO_terms	GO_terms
GO:0045892	0	0	GO_terms	GO_terms
GO:0045893	0.00268884947210529	0	GO_terms	GO_terms
GO:0045907	0	0	GO_terms	GO_terms
GO:0045921	0	0	GO_terms	GO_terms
GO:0045931	0	0	GO_terms	GO_terms
GO:0045933	0	0	GO_terms	GO_terms
GO:0045935	0	0	GO_terms	GO_terms
GO:0045944	0.00258467827192456	0	GO_terms	GO_terms
GO:0045948	0	0	GO_terms	GO_terms
GO:0045954	0	0	GO_terms	GO_terms
GO:0045956	0	0	GO_terms	GO_terms
GO:0045988	0	0	GO_terms	GO_terms
GO:0045995	0	0	GO_terms	GO_terms
GO:0046013	0	0	GO_terms	GO_terms
GO:0046033	0	0	GO_terms	GO_terms
GO:0046034	0	0	GO_terms	GO_terms
GO:0046058	0	0	GO_terms	GO_terms
GO:0046166	0	0	GO_terms	GO_terms
GO:0046320	0	0	GO_terms	GO_terms
GO:0046321	0	0	GO_terms	GO_terms
GO:0046323	0	0	GO_terms	GO_terms
GO:0046325	0.0003037931818159	0	GO_terms	GO_terms
GO:0046326	0	0	GO_terms	GO_terms
GO:0046329	0	0	GO_terms	GO_terms
GO:0046331	0	0	GO_terms	GO_terms
GO:0046332	0	0	GO_terms	GO_terms
GO:0046339	0	0	GO_terms	GO_terms
GO:0046370	0	0	GO_terms	GO_terms
GO:0046486	0	0	GO_terms	GO_terms
GO:0046488	0	0	GO_terms	GO_terms
GO:0046540	0	0	GO_terms	GO_terms
GO:0046541	0	0	GO_terms	GO_terms
GO:0046545	0	0	GO_terms	GO_terms
GO:0046579	0	0	GO_terms	GO_terms
GO:0046580	0	0	GO_terms	GO_terms
GO:0046627	0	0	GO_terms	GO_terms
GO:0046676	0	0	GO_terms	GO_terms
GO:0046684	0	0	GO_terms	GO_terms
GO:0046686	0	0	GO_terms	GO_terms
GO:0046697	0	0	GO_terms	GO_terms
GO:0046703	0	0	GO_terms	GO_terms
GO:0046726	0	0	GO_terms	GO_terms
GO:0046761	0	0	GO_terms	GO_terms
GO:0046777	0	0	GO_terms	GO_terms
GO:0046839	0	0	GO_terms	GO_terms
GO:0046847	0	0	GO_terms	GO_terms
GO:0046854	0	0	GO_terms	GO_terms
GO:0046872	0	0	GO_terms	GO_terms
GO:0046875	0	0	GO_terms	GO_terms
GO:0046878	0	0	GO_terms	GO_terms
GO:0046889	0	0	GO_terms	GO_terms
GO:0046923	0	0	GO_terms	GO_terms
GO:0046940	0	0	GO_terms	GO_terms
GO:0046961	0	0	GO_terms	GO_terms
GO:0046972	0	0	GO_terms	GO_terms
GO:0046977	0	0	GO_terms	GO_terms
GO:0046978	0	0	GO_terms	GO_terms
GO:0046979	0	0	GO_terms	GO_terms
GO:0046982	0	0	GO_terms	GO_terms
GO:0046983	0	0	GO_terms	GO_terms
GO:0047006	0	0	GO_terms	GO_terms
GO:0047020	0	0	GO_terms	GO_terms
GO:0047023	0	0	GO_terms	GO_terms
GO:0047086	0	0	GO_terms	GO_terms
GO:0047115	0	0	GO_terms	GO_terms
GO:0047134	0	0	GO_terms	GO_terms
GO:0047184	0	0.00092973866125434	GO_terms	GO_terms
GO:0047372	0	0	GO_terms	GO_terms
GO:0047376	0	0	GO_terms	GO_terms
GO:0047391	0	0	GO_terms	GO_terms
GO:0047496	0	0	GO_terms	GO_terms
GO:0047555	0	0	GO_terms	GO_terms
GO:0047676	0	0.00039102715280311	GO_terms	GO_terms
GO:0047696	0	0	GO_terms	GO_terms
GO:0047704	0	0	GO_terms	GO_terms
GO:0047743	0	0	GO_terms	GO_terms
GO:0047787	0	0	GO_terms	GO_terms
GO:0047961	0	0	GO_terms	GO_terms
GO:0048008	0	0	GO_terms	GO_terms
GO:0048009	0	0	GO_terms	GO_terms
GO:0048010	0	0	GO_terms	GO_terms
GO:0048013	0	0	GO_terms	GO_terms
GO:0048015	0	0	GO_terms	GO_terms
GO:0048020	0	0	GO_terms	GO_terms
GO:0048050	0	0	GO_terms	GO_terms
GO:0048101	0	0	GO_terms	GO_terms
GO:0048103	0	0	GO_terms	GO_terms
GO:0048146	0	0	GO_terms	GO_terms
GO:0048148	0	0	GO_terms	GO_terms
GO:0048149	0	0.00053264820167202	GO_terms	GO_terms
GO:0048156	0	0	GO_terms	GO_terms
GO:0048167	0	0	GO_terms	GO_terms
GO:0048168	0	0	GO_terms	GO_terms
GO:0048169	0	0	GO_terms	GO_terms
GO:0048172	0	0	GO_terms	GO_terms
GO:0048179	0	0	GO_terms	GO_terms
GO:0048185	0	0	GO_terms	GO_terms
GO:0048208	0	0	GO_terms	GO_terms
GO:0048245	0	0	GO_terms	GO_terms
GO:0048247	0.00035018875727811	0	GO_terms	GO_terms
GO:0048265	0	0	GO_terms	GO_terms
GO:0048266	0	0	GO_terms	GO_terms
GO:0048268	0.00250662415893703	0	GO_terms	GO_terms
GO:0048273	0	0	GO_terms	GO_terms
GO:0048278	0	0	GO_terms	GO_terms
GO:0048284	0	0	GO_terms	GO_terms
GO:0048286	0	0	GO_terms	GO_terms
GO:0048304	0	0	GO_terms	GO_terms
GO:0048311	0	0	GO_terms	GO_terms
GO:0048312	0	0	GO_terms	GO_terms
GO:0048333	0	0	GO_terms	GO_terms
GO:0048341	0	0	GO_terms	GO_terms
GO:0048384	0	0	GO_terms	GO_terms
GO:0048387	0	0	GO_terms	GO_terms
GO:0048388	0	0	GO_terms	GO_terms
GO:0048407	0.00057632941240273	0	GO_terms	GO_terms
GO:0048468	0	0	GO_terms	GO_terms
GO:0048469	0	0	GO_terms	GO_terms
GO:0048471	0	0	GO_terms	GO_terms
GO:0048476	0	0	GO_terms	GO_terms
GO:0048485	0	0	GO_terms	GO_terms
GO:0048488	0	0	GO_terms	GO_terms
GO:0048489	0	0	GO_terms	GO_terms
GO:0048490	0	0	GO_terms	GO_terms
GO:0048505	0	0	GO_terms	GO_terms
GO:0048511	0	0	GO_terms	GO_terms
GO:0048513	0	0	GO_terms	GO_terms
GO:0048514	0	0	GO_terms	GO_terms
GO:0048538	0	0	GO_terms	GO_terms
GO:0048541	0	0	GO_terms	GO_terms
GO:0048546	0	0	GO_terms	GO_terms
GO:0048557	0	0	GO_terms	GO_terms
GO:0048562	0	0	GO_terms	GO_terms
GO:0048568	0	0	GO_terms	GO_terms
GO:0048570	0	0	GO_terms	GO_terms
GO:0048588	0	0	GO_terms	GO_terms
GO:0048592	0	0	GO_terms	GO_terms
GO:0048593	0	0	GO_terms	GO_terms
GO:0048596	0	0	GO_terms	GO_terms
GO:0048598	0	0	GO_terms	GO_terms
GO:0048608	0	0	GO_terms	GO_terms
GO:0048617	0	0	GO_terms	GO_terms
GO:0048630	0	0	GO_terms	GO_terms
GO:0048638	0	0	GO_terms	GO_terms
GO:0048643	0	0	GO_terms	GO_terms
GO:0048645	0	0	GO_terms	GO_terms
GO:0048646	0	0	GO_terms	GO_terms
GO:0048661	0	0	GO_terms	GO_terms
GO:0048663	0	0	GO_terms	GO_terms
GO:0048664	0	0	GO_terms	GO_terms
GO:0048665	0	0	GO_terms	GO_terms
GO:0048666	0	0	GO_terms	GO_terms
GO:0048667	0	0	GO_terms	GO_terms
GO:0048668	0	0	GO_terms	GO_terms
GO:0048675	0	0	GO_terms	GO_terms
GO:0048678	0	0	GO_terms	GO_terms
GO:0048680	0	0	GO_terms	GO_terms
GO:0048681	0	0	GO_terms	GO_terms
GO:0048699	0	0	GO_terms	GO_terms
GO:0048701	0	0	GO_terms	GO_terms
GO:0048704	0	0	GO_terms	GO_terms
GO:0048705	0	0	GO_terms	GO_terms
GO:0048708	0	0	GO_terms	GO_terms
GO:0048709	0	0	GO_terms	GO_terms
GO:0048711	0	0	GO_terms	GO_terms
GO:0048712	0	0	GO_terms	GO_terms
GO:0048714	0	0	GO_terms	GO_terms
GO:0048715	0	0	GO_terms	GO_terms
GO:0048738	0	0	GO_terms	GO_terms
GO:0048741	0	0	GO_terms	GO_terms
GO:0048754	0	0	GO_terms	GO_terms
GO:0048755	0	0	GO_terms	GO_terms
GO:0048762	0	0	GO_terms	GO_terms
GO:0048786	0	0	GO_terms	GO_terms
GO:0048787	0	0	GO_terms	GO_terms
GO:0048791	0	0	GO_terms	GO_terms
GO:0048793	0	0	GO_terms	GO_terms
GO:0048807	0	0	GO_terms	GO_terms
GO:0048812	0	0	GO_terms	GO_terms
GO:0048813	0	0	GO_terms	GO_terms
GO:0048814	0	0	GO_terms	GO_terms
GO:0048821	0	0	GO_terms	GO_terms
GO:0048839	0	0	GO_terms	GO_terms
GO:0048841	0	0	GO_terms	GO_terms
GO:0048843	0	0	GO_terms	GO_terms
GO:0048844	0	0	GO_terms	GO_terms
GO:0048846	0	0	GO_terms	GO_terms
GO:0048854	0	0	GO_terms	GO_terms
GO:0048856	0	0	GO_terms	GO_terms
GO:0048863	0	0	GO_terms	GO_terms
GO:0048870	0	0	GO_terms	GO_terms
GO:0048935	0	0	GO_terms	GO_terms
GO:0050145	0	0	GO_terms	GO_terms
GO:0050220	0	0	GO_terms	GO_terms
GO:0050294	0	0	GO_terms	GO_terms
GO:0050321	0	0	GO_terms	GO_terms
GO:0050427	0	0	GO_terms	GO_terms
GO:0050431	0	0	GO_terms	GO_terms
GO:0050633	0	0	GO_terms	GO_terms
GO:0050665	0	0	GO_terms	GO_terms
GO:0050673	0	0	GO_terms	GO_terms
GO:0050678	0	0	GO_terms	GO_terms
GO:0050679	0	0	GO_terms	GO_terms
GO:0050680	0	0	GO_terms	GO_terms
GO:0050681	0	0	GO_terms	GO_terms
GO:0050684	0	0	GO_terms	GO_terms
GO:0050693	0	0	GO_terms	GO_terms
GO:0050728	0	0	GO_terms	GO_terms
GO:0050733	0	0	GO_terms	GO_terms
GO:0050750	0	0.00096362694679585	GO_terms	GO_terms
GO:0050767	0	0	GO_terms	GO_terms
GO:0050768	0	0	GO_terms	GO_terms
GO:0050770	0	0	GO_terms	GO_terms
GO:0050771	0	0	GO_terms	GO_terms
GO:0050772	0	0	GO_terms	GO_terms
GO:0050773	0	0	GO_terms	GO_terms
GO:0050774	0	0	GO_terms	GO_terms
GO:0050775	0	0	GO_terms	GO_terms
GO:0050778	0	0	GO_terms	GO_terms
GO:0050793	0	0	GO_terms	GO_terms
GO:0050796	0	0	GO_terms	GO_terms
GO:0050804	0	0	GO_terms	GO_terms
GO:0050806	0	0	GO_terms	GO_terms
GO:0050807	0	0	GO_terms	GO_terms
GO:0050808	0	0	GO_terms	GO_terms
GO:0050811	0	0	GO_terms	GO_terms
GO:0050815	0	0	GO_terms	GO_terms
GO:0050821	0	0	GO_terms	GO_terms
GO:0050829	0	0	GO_terms	GO_terms
GO:0050830	0	0	GO_terms	GO_terms
GO:0050839	0	0	GO_terms	GO_terms
GO:0050848	0	0	GO_terms	GO_terms
GO:0050862	0	0	GO_terms	GO_terms
GO:0050863	0	0	GO_terms	GO_terms
GO:0050872	0	0	GO_terms	GO_terms
GO:0050877	0.00191921531200971	0	GO_terms	GO_terms
GO:0050885	0	0	GO_terms	GO_terms
GO:0050890	0	0	GO_terms	GO_terms
GO:0050905	0	0	GO_terms	GO_terms
GO:0050909	0	0	GO_terms	GO_terms
GO:0050911	0	0	GO_terms	GO_terms
GO:0050912	0	0	GO_terms	GO_terms
GO:0050913	0	0	GO_terms	GO_terms
GO:0050917	0	0.00029973915708244	GO_terms	GO_terms
GO:0050919	0	0	GO_terms	GO_terms
GO:0050920	0	0	GO_terms	GO_terms
GO:0050927	0	0	GO_terms	GO_terms
GO:0050955	0	0	GO_terms	GO_terms
GO:0050965	0	0	GO_terms	GO_terms
GO:0050966	0	0	GO_terms	GO_terms
GO:0050974	0	0	GO_terms	GO_terms
GO:0050998	0	0	GO_terms	GO_terms
GO:0051010	0	0	GO_terms	GO_terms
GO:0051015	0.00058031704414336	0	GO_terms	GO_terms
GO:0051017	0	0	GO_terms	GO_terms
GO:0051020	0	0	GO_terms	GO_terms
GO:0051028	0	0	GO_terms	GO_terms
GO:0051036	0	0	GO_terms	GO_terms
GO:0051049	0	0	GO_terms	GO_terms
GO:0051050	0	0	GO_terms	GO_terms
GO:0051082	0	0.00071468178274797	GO_terms	GO_terms
GO:0051091	0	0	GO_terms	GO_terms
GO:0051094	0	0	GO_terms	GO_terms
GO:0051099	0	0	GO_terms	GO_terms
GO:0051117	0	0	GO_terms	GO_terms
GO:0051123	0	0	GO_terms	GO_terms
GO:0051124	0	0	GO_terms	GO_terms
GO:0051128	0	0	GO_terms	GO_terms
GO:0051146	0	0	GO_terms	GO_terms
GO:0051147	0	0	GO_terms	GO_terms
GO:0051209	0	0	GO_terms	GO_terms
GO:0051216	0	0	GO_terms	GO_terms
GO:0051219	0	0	GO_terms	GO_terms
GO:0051222	0	0	GO_terms	GO_terms
GO:0051239	0	0	GO_terms	GO_terms
GO:0051240	0	0	GO_terms	GO_terms
GO:0051247	0	0	GO_terms	GO_terms
GO:0051260	0	0	GO_terms	GO_terms
GO:0051262	0	0	GO_terms	GO_terms
GO:0051286	0	0	GO_terms	GO_terms
GO:0051287	0	0	GO_terms	GO_terms
GO:0051289	0	0	GO_terms	GO_terms
GO:0051290	0	0	GO_terms	GO_terms
GO:0051301	0	0	GO_terms	GO_terms
GO:0051302	0	0	GO_terms	GO_terms
GO:0051321	0	0	GO_terms	GO_terms
GO:0051379	0	0	GO_terms	GO_terms
GO:0051380	0	0	GO_terms	GO_terms
GO:0051382	0	0	GO_terms	GO_terms
GO:0051386	0	0	GO_terms	GO_terms
GO:0051402	0	0	GO_terms	GO_terms
GO:0051403	0	0	GO_terms	GO_terms
GO:0051429	0	0	GO_terms	GO_terms
GO:0051446	0	0	GO_terms	GO_terms
GO:0051453	0	0	GO_terms	GO_terms
GO:0051469	0	0	GO_terms	GO_terms
GO:0051480	0	0	GO_terms	GO_terms
GO:0051481	0	0	GO_terms	GO_terms
GO:0051491	0	0	GO_terms	GO_terms
GO:0051496	0	0	GO_terms	GO_terms
GO:0051525	0	0	GO_terms	GO_terms
GO:0051537	0	0	GO_terms	GO_terms
GO:0051549	0	0	GO_terms	GO_terms
GO:0051580	0	0	GO_terms	GO_terms
GO:0051584	0	0	GO_terms	GO_terms
GO:0051592	0	0	GO_terms	GO_terms
GO:0051597	0	0	GO_terms	GO_terms
GO:0051602	0	0	GO_terms	GO_terms
GO:0051607	0	0	GO_terms	GO_terms
GO:0051647	0	0	GO_terms	GO_terms
GO:0051649	0	0	GO_terms	GO_terms
GO:0051650	0	0	GO_terms	GO_terms
GO:0051673	0	0	GO_terms	GO_terms
GO:0051674	0	0	GO_terms	GO_terms
GO:0051693	0	0	GO_terms	GO_terms
GO:0051721	0	0	GO_terms	GO_terms
GO:0051726	0	0	GO_terms	GO_terms
GO:0051787	0	0	GO_terms	GO_terms
GO:0051799	0	0	GO_terms	GO_terms
GO:0051823	0	0	GO_terms	GO_terms
GO:0051894	0	0	GO_terms	GO_terms
GO:0051895	0	0	GO_terms	GO_terms
GO:0051897	0	0	GO_terms	GO_terms
GO:0051899	0	0	GO_terms	GO_terms
GO:0051902	0	0	GO_terms	GO_terms
GO:0051924	0	0	GO_terms	GO_terms
GO:0051928	0	0	GO_terms	GO_terms
GO:0051932	0	0	GO_terms	GO_terms
GO:0051939	0	0	GO_terms	GO_terms
GO:0051963	0	0	GO_terms	GO_terms
GO:0051965	0	0	GO_terms	GO_terms
GO:0051966	0	0	GO_terms	GO_terms
GO:0051967	0	0	GO_terms	GO_terms
GO:0051968	0	0	GO_terms	GO_terms
GO:0051977	0	0	GO_terms	GO_terms
GO:0052651	0	0	GO_terms	GO_terms
GO:0052742	0	0	GO_terms	GO_terms
GO:0052866	0	0	GO_terms	GO_terms
GO:0052905	0	0	GO_terms	GO_terms
GO:0055001	0	0.00070533574206251	GO_terms	GO_terms
GO:0055010	0	0	GO_terms	GO_terms
GO:0055037	0	0	GO_terms	GO_terms
GO:0055038	0	0	GO_terms	GO_terms
GO:0055064	0	0	GO_terms	GO_terms
GO:0055075	0	0	GO_terms	GO_terms
GO:0055085	0	0	GO_terms	GO_terms
GO:0055088	0	0	GO_terms	GO_terms
GO:0055096	0	0	GO_terms	GO_terms
GO:0055117	0	0	GO_terms	GO_terms
GO:0060008	0	0	GO_terms	GO_terms
GO:0060012	0	0	GO_terms	GO_terms
GO:0060017	0	0	GO_terms	GO_terms
GO:0060020	0	0	GO_terms	GO_terms
GO:0060021	0	0	GO_terms	GO_terms
GO:0060028	0	0	GO_terms	GO_terms
GO:0060037	0	0	GO_terms	GO_terms
GO:0060038	0	0	GO_terms	GO_terms
GO:0060041	0	0	GO_terms	GO_terms
GO:0060043	0	0	GO_terms	GO_terms
GO:0060044	0	0	GO_terms	GO_terms
GO:0060045	0	0	GO_terms	GO_terms
GO:0060047	0	0	GO_terms	GO_terms
GO:0060048	0	0	GO_terms	GO_terms
GO:0060056	0	0	GO_terms	GO_terms
GO:0060070	0	0	GO_terms	GO_terms
GO:0060071	0	0	GO_terms	GO_terms
GO:0060074	0	0	GO_terms	GO_terms
GO:0060075	0	0	GO_terms	GO_terms
GO:0060076	0	0	GO_terms	GO_terms
GO:0060077	0	0	GO_terms	GO_terms
GO:0060078	0	0	GO_terms	GO_terms
GO:0060079	0	0	GO_terms	GO_terms
GO:0060080	0	0	GO_terms	GO_terms
GO:0060081	0	0.0010378940749626	GO_terms	GO_terms
GO:0060083	0	0	GO_terms	GO_terms
GO:0060090	0.00043872413654361	0	GO_terms	GO_terms
GO:0060119	0	0	GO_terms	GO_terms
GO:0060122	0	0.0013818350485554	GO_terms	GO_terms
GO:0060124	0	0	GO_terms	GO_terms
GO:0060134	0	0	GO_terms	GO_terms
GO:0060158	0	0	GO_terms	GO_terms
GO:0060170	0	0	GO_terms	GO_terms
GO:0060173	0	0	GO_terms	GO_terms
GO:0060174	0	0	GO_terms	GO_terms
GO:0060179	0	0	GO_terms	GO_terms
GO:0060213	0	0	GO_terms	GO_terms
GO:0060221	0	0	GO_terms	GO_terms
GO:0060252	0	0	GO_terms	GO_terms
GO:0060253	0	0	GO_terms	GO_terms
GO:0060261	0	0	GO_terms	GO_terms
GO:0060271	0	0	GO_terms	GO_terms
GO:0060291	0	0	GO_terms	GO_terms
GO:0060292	0	0	GO_terms	GO_terms
GO:0060294	0	0	GO_terms	GO_terms
GO:0060307	0	0	GO_terms	GO_terms
GO:0060324	0	0	GO_terms	GO_terms
GO:0060325	0	0	GO_terms	GO_terms
GO:0060347	0	0	GO_terms	GO_terms
GO:0060348	0	0	GO_terms	GO_terms
GO:0060349	0	0	GO_terms	GO_terms
GO:0060351	0	0	GO_terms	GO_terms
GO:0060371	0	0	GO_terms	GO_terms
GO:0060373	0	0	GO_terms	GO_terms
GO:0060382	0	0	GO_terms	GO_terms
GO:0060384	0	0	GO_terms	GO_terms
GO:0060391	0	0	GO_terms	GO_terms
GO:0060395	0	0	GO_terms	GO_terms
GO:0060397	0	0	GO_terms	GO_terms
GO:0060406	0	0	GO_terms	GO_terms
GO:0060412	0	0	GO_terms	GO_terms
GO:0060413	0	0	GO_terms	GO_terms
GO:0060415	0	0	GO_terms	GO_terms
GO:0060425	0	0	GO_terms	GO_terms
GO:0060428	0	0	GO_terms	GO_terms
GO:0060429	0	0	GO_terms	GO_terms
GO:0060441	0	0	GO_terms	GO_terms
GO:0060447	0	0	GO_terms	GO_terms
GO:0060487	0	0	GO_terms	GO_terms
GO:0060492	0	0	GO_terms	GO_terms
GO:0060501	0	0	GO_terms	GO_terms
GO:0060509	0	0	GO_terms	GO_terms
GO:0060513	0	0	GO_terms	GO_terms
GO:0060528	0	0	GO_terms	GO_terms
GO:0060538	0	0	GO_terms	GO_terms
GO:0060594	0	0	GO_terms	GO_terms
GO:0060613	0	0	GO_terms	GO_terms
GO:0060664	0	0	GO_terms	GO_terms
GO:0060674	0	0	GO_terms	GO_terms
GO:0060700	0	0	GO_terms	GO_terms
GO:0060710	0	0	GO_terms	GO_terms
GO:0060716	0	0	GO_terms	GO_terms
GO:0060740	0	0	GO_terms	GO_terms
GO:0060766	0	0	GO_terms	GO_terms
GO:0060769	0	0	GO_terms	GO_terms
GO:0060789	0	0	GO_terms	GO_terms
GO:0060828	0	0	GO_terms	GO_terms
GO:0060841	0	0	GO_terms	GO_terms
GO:0060856	0	0.00133899045248094	GO_terms	GO_terms
GO:0060972	0	0	GO_terms	GO_terms
GO:0060976	0	0	GO_terms	GO_terms
GO:0060979	0	0	GO_terms	GO_terms
GO:0060996	0	0	GO_terms	GO_terms
GO:0060997	0	0	GO_terms	GO_terms
GO:0060999	0	0	GO_terms	GO_terms
GO:0061000	0	0	GO_terms	GO_terms
GO:0061001	0	0	GO_terms	GO_terms
GO:0061003	0	0	GO_terms	GO_terms
GO:0061014	0	0	GO_terms	GO_terms
GO:0061025	0.00030794445098296	0	GO_terms	GO_terms
GO:0061029	0	0	GO_terms	GO_terms
GO:0061036	0	0	GO_terms	GO_terms
GO:0061053	0	0	GO_terms	GO_terms
GO:0061056	0	0	GO_terms	GO_terms
GO:0061061	0	0	GO_terms	GO_terms
GO:0061101	0	0	GO_terms	GO_terms
GO:0061113	0	0	GO_terms	GO_terms
GO:0061144	0	0	GO_terms	GO_terms
GO:0061154	0	0	GO_terms	GO_terms
GO:0061158	0	0	GO_terms	GO_terms
GO:0061178	0	0	GO_terms	GO_terms
GO:0061179	0	0	GO_terms	GO_terms
GO:0061184	0	0	GO_terms	GO_terms
GO:0061198	0	0	GO_terms	GO_terms
GO:0061298	0	0	GO_terms	GO_terms
GO:0061299	0	0.00039361903162418	GO_terms	GO_terms
GO:0061337	0	0	GO_terms	GO_terms
GO:0061344	0	0	GO_terms	GO_terms
GO:0061351	0	0	GO_terms	GO_terms
GO:0061384	0	0	GO_terms	GO_terms
GO:0061450	0	0	GO_terms	GO_terms
GO:0061459	0	0	GO_terms	GO_terms
GO:0061462	0	0	GO_terms	GO_terms
GO:0061549	0	0	GO_terms	GO_terms
GO:0061564	0	0	GO_terms	GO_terms
GO:0061608	0	0	GO_terms	GO_terms
GO:0061615	0	0	GO_terms	GO_terms
GO:0061621	0	0	GO_terms	GO_terms
GO:0061626	0	0	GO_terms	GO_terms
GO:0061629	0	0	GO_terms	GO_terms
GO:0061630	0	0	GO_terms	GO_terms
GO:0061631	0	0	GO_terms	GO_terms
GO:0061640	0	0	GO_terms	GO_terms
GO:0061702	0.00182307810532194	0	GO_terms	GO_terms
GO:0061733	0	0	GO_terms	GO_terms
GO:0061744	0	0	GO_terms	GO_terms
GO:0061763	0	0	GO_terms	GO_terms
GO:0061773	0	0	GO_terms	GO_terms
GO:0061809	0.0002816146173188	0	GO_terms	GO_terms
GO:0061820	0.00046461198880695	0	GO_terms	GO_terms
GO:0061830	0	0	GO_terms	GO_terms
GO:0061844	0	0	GO_terms	GO_terms
GO:0062009	0	0	GO_terms	GO_terms
GO:0062033	0	0	GO_terms	GO_terms
GO:0062061	0	0	GO_terms	GO_terms
GO:0062082	0	0	GO_terms	GO_terms
GO:0062196	0	0	GO_terms	GO_terms
GO:0062197	0	0	GO_terms	GO_terms
GO:0065003	0	0	GO_terms	GO_terms
GO:0065008	0	0	GO_terms	GO_terms
GO:0070032	0	0	GO_terms	GO_terms
GO:0070033	0	0	GO_terms	GO_terms
GO:0070044	0	0	GO_terms	GO_terms
GO:0070050	0	0	GO_terms	GO_terms
GO:0070085	0	0	GO_terms	GO_terms
GO:0070098	0	0	GO_terms	GO_terms
GO:0070106	0.00028450639012482	0	GO_terms	GO_terms
GO:0070161	0	0	GO_terms	GO_terms
GO:0070254	0	0	GO_terms	GO_terms
GO:0070269	0	0	GO_terms	GO_terms
GO:0070286	0.00067423323274372	0	GO_terms	GO_terms
GO:0070294	0	0	GO_terms	GO_terms
GO:0070296	0	0	GO_terms	GO_terms
GO:0070301	0	0	GO_terms	GO_terms
GO:0070316	0	0	GO_terms	GO_terms
GO:0070317	0	0	GO_terms	GO_terms
GO:0070330	0	0	GO_terms	GO_terms
GO:0070345	0	0	GO_terms	GO_terms
GO:0070371	0	0	GO_terms	GO_terms
GO:0070372	0	0	GO_terms	GO_terms
GO:0070373	0	0	GO_terms	GO_terms
GO:0070374	0	0	GO_terms	GO_terms
GO:0070403	0	0	GO_terms	GO_terms
GO:0070410	0	0	GO_terms	GO_terms
GO:0070411	0	0	GO_terms	GO_terms
GO:0070412	0	0	GO_terms	GO_terms
GO:0070419	0	0	GO_terms	GO_terms
GO:0070447	0	0	GO_terms	GO_terms
GO:0070474	0	0	GO_terms	GO_terms
GO:0070492	0	0	GO_terms	GO_terms
GO:0070509	0	0	GO_terms	GO_terms
GO:0070527	0	0	GO_terms	GO_terms
GO:0070528	0	0	GO_terms	GO_terms
GO:0070533	0	0	GO_terms	GO_terms
GO:0070538	0	0	GO_terms	GO_terms
GO:0070542	0	0	GO_terms	GO_terms
GO:0070578	0	0	GO_terms	GO_terms
GO:0070588	0	0	GO_terms	GO_terms
GO:0070603	0	0	GO_terms	GO_terms
GO:0070644	0	0	GO_terms	GO_terms
GO:0070678	0	0	GO_terms	GO_terms
GO:0070679	0	0	GO_terms	GO_terms
GO:0070684	0	0	GO_terms	GO_terms
GO:0070741	0	0	GO_terms	GO_terms
GO:0070742	0	0	GO_terms	GO_terms
GO:0070776	0	0	GO_terms	GO_terms
GO:0070822	0	0	GO_terms	GO_terms
GO:0070847	0	0	GO_terms	GO_terms
GO:0070848	0	0	GO_terms	GO_terms
GO:0070878	0	0	GO_terms	GO_terms
GO:0070885	0	0	GO_terms	GO_terms
GO:0070888	0	0	GO_terms	GO_terms
GO:0070922	0	0	GO_terms	GO_terms
GO:0070936	0	0	GO_terms	GO_terms
GO:0070944	0	0	GO_terms	GO_terms
GO:0070979	0	0	GO_terms	GO_terms
GO:0070989	0	0	GO_terms	GO_terms
GO:0071005	0	0	GO_terms	GO_terms
GO:0071007	0	0	GO_terms	GO_terms
GO:0071011	0	0	GO_terms	GO_terms
GO:0071013	0	0	GO_terms	GO_terms
GO:0071140	0	0	GO_terms	GO_terms
GO:0071141	0	0	GO_terms	GO_terms
GO:0071144	0	0	GO_terms	GO_terms
GO:0071162	0	0.00134060235319767	GO_terms	GO_terms
GO:0071229	0	0	GO_terms	GO_terms
GO:0071230	0	0	GO_terms	GO_terms
GO:0071260	0	0	GO_terms	GO_terms
GO:0071277	0	0	GO_terms	GO_terms
GO:0071294	0	0	GO_terms	GO_terms
GO:0071300	0	0	GO_terms	GO_terms
GO:0071318	0	0	GO_terms	GO_terms
GO:0071320	0	0	GO_terms	GO_terms
GO:0071333	0	0	GO_terms	GO_terms
GO:0071339	0	0	GO_terms	GO_terms
GO:0071346	0	0	GO_terms	GO_terms
GO:0071351	0	0	GO_terms	GO_terms
GO:0071361	0	0	GO_terms	GO_terms
GO:0071363	0	0	GO_terms	GO_terms
GO:0071364	0	0	GO_terms	GO_terms
GO:0071380	0	0	GO_terms	GO_terms
GO:0071396	0	0	GO_terms	GO_terms
GO:0071398	0	0	GO_terms	GO_terms
GO:0071403	0	0	GO_terms	GO_terms
GO:0071420	0	0	GO_terms	GO_terms
GO:0071456	0	0	GO_terms	GO_terms
GO:0071468	0	0	GO_terms	GO_terms
GO:0071503	0	0	GO_terms	GO_terms
GO:0071526	0	0	GO_terms	GO_terms
GO:0071541	0	0	GO_terms	GO_terms
GO:0071542	0	0	GO_terms	GO_terms
GO:0071560	0	0	GO_terms	GO_terms
GO:0071564	0	0	GO_terms	GO_terms
GO:0071565	0	0	GO_terms	GO_terms
GO:0071599	0	0	GO_terms	GO_terms
GO:0071614	0	0.00081799042371508	GO_terms	GO_terms
GO:0071617	0	0	GO_terms	GO_terms
GO:0071625	0	0	GO_terms	GO_terms
GO:0071635	0	0	GO_terms	GO_terms
GO:0071659	0	0	GO_terms	GO_terms
GO:0071663	0	0	GO_terms	GO_terms
GO:0071677	0	0	GO_terms	GO_terms
GO:0071679	0	0	GO_terms	GO_terms
GO:0071711	0	0	GO_terms	GO_terms
GO:0071723	0	0	GO_terms	GO_terms
GO:0071731	0	0	GO_terms	GO_terms
GO:0071732	0	0	GO_terms	GO_terms
GO:0071773	0	0	GO_terms	GO_terms
GO:0071803	0	0	GO_terms	GO_terms
GO:0071805	0	0	GO_terms	GO_terms
GO:0071816	0	0	GO_terms	GO_terms
GO:0071837	0	0	GO_terms	GO_terms
GO:0071880	0	0	GO_terms	GO_terms
GO:0071882	0	0	GO_terms	GO_terms
GO:0071944	0	0	GO_terms	GO_terms
GO:0071985	0	0	GO_terms	GO_terms
GO:0072012	0	0	GO_terms	GO_terms
GO:0072053	0	0	GO_terms	GO_terms
GO:0072075	0	0	GO_terms	GO_terms
GO:0072089	0	0	GO_terms	GO_terms
GO:0072111	0	0	GO_terms	GO_terms
GO:0072133	0	0	GO_terms	GO_terms
GO:0072144	0	0	GO_terms	GO_terms
GO:0072148	0	0	GO_terms	GO_terms
GO:0072162	0	0	GO_terms	GO_terms
GO:0072164	0	0	GO_terms	GO_terms
GO:0072177	0	0	GO_terms	GO_terms
GO:0072178	0	0	GO_terms	GO_terms
GO:0072179	0	0	GO_terms	GO_terms
GO:0072193	0	0	GO_terms	GO_terms
GO:0072197	0	0	GO_terms	GO_terms
GO:0072201	0	0	GO_terms	GO_terms
GO:0072205	0	0	GO_terms	GO_terms
GO:0072207	0	0	GO_terms	GO_terms
GO:0072359	0	0	GO_terms	GO_terms
GO:0072384	0	0	GO_terms	GO_terms
GO:0072513	0	0	GO_terms	GO_terms
GO:0072558	0.00171434886666529	0	GO_terms	GO_terms
GO:0072562	0	0.00064732327831906	GO_terms	GO_terms
GO:0072583	0	0	GO_terms	GO_terms
GO:0072655	0	0	GO_terms	GO_terms
GO:0072656	0	0	GO_terms	GO_terms
GO:0072657	0	0	GO_terms	GO_terms
GO:0072659	0	0	GO_terms	GO_terms
GO:0072672	0	0	GO_terms	GO_terms
GO:0072686	0	0	GO_terms	GO_terms
GO:0075523	0	0	GO_terms	GO_terms
GO:0075525	0	0	GO_terms	GO_terms
GO:0080008	0	0	GO_terms	GO_terms
GO:0086002	0	0	GO_terms	GO_terms
GO:0086004	0	0	GO_terms	GO_terms
GO:0086005	0	0	GO_terms	GO_terms
GO:0086009	0	0	GO_terms	GO_terms
GO:0086010	0	0	GO_terms	GO_terms
GO:0086011	0	0	GO_terms	GO_terms
GO:0086012	0	0	GO_terms	GO_terms
GO:0086014	0	0	GO_terms	GO_terms
GO:0086091	0	0	GO_terms	GO_terms
GO:0086100	0	0	GO_terms	GO_terms
GO:0089701	0	0	GO_terms	GO_terms
GO:0090009	0	0.00036750062454285	GO_terms	GO_terms
GO:0090084	0	0	GO_terms	GO_terms
GO:0090090	0	0	GO_terms	GO_terms
GO:0090102	0	0	GO_terms	GO_terms
GO:0090103	0	0	GO_terms	GO_terms
GO:0090110	0	0	GO_terms	GO_terms
GO:0090128	0	0	GO_terms	GO_terms
GO:0090129	0	0	GO_terms	GO_terms
GO:0090131	0	0	GO_terms	GO_terms
GO:0090148	0	0	GO_terms	GO_terms
GO:0090150	0	0	GO_terms	GO_terms
GO:0090151	0	0	GO_terms	GO_terms
GO:0090162	0	0	GO_terms	GO_terms
GO:0090176	0	0	GO_terms	GO_terms
GO:0090190	0	0	GO_terms	GO_terms
GO:0090201	0	0	GO_terms	GO_terms
GO:0090209	0	0	GO_terms	GO_terms
GO:0090245	0	0	GO_terms	GO_terms
GO:0090263	0	0	GO_terms	GO_terms
GO:0090276	0	0	GO_terms	GO_terms
GO:0090280	0	0	GO_terms	GO_terms
GO:0090290	0	0	GO_terms	GO_terms
GO:0090314	0	0	GO_terms	GO_terms
GO:0090326	0	0	GO_terms	GO_terms
GO:0090330	0	0	GO_terms	GO_terms
GO:0090370	0	0	GO_terms	GO_terms
GO:0090394	0	0	GO_terms	GO_terms
GO:0090443	0	0	GO_terms	GO_terms
GO:0090522	0	0	GO_terms	GO_terms
GO:0090543	0	0	GO_terms	GO_terms
GO:0090575	0	0	GO_terms	GO_terms
GO:0090630	0	0.00089420527942019	GO_terms	GO_terms
GO:0090650	0	0	GO_terms	GO_terms
GO:0090724	0	0	GO_terms	GO_terms
GO:0097017	0	0	GO_terms	GO_terms
GO:0097027	0	0	GO_terms	GO_terms
GO:0097038	0	0	GO_terms	GO_terms
GO:0097060	0	0	GO_terms	GO_terms
GO:0097061	0	0	GO_terms	GO_terms
GO:0097091	0	0	GO_terms	GO_terms
GO:0097104	0	0	GO_terms	GO_terms
GO:0097105	0	0	GO_terms	GO_terms
GO:0097107	0	0	GO_terms	GO_terms
GO:0097110	0	0	GO_terms	GO_terms
GO:0097112	0	0	GO_terms	GO_terms
GO:0097113	0	0	GO_terms	GO_terms
GO:0097118	0	0	GO_terms	GO_terms
GO:0097119	0	0	GO_terms	GO_terms
GO:0097150	0	0	GO_terms	GO_terms
GO:0097152	0	0	GO_terms	GO_terms
GO:0097190	0	0	GO_terms	GO_terms
GO:0097196	0	0	GO_terms	GO_terms
GO:0097284	0	0	GO_terms	GO_terms
GO:0097305	0	0	GO_terms	GO_terms
GO:0097323	0	0	GO_terms	GO_terms
GO:0097352	0	0	GO_terms	GO_terms
GO:0097401	0	0	GO_terms	GO_terms
GO:0097431	0	0	GO_terms	GO_terms
GO:0097433	0	0	GO_terms	GO_terms
GO:0097440	0	0.00047003315796624	GO_terms	GO_terms
GO:0097447	0	0	GO_terms	GO_terms
GO:0097484	0	0	GO_terms	GO_terms
GO:0097485	0	0.00046327417751984	GO_terms	GO_terms
GO:0097491	0	0	GO_terms	GO_terms
GO:0097510	0	0	GO_terms	GO_terms
GO:0097512	0	0	GO_terms	GO_terms
GO:0097525	0	0	GO_terms	GO_terms
GO:0097526	0	0	GO_terms	GO_terms
GO:0097531	0	0	GO_terms	GO_terms
GO:0097546	0	0	GO_terms	GO_terms
GO:0097553	0	0	GO_terms	GO_terms
GO:0097602	0	0	GO_terms	GO_terms
GO:0097623	0	0	GO_terms	GO_terms
GO:0097718	0	0	GO_terms	GO_terms
GO:0097720	0	0	GO_terms	GO_terms
GO:0097749	0	0	GO_terms	GO_terms
GO:0098536	0	0	GO_terms	GO_terms
GO:0098542	0	0	GO_terms	GO_terms
GO:0098574	0	0	GO_terms	GO_terms
GO:0098609	0	0	GO_terms	GO_terms
GO:0098655	0	0	GO_terms	GO_terms
GO:0098656	0	0	GO_terms	GO_terms
GO:0098664	0	0	GO_terms	GO_terms
GO:0098684	0	0	GO_terms	GO_terms
GO:0098685	0	0	GO_terms	GO_terms
GO:0098686	0	0	GO_terms	GO_terms
GO:0098688	0	0	GO_terms	GO_terms
GO:0098690	0	0	GO_terms	GO_terms
GO:0098691	0	0	GO_terms	GO_terms
GO:0098693	0	0	GO_terms	GO_terms
GO:0098696	0	0	GO_terms	GO_terms
GO:0098700	0	0.0009133691364131	GO_terms	GO_terms
GO:0098703	0.00072367875197977	0.00290796464915054	GO_terms	GO_terms
GO:0098719	0	0	GO_terms	GO_terms
GO:0098735	0	0	GO_terms	GO_terms
GO:0098793	0	0	GO_terms	GO_terms
GO:0098794	0	0	GO_terms	GO_terms
GO:0098808	0	0	GO_terms	GO_terms
GO:0098810	0	0	GO_terms	GO_terms
GO:0098815	0	0	GO_terms	GO_terms
GO:0098820	0	0	GO_terms	GO_terms
GO:0098821	0	0	GO_terms	GO_terms
GO:0098831	0	0	GO_terms	GO_terms
GO:0098835	0	0	GO_terms	GO_terms
GO:0098839	0	0	GO_terms	GO_terms
GO:0098845	0	0	GO_terms	GO_terms
GO:0098855	0	0	GO_terms	GO_terms
GO:0098869	0	0	GO_terms	GO_terms
GO:0098880	0	0	GO_terms	GO_terms
GO:0098887	0	0	GO_terms	GO_terms
GO:0098890	0	0	GO_terms	GO_terms
GO:0098894	0	0	GO_terms	GO_terms
GO:0098901	0	0	GO_terms	GO_terms
GO:0098915	0	0	GO_terms	GO_terms
GO:0098919	0	0	GO_terms	GO_terms
GO:0098935	0	0	GO_terms	GO_terms
GO:0098962	0	0	GO_terms	GO_terms
GO:0098964	0	0	GO_terms	GO_terms
GO:0098970	0	0	GO_terms	GO_terms
GO:0098971	0	0	GO_terms	GO_terms
GO:0098974	0	0	GO_terms	GO_terms
GO:0098978	0.00120288574798102	0.00071705080822484	GO_terms	GO_terms
GO:0098981	0	0	GO_terms	GO_terms
GO:0098982	0	0	GO_terms	GO_terms
GO:0098984	0	0	GO_terms	GO_terms
GO:0099003	0	0	GO_terms	GO_terms
GO:0099022	0	0	GO_terms	GO_terms
GO:0099054	0	0	GO_terms	GO_terms
GO:0099072	0	0	GO_terms	GO_terms
GO:0099078	0	0	GO_terms	GO_terms
GO:0099091	0	0	GO_terms	GO_terms
GO:0099092	0	0	GO_terms	GO_terms
GO:0099140	0	0	GO_terms	GO_terms
GO:0099149	0	0	GO_terms	GO_terms
GO:0099151	0	0	GO_terms	GO_terms
GO:0099159	0	0	GO_terms	GO_terms
GO:0099170	0	0	GO_terms	GO_terms
GO:0099171	0	0	GO_terms	GO_terms
GO:0099173	0	0	GO_terms	GO_terms
GO:0099175	0	0.00248299195471377	GO_terms	GO_terms
GO:0099179	0	0	GO_terms	GO_terms
GO:0099186	0	0	GO_terms	GO_terms
GO:0099505	0	0	GO_terms	GO_terms
GO:0099507	0	0	GO_terms	GO_terms
GO:0099508	0	0	GO_terms	GO_terms
GO:0099509	0	0	GO_terms	GO_terms
GO:0099523	0	0	GO_terms	GO_terms
GO:0099524	0	0	GO_terms	GO_terms
GO:0099525	0	0	GO_terms	GO_terms
GO:0099527	0	0	GO_terms	GO_terms
GO:0099537	0	0	GO_terms	GO_terms
GO:0099550	0	0	GO_terms	GO_terms
GO:0099558	0	0	GO_terms	GO_terms
GO:0099560	0	0	GO_terms	GO_terms
GO:0099562	0	0	GO_terms	GO_terms
GO:0099566	0	0	GO_terms	GO_terms
GO:0099572	0	0	GO_terms	GO_terms
GO:0099601	0	0	GO_terms	GO_terms
GO:0099605	0	0	GO_terms	GO_terms
GO:0099610	0	0.00044301877807672	GO_terms	GO_terms
GO:0099612	0	0.00054678306253917	GO_terms	GO_terms
GO:0099634	0	0	GO_terms	GO_terms
GO:0099645	0	0	GO_terms	GO_terms
GO:0101005	0	0	GO_terms	GO_terms
GO:0101020	0	0	GO_terms	GO_terms
GO:0101031	0	0	GO_terms	GO_terms
GO:0106139	0	0	GO_terms	GO_terms
GO:0106222	0	0	GO_terms	GO_terms
GO:0106310	0	0	GO_terms	GO_terms
GO:0106435	0	0	GO_terms	GO_terms
GO:0110010	0	0	GO_terms	GO_terms
GO:0110077	0	0	GO_terms	GO_terms
GO:0110104	0	0	GO_terms	GO_terms
GO:0110135	0	0	GO_terms	GO_terms
GO:0110158	0	0	GO_terms	GO_terms
GO:0120009	0	0	GO_terms	GO_terms
GO:0120019	0	0	GO_terms	GO_terms
GO:0120099	0	0	GO_terms	GO_terms
GO:0120115	0	0	GO_terms	GO_terms
GO:0120162	0	0	GO_terms	GO_terms
GO:0120163	0	0	GO_terms	GO_terms
GO:0120170	0	0	GO_terms	GO_terms
GO:0120225	0	0	GO_terms	GO_terms
GO:0120283	0	0	GO_terms	GO_terms
GO:0120518	0	0	GO_terms	GO_terms
GO:0140056	0	0	GO_terms	GO_terms
GO:0140059	0	0	GO_terms	GO_terms
GO:0140070	0	0	GO_terms	GO_terms
GO:0140077	0	0	GO_terms	GO_terms
GO:0140092	0	0	GO_terms	GO_terms
GO:0140169	0	0	GO_terms	GO_terms
GO:0140236	0	0	GO_terms	GO_terms
GO:0140238	0	0	GO_terms	GO_terms
GO:0140240	0	0	GO_terms	GO_terms
GO:0140242	0	0	GO_terms	GO_terms
GO:0140252	0.00031175492087361	0	GO_terms	GO_terms
GO:0140288	0	0	GO_terms	GO_terms
GO:0140297	0	0	GO_terms	GO_terms
GO:0140311	0	0	GO_terms	GO_terms
GO:0140361	0	0	GO_terms	GO_terms
GO:0140439	0	0	GO_terms	GO_terms
GO:0140457	0	0	GO_terms	GO_terms
GO:0140507	0	0	GO_terms	GO_terms
GO:0140535	0	0	GO_terms	GO_terms
GO:0140585	0	0	GO_terms	GO_terms
GO:0140627	0	0	GO_terms	GO_terms
GO:0140639	0	0	GO_terms	GO_terms
GO:0140662	0	0	GO_terms	GO_terms
GO:0140672	0	0	GO_terms	GO_terms
GO:0140673	0	0	GO_terms	GO_terms
GO:0140677	0	0	GO_terms	GO_terms
GO:0140694	0	0	GO_terms	GO_terms
GO:0140767	0	0	GO_terms	GO_terms
GO:0140973	0	0	GO_terms	GO_terms
GO:0140991	0	0	GO_terms	GO_terms
GO:0141068	0	0	GO_terms	GO_terms
GO:0141162	0	0	GO_terms	GO_terms
GO:0141198	0	0	GO_terms	GO_terms
GO:0141212	0	0	GO_terms	GO_terms
GO:0141221	0	0	GO_terms	GO_terms
GO:0150012	0	0	GO_terms	GO_terms
GO:0150034	0	0	GO_terms	GO_terms
GO:0150048	0	0	GO_terms	GO_terms
GO:0150052	0	0	GO_terms	GO_terms
GO:0150053	0	0	GO_terms	GO_terms
GO:0150093	0	0	GO_terms	GO_terms
GO:0150099	0	0	GO_terms	GO_terms
GO:0150103	0	0	GO_terms	GO_terms
GO:0160004	0	0	GO_terms	GO_terms
GO:0160006	0	0	GO_terms	GO_terms
GO:0160008	0	0	GO_terms	GO_terms
GO:0160009	0	0	GO_terms	GO_terms
GO:0160072	0	0	GO_terms	GO_terms
GO:0160130	0	0	GO_terms	GO_terms
GO:0160216	0	0	GO_terms	GO_terms
GO:0160226	0	0	GO_terms	GO_terms
GO:0160227	0	0	GO_terms	GO_terms
GO:0160232	0	0	GO_terms	GO_terms
GO:0160240	0	0	GO_terms	GO_terms
GO:0160257	0	0	GO_terms	GO_terms
GO:1900025	0	0	GO_terms	GO_terms
GO:1900026	0	0	GO_terms	GO_terms
GO:1900076	0	0	GO_terms	GO_terms
GO:1900087	0	0	GO_terms	GO_terms
GO:1900149	0	0	GO_terms	GO_terms
GO:1900153	0	0	GO_terms	GO_terms
GO:1900181	0	0	GO_terms	GO_terms
GO:1900212	0	0	GO_terms	GO_terms
GO:1900242	0	0	GO_terms	GO_terms
GO:1900272	0	0	GO_terms	GO_terms
GO:1900273	0	0	GO_terms	GO_terms
GO:1900426	0	0.00019803936371372	GO_terms	GO_terms
GO:1900452	0	0	GO_terms	GO_terms
GO:1900746	0	0	GO_terms	GO_terms
GO:1901142	0	0	GO_terms	GO_terms
GO:1901164	0	0	GO_terms	GO_terms
GO:1901166	0	0	GO_terms	GO_terms
GO:1901203	0	0	GO_terms	GO_terms
GO:1901223	0	0	GO_terms	GO_terms
GO:1901331	0	0	GO_terms	GO_terms
GO:1901363	0	0	GO_terms	GO_terms
GO:1901379	0	0	GO_terms	GO_terms
GO:1901380	0	0	GO_terms	GO_terms
GO:1901381	0	0	GO_terms	GO_terms
GO:1901570	0	0	GO_terms	GO_terms
GO:1901673	0	0	GO_terms	GO_terms
GO:1901857	0	0	GO_terms	GO_terms
GO:1901888	0	0	GO_terms	GO_terms
GO:1901896	0	0	GO_terms	GO_terms
GO:1902004	0	0	GO_terms	GO_terms
GO:1902031	0	0	GO_terms	GO_terms
GO:1902065	0	0	GO_terms	GO_terms
GO:1902224	0	0	GO_terms	GO_terms
GO:1902235	0	0	GO_terms	GO_terms
GO:1902237	0	0	GO_terms	GO_terms
GO:1902275	0	0	GO_terms	GO_terms
GO:1902282	0	0	GO_terms	GO_terms
GO:1902430	0	0	GO_terms	GO_terms
GO:1902455	0	0	GO_terms	GO_terms
GO:1902459	0	0	GO_terms	GO_terms
GO:1902476	0	0	GO_terms	GO_terms
GO:1902494	0	0	GO_terms	GO_terms
GO:1902531	0	0	GO_terms	GO_terms
GO:1902532	0	0	GO_terms	GO_terms
GO:1902533	0	0	GO_terms	GO_terms
GO:1902554	0	0	GO_terms	GO_terms
GO:1902600	0	0	GO_terms	GO_terms
GO:1902622	0	0	GO_terms	GO_terms
GO:1902631	0	0	GO_terms	GO_terms
GO:1902710	0	0	GO_terms	GO_terms
GO:1902711	0	0	GO_terms	GO_terms
GO:1902774	0	0	GO_terms	GO_terms
GO:1902894	0	0	GO_terms	GO_terms
GO:1902895	0	0	GO_terms	GO_terms
GO:1902902	0	0	GO_terms	GO_terms
GO:1902937	0	0	GO_terms	GO_terms
GO:1902951	0	0	GO_terms	GO_terms
GO:1902992	0	0	GO_terms	GO_terms
GO:1902993	0	0	GO_terms	GO_terms
GO:1903076	0	0	GO_terms	GO_terms
GO:1903078	0	0	GO_terms	GO_terms
GO:1903292	0	0	GO_terms	GO_terms
GO:1903298	0	0	GO_terms	GO_terms
GO:1903347	0	0	GO_terms	GO_terms
GO:1903428	0	0	GO_terms	GO_terms
GO:1903444	0	0	GO_terms	GO_terms
GO:1903489	0	0	GO_terms	GO_terms
GO:1903527	0	0	GO_terms	GO_terms
GO:1903573	0	0	GO_terms	GO_terms
GO:1903676	0	0	GO_terms	GO_terms
GO:1903701	0	0	GO_terms	GO_terms
GO:1903763	0	0	GO_terms	GO_terms
GO:1903818	0	0	GO_terms	GO_terms
GO:1903829	0	0	GO_terms	GO_terms
GO:1903830	0	0	GO_terms	GO_terms
GO:1903861	0	0	GO_terms	GO_terms
GO:1903898	0	0	GO_terms	GO_terms
GO:1903899	0	0	GO_terms	GO_terms
GO:1903900	0	0	GO_terms	GO_terms
GO:1903955	0	0	GO_terms	GO_terms
GO:1904022	0	0	GO_terms	GO_terms
GO:1904036	0.0001684741814124	0	GO_terms	GO_terms
GO:1904062	0	0	GO_terms	GO_terms
GO:1904115	0	0	GO_terms	GO_terms
GO:1904193	0	0	GO_terms	GO_terms
GO:1904262	0	0	GO_terms	GO_terms
GO:1904263	0	0	GO_terms	GO_terms
GO:1904315	0	0	GO_terms	GO_terms
GO:1904322	0	0	GO_terms	GO_terms
GO:1904348	0	0	GO_terms	GO_terms
GO:1904377	0	0	GO_terms	GO_terms
GO:1904385	0	0	GO_terms	GO_terms
GO:1904440	0	0	GO_terms	GO_terms
GO:1904491	0.00193090912789225	0	GO_terms	GO_terms
GO:1904507	0	0	GO_terms	GO_terms
GO:1904539	0	0	GO_terms	GO_terms
GO:1904540	0	0	GO_terms	GO_terms
GO:1904645	0	0	GO_terms	GO_terms
GO:1904646	0	0	GO_terms	GO_terms
GO:1904706	0	0	GO_terms	GO_terms
GO:1904707	0	0	GO_terms	GO_terms
GO:1904717	0	0	GO_terms	GO_terms
GO:1904754	0.00165985724733096	0	GO_terms	GO_terms
GO:1904772	0	0	GO_terms	GO_terms
GO:1904862	0.0023051778216487	0	GO_terms	GO_terms
GO:1904888	0	0	GO_terms	GO_terms
GO:1904930	0	0	GO_terms	GO_terms
GO:1904936	0	0	GO_terms	GO_terms
GO:1904948	0	0	GO_terms	GO_terms
GO:1904949	0	0	GO_terms	GO_terms
GO:1905030	0	0	GO_terms	GO_terms
GO:1905098	0	0.00065757462933381	GO_terms	GO_terms
GO:1905205	0	0	GO_terms	GO_terms
GO:1905232	0	0	GO_terms	GO_terms
GO:1905237	0	0	GO_terms	GO_terms
GO:1905274	0	0	GO_terms	GO_terms
GO:1905461	0	0	GO_terms	GO_terms
GO:1905475	0	0	GO_terms	GO_terms
GO:1905477	0	0	GO_terms	GO_terms
GO:1905606	0	0	GO_terms	GO_terms
GO:1905691	0	0	GO_terms	GO_terms
GO:1905806	0	0	GO_terms	GO_terms
GO:1905839	0	0	GO_terms	GO_terms
GO:1905857	0	0	GO_terms	GO_terms
GO:1905906	0	0	GO_terms	GO_terms
GO:1990034	0	0	GO_terms	GO_terms
GO:1990036	0	0	GO_terms	GO_terms
GO:1990049	0	0	GO_terms	GO_terms
GO:1990050	0	0	GO_terms	GO_terms
GO:1990071	0	0	GO_terms	GO_terms
GO:1990090	0	0	GO_terms	GO_terms
GO:1990131	0	0	GO_terms	GO_terms
GO:1990138	0	0	GO_terms	GO_terms
GO:1990266	0	0	GO_terms	GO_terms
GO:1990314	0	0	GO_terms	GO_terms
GO:1990381	0	0.00018687925242692	GO_terms	GO_terms
GO:1990403	0	0	GO_terms	GO_terms
GO:1990416	0	0	GO_terms	GO_terms
GO:1990446	0	0	GO_terms	GO_terms
GO:1990450	0	0	GO_terms	GO_terms
GO:1990454	0	0	GO_terms	GO_terms
GO:1990456	0	0	GO_terms	GO_terms
GO:1990501	0	0	GO_terms	GO_terms
GO:1990508	0	0	GO_terms	GO_terms
GO:1990535	0	0	GO_terms	GO_terms
GO:1990573	0	0	GO_terms	GO_terms
GO:1990708	0	0.00038174406952364	GO_terms	GO_terms
GO:1990756	0	0	GO_terms	GO_terms
GO:1990763	0	0	GO_terms	GO_terms
GO:1990769	0	0	GO_terms	GO_terms
GO:1990776	0	0	GO_terms	GO_terms
GO:1990778	0	0	GO_terms	GO_terms
GO:1990806	0	0	GO_terms	GO_terms
GO:1990825	0	0	GO_terms	GO_terms
GO:1990830	0	0	GO_terms	GO_terms
GO:1990837	0.00161199726024487	0	GO_terms	GO_terms
GO:1990841	0	0	GO_terms	GO_terms
GO:1990874	0	0	GO_terms	GO_terms
GO:1990877	0	0	GO_terms	GO_terms
GO:1990904	0	0	GO_terms	GO_terms
GO:1990907	0	0	GO_terms	GO_terms
GO:1990909	0.00033659680879723	0	GO_terms	GO_terms
GO:1990913	0	0	GO_terms	GO_terms
GO:1990935	0	0	GO_terms	GO_terms
GO:1990963	0	0	GO_terms	GO_terms
GO:2000010	0	0	GO_terms	GO_terms
GO:2000017	0	0	GO_terms	GO_terms
GO:2000020	0	0	GO_terms	GO_terms
GO:2000045	0	0	GO_terms	GO_terms
GO:2000049	0	0	GO_terms	GO_terms
GO:2000059	0	0	GO_terms	GO_terms
GO:2000124	0	0	GO_terms	GO_terms
GO:2000138	0	0	GO_terms	GO_terms
GO:2000177	0	0	GO_terms	GO_terms
GO:2000178	0	0	GO_terms	GO_terms
GO:2000179	0	0	GO_terms	GO_terms
GO:2000278	0	0	GO_terms	GO_terms
GO:2000300	0	0	GO_terms	GO_terms
GO:2000311	0	0	GO_terms	GO_terms
GO:2000342	0	0	GO_terms	GO_terms
GO:2000355	0	0	GO_terms	GO_terms
GO:2000377	0	0	GO_terms	GO_terms
GO:2000378	0	0	GO_terms	GO_terms
GO:2000382	0	0	GO_terms	GO_terms
GO:2000463	0	0	GO_terms	GO_terms
GO:2000491	0	0	GO_terms	GO_terms
GO:2000504	0	0	GO_terms	GO_terms
GO:2000521	0	0	GO_terms	GO_terms
GO:2000543	0	0	GO_terms	GO_terms
GO:2000561	0	0	GO_terms	GO_terms
GO:2000566	0	0	GO_terms	GO_terms
GO:2000573	0	0	GO_terms	GO_terms
GO:2000587	0	0	GO_terms	GO_terms
GO:2000601	0	0	GO_terms	GO_terms
GO:2000628	0	0	GO_terms	GO_terms
GO:2000643	0	0	GO_terms	GO_terms
GO:2000647	0	0	GO_terms	GO_terms
GO:2000648	0	0	GO_terms	GO_terms
GO:2000679	0	0	GO_terms	GO_terms
GO:2000736	0	0	GO_terms	GO_terms
GO:2000779	0	0	GO_terms	GO_terms
GO:2000810	0	0.00077308470550506	GO_terms	GO_terms
GO:2000819	0	0	GO_terms	GO_terms
GO:2000822	0	0	GO_terms	GO_terms
GO:2001171	0	0	GO_terms	GO_terms
GO:2001189	0	0	GO_terms	GO_terms
GO:2001222	0	0	GO_terms	GO_terms
GO:2001235	0	0	GO_terms	GO_terms
GO:2001241	0	0	GO_terms	GO_terms
GO:2001243	0	0	GO_terms	GO_terms
GO:2001259	0	0	GO_terms	GO_terms
gonad primordium_E-MTAB-6798_251	0	0	Gene_expression	Gene_expression
gonad primordium_E-MTAB-6798_289	0	0.00082476067721384	Gene_expression	Gene_expression
gonad_E-MTAB-6798_293	0	0	Gene_expression	Gene_expression
gonad_E-MTAB-6798_385	0	0	Gene_expression	Gene_expression
gonadal fat pad_E-MTAB-4035_15	0	0	Gene_expression	Gene_expression
gonadal fat pad_E-MTAB-4035_38	0	0	Gene_expression	Gene_expression
gonadal fat pad_E-MTAB-4035_472	0	0.00450632033995064	Gene_expression	Gene_expression
hair follicle_E-GEOD-77997_219	0.00578070736193771	0.00100919973492235	Gene_expression	Gene_expression
hair follicle_E-GEOD-77997_273	0.00047235783919229	0.00208137009250913	Gene_expression	Gene_expression
hair follicle_E-GEOD-77997_361	0.00105250698612072	0	Gene_expression	Gene_expression
hair follicle_E-GEOD-77997_520	0	0	Gene_expression	Gene_expression
hair follicle_E-GEOD-77997_571	0.00230063920327318	0	Gene_expression	Gene_expression
hair follicle_E-GEOD-77997_591	0.00264580484387458	0.00383892045992568	Gene_expression	Gene_expression
hair follicle_E-GEOD-77997_636	0	0.00053465952639447	Gene_expression	Gene_expression
head mesenchyme_E-GEOD-55966_592	0	0	Gene_expression	Gene_expression
head mesenchyme_E-GEOD-55966_702	0	0.00512021983593567	Gene_expression	Gene_expression
head surface ectoderm_E-GEOD-55966_652	0.00368062956133634	0.00035812997264608	Gene_expression	Gene_expression
heart left ventricle_E-MTAB-2801_619	0.00271395708660696	0	Gene_expression	Gene_expression
heart left ventricle_E-MTAB-2801_626	0.00043607066084106	0.00129546040299222	Gene_expression	Gene_expression
heart left ventricle_E-MTAB-5449_408	0	0	Gene_expression	Gene_expression
heart left ventricle_E-MTAB-5449_464	0	0.00060692351737896	Gene_expression	Gene_expression
heart left ventricle_E-MTAB-5449_594	0.00062315245683044	0.0005959186859098	Gene_expression	Gene_expression
heart left ventricle_E-MTAB-9361_357	0	0	Gene_expression	Gene_expression
heart left ventricle_E-MTAB-9361_49	0.00041708797431676	0	Gene_expression	Gene_expression
heart ventricle_E-MTAB-3662_104	0	0.00045405846530551	Gene_expression	Gene_expression
heart ventricle_E-MTAB-3662_343	0	0.00069202437281195	Gene_expression	Gene_expression
heart_E-GEOD-63813_167	0.00082174591820273	0	Gene_expression	Gene_expression
heart_E-GEOD-63813_177	0	0	Gene_expression	Gene_expression
heart_E-GEOD-63813_254	0	0	Gene_expression	Gene_expression
heart_E-GEOD-63813_280	0	0.00091566715461757	Gene_expression	Gene_expression
heart_E-GEOD-63813_342	0	0	Gene_expression	Gene_expression
heart_E-GEOD-63813_354	0	0	Gene_expression	Gene_expression
heart_E-GEOD-63813_595	0	0	Gene_expression	Gene_expression
heart_E-GEOD-63813_608	0	0	Gene_expression	Gene_expression
heart_E-GEOD-65775_246	0.00166018431162394	0	Gene_expression	Gene_expression
heart_E-GEOD-65775_390	0	0	Gene_expression	Gene_expression
heart_E-GEOD-65775_559	0	0	Gene_expression	Gene_expression
heart_E-GEOD-65775_94	0.00165119272415637	0.00101411400830395	Gene_expression	Gene_expression
heart_E-GEOD-74747_687	0	0	Gene_expression	Gene_expression
heart_E-MTAB-5449_248	0	0.00285730556021538	Gene_expression	Gene_expression
heart_E-MTAB-599_299	0	0	Gene_expression	Gene_expression
heart_E-MTAB-6798_101	0	0.00042612746964049	Gene_expression	Gene_expression
heart_E-MTAB-6798_174	0	0	Gene_expression	Gene_expression
heart_E-MTAB-6798_223	0	0.00189497117577343	Gene_expression	Gene_expression
heart_E-MTAB-6798_306	0	0.0054686290684803	Gene_expression	Gene_expression
heart_E-MTAB-6798_317	0	0.00069079399041214	Gene_expression	Gene_expression
heart_E-MTAB-6798_324	0	0	Gene_expression	Gene_expression
heart_E-MTAB-6798_325	0	0	Gene_expression	Gene_expression
heart_E-MTAB-6798_346	0	0	Gene_expression	Gene_expression
heart_E-MTAB-6798_351	0	0	Gene_expression	Gene_expression
heart_E-MTAB-6798_364	0	0	Gene_expression	Gene_expression
heart_E-MTAB-6798_365	0	0.00162884761298291	Gene_expression	Gene_expression
heart_E-MTAB-6798_397	0	0.00146529233830414	Gene_expression	Gene_expression
heart_E-MTAB-6798_404	0	0.00104218271013456	Gene_expression	Gene_expression
heart_E-MTAB-6798_412	0.0004973625384997	0	Gene_expression	Gene_expression
heart_E-MTAB-6798_460	0	0.00093800360649933	Gene_expression	Gene_expression
heart_E-MTAB-6798_485	0	0	Gene_expression	Gene_expression
heart_E-MTAB-6798_543	0	0	Gene_expression	Gene_expression
heart_E-MTAB-6798_548	0	0	Gene_expression	Gene_expression
heart_E-MTAB-6798_582	0.00048834234728125	0	Gene_expression	Gene_expression
heart_E-MTAB-6798_607	0.00084599898349935	0	Gene_expression	Gene_expression
heart_E-MTAB-6798_613	0	0	Gene_expression	Gene_expression
heart_E-MTAB-6798_642	0	0	Gene_expression	Gene_expression
heart_E-MTAB-6798_653	0	0.00060023613539234	Gene_expression	Gene_expression
heart_E-MTAB-6798_669	0	0	Gene_expression	Gene_expression
heart_E-MTAB-6798_670	0	0	Gene_expression	Gene_expression
heart_E-MTAB-6798_677	0	0	Gene_expression	Gene_expression
heart_E-MTAB-6798_689	0	0.00125689833585302	Gene_expression	Gene_expression
heart_E-MTAB-6798_71	0	0	Gene_expression	Gene_expression
hindbrain_E-MTAB-6798_256	0.0118115622350005	0.00044455039068914	Gene_expression	Gene_expression
hindbrain_E-MTAB-6798_403	0	0	Gene_expression	Gene_expression
hindbrain_E-MTAB-6798_416	0	0	Gene_expression	Gene_expression
hindbrain_E-MTAB-6798_463	0	0	Gene_expression	Gene_expression
hindbrain_E-MTAB-6798_654	0.00043117637442168	0.00187436439237247	Gene_expression	Gene_expression
hippocampus_E-GEOD-65775_302	0	0.00454132763790905	Gene_expression	Gene_expression
hippocampus_E-GEOD-65775_461	0	0	Gene_expression	Gene_expression
hippocampus_E-GEOD-65775_481	0	0.0018312777172165	Gene_expression	Gene_expression
hippocampus_E-GEOD-65775_80	0	0.00121213132801728	Gene_expression	Gene_expression
hippocampus_E-GEOD-76567_118	0	0	Gene_expression	Gene_expression
hippocampus_E-GEOD-76567_21	0	0.00057781831021302	Gene_expression	Gene_expression
hippocampus_E-GEOD-76567_269	0	0	Gene_expression	Gene_expression
hippocampus_E-GEOD-76567_278	0.0125395495605802	0	Gene_expression	Gene_expression
hippocampus_E-GEOD-76567_309	0	0	Gene_expression	Gene_expression
hippocampus_E-GEOD-76567_352	0	0.00190295440808756	Gene_expression	Gene_expression
hippocampus_E-GEOD-76567_383	0	0	Gene_expression	Gene_expression
hippocampus_E-GEOD-76567_50	0.00095875442684833	0	Gene_expression	Gene_expression
hippocampus_E-GEOD-76567_500	0	0	Gene_expression	Gene_expression
hippocampus_E-GEOD-76567_577	0.00033999795026653	0	Gene_expression	Gene_expression
hippocampus_E-GEOD-76567_600	0	0	Gene_expression	Gene_expression
hippocampus_E-GEOD-76567_605	0	0	Gene_expression	Gene_expression
hippocampus_E-MTAB-599_557	0.0204107794506359	0	Gene_expression	Gene_expression
hippocampus_E-MTAB-7279_439	0	0	Gene_expression	Gene_expression
His_percent	0.00550150991543845	0	aa_composition	aa_composition
Hydrophilic_percent	0.00636627576967586	0.00363483852958154	aa_composition	aa_composition
Hydrophobic_percent	0.00097000145894492	0.0100060574936285	aa_composition	aa_composition
hypothalamus_E-GEOD-70484_45	0	0	Gene_expression	Gene_expression
hypothalamus_E-GEOD-70484_552	0.00098819519376759	0	Gene_expression	Gene_expression
hypothalamus_E-MTAB-8012_232	0	0	Gene_expression	Gene_expression
hypothalamus_E-MTAB-8012_507	0	0.00078042661289802	Gene_expression	Gene_expression
Ile_percent	0.036729515017191	0.00144941852002583	aa_composition	aa_composition
ileum_E-GEOD-44366_445	0	0	Gene_expression	Gene_expression
ileum_E-MTAB-6547_563	0.00094510997606933	0.00136737499414089	Gene_expression	Gene_expression
ileum_E-MTAB-6547_564	0	0	Gene_expression	Gene_expression
ileum_E-MTAB-6547_84	0	0	Gene_expression	Gene_expression
intestine smooth muscle_E-MTAB-9180_487	0	0.00436056973390381	Gene_expression	Gene_expression
intestine smooth muscle_E-MTAB-9180_77	0.00091562222999979	0.00093977833479577	Gene_expression	Gene_expression
islets of Langerhans_E-GEOD-21860_423	0	0.00306165503119035	Gene_expression	Gene_expression
islets of Langerhans_E-GEOD-21860_69	0	0	Gene_expression	Gene_expression
islets of Langerhans_E-GEOD-67991_285	0	0	Gene_expression	Gene_expression
islets of Langerhans_E-GEOD-67991_433	0	0.00131029343994982	Gene_expression	Gene_expression
islets of Langerhans_E-MTAB-2791_103	0	0	Gene_expression	Gene_expression
islets of Langerhans_E-MTAB-2791_108	0	0.00250905194762359	Gene_expression	Gene_expression
islets of Langerhans_E-MTAB-2791_180	0.00040549581026915	0.0049754716083257	Gene_expression	Gene_expression
islets of Langerhans_E-MTAB-2791_196	0	0.00121403284575907	Gene_expression	Gene_expression
islets of Langerhans_E-MTAB-2791_202	0	0.00367995856536191	Gene_expression	Gene_expression
islets of Langerhans_E-MTAB-2791_267	0	0.00348929380251271	Gene_expression	Gene_expression
islets of Langerhans_E-MTAB-2791_418	0	0	Gene_expression	Gene_expression
islets of Langerhans_E-MTAB-2791_629	0.00031717902456073	0	Gene_expression	Gene_expression
islets of Langerhans_E-MTAB-8729_353	0.00069585773319218	0.00980961431962463	Gene_expression	Gene_expression
islets of Langerhans_E-MTAB-8729_644	0.00075557778129047	0.00068000755813574	Gene_expression	Gene_expression
islets of Langerhans_E-MTAB-9213_170	0.00153108343624342	0	Gene_expression	Gene_expression
islets of Langerhans_E-MTAB-9213_3	0	0.00160647040966471	Gene_expression	Gene_expression
large intestine crypt of lieberkuhn_E-MTAB-8161_366	0	0.00054637355595428	Gene_expression	Gene_expression
large intestine crypt of lieberkuhn_E-MTAB-8161_683	0	0.00164518654185298	Gene_expression	Gene_expression
large intestine_E-GEOD-44366_681	0	0	Gene_expression	Gene_expression
latero-nasal process_E-GEOD-55966_128	0	0.00130995068084887	Gene_expression	Gene_expression
Leu_percent	0.00352900559689199	0.00113226317730154	aa_composition	aa_composition
limb_E-MTAB-5671_197	0	0.00075440017999469	Gene_expression	Gene_expression
limb_E-MTAB-5671_201	0.0004977312774535	0	Gene_expression	Gene_expression
limb_E-MTAB-5671_209	0	0	Gene_expression	Gene_expression
limb_E-MTAB-5671_33	0	0	Gene_expression	Gene_expression
liver_E-GEOD-33979_347	0	0.00470962164381196	Gene_expression	Gene_expression
liver_E-GEOD-33979_550	0	0	Gene_expression	Gene_expression
liver_E-GEOD-45684_144	0	0	Gene_expression	Gene_expression
liver_E-GEOD-45684_162	0	0.00240249782565318	Gene_expression	Gene_expression
liver_E-GEOD-45684_183	0	0.00268932710259736	Gene_expression	Gene_expression
liver_E-GEOD-45684_313	0	0.001979506467352	Gene_expression	Gene_expression
liver_E-GEOD-45684_36	0	0	Gene_expression	Gene_expression
liver_E-GEOD-45684_363	0	0.00038271160839777	Gene_expression	Gene_expression
liver_E-GEOD-45684_6	0	0	Gene_expression	Gene_expression
liver_E-GEOD-45684_87	0	0	Gene_expression	Gene_expression
liver_E-GEOD-70484_122	0	0	Gene_expression	Gene_expression
liver_E-GEOD-70484_207	0	0	Gene_expression	Gene_expression
liver_E-GEOD-70484_380	0	0	Gene_expression	Gene_expression
liver_E-GEOD-70484_597	0	0	Gene_expression	Gene_expression
liver_E-GEOD-72491_498	0	0.00199768750368212	Gene_expression	Gene_expression
liver_E-GEOD-72491_655	0	0	Gene_expression	Gene_expression
liver_E-GEOD-74747_435	0	0	Gene_expression	Gene_expression
liver_E-MTAB-2328_127	0	0.00199390455237231	Gene_expression	Gene_expression
liver_E-MTAB-2328_377	0	0	Gene_expression	Gene_expression
liver_E-MTAB-2328_41	0	0	Gene_expression	Gene_expression
liver_E-MTAB-2328_443	0	0	Gene_expression	Gene_expression
liver_E-MTAB-2328_494	0.00496706637971311	0.00267805690088389	Gene_expression	Gene_expression
liver_E-MTAB-2328_585	0	0	Gene_expression	Gene_expression
liver_E-MTAB-2801_527	0.00059426130790681	0	Gene_expression	Gene_expression
liver_E-MTAB-2801_630	0	0.00216409188037836	Gene_expression	Gene_expression
liver_E-MTAB-2801_692	0.00470584189599446	0.0059605918766281	Gene_expression	Gene_expression
liver_E-MTAB-3662_100	0	0	Gene_expression	Gene_expression
liver_E-MTAB-3662_558	0	0	Gene_expression	Gene_expression
liver_E-MTAB-4035_133	0	0	Gene_expression	Gene_expression
liver_E-MTAB-4035_541	0	0	Gene_expression	Gene_expression
liver_E-MTAB-4035_616	0	0	Gene_expression	Gene_expression
liver_E-MTAB-4035_671	0	0	Gene_expression	Gene_expression
liver_E-MTAB-599_328	0	0.00043016727161767	Gene_expression	Gene_expression
liver_E-MTAB-6435_169	0	0	Gene_expression	Gene_expression
liver_E-MTAB-6435_186	0	0	Gene_expression	Gene_expression
liver_E-MTAB-6435_274	0	0	Gene_expression	Gene_expression
liver_E-MTAB-6435_350	0	0	Gene_expression	Gene_expression
liver_E-MTAB-6798_139	0	0	Gene_expression	Gene_expression
liver_E-MTAB-6798_140	0	0	Gene_expression	Gene_expression
liver_E-MTAB-6798_142	0	0	Gene_expression	Gene_expression
liver_E-MTAB-6798_161	0	0	Gene_expression	Gene_expression
liver_E-MTAB-6798_210	0	0	Gene_expression	Gene_expression
liver_E-MTAB-6798_225	0	0.00115372894785682	Gene_expression	Gene_expression
liver_E-MTAB-6798_233	0.00034886326658925	0	Gene_expression	Gene_expression
liver_E-MTAB-6798_236	0	0	Gene_expression	Gene_expression
liver_E-MTAB-6798_250	0	0	Gene_expression	Gene_expression
liver_E-MTAB-6798_32	0	0	Gene_expression	Gene_expression
liver_E-MTAB-6798_327	0.00048160248725083	0	Gene_expression	Gene_expression
liver_E-MTAB-6798_394	0	0	Gene_expression	Gene_expression
liver_E-MTAB-6798_40	0	0	Gene_expression	Gene_expression
liver_E-MTAB-6798_411	0	0	Gene_expression	Gene_expression
liver_E-MTAB-6798_468	0	0	Gene_expression	Gene_expression
liver_E-MTAB-6798_471	0	0	Gene_expression	Gene_expression
liver_E-MTAB-6798_514	0	0	Gene_expression	Gene_expression
liver_E-MTAB-6798_529	0.00366613581725103	0	Gene_expression	Gene_expression
liver_E-MTAB-6798_537	0	0	Gene_expression	Gene_expression
liver_E-MTAB-6798_549	0.00109499434331373	0	Gene_expression	Gene_expression
liver_E-MTAB-6798_566	0	0	Gene_expression	Gene_expression
liver_E-MTAB-6798_58	0	0	Gene_expression	Gene_expression
liver_E-MTAB-6798_590	0.0004562497405478	0.00119866249236564	Gene_expression	Gene_expression
liver_E-MTAB-6798_596	0	0	Gene_expression	Gene_expression
liver_E-MTAB-6798_602	0	0.00129809198045031	Gene_expression	Gene_expression
liver_E-MTAB-6798_609	0	0	Gene_expression	Gene_expression
liver_E-MTAB-6798_65	0	0	Gene_expression	Gene_expression
liver_E-MTAB-6798_700	0	0	Gene_expression	Gene_expression
liver_E-MTAB-7182_344	0	0	Gene_expression	Gene_expression
liver_E-MTAB-7182_432	0	0.013773887720557	Gene_expression	Gene_expression
liver_E-MTAB-7182_454	0	0.00558031200815946	Gene_expression	Gene_expression
liver_E-MTAB-7182_459	0.00212149595236005	0	Gene_expression	Gene_expression
liver_E-MTAB-7182_705	0	0	Gene_expression	Gene_expression
liver_E-MTAB-8402_4	0	0	Gene_expression	Gene_expression
liver_E-MTAB-8402_82	0	0	Gene_expression	Gene_expression
liver_E-MTAB-8518_245	0.00380975003498332	0.0062672731931595	Gene_expression	Gene_expression
liver_E-MTAB-8518_333	0	0.00092674642710498	Gene_expression	Gene_expression
lung_E-GEOD-74747_362	0	0	Gene_expression	Gene_expression
lung_E-MTAB-4035_272	0	0	Gene_expression	Gene_expression
lung_E-MTAB-4035_54	0	0.00250976253864887	Gene_expression	Gene_expression
lung_E-MTAB-599_208	0	0.00218466973609033	Gene_expression	Gene_expression
lung_E-MTAB-8573_501	0.00118975989810653	0	Gene_expression	Gene_expression
Lys_percent	0.0043808949284571	0.00182118895082775	aa_composition	aa_composition
main olfactory bulb_E-GEOD-45278_378	0.00101101288850789	0	Gene_expression	Gene_expression
mammary gland_E-GEOD-37646_157	0	0	Gene_expression	Gene_expression
mammary gland_E-GEOD-37646_19	0	0	Gene_expression	Gene_expression
mammary gland_E-GEOD-37646_194	0	0.00116305671842291	Gene_expression	Gene_expression
mammary gland_E-GEOD-37646_199	0	0.00138397566514646	Gene_expression	Gene_expression
mammary gland_E-GEOD-37646_258	0	0	Gene_expression	Gene_expression
mammary gland_E-GEOD-37646_266	0	0	Gene_expression	Gene_expression
mammary gland_E-GEOD-37646_339	0.00057216001888843	0.0005710550618797	Gene_expression	Gene_expression
mammary gland_E-GEOD-37646_475	0	0.00075676188446628	Gene_expression	Gene_expression
mammary gland_E-GEOD-37646_476	0	0.00231854584974712	Gene_expression	Gene_expression
mammary gland_E-GEOD-37646_565	0.0004078995619451	0.00209020790641688	Gene_expression	Gene_expression
mammary gland_E-GEOD-37646_581	0	0	Gene_expression	Gene_expression
mammary gland_E-GEOD-37646_699	0	0	Gene_expression	Gene_expression
medial-nasal process_E-GEOD-55966_388	0	0	Gene_expression	Gene_expression
Met_percent	0.0284947921575365	0.0122066935971656	aa_composition	aa_composition
metanephros_E-GEOD-69556_270	0	0	Gene_expression	Gene_expression
metanephros_E-GEOD-69556_44	0	0.00435903862339573	Gene_expression	Gene_expression
metanephros_E-GEOD-69556_72	0	0.00103161723616339	Gene_expression	Gene_expression
metanephros_E-GEOD-74747_572	0	0.0047854955382736	Gene_expression	Gene_expression
metanephros_E-MTAB-2801_124	0.00058218239418691	0.00408898474976887	Gene_expression	Gene_expression
metanephros_E-MTAB-2801_330	0	0.00145470933927167	Gene_expression	Gene_expression
metanephros_E-MTAB-2801_614	0	0.00132110546335086	Gene_expression	Gene_expression
metanephros_E-MTAB-4035_318	0	0.00287569715643173	Gene_expression	Gene_expression
metanephros_E-MTAB-4035_518	0	0	Gene_expression	Gene_expression
metanephros_E-MTAB-6798_119	0	0	Gene_expression	Gene_expression
metanephros_E-MTAB-6798_135	0	0	Gene_expression	Gene_expression
metanephros_E-MTAB-6798_137	0	0	Gene_expression	Gene_expression
metanephros_E-MTAB-6798_138	0	0.00077326733738725	Gene_expression	Gene_expression
metanephros_E-MTAB-6798_148	0	0	Gene_expression	Gene_expression
metanephros_E-MTAB-6798_176	0	0.0057841762843689	Gene_expression	Gene_expression
metanephros_E-MTAB-6798_193	0	0.00270999417091344	Gene_expression	Gene_expression
metanephros_E-MTAB-6798_220	0	0	Gene_expression	Gene_expression
metanephros_E-MTAB-6798_23	0	0.00129709736033542	Gene_expression	Gene_expression
metanephros_E-MTAB-6798_239	0	0	Gene_expression	Gene_expression
metanephros_E-MTAB-6798_255	0.00014559707638999	0.00215373631841684	Gene_expression	Gene_expression
metanephros_E-MTAB-6798_26	0	0	Gene_expression	Gene_expression
metanephros_E-MTAB-6798_279	0	0	Gene_expression	Gene_expression
metanephros_E-MTAB-6798_294	0	0	Gene_expression	Gene_expression
metanephros_E-MTAB-6798_311	0	0	Gene_expression	Gene_expression
metanephros_E-MTAB-6798_451	0	0	Gene_expression	Gene_expression
metanephros_E-MTAB-6798_470	0	0	Gene_expression	Gene_expression
metanephros_E-MTAB-6798_477	0	0.00097188874983945	Gene_expression	Gene_expression
metanephros_E-MTAB-6798_510	0	0	Gene_expression	Gene_expression
metanephros_E-MTAB-6798_569	0	0	Gene_expression	Gene_expression
metanephros_E-MTAB-6798_576	0	0	Gene_expression	Gene_expression
metanephros_E-MTAB-6798_641	0.00056193989546174	0	Gene_expression	Gene_expression
metanephros_E-MTAB-6798_647	0	0	Gene_expression	Gene_expression
metanephros_E-MTAB-6798_657	0	0	Gene_expression	Gene_expression
metanephros_E-MTAB-6798_665	0	0	Gene_expression	Gene_expression
metanephros_E-MTAB-6798_682	0	0	Gene_expression	Gene_expression
metanephros_E-MTAB-8161_111	0.00052132467481943	0	Gene_expression	Gene_expression
metanephros_E-MTAB-8161_244	0	0	Gene_expression	Gene_expression
midbrain tegmentum_E-MTAB-5986_323	0	0.00293341806761887	Gene_expression	Gene_expression
midbrain tegmentum_E-MTAB-5986_544	0	0.00599268104132018	Gene_expression	Gene_expression
midbrain_E-MTAB-7794_191	0	0	Gene_expression	Gene_expression
midbrain_E-MTAB-7794_310	0	0.00291187309415254	Gene_expression	Gene_expression
midbrain_E-MTAB-7794_320	0	0.0008420587225626	Gene_expression	Gene_expression
midbrain_E-MTAB-7794_386	0.00042508969545773	0	Gene_expression	Gene_expression
nasal pit_E-GEOD-55966_688	0	0.00173709858848569	Gene_expression	Gene_expression
neural retina_E-MTAB-6133_205	0.00356992857510528	0.00102925222752127	Gene_expression	Gene_expression
neural retina_E-MTAB-6133_424	0	0.0007966679715562	Gene_expression	Gene_expression
Nonpolar_percent	0.00601224708031975	0.00477094895994276	aa_composition	aa_composition
olfactory epithelium_E-ERAD-169_465	0.00206013841241034	0.00043064712140147	Gene_expression	Gene_expression
olfactory epithelium_E-GEOD-65388_474	0	0.00167405708812418	Gene_expression	Gene_expression
olfactory epithelium_E-GEOD-65388_60	0.00048613668386872	0.00270846612162216	Gene_expression	Gene_expression
olfactory epithelium_E-GEOD-65388_603	0	0.00043668277194947	Gene_expression	Gene_expression
olfactory epithelium_E-GEOD-65388_658	0.00085225345439829	0.00228422465307953	Gene_expression	Gene_expression
olfactory epithelium_E-GEOD-65388_676	0	0.00235609081545436	Gene_expression	Gene_expression
olfactory epithelium_E-GEOD-65388_685	0	0.00056711791594552	Gene_expression	Gene_expression
oocyte_E-MTAB-5210_203	0	0	Gene_expression	Gene_expression
oocyte_E-MTAB-5210_265	0	0	Gene_expression	Gene_expression
organ of Corti_E-MTAB-5800_253	0.00096138321035484	0.00087422067618766	Gene_expression	Gene_expression
organ of Corti_E-MTAB-5800_259	0	0	Gene_expression	Gene_expression
organ of Corti_E-MTAB-5800_31	0	0	Gene_expression	Gene_expression
organ of Corti_E-MTAB-5800_420	0	0.00232513501364527	Gene_expression	Gene_expression
organ of Corti_E-MTAB-5800_453	0.00093644831974859	0	Gene_expression	Gene_expression
organ of Corti_E-MTAB-5800_615	0.00428386912665016	0.0037619731959517	Gene_expression	Gene_expression
ovary_E-MTAB-6798_185	0	0.00550209723845804	Gene_expression	Gene_expression
ovary_E-MTAB-6798_22	0.00115339134645724	0	Gene_expression	Gene_expression
ovary_E-MTAB-6798_263	0	0.00050775975587072	Gene_expression	Gene_expression
ovary_E-MTAB-6798_335	0.00018879167185136	0.00222498923322149	Gene_expression	Gene_expression
ovary_E-MTAB-6798_373	0.00164270511987803	0.00072250223607312	Gene_expression	Gene_expression
ovary_E-MTAB-6798_436	0.00018990005909927	0.00037389702086516	Gene_expression	Gene_expression
ovary_E-MTAB-6798_467	0	0	Gene_expression	Gene_expression
ovary_E-MTAB-6798_545	0	0	Gene_expression	Gene_expression
ovary_E-MTAB-6798_611	0	0	Gene_expression	Gene_expression
ovary_E-MTAB-6798_620	0	0.0020571936387662	Gene_expression	Gene_expression
ovary_E-MTAB-6798_638	0.00040509539015075	0	Gene_expression	Gene_expression
ovary_E-MTAB-6798_649	0.00056164634258471	0.00046027211994194	Gene_expression	Gene_expression
Phe_percent	0.00705060521945093	0.00137166115118496	aa_composition	aa_composition
Polar_percent	0.00036027794484859	0.00516201430000832	aa_composition	aa_composition
prefrontal cortex_E-GEOD-22131_332	0	0	Gene_expression	Gene_expression
prefrontal cortex_E-GEOD-22131_406	0.00989777135061619	0.00117898661041862	Gene_expression	Gene_expression
prefrontal cortex_E-GEOD-22131_521	0	0	Gene_expression	Gene_expression
prefrontal cortex_E-GEOD-22131_650	0	0	Gene_expression	Gene_expression
prefrontal cortex_E-GEOD-22131_86	0	0.00219969104598004	Gene_expression	Gene_expression
prefrontal cortex_E-GEOD-22131_92	0	0.00023896828594328	Gene_expression	Gene_expression
preoptic area_E-GEOD-22131_322	9.34562025576232e-07	0	Gene_expression	Gene_expression
preoptic area_E-GEOD-22131_450	0	0	Gene_expression	Gene_expression
preoptic area_E-GEOD-22131_480	0	0.00703895227375022	Gene_expression	Gene_expression
preoptic area_E-GEOD-22131_483	0	0.00198183765683701	Gene_expression	Gene_expression
preoptic area_E-GEOD-22131_589	0	0	Gene_expression	Gene_expression
preoptic area_E-GEOD-22131_678	0	0	Gene_expression	Gene_expression
prostate gland_E-MTAB-9624_308	0	0	Gene_expression	Gene_expression
prostate gland_E-MTAB-9624_374	0	0.00320818472501313	Gene_expression	Gene_expression
prostate gland_E-MTAB-9624_419	0	0.00633900093670451	Gene_expression	Gene_expression
quadriceps femoris muscle_E-MTAB-2801_583	0	0	Gene_expression	Gene_expression
quadriceps femoris muscle_E-MTAB-2801_660	0	0	Gene_expression	Gene_expression
quadriceps femoris muscle_E-MTAB-2801_674	0.00199058053665652	0.00045748220144941	Gene_expression	Gene_expression
renal tubule_E-MTAB-7077_30	0	0	Gene_expression	Gene_expression
renal tubule_E-MTAB-7077_551	0	0.00072718191334764	Gene_expression	Gene_expression
renal tubule_E-MTAB-7077_604	0	0.00072957439195645	Gene_expression	Gene_expression
renal tubule_E-MTAB-7077_664	0	0	Gene_expression	Gene_expression
retina_E-GEOD-33141_204	0.003648646615812	0	Gene_expression	Gene_expression
retina_E-GEOD-33141_221	0	0	Gene_expression	Gene_expression
retina_E-MTAB-9143_146	0.0004141011013277	0	Gene_expression	Gene_expression
retina_E-MTAB-9143_329	0	0.00455691276238643	Gene_expression	Gene_expression
right lung middle lobe_E-MTAB-2801_147	0	0	Gene_expression	Gene_expression
right lung middle lobe_E-MTAB-2801_389	0	0.00082632406817217	Gene_expression	Gene_expression
right lung middle lobe_E-MTAB-2801_632	0.00080038521689951	0.00492130475365512	Gene_expression	Gene_expression
sciatic nerve_E-MTAB-5600_247	0.00489112813444453	0.00044413678628493	Gene_expression	Gene_expression
sciatic nerve_E-MTAB-5600_437	0	0.0011882166811975	Gene_expression	Gene_expression
secondary oocyte_E-MTAB-5013_478	0.00088268003841556	0.0053477486786077	Gene_expression	Gene_expression
secondary oocyte_E-MTAB-5013_513	0	0.00214324580376516	Gene_expression	Gene_expression
secondary oocyte_E-MTAB-5013_697	0.00194639030066855	0	Gene_expression	Gene_expression
secondary oocyte_E-MTAB-5013_703	0.00071209374696833	0.00103550799413495	Gene_expression	Gene_expression
Ser_percent	0.0306134637405499	0.00317561417183038	aa_composition	aa_composition
skin_E-GEOD-65775_149	0	0	Gene_expression	Gene_expression
skin_E-GEOD-65775_368	0.00167127971630615	0.0023775699970547	Gene_expression	Gene_expression
skin_E-GEOD-65775_542	0	0.00175975969131818	Gene_expression	Gene_expression
skin_E-GEOD-65775_90	0	0	Gene_expression	Gene_expression
skin_E-GEOD-74747_316	0.00200515426110527	0.00649793711056834	Gene_expression	Gene_expression
small intestine_E-MTAB-5707_172	0	0	Gene_expression	Gene_expression
small intestine_E-MTAB-5707_534	0	0	Gene_expression	Gene_expression
soleus_E-MTAB-4528_401	0.00232934492992047	0	Gene_expression	Gene_expression
soleus_E-MTAB-4528_504	0	0	Gene_expression	Gene_expression
spermatid_E-GEOD-55180_1	0.00116599060224995	0.00052894865637253	Gene_expression	Gene_expression
spermatid_E-GEOD-55180_381	0.00689585236747183	0	Gene_expression	Gene_expression
spermatid_E-MTAB-7277_284	0.00088965945081032	0.000450329903234	Gene_expression	Gene_expression
spermatid_E-MTAB-7277_98	0.00114949372097007	0.00105026746470768	Gene_expression	Gene_expression
spermatocyte_E-GEOD-55180_213	0.00199787501143068	0.00045680173668478	Gene_expression	Gene_expression
spermatocyte_E-GEOD-55180_599	0	0.00325238050007444	Gene_expression	Gene_expression
spinal cord_E-GEOD-77720_95	0.00054489005962186	0	Gene_expression	Gene_expression
spinal cord_E-MTAB-8838_261	0	0	Gene_expression	Gene_expression
spinal cord_E-MTAB-8838_440	0	0.00320460264783478	Gene_expression	Gene_expression
spinal cord_E-MTAB-8838_51	0	0	Gene_expression	Gene_expression
spleen_E-GEOD-60243_345	0.00053900108019537	0	Gene_expression	Gene_expression
spleen_E-GEOD-60243_612	0	0	Gene_expression	Gene_expression
spleen_E-GEOD-60243_81	0.00088148611526257	0.00475511362553289	Gene_expression	Gene_expression
spleen_E-GEOD-68155_154	0.00043610963061717	0	Gene_expression	Gene_expression
spleen_E-GEOD-68155_163	0	0	Gene_expression	Gene_expression
spleen_E-GEOD-74747_488	0	0	Gene_expression	Gene_expression
spleen_E-MTAB-2801_422	0.00050760368552132	0.00045461755039419	Gene_expression	Gene_expression
spleen_E-MTAB-2801_656	0.00058626655953751	0	Gene_expression	Gene_expression
spleen_E-MTAB-2801_693	0.00626762603283486	0	Gene_expression	Gene_expression
spleen_E-MTAB-4035_446	0.00239990413131785	0	Gene_expression	Gene_expression
spleen_E-MTAB-4035_79	0	0	Gene_expression	Gene_expression
spleen_E-MTAB-599_70	0	0.00135396226460047	Gene_expression	Gene_expression
suprachiasmatic nucleus_E-GEOD-72095_105	0.00480580931661156	0.00163114900014556	Gene_expression	Gene_expression
suprachiasmatic nucleus_E-GEOD-72095_131	0.00081843960966738	0.00071245742810985	Gene_expression	Gene_expression
suprachiasmatic nucleus_E-GEOD-72095_145	0.00096742306808842	0	Gene_expression	Gene_expression
suprachiasmatic nucleus_E-GEOD-72095_178	0.00098635768621993	0.00301995303024004	Gene_expression	Gene_expression
suprachiasmatic nucleus_E-GEOD-72095_382	0.00042684084915613	0.00206062171568314	Gene_expression	Gene_expression
suprachiasmatic nucleus_E-GEOD-72095_88	0.00037331500323821	0.00660668986647691	Gene_expression	Gene_expression
suprachiasmatic nucleus_E-MTAB-7496_102	0	0	Gene_expression	Gene_expression
suprachiasmatic nucleus_E-MTAB-7496_192	0	0	Gene_expression	Gene_expression
suprachiasmatic nucleus_E-MTAB-7496_281	0	0	Gene_expression	Gene_expression
suprachiasmatic nucleus_E-MTAB-7496_321	0	0	Gene_expression	Gene_expression
suprachiasmatic nucleus_E-MTAB-7496_35	0	0	Gene_expression	Gene_expression
suprachiasmatic nucleus_E-MTAB-7496_393	0	0	Gene_expression	Gene_expression
suprachiasmatic nucleus_E-MTAB-7496_511	0	0	Gene_expression	Gene_expression
suprachiasmatic nucleus_E-MTAB-7496_554	0	0.00178484398210904	Gene_expression	Gene_expression
tail_E-GEOD-63813_126	0	0.00117982421764604	Gene_expression	Gene_expression
tail_E-GEOD-63813_2	0	0	Gene_expression	Gene_expression
tail_E-GEOD-63813_214	0	0	Gene_expression	Gene_expression
tail_E-GEOD-63813_27	0	0	Gene_expression	Gene_expression
tail_E-GEOD-63813_290	0	0.00101809216482521	Gene_expression	Gene_expression
tail_E-GEOD-63813_349	0	0	Gene_expression	Gene_expression
tail_E-GEOD-63813_425	0	0	Gene_expression	Gene_expression
tail_E-GEOD-63813_52	0	0.00107792204383282	Gene_expression	Gene_expression
telencephalon subventricular zone_E-GEOD-45278_375	0	0	Gene_expression	Gene_expression
telencephalon_E-MTAB-6798_12	0	0	Gene_expression	Gene_expression
telencephalon_E-MTAB-6798_96	0	0	Gene_expression	Gene_expression
testis_E-GEOD-55180_319	0.00153363273339238	0.00722677606543294	Gene_expression	Gene_expression
testis_E-GEOD-55180_469	0	0	Gene_expression	Gene_expression
testis_E-GEOD-68283_230	0.001525229741795	0.00126623799495423	Gene_expression	Gene_expression
testis_E-GEOD-68283_400	0.00491909426138845	0	Gene_expression	Gene_expression
testis_E-GEOD-68284_398	0.00142432448743888	0.00139900086229561	Gene_expression	Gene_expression
testis_E-GEOD-68284_409	0.00040738816056905	0	Gene_expression	Gene_expression
testis_E-GEOD-74747_14	0	0.00119014683508382	Gene_expression	Gene_expression
testis_E-MTAB-2801_376	0.00157628306393833	0.00045025662839359	Gene_expression	Gene_expression
testis_E-MTAB-2801_651	0	0.00135349708922105	Gene_expression	Gene_expression
testis_E-MTAB-2801_701	0.00215409817071051	0.0012681709347098	Gene_expression	Gene_expression
testis_E-MTAB-5772_132	0	0	Gene_expression	Gene_expression
testis_E-MTAB-5772_153	0	0	Gene_expression	Gene_expression
testis_E-MTAB-5914_114	0.00053100654238595	0.00038546906827399	Gene_expression	Gene_expression
testis_E-MTAB-5914_78	0.00157345958542199	0	Gene_expression	Gene_expression
testis_E-MTAB-6798_200	0	0	Gene_expression	Gene_expression
testis_E-MTAB-6798_211	0.00829966658879627	0	Gene_expression	Gene_expression
testis_E-MTAB-6798_341	0	0	Gene_expression	Gene_expression
testis_E-MTAB-6798_355	0	0.00080935358921873	Gene_expression	Gene_expression
testis_E-MTAB-6798_503	0	0.00092508300400377	Gene_expression	Gene_expression
testis_E-MTAB-6798_517	0.00230102870667126	0.00063687783158149	Gene_expression	Gene_expression
testis_E-MTAB-6798_530	0	0.00151357446527441	Gene_expression	Gene_expression
testis_E-MTAB-6798_538	0	0	Gene_expression	Gene_expression
testis_E-MTAB-6798_634	0	0.00292117180745433	Gene_expression	Gene_expression
testis_E-MTAB-6798_661	0	0.00315508029074081	Gene_expression	Gene_expression
testis_E-MTAB-6798_667	0.00136202678139446	0.00592255559372172	Gene_expression	Gene_expression
testis_E-MTAB-6798_694	0	0	Gene_expression	Gene_expression
testis_E-MTAB-8964_188	0.00038199846060576	0	Gene_expression	Gene_expression
testis_E-MTAB-8964_55	0	0	Gene_expression	Gene_expression
thalamus_E-MTAB-7279_112	0.00554878275627819	0	Gene_expression	Gene_expression
thalamus_E-MTAB-8755_116	0.00053679910967933	0.00152193877858878	Gene_expression	Gene_expression
thalamus_E-MTAB-8755_156	8.37082695486944e-05	0	Gene_expression	Gene_expression
thalamus_E-MTAB-8755_531	0	0	Gene_expression	Gene_expression
thalamus_E-MTAB-8755_628	0	0	Gene_expression	Gene_expression
Thr_percent	0.00650609070958537	0.00333067764728212	aa_composition	aa_composition
threeUTR_GC_content	0.00970289405260031	0.0214778805993978	gene_structure	gene_structure
thymus_E-GEOD-74747_491	0.00065363056323249	0	Gene_expression	Gene_expression
thymus_E-MTAB-599_151	0.00129851842078446	0.00081134302381147	Gene_expression	Gene_expression
tibia_E-MTAB-6872_13	0.00096052419080141	0.00062318829677526	Gene_expression	Gene_expression
tibia_E-MTAB-6872_340	0.00109735258166014	0.00053865559670298	Gene_expression	Gene_expression
tibia_E-MTAB-6872_668	0.00049510381399552	0.00250602304264789	Gene_expression	Gene_expression
Total_aas	0.00259545155237269	0	aa_composition	aa_composition
trachea_E-MTAB-8573_372	0	0	Gene_expression	Gene_expression
transcript_count	0.00552311662357642	0.00098295865241192	gene_structure	gene_structure
transcript_GC_content	0.0027698784561683	0.00136599242553408	gene_structure	gene_structure
transcript_length	0.00161799833041763	0.0104736180954415	gene_structure	gene_structure
Trp_percent	0.00915477870950751	0.0079174224047741	aa_composition	aa_composition
Tyr_percent	0.0275691227071838	0.00623641541507591	aa_composition	aa_composition
upper leg muscle_E-GEOD-70484_187	0	0	Gene_expression	Gene_expression
upper leg muscle_E-GEOD-70484_575	0	0	Gene_expression	Gene_expression
upper leg muscle_E-GEOD-70484_59	0	0.00357864641274373	Gene_expression	Gene_expression
UTR3_length	0.00978214729604882	0.0050628549329254	gene_structure	gene_structure
UTR5_length	0.010191133832921	0.00381394872149247	gene_structure	gene_structure
Val_percent	0.00171649337862741	0	aa_composition	aa_composition
visual cortex_E-MTAB-2801_216	9.29458881463807e-05	0	Gene_expression	Gene_expression
visual cortex_E-MTAB-2801_643	0	0.00057996589147724	Gene_expression	Gene_expression
visual cortex_E-MTAB-2801_686	0	0.00062741578859564	Gene_expression	Gene_expression
vomeronasal organ_E-ERAD-169_85	0	0.00699660881020498	Gene_expression	Gene_expression
vomeronasal organ_E-MTAB-698_444	0.00046812461363824	0	Gene_expression	Gene_expression
vomeronasal organ_E-MTAB-698_83	0	0.00263929340891814	Gene_expression	Gene_expression
white fat_E-GEOD-65775_235	0.00089216433601993	0.00478949863804292	Gene_expression	Gene_expression
white fat_E-GEOD-65775_25	0	0.00297593490293505	Gene_expression	Gene_expression
white fat_E-GEOD-65775_296	0	0.00099060885187215	Gene_expression	Gene_expression
white fat_E-GEOD-65775_300	0.00084642988621071	0	Gene_expression	Gene_expression
white fat_E-GEOD-65775_367	0.00302691901774042	0.00057584286975425	Gene_expression	Gene_expression
white fat_E-GEOD-65775_532	0	0	Gene_expression	Gene_expression
white fat_E-GEOD-65775_570	0.00112369475737309	0	Gene_expression	Gene_expression
white fat_E-GEOD-65775_91	0	0	Gene_expression	Gene_expression
white fat_E-MTAB-4526_462	0	0.00061416664788991	Gene_expression	Gene_expression
white fat_E-MTAB-4526_64	0	0	Gene_expression	Gene_expression
white fat_E-MTAB-7561_356	0	0.00212974816999985	Gene_expression	Gene_expression
white fat_E-MTAB-8366_175	0	0.00119471290720126	Gene_expression	Gene_expression
white fat_E-MTAB-8366_495	0	0	Gene_expression	Gene_expression
white fat_E-MTAB-8840_159	0	0.0008368889266606	Gene_expression	Gene_expression
white fat_E-MTAB-8840_189	0.00065248647798518	0.0017600440767399	Gene_expression	Gene_expression
white fat_E-MTAB-8840_222	0	0.00697543338553589	Gene_expression	Gene_expression
white fat_E-MTAB-8840_226	0.00092414760548256	0	Gene_expression	Gene_expression
white fat_E-MTAB-8840_304	0.00285779702453868	0	Gene_expression	Gene_expression
white fat_E-MTAB-8840_42	0.00041249501529334	0	Gene_expression	Gene_expression
white fat_E-MTAB-9192_410	0	0.00105703524817701	Gene_expression	Gene_expression
white fat_E-MTAB-9192_640	0	0.00359892909588904	Gene_expression	Gene_expression
white fat_E-MTAB-9809_115	0.00113791487078612	0	Gene_expression	Gene_expression
white fat_E-MTAB-9809_123	0	0	Gene_expression	Gene_expression
white fat_E-MTAB-9809_260	0	0.00074262388949621	Gene_expression	Gene_expression
white fat_E-MTAB-9809_413	0	0	Gene_expression	Gene_expression
