Gene_name	param0	param1	prior_mean	post_mean	post_lower_95	post_upper_95
YOL083W	-16.79282897823687	0.4219930942044575	5.5791041057889034e-08	5.564198478362564e-08	2.542156727614065e-08	1.0182441431560325e-07
YBR097W	-17.622809785499342	0.5945479431857329	2.646209889183047e-08	2.6179605594825473e-08	8.29610545379817e-09	5.8107394629356966e-08
YGL191W	-14.991568679595003	6.562756252589628	0.01490028290794071	0.01868229138659004	9.929540354518162e-12	0.03617851672290921
YBR146W	-15.763299148203442	1.0820032537358883	2.55066208426381e-07	2.5126928286460003e-07	2.3924800346927758e-08	8.280274102698823e-07
YBR135W	-15.77408372316202	7.606158678048227	0.02307727979813874	0.02985991956724232	8.874558872817915e-13	0.10389700510328265
YLR385C	-16.47372312073385	1.0527592700843404	1.2348411872964143e-07	1.1778095028153712e-07	1.2297157829021023e-08	3.80263319795926e-07
YOL005C	-14.537460945613203	9.152384680687522	0.0607446636873691	0.07543743001096982	2.839905697594334e-13	0.8217737397289541
YER036C	-13.945821184673333	87.58064429822767	0.43437277700362414	0.7807950669513443	5.1524888299455776e-40	1.0
YLR019W	-17.025657341823518	1.2417796302081265	8.67754905357937e-08	8.513391515553246e-08	5.211933986871669e-09	3.0322041901620345e-07
YBL019W	-17.319676628344297	1.0321787895041317	5.094470190060802e-08	5.106171279828175e-08	5.496107361203954e-09	1.634539916637349e-07
YLR025W	-15.888434895744266	5.510875711803324	0.0036061656600865654	0.005704665521836628	2.580529549891409e-11	0.004891690585888849
YOR162C	-17.73484377413952	0.6823747847708923	2.49729772125115e-08	2.4773343342985696e-08	6.426822305789581e-09	6.00764292899987e-08
YKL201C	-16.765260548324278	0.5454009305816864	6.083970262951248e-08	6.041469698200334e-08	2.1271096623414128e-08	1.2739796497544837e-07
YBR046C	-16.17262914764504	2.013222744193594	7.769738867562322e-07	3.250641104276048e-07	3.2262023391906914e-09	1.4545459011386923e-06
YJR111C	-16.780770400910825	1.5703530874282559	1.752475313223645e-07	1.8989648220522843e-07	3.913162962734094e-09	7.158089517166751e-07
YLL031C	-17.26707559273271	0.5105218578661401	3.625205274820853e-08	3.608318956687679e-08	1.3686362507877177e-08	7.334421148071185e-08
YLR355C	-13.62369915602285	19.064810683663406	0.24169037723257145	0.39374091211681156	3.66156150294484e-17	0.9999999997551092
YEL067C	-16.855165908484906	0.6220862212224719	5.8364012771771386e-08	5.786274408289651e-08	1.716374462786788e-08	1.324800881651268e-07
YKL130C	-16.583339172321942	2.8134024729072142	3.0257290218579523e-06	1.3544961305517194e-06	6.083381971004487e-10	5.365756840824861e-06
YJR151W-A	-16.581326844775305	0.6528378715146371	7.791100068905355e-08	7.787722338631408e-08	2.1499804672491906e-08	1.8416533769924871e-07
YBL015W	-15.24983897929742	8.661946293842206	0.04285966822327183	0.10172270515852667	8.723264595402571e-12	0.9153450235359795
YDL108W	-15.950846799090142	1.6907458595334115	5.622089316305546e-07	4.3342815268388297e-07	7.2848087831290565e-09	1.782901849443537e-06
YBL078C	-14.91306938093585	2.685328418946361	1.1714832063835233e-05	1.6312990635622123e-05	4.276281885002928e-09	4.035853040878391e-05
YDR299W	-16.469712983577466	1.3623667154093695	1.8030458535747583e-07	1.863564271136903e-07	7.51475166451334e-09	6.895347756378725e-07
YOR305W	-16.86985410158448	0.9276733544175565	7.303302325894134e-08	7.223393706248326e-08	1.0236272779719994e-08	2.1560834599427498e-07
YDR314C	-17.89473767636153	0.46206664002941195	1.8978401522446903e-08	1.8821950154509e-08	7.906660885413276e-09	3.6157050411116474e-08
YGR025W	-16.851847400794924	0.5322684159272097	5.5339909269282546e-08	5.533208311006907e-08	2.000247006878392e-08	1.1523585805855221e-07
YLR413W	-14.989204151520225	2.195417569872791	3.363022456393159e-06	6.366817752870785e-07	6.76590856594249e-09	2.788360450868233e-06
YOR311C	-16.52982707350091	8.492657700688412	0.027101418888456682	0.05302568923856927	2.462893198339606e-13	0.46149005041819097
YDR490C	-17.168878543955728	0.05050127209492469	3.498836128681854e-08	3.5009999882487335e-08	3.217641243608869e-08	3.799213803495277e-08
YFR043C	-16.763926584063285	0.6728200192852097	6.532587269376274e-08	6.58291994431287e-08	1.733234122621434e-08	1.5872620838087437e-07
YKL066W	-16.820472776403022	0.642339006782907	6.130549933861991e-08	6.072404142407289e-08	1.718629892269685e-08	1.4192608567670123e-07
YNL035C	-16.275072382378113	1.3837224092524043	2.2637267464520217e-07	2.055927835026303e-07	8.679364601184569e-09	7.772230836142473e-07
YGR247W	-16.850361856305227	0.6388816294857759	5.995993693761038e-08	5.88130045832557e-08	1.6775537771387e-08	1.369686668103537e-07
YNL111C	-15.28335907901892	8.255643111716259	0.03242132010168791	0.04578444243167186	5.145138901830829e-13	0.33200455546738006
YKL050C	-18.421135461155046	0.196783554012151	1.0179873106534871e-08	1.018642146407895e-08	7.226816624996961e-09	1.380737060605132e-08
YKL049C	-15.955394525452702	1.1506149480796057	2.258111197418116e-07	2.2097152166048536e-07	1.7598010978730473e-08	7.541634361692465e-07
YDL235C	-15.215502289291889	4.730271590998381	0.0014342726915696016	7.082433181900603e-06	7.435974754587562e-11	2.403100985302353e-05
YNL242W	-17.59394088423251	0.5644684133081431	2.6826490758588926e-08	2.6680318390688177e-08	9.007744660093176e-09	5.748549849971976e-08
YGR031W	-17.18142577600591	0.6054029599040536	4.1077765462920274e-08	4.1387344551612633e-08	1.2743290929443516e-08	9.32048834632589e-08
YBR025C	-13.929110826321631	23.66568202967211	0.2711175042278822	1.871046398926103e-05	3.9213344872441936e-26	2.696586474908767e-05
YPR185W	-17.970011146994494	0.5685807801475216	1.8405707216094955e-08	1.8457822708667927e-08	6.159277533141992e-09	3.998681787488163e-08
YER074W	-14.40522895081922	45.93341411389513	0.38280309499073184	0.4636278753242282	1.4573809549302575e-37	1.0
YGR189C	-16.339271467303462	0.9879828061504724	1.3067472130762084e-07	1.268222421476045e-07	1.565660796180496e-08	3.926148919927027e-07
YMR114C	-17.078192934649252	0.5973656295535468	4.5697319187894276e-08	4.578975034532763e-08	1.4331037445165004e-08	1.0228039905731074e-07
YDR219C	-17.328012140955963	0.1942563381315491	3.040149695069344e-08	3.038786553648768e-08	2.1665234843300134e-08	4.103755377298021e-08
YOR214C	-16.809972148527578	0.5499867923185369	5.785721391438655e-08	5.821472838937813e-08	2.0240890782083805e-08	1.2360886241202772e-07
YJL173C	-15.144541443566778	5.842937985133834	0.008605775895246711	0.008932585847406097	2.458880806551122e-11	0.008596670209426564
YDR430C	-17.891849947286758	0.9273974612022251	2.6153711013299633e-08	2.592924083990272e-08	3.6854624162566084e-09	7.73273573286277e-08
YLR448W	-13.965562414124362	44.00173839363689	0.3690686844562183	0.48685820443782957	2.7263435504022156e-35	1.0
YNL131W	-14.550105993396555	4.300387434640147	0.0011962928979691546	1.8848035292660504e-06	2.3750494523204537e-10	9.505615624082695e-06
YFR029W	-17.692923112067348	0.5322882475115475	2.392977950691507e-08	2.387457733668826e-08	8.625711456446634e-09	4.9739017752601474e-08
YMR253C	-17.124613091255725	1.0916713530698663	6.700051171753652e-08	6.623727812257966e-08	6.0565799325096615e-09	2.1978862623198335e-07
YCL037C	-16.204787934454345	2.997878003977032	8.15562430140294e-06	4.2819296529025165e-07	5.383751734617471e-10	2.1331674312216582e-06
YBL081W	-16.44107534354478	0.2549456341114247	7.49620191115547e-08	7.47914661382311e-08	4.75991036017665e-08	1.100746691715501e-07
YER122C	-16.57698664446869	0.962455870589675	1.005217401248466e-07	1.0116983116281583e-07	1.2995634928734071e-08	3.1019000709004603e-07
YJL196C	-15.528683593694224	7.133728780720485	0.01836101105315402	1.4660335533940224e-05	7.621292847143243e-13	3.8989938836185824e-05
YGL045W	-17.25960825185139	0.6147968650486438	3.906018697274773e-08	3.855664017441944e-08	1.1604057072520915e-08	8.770621290409185e-08
YJR152W	-17.42214987595142	0.3056959883822544	2.8513585658456768e-08	2.8414810669228224e-08	1.639995468971079e-08	4.481341229878458e-08
YGL008C	-10.982104742296725	0.2922663085125541	1.7781594462269335e-05	1.7758759812837256e-05	1.069165623269181e-05	2.7128473931590216e-05
YOR343C	-16.813175095617026	0.5795615572308309	5.9124183120542704e-08	5.882014008421127e-08	1.9199375539430748e-08	1.287515335248423e-07
YER152C	-17.07672068024911	0.7530695533023614	5.028924341073454e-08	5.090790358268662e-08	1.1109187482053424e-08	1.3217313226859473e-07
YPR062W	-15.696986043513972	6.467973943448262	0.00897245081185168	0.014316078232830601	5.996869897413977e-12	0.01967430309259877
YBR145W	-15.775430313741508	8.284695546414255	0.032403394486547214	4.874429483214965e-07	3.4166258991765806e-14	2.8182692068390836e-06
YNL215W	-16.630306665458903	0.20859925027935233	6.147107896001772e-08	6.120703029802956e-08	4.2485089706833786e-08	8.438839257699088e-08
YDR002W	-15.131122441563276	21.23132585999465	0.24013920173887365	1.1092794398478243e-05	1.2789108327433446e-24	1.3808750425076543e-05
YNR043W	-15.475020717764691	10.728734153300474	0.07557330575385701	0.15335568295152632	1.5412312432224617e-13	0.9959456333703264
YBR042C	-17.1077869231747	1.5137921973965256	1.1541847558316475e-07	1.2010037476194206e-07	3.0887509957801398e-09	4.571407609614191e-07
YKR030W	-16.760916346328287	2.3240357863429697	6.966576687698051e-07	1.2292208416537973e-06	1.179894392289989e-09	3.4113806652541206e-06
YIL097W	-17.42793144635762	0.4413899476861889	2.965482335644832e-08	2.975160905277843e-08	1.3056206107263113e-08	5.577942801493081e-08
YOL143C	-15.131497806033805	2.953106468667967	1.9411401646397264e-05	3.3863069364891817e-06	1.940859838032196e-09	1.4336680629163264e-05
YOR392W	-16.854458812879585	0.770082433541944	6.411730508161275e-08	6.446084241293339e-08	1.3491350117615786e-08	1.699603401541888e-07
YPR070W	-16.903517990482925	0.6127602987350513	5.449878632230451e-08	5.462282617870236e-08	1.6574358550737194e-08	1.2370646155380892e-07
YJL222W	-18.284379213678022	0.5748775475128735	1.3546673563391933e-08	1.3520933206397288e-08	4.4514659253251354e-09	2.9504410163166573e-08
YLR138W	-17.969025521794904	0.3828054827873194	1.6862194733091516e-08	1.690290243862099e-08	8.36903745554604e-09	2.9468714167583797e-08
YBR091C	-16.702829048874975	1.1493510998350545	1.0951049211409476e-07	1.0840816370588519e-07	8.413142163280946e-09	3.7046406969043597e-07
YKL222C	-17.917046459996328	0.3898754441482655	1.7933046559844905e-08	1.7849512532444237e-08	8.71362684732016e-09	3.1384146693120243e-08
YLR426W	-16.997260392782465	1.0423381172922097	7.079162544683105e-08	7.084451958651138e-08	7.448855712198202e-09	2.2790732067527004e-07
YPL268W	-18.117713519612863	0.4520077266559671	1.510634097563524e-08	1.498067610964189e-08	6.432043942697666e-09	2.841505462976641e-08
YER054C	-17.992145948309172	0.315757972650935	1.6186130323935606e-08	1.613465368802174e-08	9.13131052675833e-09	2.580402576904649e-08
YDR003W	-16.708871437433828	0.7786196057362162	7.48975316225037e-08	7.515324104999194e-08	1.5388073732682932e-08	1.9987409418486134e-07
YPL100W	-16.737136136093596	0.8627780667052022	7.846635724215118e-08	7.807178123902584e-08	1.3007288013981901e-08	2.2229118879660114e-07
YJL216C	-16.44804233559333	1.0421877976061205	1.2672182457681338e-07	1.1361478009424685e-07	1.2648191260734112e-08	3.6063175360931577e-07
YNL337W	-16.722828514780105	0.6707969997168661	6.841384726231016e-08	6.842588810093002e-08	1.8119705635246204e-08	1.6465862748172597e-07
YCL076W	-16.866884072915838	0.8664935808889257	7.005018161685064e-08	6.884733344509708e-08	1.1370594301937883e-08	1.9671042909191614e-07
YOR384W	-17.402633242215217	1.5536316850627676	9.233785303926291e-08	7.772825647304834e-08	2.1065997520543697e-09	3.093879118160249e-07
YIR005W	-16.67602828412126	0.9954851398146295	9.451818823531414e-08	9.386252074910156e-08	1.1112903320134419e-08	2.93883089991339e-07
YKR104W	-16.84776449191193	1.227729880025941	1.0308052708595313e-07	1.0305956793506728e-07	6.397640655138563e-09	3.653905334733228e-07
YMR087W	-16.668556597921253	1.0816199613775712	1.0317443181400001e-07	1.0284723766768402e-07	9.71578642559877e-09	3.387564830996855e-07
YCR098C	-15.96624002347451	1.8927742313003477	7.159410053851453e-07	3.85170872512452e-07	4.913520988070046e-09	1.6830691162286583e-06
YDR184C	-16.901729737110855	1.9459582923964849	2.9692404948797315e-07	2.6439758273642694e-07	1.848318128977079e-09	1.06714893106165e-06
YBL080C	-16.972899658191437	0.8972656491745238	6.297397035217759e-08	6.332863456802184e-08	9.70809684546254e-09	1.847784034027767e-07
YNL221C	-17.536590204247844	1.279907959256738	5.528045373435961e-08	4.943780533709314e-08	2.8886576195328307e-09	1.7831141719423587e-07
YCR097W-A	-16.59140190519318	1.2342791242005744	1.3716802771024705e-07	1.3427242607242154e-07	8.178580361021547e-09	4.772946069103573e-07
YOR252W	-15.034751782099901	8.080293916492673	0.0332198369803044	0.04969498987827479	1.1709754206429286e-12	0.40173051542644306
YCR008W	-16.653068468288623	0.7203924408817544	7.521878105456992e-08	7.61796067386921e-08	1.7927397067301502e-08	1.9222669808724234e-07
YHR124W	-18.092852196154837	0.3369647675870096	1.4644436677779117e-08	1.4691868411452224e-08	7.973460215341764e-09	2.4160249400129126e-08
YOR339C	-16.731866949726083	0.6824295617864206	6.859315191823287e-08	6.823632092676191e-08	1.7597106280723682e-08	1.659666938425369e-07
YBR183W	-16.43642917405778	5.552476500586034	0.0027247465620743377	7.716238312217067e-07	4.292182611373536e-12	4.332342804669339e-06
YDR528W	-17.300887926737033	0.415551555612465	3.331429261567799e-08	3.3398229255960945e-08	1.5458289402061428e-08	6.065975455389365e-08
YIL109C	-10.313113037039512	0.2657975937207399	3.4523234351369915e-05	3.438723783673171e-05	2.171292625829166e-05	5.091803563675391e-05
YCR036W	-16.19755395579776	2.3591256866328414	1.9271316113941263e-06	7.175533444765114e-07	1.8633650326932487e-09	3.3089568963212405e-06
YKR089C	-17.337931767041667	0.6299467873052469	3.5941469886708015e-08	3.602522605286131e-08	1.0476073678109133e-08	8.32271890948087e-08
YBL090W	-16.49256967735053	0.7249161506763173	8.995198766474405e-08	8.957793982259749e-08	2.086837401638128e-08	2.2685640616073606e-07
YGL050W	-16.847641998022283	1.293258521970801	1.1159152256428661e-07	1.1040833004474695e-07	5.73271969362395e-09	4.0130033364694165e-07
YLL063C	-17.041606378414855	0.5306782228979139	4.60179557948653e-08	4.5529246602798246e-08	1.6546342758742317e-08	9.450587569337017e-08
YPL119C-A	-16.814913538190723	0.5549371424543056	5.816916192402606e-08	5.802346148264457e-08	1.9977614934609796e-08	1.237842470981602e-07
YPR006C	-17.346281579136104	0.2040462813695952	2.9848181047427405e-08	2.989963131742415e-08	2.0933177664969197e-08	4.096152065196925e-08
YHL001W	-13.86492122794989	40.046782657418966	0.3695828174175618	0.4522416740717081	2.6828091620079038e-33	1.0
YKL097C	-16.809856587927044	0.7144514557267416	6.445370166861663e-08	6.437780362558113e-08	1.5423240283601645e-08	1.6124745677524095e-07
YPL247C	-17.215051644620672	0.3739411370767553	3.595775333240379e-08	3.5805553601599694e-08	1.8049072168010995e-08	6.172787793126778e-08
YOR143C	-16.90836672436197	1.7378017450288157	2.2274833176509054e-07	1.5803491225935426e-07	2.544746023331649e-09	6.585170474869082e-07
YPL201C	-16.530503745868174	2.004561570325183	4.5341796639676545e-07	2.6705477831024495e-07	2.340636274910496e-09	1.1875150987506995e-06
YOL138C	-17.231179357325146	0.5859519381652725	3.935121513195156e-08	3.9010376735145385e-08	1.254288972231411e-08	8.613850537754261e-08
YER010C	-16.543369044048433	2.1070949677658084	5.414945795013764e-07	8.092321403687651e-07	2.0764481705778313e-09	2.596134048098881e-06
YCR060W	-15.385053723709644	3.1498349472636686	4.488146264745057e-05	5.230459981308633e-07	8.05628709318062e-10	2.5741876019074968e-06
YDL115C	-16.55290611282615	0.4798817979611636	7.303877029724592e-08	7.259677742512984e-08	2.9376742414382338e-08	1.4233911247266164e-07
YFR016C	-18.655621993116057	0.13813548662928735	7.979973506258094e-09	7.9801533641752e-09	6.297765118998077e-09	9.918777991336955e-09
YBR297W	-17.120815662107617	0.9785586129639416	6.047145324153474e-08	5.927763563743778e-08	7.335723119116239e-09	1.8348706368358412e-07
YDL224C	-17.53351630243631	0.6495774215480324	3.0065283748977296e-08	2.994098635194372e-08	8.332623080421876e-09	7.054158573359742e-08
YEL044W	-16.47333898362629	1.5924948391264844	2.4271462072257624e-07	2.308470747450428e-07	5.066674257680002e-09	9.146655491949895e-07
YMR105C	-15.431473170182654	3.647638068148055	5.0360106039537095e-05	1.9687974117543715e-06	4.133144525801133e-10	1.0335078201158126e-05
YGR032W	-12.137687339688254	0.2627506624215009	5.544555902329611e-06	5.563888602258064e-06	3.508801021347309e-06	8.22079536167761e-06
YPR184W	-18.23508372171746	0.46265450545054465	1.3359382824584442e-08	1.3402845176935584e-08	5.624498980644383e-09	2.57514774928106e-08
YPR093C	-16.53291608159705	1.1332727259397888	1.260237902575458e-07	1.1470649628984687e-07	1.0036302320057322e-08	3.8490300905946263e-07
YAL038W	-14.097768560147598	3.00356503492227	5.475518970095184e-05	1.1169845284853693e-05	6.021170484503081e-09	4.70407278238958e-05
YGL107C	-16.95700191683973	0.6908497617356769	5.493387317293339e-08	5.489201507761723e-08	1.3871558263750775e-08	1.346511171463799e-07
YFL025C	-18.005935119967745	0.3528629387266875	1.602972644770259e-08	1.609686671922916e-08	8.463429145724508e-09	2.7006667630448612e-08
YPR173C	-14.560086422317182	8.381193820093301	0.04537013618593169	0.09286493058122097	1.0974547288061314e-11	0.8796793924277923
YPL200W	-16.735811398503557	0.49505873696851094	6.07409163530487e-08	6.082780735859957e-08	2.3843604404574125e-08	1.2134523566312021e-07
YHR121W	-13.718160728684962	12.074564656637182	0.13165049536872722	0.18002951216646024	1.6344686756674432e-14	0.999651061400894
YNL336W	-16.90418833889342	1.5097002601119556	1.3722968276148032e-07	1.446072173475226e-07	3.802558638554277e-09	5.512251370915776e-07
YMR195W	-16.782588712311536	0.7550087139348419	6.738341289588635e-08	6.819170664899625e-08	1.4824753410144506e-08	1.7729356841216816e-07
YNL134C	-15.5023132063732	3.3079546389548122	2.149708102723154e-05	1.1072901972453527e-06	6.594389991477507e-10	5.869022756625201e-06
YDL149W	-17.68902844109944	0.051780684117352954	2.0831438867493525e-08	2.0812872748443426e-08	1.908642085876993e-08	2.2631254713603193e-08
YLR264C-A	-16.407353928451613	1.343978529717371	1.806293377379848e-07	1.856778260020062e-07	8.208046346460576e-09	6.860903668766364e-07
YKL012W	-17.512131984208466	0.683741551491175	3.137346119763833e-08	3.1238144188778045e-08	8.038279566005901e-09	7.605737350818687e-08
YLR328W	-15.0109228318408	1.3627664036608769	7.547655853446343e-07	6.897006473976522e-07	3.187806147082187e-08	2.614943089159202e-06
YGR236C	-16.781849383748323	0.9916271226735405	8.582617610784539e-08	8.37080024181202e-08	1.0060715350573295e-08	2.610400365521332e-07
YDL093W	-17.949629740375514	0.5034292656212043	1.826804404605551e-08	1.8168714473404795e-08	6.991584795371346e-09	3.660365847057895e-08
YDR238C	-10.81664601373741	0.5107629645063987	2.289794615591237e-05	2.783418763189856e-05	1.0993662056242919e-05	5.495658642990885e-05
YDR524C	-17.17350363739459	0.9044386327021355	5.1561252277648025e-08	5.245207021850224e-08	7.861620468579972e-09	1.5408917379957905e-07
YKL080W	-14.026394960304243	2.1249280940175233	7.487718205867909e-06	1.6521603211236113e-06	2.037741562917668e-08	7.088346106363264e-06
YOL070C	-16.93507659785317	0.27291608764482395	4.588988409369642e-08	4.584146950862779e-08	2.8185713238260577e-08	6.917847333048491e-08
YOR107W	-17.038175640984974	0.9707550507417263	6.340668034939591e-08	6.37533250861652e-08	8.058111559731724e-09	1.961423882620794e-07
YOR296W	-18.343376931174845	0.244661809043172	1.107725148469814e-08	1.1134194436233857e-08	7.224145152709278e-09	1.615692708092706e-08
YER058W	-16.53851097763325	1.2237055283082976	1.392350777697554e-07	1.3994187383201263e-07	8.774086859684826e-09	4.945166826756289e-07
YOR383C	-16.00998072776636	2.065810791272685	8.301871644746412e-07	1.2506988469019795e-06	3.8123244392172306e-09	4.270082104578695e-06
YDR119W-A	-16.268113364720904	2.481560475605377	1.7887588778511495e-06	5.202583172974886e-07	1.346658864444171e-09	2.4276324785333747e-06
YGR188C	-18.195994292976323	0.4260050298716246	1.3817615854710513e-08	1.3709941421998537e-08	6.212158302560196e-09	2.5230022846655705e-08
YHR163W	-15.92964024250321	2.448696866106016	1.8940494046745354e-06	1.431524379517383e-06	2.1418884178741284e-09	6.0275130174554865e-06
YDL052C	-13.990856393306968	7.367448684637788	0.03076584735440705	2.0935046286362986e-06	1.0991009127663838e-12	1.1226131558993851e-05
YOR193W	-17.183632873021253	0.7578346590895033	4.631943367796916e-08	4.5489325440025495e-08	9.868855364198699e-09	1.1826226348602347e-07
YNL166C	-17.036677914199373	0.6091197852426891	4.801795225843948e-08	4.788433415129628e-08	1.4623913636050951e-08	1.0816899684889943e-07
YER095W	-13.555144100283725	17.206335585778287	0.22016929252837145	0.3706732438401424	8.276538319480231e-16	0.999999994333715
YOL165C	-16.744082367957873	1.7133617504731684	2.306646769640501e-07	2.455599326319989e-07	3.201136393234584e-09	9.281963351455834e-07
YPR089W	-17.10620746443672	0.4616607473006338	4.125186518361326e-08	4.141145234195951e-08	1.7420415383998198e-08	7.949825729930753e-08
YFL008W	-17.473050201232766	0.6954258559605819	3.277534890634953e-08	3.289962663571403e-08	8.217489793638444e-09	8.1067260793436e-08
YOR260W	-15.222929397315239	11.24224390901194	0.0891719307541571	0.2093271484412748	1.9022381872421797e-12	0.9994358802710269
YPL279C	-16.443738451482915	6.089646319826928	0.004511764949600712	0.010575619489662402	8.052680974773758e-12	0.013357820852213957
YDL170W	-17.300807464657538	0.7887768012459067	4.170097984636154e-08	4.1861333545298024e-08	8.372466548224908e-09	1.1216467386184347e-07
YPL091W	-14.86054932356019	2.5044426159268895	6.964251365173152e-06	1.3352673965249345e-06	4.986538680968492e-09	6.324107091885379e-06
YBR137W	-16.562757074331586	1.0861440106530968	1.1619715083391317e-07	1.1393489729157138e-07	1.0701291208969413e-08	3.7607804183248347e-07
YHR195W	-17.047734589236626	1.2108958079920675	8.244071617101454e-08	8.07554855809267e-08	5.364350869472512e-09	2.842837710033335e-07
YCL054W-A	-16.212068515037373	1.0455628765804499	1.5470681998131005e-07	1.5381941320753294e-07	1.61931971219347e-08	4.94892986965101e-07
YDR365C	-16.746766659977567	1.2245184010683476	1.1355946933616788e-07	1.1454864350042223e-07	7.128988080905796e-09	4.0524995290974117e-07
YOR391C	-16.080452835690068	7.94418843611749	0.025606308466307962	0.03492025018537731	4.3015696696875654e-13	0.15908180739104444
YHR189W	-16.84365045461962	0.49461527236312663	5.4649497729718465e-08	5.472756903845766e-08	2.145570974289191e-08	1.0920641811815709e-07
YIL132C	-16.633093218662182	1.0909041575623843	1.0924555227248236e-07	1.0510621700129216e-07	9.862024926669941e-09	3.4715051790283977e-07
YKR062W	-14.6214028811748	0.67890922933692	5.585853124606357e-07	5.66299476556838e-07	1.4653348332670274e-07	1.3765478210430657e-06
YMR223W	-16.159218633002823	0.7934873135878425	1.3053869894278625e-07	1.3067778324063135e-07	2.5952016284328296e-08	3.5087055476446e-07
YGL085W	-16.68194880932495	1.3202206851962905	1.392998649750673e-07	1.3445012296463985e-07	6.47202020829612e-09	4.939675696327899e-07
YDL125C	-15.655274523037205	4.229276123452697	0.0005751699409489808	0.0005820304573313662	1.8401100431444806e-10	0.00038088649130934367
YKR086W	-17.59789845687301	0.662410697109029	2.822527727777374e-08	2.8181006631946848e-08	7.633491973968106e-09	6.7123196646693e-08
YJR115W	-16.851861233961955	0.882899419297255	7.080065507520565e-08	7.103117318675981e-08	1.1235365002225301e-08	2.054402785915104e-07
YJL163C	-17.464820975343883	0.7725065103328272	3.460488284351511e-08	3.499859385082691e-08	7.28970396996268e-09	9.245465275841838e-08
YDL036C	-17.377403945786483	0.6574587716772144	3.533968125390493e-08	3.5186554294215306e-08	9.614895446839918e-09	8.35340277190177e-08
YDR344C	-16.851847400794924	0.4892364689765042	5.377898689591178e-08	5.41316152075731e-08	2.146968183749081e-08	1.0736078130472908e-07
YDR429C	-14.254402944593677	4.506498494805795	0.0017468866752057587	0.0032298741998798334	7.606871600573192e-10	0.0037336130676799886
YNL073W	-17.33497763623855	1.0799594173017102	5.156457508153043e-08	5.161554885387321e-08	4.9772666015016425e-09	1.693468334342359e-07
YNL138W	-14.832364697774393	0.7262824375123901	4.7182628636031986e-07	4.791383263449763e-07	1.1029573006246807e-07	1.2213229508777543e-06
YGL065C	-16.146650046191283	0.8708663875370467	1.412360537780954e-07	1.431153144074593e-07	2.323047523642255e-08	4.1113200676931717e-07
YCL029C	-17.10340628555494	0.5269532366943392	4.280824901318753e-08	4.2821897432237156e-08	1.5677035907848566e-08	8.860153654387931e-08
YKL057C	-17.360659319682966	0.013864785286101834	2.8871845519875682e-08	2.8867080692046272e-08	2.8213466784452514e-08	2.9529547770694128e-08
YDR197W	-17.04856453200844	0.9459461740208567	6.08733578999949e-08	6.066198765460257e-08	8.269704392778223e-09	1.8301308999528283e-07
YGR178C	-15.607318345494788	0.5565940277497006	1.9449458092715764e-07	1.917194134526626e-07	6.617840856355487e-08	4.082706974649614e-07
YDL232W	-15.599911489546868	7.158640016868686	0.018256180670521812	0.01898600052042176	1.447663172180758e-12	0.02889071797026675
YOR155C	-17.025099722458236	0.4284533156483749	4.4457616326984354e-08	4.428084966059019e-08	1.9952922062480176e-08	8.174806332087693e-08
YDL154W	-18.23141463813336	0.36737220166104456	1.2974259772460741e-08	1.291224152233418e-08	6.5953262542603005e-09	2.207403084135131e-08
YPR069C	-15.163084110166166	23.02568531610704	0.2542986752645257	0.40032919754321367	5.413604306869002e-21	0.9999999999988209
YEL031W	-11.533545873980257	0.17131897429424708	9.960301252060142e-06	9.839974703913454e-06	7.3456821424962e-06	1.2807854527598755e-05
YOR304W	-16.189429986007966	0.24203409962516476	9.602778571922628e-08	9.576056444437782e-08	6.24606280973668e-08	1.3843820325313006e-07
YDL024C	-16.71091668713123	1.9954840936619407	4.09911888301625e-07	2.013335099663988e-07	1.9588801757948588e-09	8.920596559019326e-07
YIR027C	-17.036910217525275	1.0915260873213115	7.22024147484798e-08	7.063765675960932e-08	6.5902685777612106e-09	2.3367498197149853e-07
YDL244W	-15.69947698778631	26.24811172556505	0.2720915405027705	0.42902065850353144	3.5429859203893904e-23	0.9999999999999947
YGL226W	-16.841731336805225	0.8962834150426192	7.339014157113935e-08	7.241139723678218e-08	1.1086696717919092e-08	2.1154854264649188e-07
YER005W	-17.725186354823748	0.7295684305590188	2.5980628399143782e-08	2.6165972634972798e-08	6.037350821898803e-09	6.656597636080554e-08
YJR005W	-16.557015695995872	0.472224687231933	7.212353353301222e-08	7.206646757345534e-08	2.9627459923973448e-08	1.400902994332666e-07
YLR433C	-15.970445757128983	1.7310380830656442	5.322481780671791e-07	6.173297242383226e-07	6.872193813966374e-09	2.4332410863099743e-06
YFL024C	-18.01935767597095	0.6866962855822412	1.879936263977128e-08	1.892128963077896e-08	4.827444055396268e-09	4.622399910576037e-08
YGL126W	-16.156658775327017	1.596798074876013	3.430108204743726e-07	2.953092616990472e-07	6.852407970198044e-09	1.1859519416353196e-06
YLR450W	-14.16669478100921	6.7898564876113765	0.02267137116244351	7.025302885601895e-07	2.168798907759582e-12	4.0473149463236665e-06
YML031W	-17.42152223313424	1.4000572072370236	6.979317273776078e-08	6.774911645042348e-08	2.6905292997540804e-09	2.563489344822386e-07
YOR056C	-15.971221893015537	6.666040306222112	0.0106250737811584	0.02689092892271275	1.395369934230876e-11	0.09970811482797988
YML096W	-17.89407289414592	0.13604782338766555	1.706340579012054e-08	1.7088240498137682e-08	1.3536626556794998e-08	2.1173895161647617e-08
YJL026W	-13.686543173834435	12.44442979124078	0.13800210058066723	0.24624504589892718	2.0850117994291331e-13	0.9999576610199425
YJR015W	-17.273397172067035	0.4767993927149347	3.53703505423751e-08	3.523671937798944e-08	1.4364898437144736e-08	6.884776776979179e-08
YNL064C	-13.849127642993336	4.556530537147973	0.0021616671809683895	3.1130689581825036e-06	2.976675012287617e-10	1.5782287988466074e-05
YKR044W	-17.071979746710696	0.696403313031888	4.965085043906648e-08	4.915523128259223e-08	1.2252467592600844e-08	1.2126267383834877e-07
YIL039W	-16.2221036122435	2.3383376864237646	1.4906305874733795e-06	8.873112506581816e-07	1.9245260851565952e-09	3.9601278673385125e-06
YLR258W	-14.545918989993153	16.784584190722683	0.19624699715092336	0.4231669952993664	2.075937154856055e-12	0.9999999940865274
YBR069C	-14.812608297704356	15.10265909392577	0.15937960692592243	9.027265382460807e-07	1.5970685221107467e-19	4.89753091381579e-06
YER002W	-15.867803936177351	2.592158543919545	3.460167132168701e-06	1.0686185615425124e-06	1.7117749851925554e-09	4.901445814011955e-06
YLR097C	-17.065964007103304	1.5105404044890023	1.1718236877717107e-07	1.1546749022314343e-07	3.2145336028749994e-09	4.4955006504530395e-07
YNL238W	-18.300611105435365	0.35982838281496143	1.1983963444865773e-08	1.2026492121531292e-08	6.234971622134015e-09	2.0368382939970752e-08
YKL124W	-17.710239732776955	0.34959034817278495	2.1603285555971287e-08	2.1632028392763695e-08	1.1449686865947101e-08	3.614470188164548e-08
YDL210W	-16.437749007011718	1.222999401458416	1.5126232163484897e-07	1.558752360393602e-07	9.734567595890547e-09	5.516770555454659e-07
YOR323C	-13.756945788810482	11.814757670109724	0.12461858441641475	0.23583424749786472	9.074731875499094e-13	0.9998883251243977
YGR072W	-16.589046941961698	0.5429724067345797	7.251768290134473e-08	7.246505657039012e-08	2.5560508860821375e-08	1.5279952365484933e-07
YPL164C	-17.071893811699923	1.5840842644273128	1.370410400217753e-07	1.193761787003957e-07	2.809301024180787e-09	4.7622076775933596e-07
YBR211C	-16.246850808493747	0.23876891930986532	9.02855528515833e-08	9.040652458164682e-08	5.931631751629311e-08	1.3011480244708386e-07
YDL040C	-13.357889919142691	2.1880851889784956	1.6645111000569234e-05	2.169492768826383e-06	3.253932094560296e-08	8.879506399018727e-06
YJR159W	-16.041581118152664	4.570021863527437	0.00043093564891950057	0.0010721906026849343	8.03478419176795e-11	0.0006682777303035634
YOL042W	-17.10703506590724	0.6431134597201432	4.5314606508272906e-08	4.5711371824460115e-08	1.2900974682104736e-08	1.0702906017352091e-07
YIL034C	-14.732396927189965	1.1793410017152077	8.031639351433294e-07	8.158169816998944e-07	5.777500125606613e-08	2.850851162092317e-06
YKL141W	-15.85591015742939	5.798787006029439	0.004006588805397009	8.148000644529354e-06	6.050856407650387e-12	2.4359569488084e-05
YEL001C	-16.459758345409483	1.5971858234050007	2.48945384567321e-07	2.367622364795201e-07	5.109400134970756e-09	9.414043264231053e-07
YGR210C	-16.287866716877744	12.786524359798173	0.10302670300221883	0.20633114251557744	5.465071984597299e-15	0.9998392189829945
YNL078W	-16.849963389708847	1.2046577843321307	1.0016144303679983e-07	9.774011058125782e-08	6.605006120336603e-09	3.4294585683554346e-07
YAR002W	-16.88796598099796	0.913595257845181	7.025083533349873e-08	6.907035855446812e-08	1.0243265733099791e-08	2.0360929494036027e-07
YLL032C	-17.402480585115683	0.5358256868086843	3.2070451737755013e-08	3.189784082403788e-08	1.1455999910996349e-08	6.666147472595712e-08
YHR008C	-15.26295186197349	2.906995875039873	1.3007858523631172e-05	3.389325005910429e-06	1.8987498554155137e-09	1.4564182770028095e-05
YOR381W	-17.390074948933744	0.9773232297856554	4.54024744811108e-08	4.424122754416252e-08	5.58047207271217e-09	1.3621941290638182e-07
YMR288W	-16.95847716916724	0.02239653831491844	4.31534201438723e-08	4.316515954892514e-08	4.159214293901822e-08	4.4772508223554403e-08
YNL267W	-18.074901760316408	0.3600788537984676	1.499826053256364e-08	1.507962325015727e-08	7.815016993898414e-09	2.555111566127326e-08
YMR168C	-17.666262892650778	0.6667194113746886	2.6911774959676805e-08	2.6581602855331913e-08	7.101266698609001e-09	6.373918350324877e-08
YGL019W	-15.142505083183279	3.5334445423706775	0.0001244428588687854	5.8580151970695215e-06	7.370252947637205e-10	2.4029459466285765e-05
YEL007W	-17.67512970641181	0.2479230259183901	2.1778184973168836e-08	2.173422977161162e-08	1.4017569975720028e-08	3.167614765755206e-08
YNL097C	-16.485984095045552	0.4678535235597815	7.72893359115443e-08	7.729867174432154e-08	3.206224834604536e-08	1.495502816883177e-07
YEL025C	-18.427229388523102	0.200258795419746	1.0122487039062808e-08	1.013209789295345e-08	7.141886381020806e-09	1.3802008857513328e-08
YOL094C	-14.91634386097685	1.2287406052164804	7.197780985241383e-07	7.894355186346976e-07	4.4940935175597495e-08	2.8301667000189815e-06
YDR108W	-17.600921067170205	0.6460063255079578	2.809727148830963e-08	2.7986927841856627e-08	7.843516696288358e-09	6.569364373620911e-08
YJL219W	-16.385077840612922	5.61154004548776	0.0021321745069397347	0.008815639929416948	3.271306369575666e-11	0.013050471189835645
YKR042W	-15.899257941907491	1.9054916306691512	7.205015678536309e-07	5.419329810553927e-07	5.302604783310229e-09	2.3313027552763385e-06
YOR177C	-17.38542443615077	0.5752488244923194	3.327757988656469e-08	3.320765331330473e-08	1.0920666538656599e-08	7.247087312016924e-08
YIL079C	-16.290833993560938	0.7968975560055236	1.1623067863305629e-07	1.1474101006299276e-07	2.259521465741792e-08	3.089249640284755e-07
YLR309C	-17.656906412791415	0.3506716268346685	2.283350254258491e-08	2.280500954393393e-08	1.204868957830881e-08	3.8149718155786654e-08
YJL131C	-17.03692165499595	0.4893292987571746	4.5323574561101914e-08	4.500283132333047e-08	1.7839495374745158e-08	8.930490569359358e-08
YOL084W	-16.634921692639892	1.699943590595538	2.6955058839011536e-07	2.095279519714314e-07	3.5908767021126822e-09	8.669680563867348e-07
YLR028C	-14.336598926843363	14.223560560208035	0.15401220564416743	0.33226554721904933	6.965877218097173e-13	0.9999990019760276
YBR216C	-17.951543444790133	0.2918863415197971	1.6660249440717948e-08	1.667224303922482e-08	9.885931131734377e-09	2.5814359463013746e-08
YNR052C	-15.524923893398592	3.2124204696118848	2.6414476343934367e-05	5.010375351756614e-06	9.41506766831383e-10	2.1901292167363727e-05
YGL014W	-16.84739055368955	0.47420531653953785	5.374341284693522e-08	5.388302270204393e-08	2.207193170406096e-08	1.0496738416090723e-07
YHR074W	-15.376851630434613	2.4506398742068454	4.033591355725693e-06	2.3847735144910448e-06	3.935738106865998e-09	1.2054879779698486e-05
YDL029W	-13.44223909313696	2.2729787346202013	1.6216267454077862e-05	8.427862240632071e-06	3.6342112887231375e-08	3.5785648530062786e-05
YOR072W	-16.838761308136583	0.7841831281859422	6.598977963683958e-08	6.580025366269691e-08	1.3357011779587006e-08	1.7537540488360916e-07
YNL172W	-18.011424840669136	0.02063543840499312	1.5061370567178887e-08	1.5060159408893292e-08	1.455444460606583e-08	1.5576331089661458e-08
YJL129C	-17.941354742601817	0.6481512584958832	1.9864499390136217e-08	1.9898338768406326e-08	5.55494284720438e-09	4.675800256549441e-08
YNL066W	-16.30656953938231	0.49359992548787057	9.335947744700359e-08	9.350886781438683e-08	3.674315938240645e-08	1.8639361086403574e-07
YLR263W	-18.460852669167053	0.3744366298426954	1.031994827360701e-08	1.0303081322311323e-08	5.188674140739385e-09	1.777421752712813e-08
YDR006C	-17.322668574016262	0.5358507684110515	3.464980965910468e-08	3.462601139935764e-08	1.2417934534191176e-08	7.238887880830432e-08
YJL016W	-17.692705919930432	0.2790214691895002	2.15340443590694e-08	2.1530982282241185e-08	1.308647813084371e-08	3.2756251056609504e-08
YEL024W	-14.654453636810286	30.313407730776817	0.3189548565546549	0.4383225729765372	3.546808778076118e-26	1.0
YLR184W	-16.853453200565838	0.6795948786148333	6.018648394912088e-08	5.984902182532548e-08	1.5604406327739142e-08	1.448588576348801e-07
YPL272C	-17.35570443179384	0.3871023438765572	3.126285174473683e-08	3.1276848256371555e-08	1.5345032064430818e-08	5.483512536801397e-08
YML005W	-17.54755810590794	1.492659362807208	6.879143152098637e-08	6.64166834768333e-08	2.03558265847145e-09	2.5843580515683435e-07
YOL047C	-17.086091211903096	0.6571103169467042	4.6865166525003934e-08	4.717012748518859e-08	1.2887417793280242e-08	1.119550727565594e-07
YER068W	-16.932731964560645	1.0648024684713981	7.908471794484041e-08	7.886868670941645e-08	7.69580567302126e-09	2.5783478122194905e-07
YLR239C	-16.952276479315316	1.1999085471437168	9.023588945879277e-08	9.052405538900525e-08	6.044219968241673e-09	3.167891211796022e-07
YMR078C	-16.784566059425927	1.10232859220331	9.666308336794535e-08	9.165423156059616e-08	8.317425426842374e-09	3.049783015624878e-07
YOR269W	-16.679046810496587	1.6104075852354607	2.0141347750419984e-07	1.986373234570052e-07	4.025216950131426e-09	7.884660523834516e-07
YLR089C	-14.583841806227793	19.330139076637007	0.22733610035958365	0.4536868095273035	5.855146300552652e-15	0.9999999999245099
YJR009C	-13.913857350599939	9.299009687226016	0.07421679069468358	0.12320883051793434	3.001180183717964e-12	0.9766540320966429
YGL209W	-17.280481628746912	0.6533294391990618	3.886363577278974e-08	3.867263285258746e-08	1.0665721852923459e-08	9.141384878901288e-08
YML056C	-13.809802855765865	1.5972386472584947	3.6018585514851837e-06	4.1250022614247616e-06	7.968426843003486e-08	1.742672304614371e-05
YER023W	-14.616350626523127	7.809588849413184	0.03376788340538574	0.05938471933099331	6.081355580436628e-12	0.5540637781633068
YOR359W	-17.148203356956202	0.3719787894759585	3.828615502851842e-08	3.824409836126784e-08	1.934773450809632e-08	6.57828450452739e-08
YGL261C	-15.491249657724238	9.486073781852978	0.05507954679362827	0.06580759446322075	5.08564880616943e-14	0.7237304783576249
YPL259C	-16.355149389165675	2.6266961196338525	2.3270263231415924e-06	7.72585598148403e-06	1.1893282000946383e-09	2.3368322785579434e-05
YJL154C	-17.229996558578208	0.032832022529546055	3.291892519399004e-08	3.29107594269731e-08	3.116230524928054e-08	3.471681732102938e-08
YHR186C	-17.623482538526517	0.02871017360335569	2.219692239161513e-08	2.2202527638490443e-08	2.1169385567434935e-08	2.3266405390858752e-08
YPL059W	-15.220626027506297	13.595100627943175	0.1352754656210847	0.17687322823494306	2.088763950081309e-16	0.9998672204345581
YOR045W	-15.849951479082646	9.22897162149596	0.046597833514951816	0.05295674495101374	4.549574106705399e-14	0.48790938113771076
YPL218W	-13.930650087547475	22.746506049803358	0.27887577910264344	0.36406838487992993	2.0524681458825453e-21	0.9999999999973412
YDR399W	-15.645960488437394	15.194002249280127	0.15376568713814984	0.22750987063504316	3.172407729140639e-17	0.9999946777536863
YLR121C	-17.048081050372986	0.33009526695950575	4.1516983446684074e-08	4.1593786999479336e-08	2.2887825996938317e-08	6.77664268032214e-08
YKL053C-A	-16.36168033291395	2.654605166421628	2.595550940065181e-06	3.256062984469377e-06	1.0119158592220527e-09	7.604162014998254e-06
YLR194C	-16.49887635079429	0.41255586599832333	7.427720862738215e-08	7.427240312293423e-08	3.461992517284822e-08	1.3434195905906041e-07
YNL142W	-16.270081728210045	1.1486532173249737	1.6192628378227086e-07	1.6625384692533876e-07	1.2983643000845603e-08	5.693613702044502e-07
YHR139C-A	-16.868550392472372	0.5781003190011726	5.554722724543423e-08	5.5752584886157865e-08	1.822575808818994e-08	1.2197544044135045e-07
YOR093C	-17.751178617626266	0.22045805240627267	1.9998897158769887e-08	2.0012114941889736e-08	1.3596253878927456e-08	2.8060982610749788e-08
YBR289W	-17.484609528321727	0.4656192328871192	2.8348642911975846e-08	2.841280865158502e-08	1.1845927344930728e-08	5.480811656579218e-08
YBR147W	-16.45030144161936	1.2765642424654422	1.660604926600229e-07	1.6657874446039734e-07	8.821103224420812e-09	6.002697491215319e-07
YER035W	-16.818704016471003	0.7129672404190615	6.444769284629864e-08	6.405121395793697e-08	1.53598353382268e-08	1.6053441114271828e-07
YER007W	-17.31865558941425	0.8037651889113879	4.132564864011929e-08	4.1376302501917165e-08	8.003450285994954e-09	1.120626866783723e-07
YNR067C	-18.260478513978143	0.15285705581019793	1.1899197913791349e-08	1.1874028996067309e-08	9.125733577153077e-09	1.5089318991443223e-08
YER006W	-14.51778342441794	3.6864355015967623	0.0003117514882960618	9.367017682823029e-07	6.694688231413604e-10	4.772617279566905e-06
YJL035C	-16.672081424935442	2.657914443515398	2.278271101934343e-06	3.911061334250828e-07	6.662753528231769e-10	1.9035470190055905e-06
YDL089W	-17.206284510372626	0.43317338812300304	3.713014292491789e-08	3.697319465020215e-08	1.6506154627154972e-08	6.859020969847972e-08
YPR034W	-15.827333277419894	1.9328126369567113	1.0025999933212786e-06	9.807631469267455e-07	5.722236200990322e-09	4.053343539281923e-06
YPR189W	-16.9353569714378	0.5183081392691715	5.048918821494154e-08	5.0389723642901777e-08	1.8796141463596207e-08	1.0325377012804063e-07
YGL047W	-16.627234267326642	2.31117199205357	7.65733041025815e-07	3.340402142087586e-07	1.2696763443923792e-09	1.545478954940488e-06
YMR318C	-15.593602968285976	5.345620565898651	0.002475967177896088	3.9025805261323854e-07	1.0005538536351416e-11	2.107053926044608e-06
YHR022C-A	-16.754945330693573	0.7876493205505116	7.248870068619462e-08	7.157692640528579e-08	1.442386647940327e-08	1.9106853746922334e-07
YLR031W	-16.87837075362839	0.7548344525777106	6.192467439326116e-08	6.199717314514062e-08	1.3490845424696587e-08	1.612485929147302e-07
YHR143W	-16.32409954469111	0.4154387881503167	8.919840944695887e-08	8.831003213448574e-08	4.095444500979732e-08	1.6022278807012818e-07
YKL142W	-14.960940575657132	1.737647764058352	1.54146820242504e-06	1.036315002137191e-06	1.7745841727322308e-08	4.329572224672849e-06
YJR154W	-17.03274775810931	0.42338539284046184	4.3879956951465465e-08	4.36957029726186e-08	1.9926124629936367e-08	8.00704628025861e-08
YGR061C	-14.536859802516828	0.0271719353313208	4.861700327181343e-07	4.862777843386688e-07	4.6484717732807694e-07	5.083155392637956e-07
YBL054W	-17.141478936443292	0.8664725722402786	5.148827073660986e-08	5.221493897260523e-08	8.628613042039835e-09	1.4905723808462868e-07
YHR092C	-15.31783693719697	10.822380098438574	0.08563750681292577	0.1932400057245233	2.877101133186535e-12	0.998740070452576
YER047C	-17.89496743820999	0.20687799784017724	1.7234208691772133e-08	1.7282305357023716e-08	1.2037074458200244e-08	2.3766435177161668e-08
YKL138C-A	-16.369175168170116	2.3880237653753578	1.2759435591090562e-06	7.661099754929097e-07	1.4962306353433992e-09	3.0956209482788185e-06
YDL135C	-14.596016468561357	6.893997743804327	0.02242364064739307	0.03080023832021714	1.2872330488020148e-11	0.12654540218339988
YHR175W-A	-16.878046071528644	0.5432218215019338	5.3523663642776026e-08	5.4184019863733605e-08	1.912066895870392e-08	1.1419768430179836e-07
YPR180W	-16.97019800319029	0.7553643876221884	5.693305526209929e-08	5.665533518515023e-08	1.2296461253889716e-08	1.4740706038345748e-07
YKL127W	-15.166562050254269	2.0765110490481757	2.1613136779225446e-06	8.652394625403228e-07	7.907536781354365e-09	3.949541593926705e-06
YHR052W-A	-16.604527072887123	2.3321042999432597	9.041943017144604e-07	9.632086154333204e-07	1.3264550227462718e-09	2.9142129595054488e-06
YPL260W	-16.962615953315236	0.3133097780912114	4.5309455602706884e-08	4.5142929285267564e-08	2.5668547163498324e-08	7.195444950355305e-08
YDL239C	-17.81457705701976	0.28423102075802537	1.90645155599078e-08	1.9087814605613382e-08	1.1480891163882304e-08	2.924720090377505e-08
YNL330C	-15.602876634054338	2.0345606523954456	1.3651654673659327e-06	8.991419201437755e-07	5.8538403313561524e-09	4.081218595791607e-06
YPL233W	-15.73657493507997	1.8594251558312573	8.153383649616621e-07	5.967464139457509e-07	6.754103615790088e-09	2.563174401483534e-06
YMR110C	-16.093151644055254	0.8131322283250894	1.4420819647788237e-07	1.4264397219393102e-07	2.687615273039535e-08	3.900934429107465e-07
YOL008W	-16.756540710012615	1.6021056339315276	1.9095808353067757e-07	2.0195148158320143e-07	3.7957493978248004e-09	7.655431863834163e-07
YPL230W	-17.286512634273805	0.34777904520158437	3.3183113639625e-08	3.300083403145962e-08	1.7533485347558666e-08	5.502151691545238e-08
YPL236C	-17.503759316962515	0.3797538418451664	2.682752833773358e-08	2.688331585237272e-08	1.3386105318517969e-08	4.6692352517205496e-08
YER115C	-16.86969790400397	0.5207129747317046	5.3949621121816796e-08	5.403443684174771e-08	2.0025642085646722e-08	1.110657288821651e-07
YPL190C	-14.86951708440827	1.015949961519843	5.829571099726026e-07	4.7219702624954773e-07	6.160673129308984e-08	1.4268351075749186e-06
YKL081W	-13.879928170799031	2.358331481215859	1.4839648570330777e-05	2.205937547782353e-06	1.6348714068519286e-08	9.841345782623466e-06
YGR225W	-17.859125261072023	0.4744881351803454	1.956210271228279e-08	1.9608009752915353e-08	8.027436001534499e-09	3.821156277045599e-08
YOR274W	-17.16302847508014	1.0777754579469894	6.257114221453914e-08	6.155517137713193e-08	5.942685602752967e-09	2.021469561257586e-07
YER026C	-15.78269982904858	8.52849596914352	0.03363951123519837	0.061480567014981766	5.068265809225882e-13	0.6058465815299825
YKR068C	-15.710730034153313	3.401641009347188	3.9261039329408886e-05	7.1727346382402e-05	6.430579273168588e-10	9.253884482157695e-05
YHR151C	-17.700413235194702	0.24055245018970325	2.1118483499175686e-08	2.1153436652329253e-08	1.3834318429737503e-08	3.051345973093941e-08
YPR187W	-14.437640789438957	5.327516233648727	0.004725614726138852	0.007416565642801285	1.2961571953803782e-10	0.00812599321179437
YDR291W	-17.35447288347605	0.8231403810828402	4.0767120888961994e-08	4.0705533581999456e-08	7.489028532496066e-09	1.1219015353749395e-07
YLR275W	-15.340570303866825	2.8965665778221883	1.641803625121789e-05	1.8831435002596837e-05	1.9612185500224037e-09	3.7500506771571576e-05
YDL194W	-18.244407311235392	0.41574651994574785	1.3019224462473804e-08	1.3004530848012672e-08	6.019295674342643e-09	2.361970936234917e-08
YJL047C-A	-16.868550392472372	0.599753599009507	5.686943551178386e-08	5.645135386653942e-08	1.7587393169083496e-08	1.2638961159865957e-07
YHR078W	-17.964453158107773	0.30234314612510166	1.6456692783288448e-08	1.65199110408718e-08	9.59717637994413e-09	2.5949605158127195e-08
YKL004W	-16.443258374137443	4.0641963464252	6.334140701103539e-05	5.7752650851121835e-06	9.081345066570708e-11	2.3120354263031347e-05
YOR134W	-17.315707653608825	0.47955687370764427	3.3716865541350857e-08	3.381487774886846e-08	1.3696898260994921e-08	6.629470601875852e-08
YHR152W	-16.219811458890746	1.6322497552619324	3.406099185515965e-07	3.039080889803432e-07	6.0983243214168304e-09	1.2242580018759963e-06
YMR312W	-16.249663127317746	1.0586811825942724	1.5284681681498274e-07	1.4285520785509075e-07	1.5081594360900465e-08	4.59616406891611e-07
YBR133C	-18.481207005047693	0.03359359685975098	9.416689524577456e-09	9.417982127732616e-09	8.906653207362114e-09	9.946943727924529e-09
YLR287C	-17.19934538917076	0.39338767699151006	3.670507033050214e-08	3.663243357372487e-08	1.7746391239598805e-08	6.474132157030772e-08
YPL138C	-16.269886272603983	0.7102779957892951	1.1083829953853339e-07	1.1043446341405283e-07	2.6678577259822983e-08	2.7574823499749254e-07
YPR119W	-16.021854010957398	2.306724082498593	1.7588414314064795e-06	7.672844659517111e-07	2.413540390569787e-09	3.5371205632930735e-06
YLR133W	-16.85935210903081	0.6323163218605569	5.8135054238369314e-08	5.811228889233743e-08	1.6823286095604532e-08	1.3456237938138615e-07
YDR041W	-15.389712495825007	1.581117159240421	7.236352678398277e-07	4.933845473201331e-07	1.4652353427453282e-08	1.9740003867928393e-06
YLR059C	-16.092553031013068	1.3907817152004356	2.831058232048613e-07	2.4098690902459466e-07	1.0250719915996874e-08	9.124439563657515e-07
YMR021C	-17.4599585605836	0.31343925396501426	2.7565115021293044e-08	2.7439159595291698e-08	1.5599038273742257e-08	4.372414957349699e-08
YCL054W	-12.696372555111521	0.05389864596295936	3.0645861396680757e-06	3.06681074500006e-06	2.8023934102720357e-06	3.3461017641030853e-06
YLR347C	-11.907007231225363	0.29802094792764994	7.075889600069549e-06	6.887349512999746e-06	4.090747570180149e-06	1.0597054782288484e-05
YLR255C	-16.85315110990703	0.4358607459507258	5.3185725287823376e-08	5.271940524571317e-08	2.3393116308212804e-08	9.813976483570664e-08
YOR341W	-10.260440994731836	0.03957725404070053	3.5005835462364e-05	3.504402926616684e-05	3.2810771582110716e-05	3.736627925120795e-05
YBL035C	-16.41769848432996	0.8110607632994613	1.043201836157165e-07	1.0300976968662262e-07	1.9519250290653104e-08	2.813876430516584e-07
YGR060W	-14.202324172723094	17.670682514502687	0.20937679240127452	0.3383218404698858	3.019291413577714e-17	0.9999999923040402
YIR007W	-17.749863206897118	0.4664968677129295	2.180669893843275e-08	2.1798736314689833e-08	9.072840280866588e-09	4.2099122759620746e-08
YFL048C	-13.936587572397185	2.785882912518427	4.606604571443886e-05	1.2010057342099611e-06	5.854026111071839e-09	5.437209315751856e-06
YIL092W	-17.86615433557816	0.31742835404666203	1.8351822497483957e-08	1.8282823909895083e-08	1.0318488087343333e-08	2.927489034724815e-08
YDR039C	-15.121165856276276	1.8900652152186015	1.7618165269494274e-06	1.8112695479793743e-06	1.2244874246359238e-08	6.8097507898365015e-06
YEL032W	-13.894459425596507	1.0483044842306475	1.602173685066477e-06	1.1875587933882714e-06	1.519976051532429e-07	3.565836887379622e-06
YDL150W	-15.816392917791019	0.9055460312366989	2.0166125463726525e-07	2.0121757401725222e-07	3.035419600620281e-08	5.902370265465309e-07
YOR137C	-18.05157418097295	0.3089464590765025	1.506270734074231e-08	1.5166027788101315e-08	8.697114700385448e-09	2.4032407323576916e-08
YLR006C	-17.53597458487748	0.25041028094489065	2.498814737988428e-08	2.498984251186967e-08	1.6038218301542083e-08	3.655458199414574e-08
YHL011C	-13.526885999404113	9.356477896533908	0.07767347056713822	0.12979428545904767	3.681032413113937e-12	0.9831274651781196
YPL048W	-14.262745104622082	2.7865287846406797	2.9267301583801422e-05	7.726570073618594e-06	6.891484435888921e-09	3.367267638963783e-05
YMR162C	-17.850608785848436	0.009488880235037543	1.768425507014305e-08	1.7684752312845736e-08	1.7410059347485348e-08	1.7961861787581466e-08
YMR042W	-16.83306899046218	0.6931638687643121	6.226345281664337e-08	6.220300187017436e-08	1.564211375410125e-08	1.528286676869677e-07
YJR094C	-16.85491010898184	0.27964263226121067	4.966415192001903e-08	4.9728146288878576e-08	3.0188424315616786e-08	7.571796382511998e-08
YGL122C	-14.874828712906675	9.28663306295546	0.05882207691404265	0.12595213027469368	4.513611132413554e-12	0.9744405034145661
YBR196C-B	-16.769996134237573	0.9642875665690758	8.497282280208895e-08	8.300014373218172e-08	1.0665890871278838e-08	2.5454770376233414e-07
YAL030W	-15.73549564137029	1.8050509286095584	7.284498451701639e-07	8.316063965294084e-07	7.592725418353231e-09	3.1320393024531752e-06
YDR382W	-14.136966745930478	12.293753596635572	0.129392977713057	0.15633025360637845	3.19830218561586e-15	0.9993016836860467
YKR018C	-15.567360260138939	0.9655745801657887	2.74173646622473e-07	2.7321241825159793e-07	3.5321063678959124e-08	8.374277387653924e-07
YKR101W	-17.601416266036907	0.3166904728531036	2.3888920813596584e-08	2.382514067919807e-08	1.3462276792163938e-08	3.81210680032244e-08
YBR254C	-16.550994771526533	1.4030754182415568	1.8352788238678724e-07	1.7831261008532687e-07	6.465672026844079e-09	6.669606836625359e-07
YMR227C	-17.09124492698973	0.907011835810928	5.7259017913623255e-08	5.7159938686726255e-08	8.499596006234843e-09	1.684983129160023e-07
YDR310C	-17.881571232247353	0.6987133069975807	2.2088421343090044e-08	2.175421906945312e-08	5.413965705642797e-09	5.363000517583761e-08
YIL045W	-17.60636176904589	1.1909933671054929	4.52941614987354e-08	4.55601523878004e-08	3.176743070754506e-09	1.589234426520801e-07
YMR221C	-16.895707111071516	2.766103504679654	1.7352330337524168e-06	3.360158344855509e-07	4.4240315109769474e-10	1.6570359843699135e-06
YNL284C	-14.93150593297578	1.2448004894968143	6.971447488112746e-07	6.77451037199822e-07	4.2019408204378533e-08	2.4347043230878105e-06
YJL013C	-16.622840932316834	1.0479979002370594	1.0252836729345971e-07	1.0377448442557952e-07	1.0749170526809275e-08	3.3561312590258304e-07
YGR127W	-16.937362593504787	0.8207378433055768	6.15954352103986e-08	6.179952042961885e-08	1.142516774429087e-08	1.7025562739471064e-07
YNL159C	-16.865813972043526	0.5937998569853141	5.611425061509681e-08	5.6437344140862236e-08	1.7809321314182365e-08	1.2562248355747896e-07
YIL088C	-16.229782347095153	13.36432618044963	0.1158297060459839	0.2442756984487641	1.1244669279274816e-14	0.9999673770746991
YIL166C	-17.66181978945022	0.6480858298424256	2.6494292694913572e-08	2.6359208320888276e-08	7.354908102386492e-09	6.20241711429511e-08
YLR014C	-18.345014313316625	0.28560986251158144	1.1270229780460645e-08	1.1233639288248694e-08	6.739437144646802e-09	1.7246557676333782e-08
YOR032W-A	-16.848658920404688	0.6092851115409591	5.79340616080739e-08	5.791818709913999e-08	1.7661366465879406e-08	1.3096226849162988e-07
YOR337W	-17.23531055842723	0.03358407387078566	3.276096638645841e-08	3.2737401904836186e-08	3.09604516995902e-08	3.457552677710381e-08
YML003W	-16.86985410158448	0.49706271075375513	5.400690601499622e-08	5.336673693602463e-08	2.081681769093816e-08	1.0681113060565641e-07
YDR440W	-17.778689914594707	0.35292202953567153	2.0170211594742366e-08	2.0182725145654496e-08	1.0615736842639438e-08	3.3862101477202684e-08
YGL087C	-15.520179863270824	9.42677456571517	0.05225293472371795	0.0706590793777932	7.342563589224772e-14	0.777924977139114
YNL058C	-16.506196658731625	0.9528387248462079	1.0739383783373124e-07	1.0763155497211402e-07	1.417114684655424e-08	3.281933412686022e-07
YBR070C	-16.70754456192006	2.330238311940871	8.131625950898534e-07	2.558885209140089e-07	1.105756140142094e-09	1.1933082457005666e-06
YDL182W	-13.481843001479502	11.660527467881593	0.12741875086989313	3.0134458601337254e-05	8.538329856742341e-16	6.050139585876323e-05
YGL030W	-14.344494708036292	14.589557340957688	0.1681352984688233	0.19810308012947575	6.668483445296924e-17	0.999982244874781
YLR292C	-14.791812895980184	3.9277312612063224	0.0006335781940611389	6.711649254334328e-06	4.755822265759693e-10	2.5396751491856684e-05
YBR225W	-17.555996167903487	0.7383063258960916	3.150005296944828e-08	3.097734181029037e-08	7.031634285742733e-09	7.922611801088529e-08
YLR278C	-17.908597426540638	0.5629001941311934	1.9503549814088867e-08	1.9559505477458015e-08	6.6108852409975645e-09	4.212406542510079e-08
YPR167C	-16.33146949622531	4.423462960617706	0.00023018205664750808	0.0007263540927522757	7.792834732487152e-11	0.0004843094768964681
YPL071C	-16.809485653903522	0.4914966082562799	5.595283905227111e-08	5.647457553317443e-08	2.229804969052239e-08	1.1224697697303928e-07
YGL147C	-13.947395382471951	37.56826707218765	0.3481629209519147	0.4733967054517683	8.387334481133238e-31	1.0
YHR147C	-15.776257863873253	3.1381519548193175	1.2635954524342173e-05	1.456974013362786e-06	7.148677885127583e-10	6.896012815733893e-06
YGL252C	-15.39593430504574	18.798393524034132	0.21006198799737114	0.4306134779894622	2.9879259381407885e-15	0.9999999996321427
YPR109W	-16.859997349566385	0.6279527881547972	5.768233072117521e-08	5.798068039877006e-08	1.6933664173686746e-08	1.3364988347901842e-07
YOL115W	-16.43996696259383	1.0916878928172455	1.307014348950539e-07	1.3281332383903764e-07	1.2052328921163575e-08	4.4123054203605374e-07
YPL244C	-16.6078073937322	3.2301219462390183	2.1743824405145416e-05	4.892628910288199e-07	2.584536674249042e-10	2.5324146663272793e-06
YJL096W	-15.161204763550996	2.8272893091338913	1.5083910657301542e-05	1.1823565011167112e-06	2.0663459566199177e-09	5.619116629304435e-06
YBR255C-A	-16.300437415739708	2.173355444748262	9.521061029874847e-07	1.0495250383268694e-06	2.3588377608618432e-09	3.406867416774612e-06
YNR020C	-16.108958562728006	1.4835053784071315	3.0273911173369907e-07	3.0670882479879193e-07	8.814229759318334e-09	1.1776034719724308e-06
YHR183W	-13.847225395679926	20.384939568440252	0.24379386178812126	0.45638010614006347	2.4069059126363257e-16	0.9999999999899996
YFR012W-A	-16.173213700902835	1.1112644647794683	1.7560991545075761e-07	1.7372441135766404e-07	1.5157646562613278e-08	5.814905603407166e-07
YNL208W	-14.93711606729701	15.03287955889389	0.1570312189804747	0.23111500005095895	6.902534513535713e-17	0.9999954170286335
YML091C	-15.431424198855167	0.5013859213953753	2.2423569546670184e-07	2.2551512463916555e-07	8.71019708702077e-08	4.5368608757278367e-07
YDL140C	-12.214367462577867	0.06971953595957071	4.964214446251605e-06	4.9968316942124835e-06	4.4421483109598835e-06	5.591114613517929e-06
YLR075W	-13.947154074770152	27.778653709977686	0.31322890334759046	0.42588131654355227	2.8375032913155947e-24	0.9999999999999998
YKL215C	-17.944511632618017	0.03400482203004384	1.6111146203477588e-08	1.6108166099106763e-08	1.5222324249662147e-08	1.7024210859478516e-08
YGL163C	-17.64198628492268	0.6275933833985314	2.6733018607812424e-08	2.6545889139508774e-08	7.759444218997491e-09	6.116947709031099e-08
YDL043C	-15.157271440411206	1.0378822720591097	4.526088065785044e-07	4.6408557547770563e-07	4.779967060042339e-08	1.5023590114504857e-06
YFL059W	-15.497424219117603	8.614816399036785	0.03652158711809883	0.06915322178133987	7.006898817507118e-13	0.7151667303451953
YPL086C	-13.242477793225772	22.8835748785877	0.2815449783419847	0.521952124621368	4.243412840232901e-16	0.9999999999999598
YML082W	-17.920436328008492	0.34512299924935413	1.7636054321388663e-08	1.7505937797314153e-08	9.347551327710519e-09	2.9094366387869502e-08
YGL017W	-16.616873179890902	1.8238888939883178	3.15887196802393e-07	2.335365408705828e-07	2.9529718362123167e-09	9.91689090810985e-07
YFR004W	-13.812537465878632	6.119219611064192	0.015458329366215834	0.027294714343202266	1.7123046230559915e-10	0.1070522353956312
YDR325W	-18.42342841903954	0.41720020605093755	1.0886318726422466e-08	1.087813191247467e-08	5.017291764260878e-09	1.9795395059294645e-08
YGL253W	-14.345736850701725	5.574921098952516	0.008573430850282816	2.373771622594267e-05	5.0774837362432265e-11	7.405105116761406e-05
YOR390W	-16.49980405349268	4.420241697138324	0.0002575819799717711	0.0006991079141322787	6.857152040869983e-11	0.00048193597122098483
YJL186W	-17.32718241976616	1.3321509957685826	7.086053822149248e-08	6.998807616918406e-08	3.314634488369794e-09	2.5864318017645966e-07
YBL018C	-16.67465842775053	3.1202794915525978	2.1032391681856207e-05	1.0507031916164774e-05	3.5197398867961927e-10	1.5532312782547553e-05
YMR281W	-16.755672671854683	1.2160392688600201	1.0840359577350061e-07	1.0366119264755329e-07	7.0679931829700365e-09	3.642656311555913e-07
YBR199W	-16.362860676899075	6.420499474064015	0.007615131183639128	5.5807240856330936e-08	4.123938831966801e-13	3.069926429686234e-07
YML007C-A	-16.44458629204817	0.9307409625389124	1.1052686653783852e-07	1.1134239563362671e-07	1.560581639383669e-08	3.3352407449513077e-07
YDR434W	-17.747547509317158	0.4303121588377039	2.147752921678982e-08	2.1486314666547358e-08	9.652158083919515e-09	3.9733289983873236e-08
YDR453C	-15.391698977176203	7.428793830199124	0.020191851722007152	2.0933847615055366e-06	3.2564195023223356e-13	1.008385008113873e-05
YLL064C	-15.352146746031194	13.023543752320295	0.12121148276795198	0.13448667951586718	1.6205129435212775e-16	0.9987660657784849
YHR193C	-14.37628805673121	5.9308664886063704	0.010526366142919456	0.014996827214539004	6.013303654004464e-11	0.027217871175750672
YPL016W	-17.020248336157948	0.5633254936192762	4.703081861478246e-08	4.7362601964310615e-08	1.6017194717350343e-08	1.0201917451552472e-07
YEL017C-A	-15.028200383204604	34.80829277194759	0.3233971341766438	0.3580419062490141	1.1639386430833946e-31	1.0
YBR067C	-16.111549705987983	2.4387801753231884	1.8370394651982155e-06	3.4942021247399984e-07	1.5771494955625837e-09	1.6520346044999688e-06
YDL240C-A	-15.975664556572864	1.8442966454865373	6.181601134839826e-07	6.567913445680389e-07	5.566407884225718e-09	2.467382159763307e-06
YDL056W	-17.07635273271515	0.5124605801956452	4.42164188113201e-08	4.367634070038296e-08	1.649592875852726e-08	8.889291284377535e-08
YBR169C	-13.746853071738952	6.610371448995858	0.023418350629707235	5.015537158696181e-07	3.5059146995899222e-12	2.804488084755955e-06
YPL076W	-16.520338651339628	2.3110280139672583	9.095289584507908e-07	7.735878474510322e-07	1.499401705370089e-09	3.0502329439936427e-06
YGL022W	-12.38208242433866	1.652359474429596	1.6548368886366198e-05	9.610097792457129e-06	3.092531181590214e-07	3.439974754241502e-05
YGL226C-A	-15.987336322192986	1.5201363713992349	3.4829992169021945e-07	3.223005469780032e-07	9.236812305981022e-09	1.2696512462907534e-06
YAL064C-A	-16.227343122031726	3.0111657277405204	5.326973421674476e-06	1.7210326573284695e-07	4.1622296469394525e-10	8.264834187149779e-07
YDL133C-A	-15.623395621624494	21.278417821257953	0.23599127812723275	0.24208211464181334	1.4016840803934963e-22	0.9999999974506635
YKL162C	-17.094758127256483	0.6534193210513437	4.6184036534696116e-08	4.6559100261793306e-08	1.2840580877952096e-08	1.1008667753417493e-07
YNL152W	-16.819438824685477	0.5327167041423805	5.7187996346616676e-08	5.710912868296148e-08	2.0628518150801674e-08	1.1891656281628331e-07
YBR117C	-16.611474300640822	3.3549878423001305	1.2878941405170364e-05	1.6042092197460108e-06	2.461840546561239e-10	8.71057342353749e-06
YGL175C	-17.061724406485865	0.495485640912714	4.4366067378732684e-08	4.400244892186755e-08	1.722712412041671e-08	8.786528366728318e-08
YPR115W	-17.607585373648547	1.2539154153865015	4.941239119518991e-08	4.6097485451673634e-08	2.832034417238236e-09	1.646937060718361e-07
YLR340W	-13.519255140368115	25.097571133241033	0.29207089436483574	3.2051374065014757e-07	9.767398088411041e-28	1.3448117935055327e-06
YLL061W	-16.803013430407375	1.6267098061293512	1.839308664132825e-07	2.107930552691248e-07	3.49796550045816e-09	7.937943046453804e-07
YPL173W	-15.274364570193212	0.9617923807398752	3.675077432530357e-07	3.6670837916621966e-07	4.764172040335124e-08	1.1207802067955667e-06
YIR021W	-16.51575382996198	1.2843987796684304	1.555614757874223e-07	1.4183447817114323e-07	8.023623643366488e-09	5.13989393024591e-07
YJR066W	-16.989896780426335	0.014938783237182373	4.1819784739918687e-08	4.1824368178617784e-08	4.0804617444673366e-08	4.2859137974798306e-08
YDR452W	-17.06197358251009	0.4004465239350905	4.196515723603296e-08	4.214172879971812e-08	2.0124362407662252e-08	7.514140327009856e-08
YOL010W	-15.048486911583678	1.7015763515874518	1.2503944911384644e-06	7.742597171038915e-07	1.6890239693389374e-08	3.2172441110533977e-06
YGR056W	-17.738516423743206	0.7306736282141684	2.5605749238518854e-08	2.5803684421067883e-08	5.939637090511262e-09	6.565036332511893e-08
YML088W	-17.110262156093796	0.5927147854285696	4.4140093170805944e-08	4.4280898861937185e-08	1.399860003064098e-08	9.848411222108122e-08
YJR053W	-17.707293650914636	1.3350858241411012	4.990279835178635e-08	5.050083230596291e-08	2.2700535087144523e-09	1.8545690477200225e-07
YGR158C	-15.420853327124133	2.081643501345344	1.8920403766309948e-06	5.668183549728136e-07	5.841164153088221e-09	2.5248618712514324e-06
YGL003C	-17.42474033052784	0.608844618908558	3.273481992153486e-08	3.259972153419974e-08	9.944282018890749e-09	7.370371571443335e-08
YIR004W	-16.789104583361407	0.7932898007282847	6.999976223470112e-08	7.01887369099911e-08	1.3863059078299395e-08	1.889785286237141e-07
YFR046C	-16.97118578771986	0.40596712143173674	4.608066172292445e-08	4.615549927170729e-08	2.1809151796286004e-08	8.28170042887731e-08
YML107C	-15.453131545576253	0.6315047961677586	2.3817010627429164e-07	2.33419841567434e-07	6.825476061845603e-08	5.373800278452828e-07
YDL189W	-17.11808138423001	0.27843881982620194	3.818497182754426e-08	3.823044026993079e-08	2.325957580316478e-08	5.8134588919700054e-08
YNL253W	-16.619956406627153	0.8420235445287629	8.591455694684051e-08	8.583269348354092e-08	1.511240356025877e-08	2.399243803620346e-07
YKL014C	-17.600843832545436	0.00948067471385663	2.27008498303101e-08	2.2702320623126547e-08	2.2350006429754177e-08	2.3057755661261094e-08
YOR226C	-16.04822994718525	9.789874328897378	0.053481925577776694	0.0748834566561884	2.7407242801635297e-14	0.8307527513952139
YBL043W	-16.393778906459175	1.0483869329082451	1.3321525483790046e-07	1.2472373840640482e-07	1.3349873900561932e-08	4.0020427328218864e-07
YHR032W-A	-16.813175095617026	0.7288996239240898	6.515150382991672e-08	6.511611776377743e-08	1.504546660340644e-08	1.655220764946338e-07
YHR070W	-16.85782651052503	2.165373891818747	5.08488153758655e-07	3.152246793800709e-07	1.335914896176907e-09	1.3993442743593653e-06
YFL058W	-15.69947698778631	24.87212234017026	0.2677341706601529	0.42981614337341445	6.323763306242011e-22	0.9999999999999574
YFR012W	-16.853812111680583	0.6083006845178565	5.7792378918787994e-08	5.748961714687102e-08	1.7581969586521646e-08	1.2982574275370768e-07
YDR336W	-16.951412807124854	0.941508459575997	6.853883755005662e-08	6.69334256385863e-08	9.194314822278573e-09	2.0144878403686476e-07
YOR067C	-17.07095948607528	2.1229048174355114	3.6060058539145743e-07	3.2841865963602045e-07	1.1777434570029398e-09	1.3287127559485938e-06
YIL049W	-16.801785200973228	1.0240003924892689	8.459489292369095e-08	8.465576440534175e-08	9.350200361825145e-09	2.693719853959643e-07
YNL190W	-16.10442206000951	6.522726201585311	0.007068243722666708	0.013075028364444602	3.623730791124109e-12	0.015464961426837297
YNL167C	-17.837455648471206	0.2753389737328781	1.8676325692266567e-08	1.8611620728535777e-08	1.1391726437327663e-08	2.8183395615603815e-08
YMR292W	-16.57543966278243	1.9765995326029249	4.2432259640360746e-07	5.05255968166932e-07	2.4662921475655794e-09	1.77489264454374e-06
YDR508C	-12.054819235411925	19.774110765292594	0.27186393240571044	4.833556676841873e-07	9.680094423655217e-23	2.7217819846178244e-06
YFL020C	-15.923926647076568	9.578132210564563	0.04939243792211116	0.0665764592852424	3.3723796621996545e-14	0.7333927335531255
YIL133C	-13.450487157250974	55.186189138708485	0.40374481434642706	0.5356141159817908	1.16747195672791e-41	1.0
YDR320C-A	-16.25509233815754	2.120725318583788	7.60616317506717e-07	9.105630313578868e-07	2.6816777909354876e-09	3.0758767932501602e-06
YLR406C	-14.125153208305347	52.28773916382461	0.3915568139814137	0.467793892880528	4.156750530174123e-42	1.0
YLR375W	-16.97241744762212	0.34813594670096065	4.515257384543821e-08	4.52142401403348e-08	2.4002958487429854e-08	7.541170584906691e-08
YDL206W	-18.07186889649236	0.32791837002189195	1.503435880382858e-08	1.494803404728542e-08	8.260277097721935e-09	2.428263653039784e-08
YDL112W	-18.08740326313344	0.3360301896859576	1.4818524347197173e-08	1.4753946240936714e-08	8.020729917355757e-09	2.4215845101040903e-08
YHL014C	-17.199238182417304	0.5919019815557542	4.0313914023719065e-08	4.041671876001276e-08	1.2811841964095605e-08	8.980901048557478e-08
YDR352W	-16.887059935070994	2.1299929305896548	5.118019373877932e-07	4.2886641505736294e-07	1.3991312124956034e-09	1.6214757522510506e-06
YDR196C	-16.612908387928456	1.6793524636790567	2.4771096167120286e-07	2.756123704294707e-07	3.870008605570947e-09	1.0327830344453587e-06
YDR190C	-13.559490966226077	5.053274543550425	0.005605134231380134	2.4683475534841228e-05	2.528164152764513e-10	7.854355921296773e-05
YLR189C	-18.55808843171033	0.010109650427164898	8.717882200443046e-09	8.716595143728363e-09	8.572396918746508e-09	8.862166275388123e-09
YGL136C	-17.21349239648478	0.22762962894454983	3.4129019900199243e-08	3.4319643150089415e-08	2.299624080963652e-08	4.8628804950471944e-08
YDL042C	-16.440149859475426	0.6435913103436238	8.88617699414251e-08	8.938153077886085e-08	2.516517125898168e-08	2.0953487031287974e-07
YPR002W	-16.934433593175328	1.9251105999086935	2.7148438157486946e-07	2.0322976059485893e-07	1.8287098958633113e-09	8.719576532128289e-07
YAL063C	-16.8645163818517	0.9703996198491065	7.507648862013176e-08	7.426690834580034e-08	9.547366381045969e-09	2.2748216632780272e-07
YOR278W	-16.826337719780696	1.0482962728085279	8.447005142250101e-08	8.449602148460671e-08	8.750957074430555e-09	2.730338833169893e-07
YDR249C	-17.313806429877133	0.3639076476825716	3.221775968577715e-08	3.231952499426644e-08	1.662394673120572e-08	5.500874661858927e-08
YER157W	-17.065588935650524	1.1103618691341304	7.158723111807439e-08	6.683485981827364e-08	6.1312796215698e-09	2.2194990996690678e-07
YLL054C	-17.740400078205113	0.6884698335870728	2.50458905338537e-08	2.4951216173564137e-08	6.355087399120925e-09	6.100571103180968e-08
YJL210W	-16.473338689503365	2.9415351330266124	4.559781722834115e-06	7.243803590218442e-07	5.099113477807207e-10	3.4538995336242387e-06
YFR040W	-17.909493850115524	0.46506542775357446	1.8533945838688284e-08	1.8566294949305353e-08	7.752471399551748e-09	3.5776802554036356e-08
YKR087C	-17.09854782770779	1.000949045737397	6.264643516093141e-08	6.161113005087244e-08	7.218092204517075e-09	1.934147301435179e-07
YBL059W	-16.86985410158448	0.7849758715232195	6.385873942509943e-08	6.417457651388171e-08	1.2963714767830544e-08	1.7151470443435428e-07
YNL006W	-15.064959979900577	5.1138594444517675	0.002756351640052053	0.005655042268155775	1.420071295095413e-10	0.0064795083065613485
YDL092W	-16.09519124244362	3.4669013397836905	3.619170774751018e-05	8.225847337269416e-07	2.79551565644973e-10	4.279549520833689e-06
YGL197W	-17.383522895536572	0.5267161711545747	3.234534820637724e-08	3.239945328751584e-08	1.1861685837624747e-08	6.704268093571534e-08
YJL190C	-13.430079771301463	40.15584615306825	0.37602730094638337	0.4509414631497494	2.544504233900715e-33	1.0
YLR172C	-15.531208945111556	2.905099595717763	1.0848966955411661e-05	9.697580474189054e-07	1.3088695768341242e-09	4.946922824302599e-06
YLR363C	-16.320313339871774	1.7921943959214761	4.1445020898975596e-07	4.738251631175641e-07	4.320882804043483e-09	1.737188409708859e-06
YLL048C	-12.022507388851592	0.13891907466861056	6.071809511009983e-06	6.08963252666582e-06	4.800427541966533e-06	7.574951366215947e-06
YCR020C-A	-16.1053168101287	8.016815597960314	0.02531229449702297	6.692878939087812e-07	4.9359134012428386e-14	3.821209773401204e-06
YOR037W	-17.191080607307597	0.7531907270722817	4.53544612304194e-08	4.539132582108795e-08	9.89478636841129e-09	1.1791356913545194e-07
YDL142C	-16.767683342543734	0.82065475511452	7.329834606271884e-08	7.282775050984515e-08	1.3504300456359102e-08	2.001294356860837e-07
YKL093W	-16.887538277290133	1.534763690368628	1.5521541144577776e-07	1.4829177896822214e-07	3.701136399031788e-09	5.742076922551418e-07
YPL146C	-16.09937880912294	1.1210085858145429	1.9020377517480958e-07	1.879043107292375e-07	1.6059171215090544e-08	6.326819124427314e-07
YDL129W	-16.78166688829586	0.4699423216044931	5.7599718101905676e-08	5.7549056461664554e-08	2.3773237910502297e-08	1.1165226384320581e-07
YBR148W	-17.770227578854957	0.7391512111269457	2.5312853228400478e-08	2.4980831949664898e-08	5.661067462101993e-09	6.39608291861425e-08
YOL147C	-15.132027094697333	9.279077610252571	0.05782312907717003	0.08556387781189954	2.7395091836830056e-13	0.8856562154289863
YLR457C	-16.97933938649001	0.41394817748909	4.600430736462652e-08	4.606272888243479e-08	2.139155833175777e-08	8.350081750560492e-08
YIL009W	-14.83266763797401	2.496221616729639	7.59747796054864e-06	7.172505381788363e-06	7.330976055251319e-09	3.352886976367724e-05
YNL067W	-14.032198552996489	18.318953550167933	0.22117012840992745	0.3040650600439007	1.3103013296149836e-18	0.9999999929436367
YDR221W	-17.236817534148216	0.4105984386421166	3.5598076201202204e-08	3.54816799225643e-08	1.6605174869704682e-08	6.402284673057817e-08
YOR019W	-18.310470941382647	0.33055935906706757	1.1778661918347677e-08	1.178875608656467e-08	6.478620044443243e-09	1.9221401853468054e-08
YOL023W	-17.677152805722656	0.47555584925792277	2.363559420297815e-08	2.3535605067957463e-08	9.612646430401655e-09	4.591829137116676e-08
YCL051W	-17.420633752096165	0.43198178523451125	2.9712365483712523e-08	2.983879254199972e-08	1.3347727313948089e-08	5.528687228102376e-08
YLR152C	-17.819928401288763	0.2554506473037605	1.886294541649645e-08	1.884070509356427e-08	1.197870126567292e-08	2.7758570887313198e-08
YNL179C	-16.838412829115242	0.47235650734285134	5.411237538034955e-08	5.4267244868686415e-08	2.2338945925651923e-08	1.0543380936781304e-07
YNL002C	-13.432876260086415	1.6349305774996619	5.719841628582591e-06	4.631728623476736e-06	1.0195505466245863e-07	1.8790704058498166e-05
YGR284C	-14.013187218756867	2.4287698765068866	1.844960701638141e-05	3.0657319136202955e-06	1.3388007641526134e-08	1.3896312627706631e-05
YKL161C	-17.44603836643435	0.3460357471314924	2.8085771940681602e-08	2.8101547051071792e-08	1.49828095193529e-08	4.67485296824466e-08
YLL041C	-14.447305492046508	1.6058067516796275	2.008286278674322e-06	1.3673957684648177e-06	3.673135097537545e-08	5.552213162297459e-06
YBR175W	-15.932894695427605	2.2559104169284123	1.4208187183800962e-06	8.580614431868559e-07	2.890500028400626e-09	3.8221662688095116e-06
YJL050W	-9.924345804910628	0.30540635754532935	5.1739222652478994e-05	3.455821000886837e-05	2.1586833564469053e-05	5.119209739945643e-05
YML010W	-14.538157308191513	2.0230042395873893	3.5436239484498116e-06	3.652477928028239e-06	2.074164270890175e-08	1.7419707128647433e-05
YDR402C	-17.182232446016116	1.6691169155198717	1.32613676590724e-07	1.2455236240760632e-07	2.197637148608684e-09	5.026527636393925e-07
YBL009W	-17.938100116568222	0.37476507160158695	1.7376926597721313e-08	1.7367347741703074e-08	8.741578591718634e-09	2.997733390285126e-08
YIL087C	-16.381082768225298	1.3798415285371102	1.9444777044576018e-07	1.9770643668583128e-07	7.926287509877802e-09	7.390375659345188e-07
YHR215W	-16.263131397740636	10.779911282829982	0.06974551428322914	0.09160658201228819	4.2209152085616794e-15	0.9495810836315878
YKR006C	-15.900232434805003	0.9475218308825589	1.9087403397159905e-07	1.8614323089219792e-07	2.580963639788519e-08	5.586782424847264e-07
YDR370C	-17.05524207920169	0.6214647444766909	4.799286198765244e-08	4.744303764194777e-08	1.407981005419981e-08	1.0856268635134042e-07
YIL101C	-17.360335010010004	0.4167194517122947	3.1510882825655006e-08	3.1488043044787675e-08	1.4538136374125001e-08	5.7268609988304106e-08
YKL156W	-13.823223565844456	81.32095733505732	0.43890208335259207	0.49108265150218905	1.8818953440617317e-62	1.0
YBR201W	-16.72326316570323	1.4912204978255066	1.6308287934049122e-07	1.6066585001634472e-07	4.674982916156756e-09	6.196438718358926e-07
YNR062C	-16.656133199715242	1.357045620868505	1.4266356549632276e-07	1.487815213895861e-07	6.277753883900971e-09	5.513958063383369e-07
YHL041W	-16.82324107191451	0.5899450598435161	5.860845158641465e-08	5.8705398998340636e-08	1.870221678589308e-08	1.3001259024811703e-07
YBR084W	-11.49079482357156	0.8333302595951224	1.4275311232337807e-05	9.904501202961807e-06	2.4090699877432215e-06	2.306011146554678e-05
YOR237W	-17.280567741975375	2.141959725395925	2.9651585667489e-07	2.1173426620084148e-07	9.098645649488576e-10	9.023959684777808e-07
YMR238W	-16.88501675362275	1.0619534745828145	8.338167651150258e-08	8.224607770530959e-08	8.10979514403079e-09	2.682506379228045e-07
YPL067C	-16.465320336305723	0.7662137851649136	9.352173327261241e-08	9.409810220855914e-08	1.9962845351481323e-08	2.4678838038800716e-07
YKR017C	-17.70362644102059	0.14809744769840452	2.0729402152048594e-08	2.0709940594220763e-08	1.605506436222534e-08	2.612825860143162e-08
YDL039C	-16.594290258967504	0.30457772326247257	6.47585041609348e-08	6.478729105577638e-08	3.750763032582281e-08	1.019654380431481e-07
YIL156W	-18.13944623612879	0.02013120634091394	1.3246241469982824e-08	1.3250352973732974e-08	1.2816129159965383e-08	1.3693242920415696e-08
YOR049C	-16.91967480499514	1.140505466667963	8.458797333303175e-08	8.65016999054795e-08	6.872308145474511e-09	2.944639874461609e-07
YOL103W	-16.43779223884556	3.3026101354771145	1.3910374059477233e-05	1.0758864221950065e-06	2.948794393660495e-10	5.683652105410039e-06
YDR487C	-15.500516871711424	2.8791891758354216	8.05043742099666e-06	1.4929950443796857e-06	1.4631918276401551e-09	7.028958738782991e-06
YIL044C	-16.837292967095692	0.49340727475299206	5.476695535900807e-08	5.497297137916101e-08	2.161842301191023e-08	1.0951167322972762e-07
YJR011C	-16.736941654956155	1.032621069053046	9.224386350089036e-08	9.127582696090257e-08	9.83597729830031e-09	2.924633765976241e-07
YBR243C	-17.039595017988887	3.2245693564169953	2.6403285292966563e-05	2.4213653827387793e-05	2.35699598489437e-10	4.509243902800622e-05
YPL029W	-18.06870723602404	0.5953306218233282	1.6930812174889362e-08	1.6961519841670778e-08	5.335103233395733e-09	3.7786468077682816e-08
YIL124W	-14.080951126067886	1.3898402383231716	2.114329426381564e-06	1.196116998113332e-06	7.037051264471756e-08	4.269332599607542e-06
YDR389W	-17.44975339187002	0.9170507030693936	3.9657481450764074e-08	4.035473808782007e-08	5.841552445610523e-09	1.1987271323794216e-07
YDL077C	-16.584438287952437	0.8293612666902105	8.800700121207428e-08	8.775004762231897e-08	1.5989039769332346e-08	2.4285881315655543e-07
YML104C	-16.97495326924509	0.30039483727533084	4.429833382939087e-08	4.441237395730567e-08	2.5898205991485434e-08	6.957820281592427e-08
YOR073W	-17.74543941477239	0.32223600551267295	2.068702154955264e-08	2.069036576222247e-08	1.1556453123061053e-08	3.336066622911e-08
YEL014C	-16.809856587927044	0.5835371450241653	5.897770101965524e-08	5.930538208711056e-08	1.9155264589456058e-08	1.305086487901084e-07
YBL068W	-15.758759123586769	3.056353033999434	1.936413194786752e-05	3.511768751766985e-05	1.136155262334557e-09	7.277494621676254e-05
YGR119C	-16.600030369191884	0.22561845468133038	6.343008112577676e-08	6.333250165186022e-08	4.259513529641331e-08	8.944712555139945e-08
YJL006C	-15.685665766367675	0.48071052256623664	1.733985323961825e-07	1.7312828048242219e-07	6.988480600411064e-08	3.400595287922788e-07
YKL217W	-15.9494250439391	1.94060985402661	8.19399269997641e-07	6.043519129871738e-07	4.877885189312278e-09	2.7164249775941252e-06
YKL146W	-17.76406377359781	1.505989105683085	6.10787412009286e-08	6.064907229930117e-08	1.6191534498508566e-09	2.318613900835476e-07
YKL116C	-16.363231113319856	1.8912341731841942	4.518050244802971e-07	3.911205137452943e-07	3.4658887601591878e-09	1.6433104428458869e-06
YPR170W-B	-16.167356887505576	3.7493428476367745	8.443463226383093e-05	9.529818574925644e-05	2.119019873489858e-10	6.868904298148733e-05
YKL096W	-16.22381463045238	1.182296129482579	1.797032654004943e-07	1.8475174851062817e-07	1.2915133486634558e-08	6.423261614893511e-07
YDR294C	-16.72146039534053	0.589527933571902	6.517839996147927e-08	6.49087207824958e-08	2.0700673220229433e-08	1.437081435794614e-07
YIL035C	-14.654733924087123	7.425699384778134	0.026246278294774907	0.05509145296542234	1.7748944199064563e-11	0.47233083242967283
YDL226C	-16.1016432657714	2.180916874638496	1.219588327531818e-06	4.923399801501675e-07	2.6878030025830426e-09	2.28594809910599e-06
YIR040C	-16.851797313102708	0.6556632776839585	5.9591114161832776e-08	5.955448205657112e-08	1.6328722833561667e-08	1.41176544536948e-07
YOR291W	-18.302219630066958	0.4951043509517942	1.2760267001064342e-08	1.2731556760110612e-08	4.985915923978359e-09	2.5418449301551466e-08
YPR148C	-16.466457869880088	0.8490225868153367	1.010895575682264e-07	1.0132697665871969e-07	1.7464948641579803e-08	2.8526531977797983e-07
YIL164C	-16.222049493714422	3.0421446267305923	9.740428234281054e-06	1.5607932656478308e-05	6.568832669533994e-10	2.801411810565428e-05
YNR040W	-16.64548259807016	2.1508247438342725	6.255830414902583e-07	8.386376283555494e-07	1.7513779497766612e-09	2.6008946738341195e-06
YLR009W	-15.566110853011905	20.67402491538337	0.22911804893581558	0.3138460096799448	7.554552964839388e-21	0.9999999995774411
YPR079W	-17.0437762909216	0.7234043549081399	5.137451052274582e-08	5.137804026799845e-08	1.2041481624925921e-08	1.2979953326390326e-07
YHL016C	-17.04555848560338	0.9637445808355224	6.280861944607259e-08	6.277700186670677e-08	8.091705936251246e-09	1.9217498586002094e-07
YKL197C	-18.278363320126303	0.4552752495299476	1.282217963081028e-08	1.2781469481590954e-08	5.448075224788493e-09	2.4345744917943074e-08
YGL114W	-17.570065702101402	0.322863868990326	2.4580542878031865e-08	2.4667710843825994e-08	1.376460606249192e-08	3.9817228547485706e-08
YLR427W	-16.902262398530368	0.9716208867894163	7.473082695180931e-08	7.26389256977674e-08	9.203759746283825e-09	2.236218787490662e-07
YGL154C	-16.78442953008269	1.4212526214340104	1.3646758278786721e-07	1.38816641198439e-07	4.946360074268385e-09	5.260386691251139e-07
YGL150C	-15.108329443982056	0.6382134328974197	3.354647310851331e-07	3.333786640358933e-07	9.558268085331312e-08	7.739427390317155e-07
YGR146C	-16.537531774630025	1.3381144831294047	1.6872376196811046e-07	1.574102824030788e-07	7.244922245486288e-09	5.826656489828329e-07
YHR191C	-16.675405880327872	0.749044666667999	7.56604624159926e-08	7.591066714800504e-08	1.670499968562866e-08	1.9660767276893856e-07
YBR065C	-15.98019406502972	0.7223166232752134	1.513176489815708e-07	1.4856248978909492e-07	3.494343860078341e-08	3.7489024712202885e-07
YHR115C	-14.861168802374577	9.171770683163718	0.05493644666933641	0.11368304528937793	2.5997888532163298e-12	0.9599212425046365
YPR112C	-15.077741574067842	0.44504506117833725	3.137150961683542e-07	3.1032127103057767e-07	1.3543012156703573e-07	5.830944276056281e-07
YGL242C	-16.14354954056833	1.1026700226782327	1.75884476960002e-07	1.8113391784437144e-07	1.592082005900126e-08	6.054184482386103e-07
YPL111W	-15.14450391052449	3.9446597432856687	0.00020779308732521824	8.038837887474513e-06	3.731374816242234e-10	3.147598509060237e-05
YJL176C	-18.279933501290344	0.3151091424967009	1.2014571804691986e-08	1.209564086703485e-08	6.85161747296226e-09	1.9320591479539455e-08
YBR272C	-15.756980404309415	3.7742230709097626	9.185894523114502e-05	6.930162413673833e-07	1.9977200599633836e-10	3.6094132982980877e-06
YCR096C	-16.58900776263252	0.6974831362654957	7.972459682121003e-08	7.970382823407138e-08	1.9824589447122705e-08	1.966829170055866e-07
YGL095C	-17.004031014287833	0.6740265246402144	5.224669506569593e-08	5.157286987760438e-08	1.3576332315534197e-08	1.2428678153230897e-07
YMR172W	-17.85891367322691	0.5391444056876777	2.0409886294555124e-08	2.0260863881591277e-08	7.21827520697269e-09	4.249983070002776e-08
YDL164C	-15.511776581444066	1.5376406566523035	5.916077081036603e-07	5.036925344568909e-07	1.4401928569089519e-08	2.024153814353607e-06
YDR047W	-16.05796302077286	3.736626729289002	0.00010990788789194741	5.86653303319468e-07	1.6362606795369113e-10	3.0950796149456993e-06
YNL022C	-15.654140846055453	9.145149742621724	0.04361714580629963	0.10830132024065876	2.031814003534862e-12	0.9449484154960677
YOR112W	-17.486585176077625	0.9226278849923866	3.813575820447986e-08	3.8300934444345145e-08	5.546045393515816e-09	1.1354796852327714e-07
YNL211C	-16.684355744881742	0.8052898408466675	7.797479970933398e-08	7.857725683855995e-08	1.509308783019485e-08	2.1348852328543565e-07
YPR159C-A	-16.590154898957536	1.2631509128640508	1.3530445730228067e-07	1.2734962215933353e-07	7.69925691668142e-09	4.567039697727187e-07
YJL133W	-16.712781825853	7.267648208219148	0.013148567538278	0.02676530416675672	1.2306737980601952e-12	0.08702820424012987
YEL023C	-17.746012356736884	0.567632179160923	2.2990677033284666e-08	2.303752369982148e-08	7.710710901284434e-09	4.985763317130211e-08
YGR293C	-16.851797313102708	0.5882382096693325	5.754044011263063e-08	5.7112380075069484e-08	1.8244023286457045e-08	1.2635550064254517e-07
YCL044C	-15.293857110949103	1.1149771252347156	4.1728193465748933e-07	4.5495334368773547e-07	3.695067954646663e-08	1.5410558360810626e-06
YKL155C	-17.34650629716016	0.9507267549147763	4.548792580411936e-08	4.535996973443619e-08	6.099969866253474e-09	1.3733392663634044e-07
YDR104C	-17.974151190974936	0.3662869491053685	1.6797519590293054e-08	1.670484209027412e-08	8.550583214968716e-09	2.8516173250351894e-08
YPL080C	-16.826559579604492	0.5347579103264494	5.691907337569186e-08	5.672227437816912e-08	2.0413424783192655e-08	1.1836781124197183e-07
YHR036W	-16.851522754551098	0.3508221498112936	5.1598738657075195e-08	5.108886957869699e-08	2.6968056538141705e-08	8.552707375086662e-08
YER004W	-16.17360752532184	2.7849468793095378	1.7442661255250826e-05	6.639969495917984e-07	8.824404213053088e-10	3.3433998338940773e-06
YCL061C	-17.95090698675702	0.7526415360428991	2.149476064571861e-08	2.0967102266778484e-08	4.610187394615136e-09	5.424802275219697e-08
YJL117W	-14.068305363595938	10.5350599336982	0.09612099548321251	8.523059077344699e-07	1.8441237300323435e-15	5.1308514023237995e-06
YOR008C-A	-16.849962629516796	0.5479764277183496	5.567840025402591e-08	5.575368363729192e-08	1.9494799145484006e-08	1.1806052987420157e-07
YLR369W	-16.989087377799663	0.4439804487321478	4.615867114480413e-08	4.619571236123266e-08	2.016294197189103e-08	8.687848755093825e-08
YHR174W	-13.81413307842122	13.80513198889611	0.15953744179054172	0.2933097464776033	6.976900308055541e-14	0.9999969316612267
YDR328C	-15.905575164790916	5.841174244190367	0.00514101660672195	8.132819192930922e-06	5.352808993729303e-12	2.408319051009221e-05
YGR224W	-17.908251457360876	0.33182478214381916	1.7657160586909134e-08	1.7594502182030735e-08	9.650893418284752e-09	2.8706900439737537e-08
YIL062C	-14.853702321133097	2.523425542785032	9.160161746163474e-06	1.223214783615106e-05	5.99724385580382e-09	3.533808957535387e-05
YPL056C	-16.555968945519254	0.6632307582790595	8.049747155182026e-08	8.007442868294612e-08	2.1632206996092867e-08	1.9093252602958065e-07
YDR414C	-16.87137030023696	1.0432258890517827	8.126485018829655e-08	8.038809437768158e-08	8.435823349302992e-09	2.588579688933233e-07
YLR130C	-16.961036837522244	0.33770488630179796	4.541138446203035e-08	4.5491295133848965e-08	2.465784932792717e-08	7.485702384339011e-08
YNR073C	-15.986250216454918	12.36811541864064	0.10154225099569965	0.20039228108673648	1.4301755245813137e-14	0.9997356281280761
YLR274W	-12.70915181795972	1.6950404015721476	1.2659765431042813e-05	1.4617203713307874e-05	2.697302764690146e-07	5.461816393069703e-05
YLR146C	-16.49802126953071	1.0446153246911263	1.1883672154688582e-07	1.1774123948624616e-07	1.224622690670442e-08	3.80032283464789e-07
YGR084C	-16.18461107505682	4.130031686692217	0.00022010685148872767	5.688929909380047e-06	9.94629143307008e-11	2.2115568894720094e-05
YCR102W-A	-16.793778528132663	0.9110870182688096	7.667287946718171e-08	7.648857534443515e-08	1.133466500192456e-08	2.2542503992433768e-07
YIL160C	-16.413756800576067	1.3603759725292914	1.8987980804812724e-07	1.7281772803792098e-07	7.852679064666746e-09	6.475957838228025e-07
YER172C	-17.66735776933747	0.015769472550280987	2.1248097410226795e-08	2.1243066143862135e-08	2.0696044411113254e-08	2.1798104895219452e-08
YJR077C	-14.390919226753978	3.549532822243785	0.00024921009741238657	0.00043436316859238495	2.6395172953788136e-09	0.0006398596550573096
YLR012C	-16.047853114105948	0.8236317461480002	1.5038747142262439e-07	1.487962063553543e-07	2.7530540288179097e-08	4.0929738030410914e-07
YNL210W	-16.795155827182683	1.0045145782378655	8.373787764643545e-08	8.31080127948015e-08	9.70367242686114e-09	2.6097555019467486e-07
YKR028W	-17.985362610292924	0.29612242518054577	1.6204009371868855e-08	1.61489981528135e-08	9.495256338735289e-09	2.515392825835771e-08
YKL135C	-16.32761714963381	0.6195704103626556	9.817484731803246e-08	9.823895540674159e-08	2.9238487842720322e-08	2.24489375102058e-07
YOL012C	-14.018659900183776	12.417852097055203	0.13140932304799358	0.16577434748964556	3.545053129786994e-15	0.9995649405863968
YOR288C	-15.598211916928632	1.4428292591698106	4.807555601989694e-07	3.81498423408679e-07	1.520519504999431e-08	1.4699386164765052e-06
YKL095W	-16.123527530705545	1.1753679027131092	2.0067399682425332e-07	1.9362660888483476e-07	1.4305691878592872e-08	6.697103012276213e-07
YGR141W	-17.160175882651657	1.4036852742419532	9.351152789132185e-08	9.149093949235978e-08	3.4888957020287792e-09	3.4555388604601515e-07
YDR330W	-16.583918039331166	0.5778009046449458	7.37516582005776e-08	7.427041095877422e-08	2.4261380328476882e-08	1.6250912973372343e-07
YIL002W-A	-16.387898670299165	2.489193597482993	2.5641929585186938e-06	1.9376341580412695e-06	1.2823550738726709e-09	5.164121795400089e-06
YBR119W	-15.699578156935969	1.1227256764953384	2.871328933291257e-07	2.693275099957531e-07	2.3671410077406095e-08	9.031197764881455e-07
YDR164C	-16.377087055830273	1.02242786420498	1.3035098248304316e-07	1.2868918746887036e-07	1.4311295686961534e-08	4.088349279339512e-07
YDR517W	-15.914222178930869	4.220302373345313	0.00041306438791254116	7.1287048460941494e-06	1.1298773292759866e-10	2.7585613915204654e-05
YOL121C	-13.660501214829493	44.67142616917499	0.3833810035008569	0.46711866835967025	2.4505562506706896e-36	1.0
YMR061W	-16.87644418572816	0.48693998989202286	5.291063418129073e-08	5.276447890859853e-08	2.102732189914447e-08	1.0435729521862357e-07
YPR001W	-16.99048076746911	0.36290882315171835	4.434983538086e-08	4.4636748477078374e-08	2.3007331291365088e-08	7.588176543500756e-08
YDR322C-A	-16.301951290101698	3.192997633970116	1.4555604543784484e-05	1.6779955677068646e-05	4.514511762584873e-10	2.2611227942362137e-05
YLR421C	-15.18967017229552	3.140423717523968	2.6600726193815394e-05	3.610884042037861e-06	1.3195053028770027e-09	1.4973349945740184e-05
YFR039C	-17.427847557228944	0.3795579575643065	2.910386419158792e-08	2.8985084662954164e-08	1.4446490993742829e-08	5.032806566424256e-08
YFL034C-A	-14.405999336778406	25.74784932274594	0.2901834519391329	0.3532286125661143	2.875386201696828e-24	0.9999999999999385
YGR218W	-12.042708506990676	0.5646489685792428	6.869830944502044e-06	6.684593463463616e-06	2.385171341840437e-06	1.3628546319970617e-05
YGR194C	-17.74683299105598	0.29287289314405945	2.0467875466829684e-08	2.0465333469211213e-08	1.211202401079766e-08	3.1729950271928914e-08
YNL039W	-17.677444486552105	0.6633255598268933	2.6014335353102583e-08	2.6225159385665654e-08	7.061619017662769e-09	6.267920351579215e-08
YPL204W	-15.92657348415487	2.7106744350297896	3.708328060085097e-06	5.166669056385644e-07	1.1939189948844994e-09	2.544333038578048e-06
YML100W	-13.535034928828464	0.177911544163304	1.344961317707636e-06	1.3452265783234233e-06	9.881716655661195e-07	1.773813997141522e-06
YOR318C	-16.839087848690525	0.7177310498391352	6.237796045504277e-08	6.201326109897347e-08	1.4829893448643107e-08	1.5529021032338908e-07
YGR087C	-16.628013443064248	1.459547364053715	1.7504639830515252e-07	1.7843004250685582e-07	5.455827497448286e-09	6.782462372055058e-07
YGR122W	-17.242666860977607	0.7173125841820905	4.2414368038494574e-08	4.1930873398419446e-08	9.9691708622168e-09	1.0533114608898223e-07
YMR251W	-17.26865555728071	1.1240827211237108	5.821483438252719e-08	5.7361096978039315e-08	4.935927242319565e-09	1.9292777052703126e-07
YPL017C	-17.150307819327992	0.7322585284612205	4.657317354836632e-08	4.622440643106434e-08	1.0643012068311752e-08	1.1756032478122256e-07
YPR085C	-17.153625887259096	1.167950992717873	7.09179114717567e-08	6.921918214882705e-08	5.179270472537254e-09	2.384256332809893e-07
YHR139C	-16.330506666833372	1.4223353275969632	2.179437763095149e-07	2.2744030221162307e-07	7.809523968683684e-09	8.585192206605692e-07
YBR196C	-14.583456686473438	2.377467787371485	6.737724221726423e-06	2.735456563171034e-05	1.3539178528024782e-08	0.0001009957315236648
YJL136W-A	-16.82324107191451	1.0052548637399414	8.263247938832875e-08	8.193248594015627e-08	9.45379449563948e-09	2.581738170541836e-07
YIL006W	-17.14643038299326	0.9681995759725355	5.703636869993972e-08	5.7431463945471006e-08	7.273092058981861e-09	1.7664410956321328e-07
YJL212C	-16.072794575033896	0.8409879177856664	1.4974084616909463e-07	1.5026616254230028e-07	2.6305220021305198e-08	4.212751208769169e-07
YIL022W	-14.910242550199838	7.709483237530352	0.029774842511034936	2.3699007261319602e-05	5.275297478871729e-13	6.0270032542688234e-05
YML048W	-13.953564785312848	3.7522795069832138	0.0006161712627194372	4.293897091943403e-06	1.3140383538197942e-09	2.0617983050367474e-05
YER155C	-16.871409965512797	0.6945178236684085	6.049193700687573e-08	5.892976761274126e-08	1.4903846244893758e-08	1.443276549128516e-07
YNL269W	-16.851797313102708	0.6350756874891957	5.914398628504424e-08	5.868017344991537e-08	1.6874022780352657e-08	1.3619843465741258e-07
YNR012W	-15.689757012406316	1.7516769372580394	7.602548057574989e-07	5.888717193374469e-07	8.530547586245138e-09	2.4751246520451188e-06
YNL277W-A	-16.826559579604492	0.5363578869655935	5.690628988778785e-08	5.6836997719263556e-08	2.0359717108026123e-08	1.1888273195250497e-07
YOR126C	-16.7440351119956	1.26850511194098	1.2112126197715085e-07	1.17479715813437e-07	6.6096137853437685e-09	4.2395939511901794e-07
YFL014W	-15.373847208677743	2.148416891836736	1.861464079773785e-06	1.314714375815408e-06	5.997150477321778e-09	5.553640645501641e-06
YPR061C	-16.815268242172152	0.9300261865283957	7.676557910069596e-08	7.654850152906644e-08	1.0768759846801027e-08	2.2892463653856456e-07
YBR088C	-14.178164429927348	6.071023015101172	0.012857472598480753	0.02114259153952739	8.793154645532577e-11	0.05932875053859863
YIL148W	-14.102597865822828	32.75831247766925	0.33640693753263	0.4065465648102002	8.507052437500263e-29	1.0
YNL116W	-16.67366789222504	0.8270947130237319	8.070852771156984e-08	7.986570146671001e-08	1.4659462630110561e-08	2.2013860177246746e-07
YDR380W	-16.89219343753321	0.9025431628112369	6.920683956996613e-08	6.93779735515133e-08	1.0448108211469763e-08	2.035117321857586e-07
YHR039C-A	-14.618056955522844	26.93779870213502	0.29838943137653257	0.3561096315867882	2.9796946557006247e-25	0.9999999999999887
YNL259C	-16.244703953875415	6.607433509185399	0.008695243196469946	0.010717378516807504	2.0291900903351177e-12	0.008124035344629502
YDL132W	-16.216700459038478	2.1339105278536117	7.579175729916705e-07	5.802629134964885e-07	2.7084007140721005e-09	2.7175949850584054e-06
YER159C	-16.198046603015612	1.817885154891194	4.919896547615701e-07	3.787649290837092e-07	4.573680104002968e-09	1.5878383272427519e-06
YHL012W	-17.32402701293975	0.5999640016619632	3.568861542733482e-08	3.5793688868082235e-08	1.114910574635646e-08	8.010018074540932e-08
YGL139W	-18.039758165520453	0.3700909060723285	1.560429703552595e-08	1.5676266590784768e-08	7.962326750764076e-09	2.6904513091919647e-08
YFR014C	-15.546802501624553	0.6301134381528103	2.1358738431138991e-07	2.149295867672401e-07	6.260994875183652e-08	4.95674319842686e-07
YNL117W	-14.840242636587574	16.370983399826386	0.1892449774087385	0.3737493546188684	1.8783338005264033e-14	0.9999999709683338
YMR119W	-17.870910250386444	0.500644404653404	1.958624789517451e-08	1.9624925980036835e-08	7.598966086603214e-09	3.942087884315575e-08
YJL045W	-16.35932375763585	7.918923173687684	0.020675146762273732	0.06816193247057864	1.0764711247544161e-11	0.6416495538633937
YDR185C	-16.711635813459708	1.5637751832573992	1.854964299791824e-07	1.782978029022799e-07	4.19658366568818e-09	6.985116900915017e-07
YDR342C	-12.974633218961754	8.267183131636454	0.06713538082961866	0.08908041959520803	1.1544288684141835e-11	0.8794420959104416
YGR255C	-16.62077724802039	1.622695866997623	2.2246101650383794e-07	1.9055342038497424e-07	4.12733556356363e-09	7.745812370631526e-07
YHR114W	-17.390364417276217	0.8112625433337667	3.9377430069678254e-08	3.89963841637093e-08	7.3772676373045715e-09	1.0655886378736607e-07
YBR039W	-13.791977442052668	10.667269616639443	0.10303826209004456	2.184669507051941e-05	3.563288766466983e-15	4.3761033899389145e-05
YGL116W	-16.97670143431715	2.1240510932637364	4.1910462757702996e-07	2.040239731732817e-07	1.2358882035629601e-09	9.276861881166083e-07
YDR023W	-13.588431902005324	8.916145468971612	0.06700839682690804	3.313640153186314e-05	1.68671617623244e-13	7.639925791397986e-05
YCR068W	-16.92420693649254	0.6021860609333806	5.350085432006574e-08	5.303273972900683e-08	1.6505047169160586e-08	1.1864586780354692e-07
YML066C	-17.144246884484147	0.6896251368081195	4.51947327505126e-08	4.549465637147592e-08	1.1526054426052051e-08	1.114334672962754e-07
YMR136W	-17.336960682202317	1.1255356651161668	5.692273602430242e-08	5.2094348055163816e-08	4.565963741334647e-09	1.7453540721932257e-07
YIL042C	-17.143930513652577	1.5057001464692104	1.0842362569672554e-07	1.1115318072951383e-07	3.0117220868581104e-09	4.2673285273029855e-07
YGR222W	-15.997005142541822	0.8326702152228289	1.6075421643331847e-07	1.593177559088623e-07	2.8651772794066734e-08	4.422945118755085e-07
YAL016C-B	-15.855079823836403	1.2951712829227742	2.9157949465914477e-07	2.7707080107183625e-07	1.5228487502171042e-08	1.0080736689460576e-06
YBR022W	-16.834517105737888	0.5719595548237107	5.687622637963331e-08	5.7458471326914806e-08	1.9048346963909833e-08	1.2493221544105141e-07
YKL026C	-16.69256474312786	1.2316664733865035	1.2047751942387583e-07	1.1522600129401273e-07	7.365228042899236e-09	4.0886675042436197e-07
YPR143W	-16.04012910019881	1.249283765036161	2.422256918034599e-07	2.4335410599400596e-07	1.3903038192158327e-08	8.697006878181729e-07
YLR456W	-16.87491105184816	0.46789465821650644	5.1889354867965013e-08	5.228914823761514e-08	2.171353841752468e-08	1.011421923850981e-07
YDR093W	-17.994546368740686	0.41752019975786503	1.651086395861362e-08	1.6716593271262903e-08	7.705339694556435e-09	3.043293295479725e-08
YLR414C	-16.554421294008336	0.5820635577640135	7.582142362095816e-08	7.601565495168444e-08	2.472080141317189e-08	1.6667951892092723e-07
YMR085W	-17.118014729255066	0.3533753997409562	3.923821174170625e-08	3.9083219908496993e-08	2.053775149846047e-08	6.560905648850304e-08
YBL029W	-17.293245928500966	0.4101909453585718	3.354599907180586e-08	3.3592097331444973e-08	1.5725291673994145e-08	6.062876131829032e-08
YDR351W	-17.86402992533911	0.30389778189465794	1.8227208318440202e-08	1.8262539589553835e-08	1.0578763563873627e-08	2.8736393178945027e-08
YKR016W	-16.016570822343766	0.40121063444726984	1.1984429364359525e-07	1.200973936021706e-07	5.724611096061395e-08	2.14424147661517e-07
YDR175C	-15.924974977789317	1.2228671630070067	2.5994163486612473e-07	2.5299694543551606e-07	1.6195946466339962e-08	8.961630135384594e-07
YER175C	-16.41951094246977	10.357263012624705	0.05535497976723675	0.10741947877430504	2.586873130096535e-14	0.968789001140279
YPR035W	-14.098829180709073	22.944362789450484	0.266496809794074	0.445399644172156	1.708419385393008e-19	0.9999999999997273
YGL229C	-17.123096300282853	0.5187750211252292	4.1940628021988656e-08	4.1821727452360015e-08	1.5579764217167173e-08	8.571652006144734e-08
YFL042C	-17.722483351936518	0.6668018195038921	2.5470075751693913e-08	2.5070827522657195e-08	6.704977556452631e-09	6.007019319199162e-08
YHR122W	-16.36408340806591	1.638517568227836	2.9116699183430386e-07	2.9690939729682074e-07	5.279752370315801e-09	1.1641287962753154e-06
YOL001W	-16.72632400655928	0.8122851532425867	7.739609545871817e-08	7.579121186794879e-08	1.4307180984959933e-08	2.0735279108310087e-07
YNL032W	-16.677620420342265	0.7928849794336796	7.891100028892082e-08	7.833311628720959e-08	1.550833715302073e-08	2.1058994351115713e-07
YBR095C	-15.342164755312096	0.8260461987018902	3.03839197657202e-07	2.7446566245327855e-07	5.35871001196064e-08	7.359243842466006e-07
YNL294C	-17.982033754066634	0.5161505709692408	1.7729468860933208e-08	1.769730026286495e-08	6.6283558610043385e-09	3.6184453445336125e-08
YOR182C	-14.903479881840012	24.12349727754537	0.2749073901602559	0.3003053762530213	6.023738116254024e-24	0.999999999995153
YMR187C	-17.094013977934793	0.49493470545820295	4.2768040939042426e-08	4.261385231405835e-08	1.6694875629084357e-08	8.506381950616633e-08
YGL129C	-15.288172358568046	3.6588329262470936	9.581942466658513e-05	7.740557620610327e-07	3.7032026936456516e-10	4.039601526902573e-06
YGL088W	-16.63663853485994	1.1838953541048882	1.1629594613191993e-07	1.1368867169486139e-07	8.396331939608183e-09	3.93611999487734e-07
YKR050W	-17.24972834270082	1.1762680056782764	6.568208673813506e-08	6.317039307622337e-08	4.640647704081066e-09	2.1871116889252032e-07
YER174C	-15.582348693781752	1.1502229947019442	3.284102588267833e-07	3.331172095861657e-07	2.5760469528794117e-08	1.1417919052479403e-06
YLR409C	-12.721491269571926	0.16116324882177754	3.0212012040010682e-06	3.0216908130786778e-06	2.2884566297429825e-06	3.8857577745494e-06
YCL059C	-14.230700207591509	0.695832581204195	8.409519964964178e-07	8.626405291670883e-07	2.122928133563733e-07	2.1443391188653333e-06
YML058W	-16.010437375888415	19.537322749418163	0.20204843154219324	0.25331887479839305	5.683268969594405e-21	0.9999999843418241
YKL013C	-14.97665127047476	9.087474107482201	0.05384378953250416	0.0744569435399981	2.750382922272701e-13	0.8040057119475724
YOR043W	-16.32676583216451	1.255531842458618	1.7831036072885483e-07	1.8392460774162182e-07	1.0331658201566506e-08	6.584781750839598e-07
YCR107W	-17.02229772766512	1.4054275098148612	1.0823615112088882e-07	1.1254571743314556e-07	4.020228163816456e-09	4.198228985861034e-07
YBR230C	-14.719522665088517	1.2374700390893112	8.917721741821028e-07	8.416625086222637e-07	5.257330015896856e-08	2.9979137298364246e-06
YLL049W	-16.714594063808548	1.284552981501314	1.2696668652445294e-07	1.1306398324039092e-07	6.534712193657467e-09	4.0861542232070576e-07
YER039C-A	-16.855165908484906	0.46035963570839333	5.322230675048972e-08	5.3170989393720455e-08	2.2423017553319942e-08	1.0189081357036364e-07
YDR079C-A	-16.37122544892989	3.0964209407643177	7.153395097664596e-06	1.5471414825870719e-06	4.489160616401945e-10	6.076784776795846e-06
YDL219W	-16.283117473671865	5.620971253134864	0.003236437764427907	0.004383342601010927	1.1105238263002132e-11	0.002422702252417545
YHR156C	-17.113321011821228	0.5288501532260734	4.220436562487002e-08	4.239683669492712e-08	1.5460874299577062e-08	8.785196999602626e-08
YMR054W	-15.830367637108067	2.003074010816707	1.4181274717532298e-06	8.431003824135432e-07	5.05485534487869e-09	3.922252403681368e-06
YGR150C	-17.20986903750709	0.5376358756574463	3.8895284501825526e-08	3.869884307763462e-08	1.3836143344350043e-08	8.0991760898474e-08
YDL046W	-15.464749297382495	3.2456152381724035	3.0610295846815247e-05	7.100432633290628e-07	6.827486380215394e-10	3.5962576707060436e-06
YHR106W	-16.261532492929092	1.7169011421386582	3.941800249413532e-07	3.0007865191672497e-07	5.058186484942712e-09	1.2549752133146853e-06
YOR034C-A	-16.807818956462853	0.7184749019862483	6.427892594522517e-08	6.446872677787333e-08	1.533491317030046e-08	1.6189781273990273e-07
YEL009C-A	-16.510746474051103	1.0045355864202912	1.1150243539827941e-07	1.0510956020779902e-07	1.2710296088257272e-08	3.2681549631280136e-07
YGR099W	-17.908477350510296	0.589790805891029	1.981401202629023e-08	1.9839336133590017e-08	6.3196244531794555e-09	4.395146070453815e-08
YKR064W	-17.83367732285913	0.4155693129898713	1.9427009316934423e-08	1.9608360034642508e-08	9.079251355014195e-09	3.5606217331931434e-08
YDR031W	-16.58403078457266	0.916688911885409	9.537064875505891e-08	9.389292860829865e-08	1.3810745221869893e-08	2.7731464255289016e-07
YKR048C	-15.224413488926784	1.7595289004740153	1.1094062381685431e-06	7.327744015790781e-07	1.303825726061205e-08	3.132909473580802e-06
YGL203C	-17.716718062344427	0.7231500842523759	2.5956292318652287e-08	2.6260453935343127e-08	6.153318650527404e-09	6.635019943664956e-08
YNL018C	-17.752729370514118	0.18171143302421178	1.9783538106843848e-08	1.98281368507939e-08	1.4463490766168182e-08	2.6296748386853334e-08
YPL278C	-16.46096871574335	1.031173073350394	1.1972050661486455e-07	1.2120344860905384e-07	1.3014368454455675e-08	3.8832394927335966e-07
YER162C	-17.248981027523044	0.686032933173664	4.0819430551127706e-08	4.049005854199629e-08	1.0395717377200356e-08	9.856430148655639e-08
YCL056C	-16.704624469997	3.543763719134048	1.9089151588774373e-05	3.803154188898457e-05	1.75051149152432e-10	3.530346355068206e-05
YCL017C	-14.492280102139558	10.45688966017907	0.09023453451140506	0.17946759801751838	2.738843873739463e-12	0.9979530044468059
YDL095W	-11.909138825846822	1.3862939580361249	1.8065915414163285e-05	2.0305006517914737e-05	1.0864706298106846e-06	6.609853335497248e-05
YPR030W	-17.994329046946206	0.22772304530827062	1.567106729199331e-08	1.5716981977240313e-08	1.0527343989412875e-08	2.2268401465691028e-08
YKR096W	-17.82550003533177	0.3739438294178368	1.9599631559891715e-08	1.9440491525120443e-08	9.802539343088934e-09	3.3504955432187315e-08
YDR436W	-17.729471148858266	0.5040531724256412	2.2740269575176598e-08	2.267322059230901e-08	8.71150970925809e-09	4.573867478127133e-08
YOR295W	-16.86934942498263	0.5409333917309924	5.490325387303094e-08	5.4346046281471e-08	1.9310284861916325e-08	1.140694966464631e-07
YNR071C	-16.203569623780623	0.5529975482260995	1.0832132304152644e-07	1.0679154370096801e-07	3.693464347663085e-08	2.2739819995645662e-07
YMR090W	-16.217604255209864	1.2677755828545378	2.0947737721337314e-07	1.908956750753001e-07	1.113476870224324e-08	6.883549980031208e-07
YDR068W	-16.36702945923824	0.5914022741746252	9.315086248855987e-08	9.263449628721253e-08	2.9415093519105487e-08	2.0546723139460585e-07
YOL068C	-16.94031939505001	1.8934234436815764	2.60969589334298e-07	2.3329984036093867e-07	1.9450784644218307e-09	9.661523881138156e-07
YGL246C	-15.467204213063452	1.659307104923981	7.226254893875574e-07	1.0534461674098714e-06	1.2949761540473643e-08	4.019317508218596e-06
YDR066C	-16.819262932542898	0.4729112506698045	5.519233888210048e-08	5.5427811479646125e-08	2.27672689151127e-08	1.0781443410222031e-07
YER038C	-16.569569847772783	2.7377418663389785	2.760176117263953e-06	2.4615090828357443e-07	5.838170242231999e-10	1.1985258072998759e-06
YPR043W	-14.576314017461483	15.195165162951024	0.16928369391375497	0.20146805646063937	1.7665489147431767e-17	0.9999909307623877
YNL168C	-16.349880818765797	1.1655248749471478	1.5545631580997432e-07	1.5518543558781176e-07	1.1637968984639233e-08	5.344864563334666e-07
YOL029C	-16.84258099449724	0.46708516207707	5.45039129857141e-08	5.3887107767144104e-08	2.2423378072859054e-08	1.0401538083665277e-07
YPR127W	-16.245032912375592	1.027858257645592	1.5045700925093204e-07	1.5038811251389335e-07	1.626616697194037e-08	4.808722948835475e-07
YCR031C	-13.730838935568682	32.247746385469156	0.32820812460285564	0.41500971362226313	4.097830504636791e-28	1.0
YDR218C	-17.11850312222012	0.6836529027079433	4.599321231271812e-08	4.632080313527696e-08	1.1917287081265447e-08	1.1272728996199438e-07
YDR472W	-15.823168429845465	1.6919989401533235	5.122695665528105e-07	4.4200178701931345e-07	8.148769473538242e-09	1.8313399849904444e-06
YIL131C	-15.477088685621494	1.7736658866746806	9.537569282588212e-07	5.667790153044956e-07	9.835393791455626e-09	2.428023267379744e-06
YJL078C	-17.449481268625078	0.4411201075893527	2.9006246604606275e-08	2.897872350758255e-08	1.2747487442934257e-08	5.422047826908961e-08
YLR419W	-17.82383937388002	0.023233035852688048	1.8164301706692816e-08	1.8168591797060413e-08	1.748264940373103e-08	1.8870630784876702e-08
YPL239W	-16.175116197519657	3.7148834555108303	8.073601633245295e-05	0.00011779878688588124	2.4459606426055974e-10	0.00010889164604529784
YDL047W	-14.523794296540656	13.515947432132215	0.1429897958012344	0.23688792176011667	4.6877115612609534e-15	0.999980081567741
YLR228C	-17.744795518949815	0.26642622825385603	2.0259021323421223e-08	2.0370203778224115e-08	1.2682316465958455e-08	3.046967643865146e-08
YNL260C	-16.645626161706588	1.0813526235979705	1.0432322152377298e-07	1.0389464848065897e-07	9.911165795055712e-09	3.416994752760226e-07
YBR030W	-17.38720825692215	0.4564028655497736	3.11701781722703e-08	3.103657431701763e-08	1.3218792201831569e-08	5.916032741475683e-08
YDR293C	-14.73584281780566	3.2769001429173352	5.248510903129995e-05	1.1079915866077495e-06	1.2988126369146903e-09	5.598052072285328e-06
YCR091W	-17.627243664735218	0.807696248581477	3.075745062275018e-08	3.0484423450734246e-08	5.840437024803309e-09	8.283900975516167e-08
YPR155C	-17.724455489829054	1.0524062940512346	3.432363895472903e-08	3.475266428195038e-08	3.5464791958810505e-09	1.1253284676229923e-07
YJL137C	-17.113676354253386	1.876395635681525	2.14213683030568e-07	1.3286167975879661e-07	1.6224743273366856e-09	5.730092075308003e-07
YPR010C	-9.9509115846824	0.1272670383302783	4.7989665968159875e-05	4.7999185136662076e-05	3.867566292574605e-05	5.86178376242746e-05
YBL069W	-15.94921066500754	2.1529147884706017	1.222694949484474e-06	1.201023706960104e-06	3.5259392081257414e-09	5.042534028840235e-06
YDR398W	-14.687535755490172	5.825387981826874	0.008272073091597018	5.553722674710395e-06	1.8080812732270976e-11	2.799335550020146e-05
YER087W	-17.72772434018478	0.5092742536623684	2.2832791604785643e-08	2.2757444053736137e-08	8.645063821541229e-09	4.6176203817922745e-08
YNR003C	-16.094309566929226	1.459987901028281	2.8790023709756723e-07	3.270698421588822e-07	9.362130248719045e-09	1.2241654104924749e-06
YDR132C	-17.19106320183417	0.5930227836320966	4.0968962015304194e-08	4.0709777627826925e-08	1.2880985944386995e-08	9.045542385532973e-08
YIL055C	-17.95287522640936	0.6128200109042757	1.9388447602024185e-08	1.9269244955327615e-08	5.825957968605301e-09	4.3748517540456246e-08
YBL093C	-16.645346136728023	0.8006511956795906	8.077457570372911e-08	8.135936573165467e-08	1.5813703803755863e-08	2.2029383544217183e-07
YBR044C	-17.166855762721028	1.0030994343912436	5.801145855867491e-08	5.649673149025013e-08	6.685403937122634e-09	1.76969177803301e-07
YOL097C	-14.691899441001423	9.294046823942818	0.05930761688139935	1.5748792705898885e-06	1.5095196761942406e-14	8.649337591117702e-06
YOL038C-A	-16.76085408069119	0.6404587314593682	6.445887844588658e-08	6.456436019628546e-08	1.833624795380847e-08	1.507983449149698e-07
YCL005W	-16.717876319272165	1.0793075745797167	9.578348742306151e-08	9.913903667045785e-08	9.315632772656237e-09	3.268322871204195e-07
YKL216W	-15.337150565749452	1.4343969511534964	6.137843547060526e-07	6.292899085742561e-07	2.0769155675570383e-08	2.414517959464281e-06
YDR364C	-17.090353882122855	0.5478671757047122	4.4115069597215357e-08	4.399468933305374e-08	1.5358819766676725e-08	9.322450250492133e-08
YCR002C	-13.549903996821014	6.152072282476436	0.01624093874406632	0.030878929332124713	2.391758002000279e-10	0.14116420004164226
YHR176W	-17.136812761346647	0.6179269346401779	4.3904138322307814e-08	4.3636198713450886e-08	1.305271830994995e-08	9.947978911724243e-08
YMR159C	-16.56984057684238	0.9233815482588226	9.800820081839438e-08	9.601192228298625e-08	1.3854154475106472e-08	2.851874209351784e-07
YHR049C-A	-16.847315442072414	0.5296493612273135	5.522058657585229e-08	5.5477753726806844e-08	2.0162984162747506e-08	1.1516399439638851e-07
YHR081W	-16.445335938196152	1.9366927587788076	4.947855435693966e-07	4.2021426494633743e-07	2.9714202843895452e-09	1.6799693492069862e-06
YHR006W	-17.50681857800444	0.9191138806576785	3.82721458121661e-08	3.77997633250375e-08	5.482691297134523e-09	1.1211582323932933e-07
YOL132W	-16.365334830560826	3.9065356202310566	5.7868883999445255e-05	3.652961369098329e-07	8.420493663086352e-11	1.9169355551843713e-06
YGR207C	-14.691306859277374	1.8949063701731477	2.6668960638100507e-06	1.018011243216499e-06	1.658966462956042e-08	4.327637589219101e-06
YNL287W	-13.041501248525675	0.1222757375874905	2.177691138647249e-06	2.1891148176676625e-06	1.7764717469350283e-06	2.6567471731876e-06
YDL049C	-16.849079105283437	0.9309367683752506	7.462431723277038e-08	7.31242019634887e-08	1.036422368654783e-08	2.1836741289635477e-07
YLR219W	-17.966081123763416	0.3068010554823457	1.6606493316678115e-08	1.6504584321366273e-08	9.506891238408999e-09	2.6072462202081132e-08
YJR082C	-16.418962081276533	1.4353919639201798	2.0242213960092372e-07	2.0389039080519865e-07	6.964585354604406e-09	7.740919459471365e-07
YKL043W	-16.548119986976218	1.7321790306617584	2.905040167138615e-07	2.1867444311826098e-07	3.672332308921754e-09	9.129085142168708e-07
YDL105W	-17.060275514603546	0.6465191921924178	4.800476640645865e-08	4.8010114903257003e-08	1.344294801382892e-08	1.1278200462036825e-07
YPR132W	-14.569778073863544	27.777370647841913	0.30445385534273667	0.3779871046424467	1.7276845374494496e-25	0.9999999999999984
YKR015C	-17.843073906632327	0.20642851185295175	1.8163354409580514e-08	1.8198185014681852e-08	1.2687589926418955e-08	2.50138371988054e-08
YJL052C-A	-16.348759021981806	1.1851136189484397	1.596588966228795e-07	1.6069497118748344e-07	1.1302647340872555e-08	5.588451682844054e-07
YKR094C	-14.988904130973223	33.96509888416128	0.3424401852757812	0.40323674409038446	5.1618304035490525e-30	1.0
YJL076W	-18.708072091300693	0.12302253600459397	7.537498487269917e-09	7.559130858858978e-09	6.127740197236453e-09	9.183097671631146e-09
YLR267W	-17.4437479496344	0.6763154423174375	3.3141378795368993e-08	3.331608148679478e-08	8.722629796726807e-09	8.054258566318795e-08
YFL012W	-16.866535593894497	0.373455676409205	5.0803109874215426e-08	5.061774194514565e-08	2.5549458489804594e-08	8.718772392686787e-08
YDR284C	-15.306194575206247	2.8017188038829626	1.0555003566114272e-05	2.3378369048560665e-05	2.6254576977805866e-09	5.899126665009921e-05
YLR170C	-16.674660823767027	1.2489317265123268	1.3101774822660048e-07	1.2224134024614354e-07	7.3167019710170765e-09	4.3749685953162375e-07
YPL155C	-17.299068038534443	0.5665120331911887	3.613015249337824e-08	3.601092270656322e-08	1.2078162802065455e-08	7.781053880307759e-08
YIL024C	-16.81044128783904	0.8505360077167126	7.2335132659133e-08	7.130115119799365e-08	1.2317253631335532e-08	2.005448544140174e-07
YLR313C	-17.347828398757684	0.595777857546938	3.507406222771193e-08	3.46948261944216e-08	1.0930867242568876e-08	7.723793522253945e-08
YDR264C	-17.53455127335583	1.4943145265728932	7.42964666045699e-08	7.6664606201047e-08	2.081338842920402e-09	2.9024344596138275e-07
YDL005C	-16.132808128554444	1.5269850558234144	3.118961580978449e-07	2.4263954259285645e-07	7.743525165083742e-09	9.607599536278107e-07
YGL094C	-17.70457010558421	0.5420828864918293	2.3720556897666904e-08	2.369507007382759e-08	8.389564570983435e-09	4.9875772536221026e-08
YNL237W	-17.139131641445402	0.9780015786062648	5.790675258937025e-08	5.716892497384115e-08	7.1754210078861794e-09	1.7636706611808185e-07
YML008C	-14.294138773833039	6.811591828451393	0.023358907610991998	1.4267710009403778e-06	2.3814218870732144e-12	8.114706033603174e-06
YJL033W	-11.684716466182364	0.23466895075629998	8.669204679997026e-06	8.88880189020755e-06	5.868210021899217e-06	1.2709350851522358e-05
YOR085W	-15.198948624785045	7.568711902790269	0.024058259783651604	0.050312275111698765	6.263982103172505e-12	0.3986162009072893
YIL011W	-16.301099172117375	1.049196259020488	1.441323249600089e-07	1.425788355056529e-07	1.4774730019784213e-08	4.6079205284818763e-07
YML037C	-17.10205254554674	0.18487546358747345	3.8130191815874194e-08	3.801785971693468e-08	2.7572085324811146e-08	5.0654647532626225e-08
YOR239W	-16.133536618865747	1.8171908990959502	4.875467550117935e-07	2.2891480388515526e-07	4.463057358094409e-09	9.596155133360852e-07
YDL136W	-14.68469464392656	36.88947623790865	0.3474436806233494	0.41487801805170926	5.696405667872338e-32	1.0
YDL148C	-14.420633042210467	1.3779338587771999	1.393548972280988e-06	1.0392776414826369e-06	5.41567257218964e-08	3.851366644933043e-06
YGR261C	-16.998023776957055	0.04158155978495869	4.150955325573547e-08	4.151675859889909e-08	3.8736228324400454e-08	4.44149297247171e-08
YLR262C	-15.176489179787678	2.7290854859048768	8.055752374358263e-06	1.81104818092516e-05	3.2113848409247e-09	4.6122768227400324e-05
YLR085C	-16.482412189078588	1.0184230752040173	1.1706033423629385e-07	1.1766830832950833e-07	1.3029466856015978e-08	3.7400578842210433e-07
YKL176C	-17.744949686028832	0.629114668902591	2.3937698136801206e-08	2.3932405596846065e-08	6.9757382560152665e-09	5.521165222113317e-08
YNL200C	-16.135599904890825	7.586279162736464	0.022559951601806853	0.03336105581993841	1.0492739806677268e-12	0.147974548461126
YNL093W	-16.599665447772352	1.9620968826517038	3.655523794998944e-07	2.2402887591805475e-07	2.322504904994488e-09	9.851436258932541e-07
YPR068C	-17.24895701964195	0.6844490481918197	4.042780566963798e-08	4.075471657245779e-08	1.045749760113916e-08	9.928680141192254e-08
YGL224C	-16.433714935753216	2.1956577364117824	7.593479332896353e-07	4.996354377819887e-07	1.935188732521997e-09	2.20294483430011e-06
YNL036W	-15.933102965202833	1.875009325624904	6.706759211515799e-07	5.18005082244559e-07	5.4077721479959876e-09	2.2160164576952996e-06
YNR022C	-15.544502057070714	2.420595712691583	3.467288463469246e-06	1.5835377878511393e-06	3.221529947529384e-09	6.7140017003576404e-06
YEL046C	-13.871502103510265	22.009160491271853	0.26353238868024575	0.445085312463672	1.4210236747058834e-18	0.999999999998948
YOR204W	-14.42669047276395	5.1544780841689235	0.003972543944103256	3.5532229237661544e-06	6.875282405671123e-11	1.8675061154731005e-05
YDR024W	-16.862236218316667	0.7592426041196364	6.398870863397824e-08	6.266315166754714e-08	1.35616077140755e-08	1.6306726069321357e-07
YDL061C	-15.382487677758744	16.46296935375192	0.185973260728221	0.19645567769620836	6.629483237325812e-19	0.9999964248532018
YOR074C	-15.896858717439683	2.511592104629037	4.304803017567165e-06	7.70620170592285e-07	1.8787827387581887e-09	3.7686507506406105e-06
YMR182W-A	-16.826559579604492	0.5249171222250674	5.6549351471391274e-08	5.651779151840742e-08	2.0764321615543964e-08	1.1676649486552572e-07
YOR158W	-16.125079299579014	0.8707011821369504	1.4428048477829898e-07	1.4247654198140855e-07	2.3545805073971227e-08	4.0617058121158267e-07
YML109W	-18.429882475212054	0.4064254627647464	1.080037237225304e-08	1.0754498714623824e-08	5.0742440297850025e-09	1.931028986718793e-08
YKL035W	-14.185357531802948	12.65149994469629	0.1361449856472872	0.262122794935116	3.797027550591219e-13	0.9999722596769185
YFR019W	-17.088700159315323	0.5009780835164053	4.300084374452595e-08	4.2956530963602437e-08	1.6617801497291524e-08	8.637141292554783e-08
YGR135W	-13.709862134689685	5.734548773356939	0.010374551845860319	0.01876099828575663	2.463091769284297e-10	0.04948375472411004
YGR187C	-14.375376592776957	1.1887057078878596	1.1697936468863993e-06	9.180432827563362e-07	7.708876092643596e-08	3.099109968653216e-06
YOR338W	-17.302455838675797	0.3884404132976946	3.3264787886296784e-08	3.2966855428361367e-08	1.613866146219321e-08	5.788958536523596e-08
YGL259W	-16.86437974267099	0.6380322370970862	5.780812035078679e-08	5.783463086851505e-08	1.6548291089968025e-08	1.3446173517242139e-07
YGR254W	-13.816307565293029	6.80414619354673	0.02697206142487194	0.05151644582075769	1.7398585769856658e-10	0.4032971781977855
YDR489W	-15.042311692706063	1.5897890454703625	1.022377983125084e-06	7.68303560063126e-07	2.080681514861381e-08	3.1079104133061134e-06
YIL145C	-16.80531335280901	2.1917156578719332	4.963638611539938e-07	3.0861533888769497e-07	1.329231922052271e-09	1.38320229862712e-06
YMR020W	-16.889428301911522	0.9224716790019607	7.211664765474637e-08	6.844751120819033e-08	1.0034926400937793e-08	2.0203956151945288e-07
YBR062C	-16.645828350003995	1.071907349199987	1.052305671832182e-07	1.040952427804133e-07	1.0099366717507907e-08	3.410777858873601e-07
YJR121W	-13.724601939852802	19.991429783397805	0.24840623912511842	0.4556168105784069	6.52564921140242e-16	0.9999999999823228
YOL114C	-16.863746340292693	0.6041412277850172	5.6511793544429415e-08	5.694514739606502e-08	1.7561844253959028e-08	1.2816394171337867e-07
YOR230W	-14.186747487177128	17.985434676808218	0.21234440003189012	0.3893553394449128	4.361639194355372e-16	0.9999999983682657
YNL095C	-17.808927107333858	0.22604970709005315	1.8916958804392756e-08	1.8909456921916626e-08	1.2711345921768115e-08	2.6730914171578304e-08
YLR377C	-15.308473555175423	2.25831735318696	2.6408120071335265e-06	5.8551234476405594e-06	6.056445904961358e-09	2.125570189959413e-05
YEL030W	-15.497592161941794	3.7666438582917703	0.00010295244240314965	9.569473303013115e-07	2.720363580716323e-10	5.087894894638483e-06
YMR273C	-18.35007078153356	0.20005370604559147	1.0954698568360048e-08	1.0945870250535082e-08	7.719840366615673e-09	1.490886744384177e-08
YKR021W	-18.834410007134267	0.10928578352798264	6.651944311550186e-09	6.651459416554149e-09	5.523902529167259e-09	7.912566414309378e-09
YOR109W	-17.668814946599724	0.01317458659152153	2.121243090517557e-08	2.1211388155743695e-08	2.07548331489094e-08	2.1673742707823843e-08
YJR003C	-17.737424313753564	0.2934869382715894	2.0726186322715062e-08	2.067693931703259e-08	1.2219901795599085e-08	3.209233076873622e-08
YDR488C	-17.328344746122823	0.8431250048406753	4.383988785195013e-08	4.22744090625667e-08	7.428412050242102e-09	1.1836071423791486e-07
YMR235C	-14.23591579852764	1.382023177006142	1.6395928085894387e-06	1.5467620621225449e-06	6.732610120978221e-08	5.9036268195041384e-06
YKR100C	-16.876269649533043	0.7422768214078477	6.137550217066177e-08	6.162987830678953e-08	1.380166716836173e-08	1.584817624522283e-07
YLR247C	-16.76881401995452	0.6028303495903028	6.216948356466058e-08	6.252653812065133e-08	1.933375728510728e-08	1.4048792948444436e-07
YGR058W	-16.764068934201717	0.5886036997344589	6.189411357466004e-08	6.241100011472233e-08	1.9904875352203878e-08	1.3815424981752482e-07
YNL062C	-16.257267844943982	1.2601778706083158	1.978123450798458e-07	1.878173158832034e-07	1.090277290955685e-08	6.763859352851553e-07
YDR254W	-17.059965622343228	0.647833902333574	4.81500261605457e-08	4.7925412696120905e-08	1.3404133860703341e-08	1.125931277477682e-07
YGR209C	-14.410839587691227	18.81882850418586	0.2235256320566161	0.2691374601633136	9.491917413467767e-20	0.9999999875517739
YDR005C	-16.766608840939426	0.7706890992476879	7.067460395651433e-08	7.026866664341818e-08	1.4697355055009817e-08	1.8529452107900758e-07
YIL134W	-16.76642602179416	1.1797822463145093	1.0388798226955614e-07	1.0152403037563602e-07	7.452790585256596e-09	3.5197432940087123e-07
YIL033C	-13.944315950394595	18.752263317399027	0.23526377378527716	0.39961663771561	1.2361965014604292e-16	0.9999999996133666
YHR179W	-13.708344869091162	19.648464812762374	0.2432345889955078	0.41559940795904304	4.2476120052763095e-17	0.9999999999327838
YBR007C	-17.969847086257488	0.35951149883319566	1.6694416556855402e-08	1.6739258285576137e-08	8.683805154218133e-09	2.8322366329319886e-08
YHR031C	-17.855352001025295	0.43823326422870496	1.9377668145317184e-08	1.9361869777885505e-08	8.553447544033598e-09	3.6139609283272516e-08
YBR233W-A	-16.78126219641925	0.9987370256668325	8.37002577466482e-08	8.500967034485038e-08	9.965375970452537e-09	2.667971045033948e-07
YKL126W	-15.390172029388124	2.644549248221308	5.80003458825785e-06	2.043763223255048e-06	2.7293478345876363e-09	1.055478278145717e-05
YPR073C	-16.392430453452818	1.2622665661345969	1.698422955419295e-07	1.6256043567853621e-07	9.47249373202674e-09	5.845612538825857e-07
YNL309W	-17.16830420129625	0.40182362883715295	3.7929145760693256e-08	3.790571044491957e-08	1.8053381938114382e-08	6.767123544878245e-08
YIL089W	-16.85511582079269	0.7240135619573611	6.230402250704114e-08	6.1795905453497e-08	1.4493463934055585e-08	1.5600033646875113e-07
YHR001W	-16.706517175677803	3.1667237823284315	7.055809777677795e-06	1.2550285556717492e-06	2.9440376023017157e-10	5.935822314939459e-06
YBR006W	-16.07733592400544	1.5845943785018741	3.5776147509314414e-07	4.723718832763668e-07	7.842935950297781e-09	1.7291375600654845e-06
YDR415C	-17.31809559501633	0.5117441478929596	3.452125899909468e-08	3.429964183598965e-08	1.2968850955064226e-08	6.977901931140684e-08
YLR327C	-16.338045454024524	1.2665110931330608	1.8341714581134759e-07	1.8060881605014294e-07	9.992697641237156e-09	6.498177879184498e-07
YJL081C	-15.398000260066693	1.3821363361078458	5.435764272742479e-07	5.865666090067624e-07	2.1481279359388488e-08	2.2193890762595877e-06
YOR247W	-16.31698644419592	0.40723034873769515	8.836571405478938e-08	8.909800390001539e-08	4.1946705055080475e-08	1.6015765889051893e-07
YDR298C	-14.5960550010288	5.487880718664044	0.005872700682370096	0.009204358797876384	1.008384564669568e-10	0.011910990700078896
YOR072W-B	-16.532126190279797	0.8928651367941922	9.824998306447262e-08	9.634578972264461e-08	1.510860646399839e-08	2.790235748593794e-07
YMR247W-A	-16.763407278013602	1.1257943735148537	9.974363795483184e-08	9.461698458224526e-08	8.142995168870977e-09	3.183370841700837e-07
YDR444W	-17.97325983284898	0.24558930701266102	1.6125088813612384e-08	1.6121013294645543e-08	1.043981978909604e-08	2.342019511427834e-08
YJR147W	-17.11025066542132	1.0848769105594482	6.766348308406611e-08	6.324674515452313e-08	6.13827250295489e-09	2.0713439401807762e-07
YOL144W	-16.852614849624644	0.5661276151593815	5.5458295526643943e-08	5.62275125085636e-08	1.8887215153434468e-08	1.2141239925882174e-07
YDL160C-A	-16.659738948562136	1.1106023895489052	1.0924005001726318e-07	1.0814459332569846e-07	9.361685775965591e-09	3.6220312317325847e-07
YAL013W	-17.108645061548287	0.6232899930881085	4.508615904255255e-08	4.5077607675130634e-08	1.3307575888606179e-08	1.0343187856169341e-07
YOR185C	-14.581754559179172	9.485141359061307	0.06634973668944893	0.09895788375190889	3.549849702156559e-13	0.9449190579659311
YJL047C	-17.28138999432231	0.6505825907088812	3.8532543436710476e-08	3.8436161101137285e-08	1.0693205028847386e-08	9.054208754200921e-08
YDL248W	-16.811398092447035	1.2958439554386334	1.1761694110962564e-07	1.0836825490368638e-07	5.870164460517285e-09	3.951258654252572e-07
YMR024W	-15.81255308606451	10.845031169555423	0.0754948342318352	0.14822555976901736	7.281150518716506e-14	0.9953167323049543
YGR057C	-16.820205506876647	0.7077117610654929	6.404371259074984e-08	6.353284875542069e-08	1.54524434336085e-08	1.5819422280377577e-07
YNL292W	-15.598486998243244	0.7843650679739864	2.273228250378341e-07	2.2765931731144525e-07	4.6155488636045334e-08	6.071375505408849e-07
YNL146C-A	-16.852381549216062	0.7749069090246645	6.459098165075888e-08	6.392719342639464e-08	1.3329638915868949e-08	1.685072620095097e-07
YCL028W	-16.1278010864269	0.9713493423950107	1.6067781650356016e-07	1.611980541851766e-07	2.0100369084073936e-08	4.978988244763656e-07
YNL027W	-17.715947683195537	0.8783011298432333	2.9909489166388545e-08	2.974437925399709e-08	4.770942970966358e-09	8.56857746289783e-08
YDR228C	-17.30691447911593	0.6051092639567267	3.6360576916292576e-08	3.6591138262110273e-08	1.1256751600369326e-08	8.241228627667434e-08
YHR133C	-15.85343441602272	2.2761281900021633	1.5889173809107695e-06	1.2951982993432548e-06	3.104850898851688e-09	5.468128380394333e-06
YJL133C-A	-15.981072477145771	2.92754627365862	8.982480823870907e-06	9.929582337993061e-06	9.51140383537959e-10	1.7976070442376455e-05
YIL003W	-16.63830181206211	1.8009176521561607	3.018496276628205e-07	2.5321292761291945e-07	3.0373681409702037e-09	1.0425541167809068e-06
YLR099W-A	-16.788071589596058	0.6037866769833375	6.113178870439495e-08	6.137961157228908e-08	1.8935158386178065e-08	1.3802510668278337e-07
YJR149W	-16.966323444176652	0.6873074889727356	5.466216884390191e-08	5.3731816940828216e-08	1.3762489700206014e-08	1.3088787698556937e-07
YER180C	-16.828457768563368	0.6159703291752043	5.961428452947184e-08	5.9095249573553316e-08	1.778938222239466e-08	1.3431288591968222e-07
YDR141C	-17.413756863586244	0.011071375409277127	2.7371761759109338e-08	2.7373332444355062e-08	2.6877699475603025e-08	2.7874247920583112e-08
YEL013W	-14.368980441192617	5.473314397293601	0.007032727963374437	2.708887545544117e-05	6.768346555160977e-11	8.540160007879226e-05
YJL025W	-17.044610976074893	0.792558293888496	5.4399697961014144e-08	5.41895704551703e-08	1.0736577558655873e-08	1.456369309094102e-07
YOR180C	-16.832169828333264	0.9611341591602447	7.80417516572366e-08	7.809483745926863e-08	1.0075073775079643e-08	2.390663773918631e-07
YCR075W-A	-16.759999233553373	0.9124435594847183	7.997400597461982e-08	7.96659638733093e-08	1.1714990670775685e-08	2.3539936963082857e-07
YKR055W	-16.69087949689927	1.6899937292640939	2.3459672703639453e-07	1.978710813111666e-07	3.4517638137757237e-09	8.114203868562496e-07
YDR169C	-17.19474885940943	0.36050405491059523	3.639913508371657e-08	3.636980766700225e-08	1.883092730397785e-08	6.165370265155857e-08
YGR121W-A	-16.826559579604492	0.5923213867949492	5.896831582197579e-08	5.820014430323212e-08	1.8497203196356946e-08	1.2898293027121907e-07
YDL091C	-17.6015299962244	0.7630698673943286	3.0012828212702814e-08	3.038087653539743e-08	6.4657110718154985e-09	7.959558299519797e-08
YJL199C	-16.855165908484906	0.4184954768062802	5.2399320566750176e-08	5.223928243208147e-08	2.403929307775206e-08	9.525047820147355e-08
YOR348C	-16.968017362983304	1.1789480554015712	8.565226266116986e-08	8.616648501667949e-08	6.1467333218631336e-09	2.989377584304782e-07
YLR110C	-15.961951258702156	3.207556308110608	1.510403333646972e-05	8.186316465716497e-07	5.018218094920598e-10	4.182794875968031e-06
YCR010C	-15.979059200363919	1.6528820023552793	4.808268343501628e-07	5.335468453172396e-07	7.679072692189763e-09	1.9995359021492253e-06
YOR036W	-15.354680148543776	1.1367177290771182	4.218206534112578e-07	3.919953099085278e-07	3.277384200971811e-08	1.3276323951521897e-06
YLL005C	-17.82747797283153	0.5722431922250548	2.1344371317214115e-08	2.1313429623400908e-08	7.060162883169586e-09	4.6348636385630506e-08
YGR091W	-16.658405181014317	0.4185827964041461	6.356976151127036e-08	6.342367383257456e-08	2.9203757703082944e-08	1.1551444448307018e-07
YLR330W	-17.383213377609337	0.11190012145641615	2.8352925699452787e-08	2.8394482683519977e-08	2.347184577585887e-08	3.3917974471354093e-08
YNR019W	-12.729500895316233	6.851443444236396	0.035846810227859	1.3103907826529627e-06	6.322431414336091e-12	7.359301247113401e-06
YPL072W	-17.42885014939455	0.8139943990496137	3.72347920391712e-08	3.706358561974578e-08	7.030189832185016e-09	1.0113686478250042e-07
YDR289C	-16.67746268706904	0.46113878305526995	6.402471450000972e-08	6.36295071985485e-08	2.6769045385814955e-08	1.221314409553136e-07
YMR106C	-17.10942882183845	0.3582421276101885	3.97169044561137e-08	3.956060878912323e-08	2.0572766132878254e-08	6.68572189212997e-08
YML122C	-16.855165908484906	0.4610468225589666	5.322654836498475e-08	5.315566452514631e-08	2.2397660312311997e-08	1.0193060460856868e-07
YMR039C	-16.072827580320137	1.3654255530369659	2.638021406566607e-07	2.6979335472221515e-07	1.109557730151564e-08	1.0040610503045319e-06
YHR105W	-16.429595101589058	1.244843706271813	1.6094448106343828e-07	1.551644619729731e-07	9.411789704241535e-09	5.541805255847795e-07
YBL010C	-16.853307435078733	0.746942295920346	6.347651161375799e-08	6.31587215778596e-08	1.3997438880769044e-08	1.6301967315867126e-07
YKL046C	-15.857360445189242	2.707113448999256	5.093674696042586e-06	1.2758445689569971e-06	1.4659114159066484e-09	6.375389278966406e-06
YOR315W	-16.976057131739054	0.7080819480647706	5.3707103859402205e-08	5.3946653692774376e-08	1.3169543449500026e-08	1.340726347170457e-07
YJL060W	-15.189222565263462	1.5833468948294551	8.494192841470364e-07	9.865320096271489e-07	1.9149877150870428e-08	3.986246006644341e-06
YPR120C	-16.70074783270755	1.46209457926963	1.6114600077774531e-07	1.686773159172756e-07	5.051897478955518e-09	6.378005701435993e-07
YGR279C	-16.14067988633977	1.2329319274990422	2.066794669931134e-07	2.0548925579781538e-07	1.2838953632173327e-08	7.313786827835461e-07
YOR077W	-16.69870353553486	1.1169658175855697	1.0473572291662367e-07	1.0539513401991926e-07	8.92610833233095e-09	3.545564886731846e-07
YDR507C	-16.939386956925958	0.6990916244833668	5.6692896196696135e-08	5.607078724543155e-08	1.3912382982467727e-08	1.3860419129561198e-07
YGL051W	-16.470818813360168	1.0959807944128652	1.2734765623633525e-07	1.2913180097029388e-07	1.160401618490788e-08	4.293665866617417e-07
YOL077W-A	-15.745495922129704	5.555442295107523	0.004278367119364107	0.004263018153409542	1.7820755293348976e-11	0.0021212607573497335
YOR321W	-17.27139575525578	1.45488544816017	9.360773909086862e-08	9.091478454916512e-08	2.882434271166493e-09	3.463440667374945e-07
YDL059C	-16.276105231715704	1.6450291254140728	3.471470605938906e-07	3.288243496368376e-07	5.703876849020923e-09	1.2916852754336975e-06
YER139C	-16.204729490281153	1.2431193325499998	1.948020531577555e-07	2.0350348965923936e-07	1.1912967915263845e-08	7.258134790877908e-07
YPL212C	-15.945788849022192	1.2006100996999245	2.41624550399174e-07	2.233579711398417e-07	1.6203470847703854e-08	7.777295055344243e-07
YPL158C	-18.275467447056855	0.154155364526589	1.1719809218130736e-08	1.1699767798938141e-08	8.97077082534381e-09	1.4896582188634204e-08
YDR374W-A	-16.595391260366142	0.5851732091441835	7.336845543110664e-08	7.366104693522408e-08	2.3695505755020503e-08	1.6246515815568837e-07
YOL164W-A	-16.776209944881685	0.9863127307948302	8.53495272852217e-08	8.400345769308028e-08	1.0206534976488274e-08	2.6106522517010744e-07
YGL142C	-17.607495158118383	0.7042172856969645	2.9298894089655826e-08	2.8857668132084643e-08	7.072622740490668e-09	7.165975688403114e-08
YGL082W	-17.21891148879584	0.799717160696663	4.6272728243652627e-08	4.571856740792045e-08	8.913511996287476e-09	1.2363098610140925e-07
YOR299W	-17.80187228135108	0.21576518088846172	1.900013029031315e-08	1.900341976035561e-08	1.3015256179195936e-08	2.6469002528702892e-08
YLR368W	-17.73901906076317	0.9372214725966885	3.096784813986278e-08	3.0361829123745716e-08	4.218802481326503e-09	9.11444302403901e-08
YPL143W	-14.425313437395017	10.414947516393324	0.09171285079962593	0.10557031107896071	4.103928154023266e-14	0.9760335123244775
YHR111W	-15.65569740834435	1.7976140910231662	9.221348215875562e-07	4.59716261456836e-07	7.813899453565117e-09	1.9561332082553093e-06
YNR031C	-17.46893653687694	0.02057516789470794	2.5911852614669922e-08	2.5907750885680003e-08	2.5040233075960207e-08	2.679302976813491e-08
YIL060W	-16.8504936039906	0.7743032046522761	6.504734489623899e-08	6.48304716476594e-08	1.3434579320263737e-08	1.7161169432105383e-07
YBR155W	-14.697675649725353	0.8976285933724896	6.202804796592932e-07	5.61198360511222e-07	9.146779039957513e-08	1.5990953767170575e-06
YDR447C	-14.21988202256871	28.126660490314457	0.3059136341705983	0.37866231585763854	1.0973157217053054e-25	0.9999999999999993
YLR218C	-16.778061029421934	1.128220101928259	1.0029267789827507e-07	9.58810694350562e-08	8.050322254375418e-09	3.235722745781392e-07
YIL153W	-16.748232303617627	1.2412594925834166	1.1832040828830242e-07	1.1248133974929309e-07	6.88423009669499e-09	4.0062521453282286e-07
YPL152W-A	-16.83913046298474	1.0411069676018603	8.367040766766312e-08	8.366987243769188e-08	8.771881893909348e-09	2.695406201560304e-07
YMR310C	-16.23709381181905	2.614814629767842	2.208178913844282e-06	3.646212801025576e-07	1.030539329422558e-09	1.7609931937149165e-06
YLR295C	-14.128189956544885	7.862270589317527	0.03908664280765355	0.05086415541764648	3.2334767386238652e-12	0.4251197871310783
YKL096C-B	-16.657832358055003	0.8033082752414046	8.04759078097211e-08	7.972576141210208e-08	1.5489519060766012e-08	2.1572245217880254e-07
YMR080C	-11.18613064124038	0.5329511613096606	1.5953814103416588e-05	1.8059453570227043e-05	6.8198505447841355e-06	3.6034898679307634e-05
YNL137C	-16.383646114228398	1.282920638029297	1.7311896663849527e-07	1.7587306460656908e-07	9.292994271137636e-09	6.379050828841563e-07
YOR015W	-16.2188490936758	0.8792177402080015	1.3363820728182295e-07	1.2827393023081347e-07	2.1019966112672784e-08	3.6608447617369167e-07
YGL043W	-15.837143334422946	1.3867529345729197	3.573769409436431e-07	3.781674251377955e-07	1.3681687763535588e-08	1.4010067652039409e-06
YKL218C	-16.34534166566371	0.6582223197356102	1.007815565115814e-07	9.876774630890437e-08	2.6953644942919244e-08	2.3451428441742552e-07
YER055C	-15.173495204123155	3.043798233296009	3.233758983351537e-05	5.763095699285309e-07	1.1884711367147954e-09	2.810773127500799e-06
YBL063W	-17.895866554893274	0.7876868669682936	2.3005822118516457e-08	2.2992498886449025e-08	4.620125743452898e-09	6.151831134414592e-08
YDL141W	-17.65953221704038	0.43324284252531303	2.363873506308419e-08	2.3520101623130866e-08	1.0496737715373638e-08	4.365870416513384e-08
YDR253C	-16.797339313802496	0.9553265389854864	7.92084858575636e-08	8.001982614728573e-08	1.0532316299986151e-08	2.4368486247079037e-07
YPR020W	-16.348179487505334	6.207177779872524	0.005509979225587253	0.007672306320402595	3.782930513782271e-12	0.004902005716657607
YKL082C	-16.478645619770035	0.40836991540076334	7.554711501885403e-08	7.566068135166177e-08	3.5572015772409276e-08	1.361504146205595e-07
YKL078W	-16.248189962069958	2.4555650989966575	1.801229246861981e-06	3.9294246319642483e-07	1.395980090779792e-09	1.896535920252498e-06
YLR435W	-15.582166478089475	2.3789757438093275	2.630049362189514e-06	4.526550737315386e-06	3.6004653639629087e-09	1.4250099312218772e-05
YDL014W	-13.631273941610926	6.345948126889251	0.019178037775641827	0.03494029403594925	1.7332169990711522e-10	0.18293202500197178
YJR042W	-16.68470003264629	0.6718022063036027	7.05032246447753e-08	7.11073901159191e-08	1.8792822358632725e-08	1.7115702673207858e-07
YML041C	-16.75448900578411	0.7640705519753432	7.106026861546564e-08	7.102560876855039e-08	1.5057977019917488e-08	1.8643652745621427e-07
YDR450W	-13.8141318329519	36.97587151638665	0.3538642479940511	0.4421788642203987	3.4512132230511754e-31	1.0
YNL024C-A	-16.450588628264796	3.6883106833489356	4.691164039766255e-05	6.022465721200424e-05	1.7322746760194225e-10	4.35682184046001e-05
YDL188C	-15.150148895795793	9.686711970017862	0.06340919389357469	2.7531117787551355e-06	5.931629648824882e-15	1.3707206220083034e-05
YBL014C	-18.348566965309857	0.42138596594321304	1.163939765104875e-08	1.1744607661792274e-08	5.370170336378255e-09	2.1481444553207407e-08
YMR030W-A	-16.830282208415866	0.6688232374563606	6.141107795118438e-08	6.105031032006423e-08	1.627422323782468e-08	1.463033773453469e-07
YOL018C	-16.945283577101492	0.8491965518100408	6.264546225423478e-08	6.272621034790631e-08	1.0816622494857748e-08	1.7677544614780616e-07
YIL013C	-15.515376875360017	2.2345712244570275	2.7832582010381364e-06	1.3257826333931424e-06	4.848078096058311e-09	6.836542368636429e-06
YJR093C	-16.427838067954127	0.9556809671378154	1.1847579652746355e-07	1.137345907831171e-07	1.5138626487068304e-08	3.4534711699897194e-07
YIL102C	-16.84078265111819	1.2944525319005866	1.1250562320180816e-07	1.0506392121012105e-07	5.713307294171993e-09	3.8283343292381977e-07
YJL161W	-16.85511582079269	0.4570522337923025	5.324910468213789e-08	5.312214742599169e-08	2.256308798384351e-08	1.0141827032405057e-07
YHR095W	-16.849150125658326	0.6555980172656526	5.896077299956395e-08	5.9461866894093334e-08	1.633944477140349e-08	1.4079511157149156e-07
YEL060C	-14.55012767902481	1.9614571418634947	3.332611710707749e-06	1.3497447650713444e-06	1.7770869718808195e-08	5.9451184698836815e-06
YPL237W	-14.386599277853021	15.442213444455549	0.1802223065345208	0.27609347212579616	2.417952933003075e-16	0.9999993041807317
YMR015C	-15.030640657446567	9.83072858047167	0.06529395753370253	0.1527418593411262	4.975839178270493e-12	0.9920100735811999
YJL062W-A	-15.983392879156964	1.8030121470389664	5.576674270794293e-07	6.236921960100034e-07	5.92838717751311e-09	2.346261832510602e-06
YDL053C	-16.21063786060475	5.290632358399939	0.0017416021812814847	6.366118290433005e-06	1.1164174666266758e-11	2.0207829383279003e-05
YOL111C	-14.57437857672012	2.4302764979946683	1.123502409090707e-05	1.458417669780359e-05	9.620967217332036e-09	4.641785239741498e-05
YER056C-A	-14.416457443011678	35.71397894919956	0.3431986341176493	0.41629500018528975	5.804503439098243e-31	1.0
YGL189C	-14.905350135938717	21.981553752686523	0.24531471576629985	0.3044178211319772	4.770211295269027e-22	0.9999999999234914
YEL063C	-14.595380198102431	15.795044419224782	0.18074614045921442	3.3582746248059865e-06	8.268993260743759e-20	1.7455505365441882e-05
YLR106C	-17.64635756152782	0.009209487691033752	2.1691145027968825e-08	2.1692109789529758e-08	2.1364789940814134e-08	2.20220185718969e-08
YGL221C	-15.538565919058582	2.3662252229765954	2.816685857219131e-06	1.866993839976771e-06	3.668988862499115e-09	8.14457886402906e-06
YNL224C	-17.581619645593676	0.7636429329989374	3.154334464742661e-08	3.070341976202604e-08	6.565409088537068e-09	8.028574753184774e-08
YIL159W	-16.602751765001088	0.605091150163475	7.38004029621159e-08	7.361847821637604e-08	2.2697524419246557e-08	1.6551960829266867e-07
YGR075C	-16.743250849184534	0.9773647596554842	8.721612789749966e-08	8.50777742773049e-08	1.0671672782012421e-08	2.625763021880302e-07
YKR072C	-17.426906457891874	0.48132823456421386	3.030998619743831e-08	3.033923546344655e-08	1.2238558613550647e-08	5.9628114129005e-08
YIL098C	-16.536703465150623	0.9969605993180399	1.0729290976851181e-07	1.0564762739695423e-07	1.268241493194852e-08	3.2957748830641354e-07
YBR253W	-16.105992393445177	1.0842579662685554	1.830509462271918e-07	1.8145066261715566e-07	1.697892010447305e-08	5.992229574968613e-07
YBR087W	-15.546554016830852	1.8879274611323458	9.752621261419657e-07	5.138308701500603e-07	7.401298726865852e-09	2.226744409913233e-06
YOR195W	-18.052825369458134	0.34616256946856944	1.5248823527189898e-08	1.5334695647360905e-08	8.169938710263644e-09	2.5502022117768827e-08
YDR359C	-17.582697432481638	0.6578443129303077	2.8806027118666886e-08	2.8597181266042113e-08	7.817247772458104e-09	6.785924237308815e-08
YGR062C	-16.86139442835045	1.044096901323564	8.138676881325925e-08	8.014253010652475e-08	8.479794178691168e-09	2.574875086152712e-07
YMR313C	-18.00638237092899	0.4491401556680253	1.6894855011910213e-08	1.6745052266099773e-08	7.228733506141133e-09	3.1680553688693377e-08
YNL005C	-15.739520317272037	1.7476745774911289	7.057240015946541e-07	4.812520591934168e-07	8.03425157710835e-09	2.0403947995557746e-06
YPR011C	-16.871773192041275	1.4341093960011062	1.2936212256053812e-07	1.3003476321644098e-07	4.4377114106650435e-09	4.945591586881579e-07
YGL056C	-16.60423846005213	1.623194338846572	2.233190397665324e-07	1.834892293091306e-07	4.1709813716634066e-09	7.462792450961614e-07
YFR032C-A	-15.4557528828238	17.248353749839286	0.18369337927533777	0.2083736363593987	1.8412367520462973e-19	0.9999990123938022
YBL071C-B	-16.830282208415866	0.6070491199537087	5.943840793491834e-08	5.89898953041542e-08	1.8072823765241436e-08	1.3316084325005085e-07
YPL147W	-17.080543898723775	1.108922745910766	6.950205059414641e-08	7.083282594687481e-08	6.163121497043429e-09	2.3713620987478194e-07
YLR168C	-15.955178950382814	10.28990793736286	0.06230020526804081	0.10074652903330428	2.5899344073880055e-14	0.9599876083021294
YPR191W	-13.943741359203342	2.9930523911912097	5.8143610250925526e-05	9.139483883581385e-06	6.307197638898895e-09	3.8311447550257325e-05
YKL068W	-17.59567304104783	0.3077598053708186	2.3884936692427287e-08	2.390165364269983e-08	1.374058550443756e-08	3.780227615526093e-08
YPL196W	-16.84959469887761	0.8394347823432988	6.932943380195106e-08	6.864557822654376e-08	1.2095466487403672e-08	1.9194287853147984e-07
YER143W	-15.595733099625432	2.7742312693450395	7.392082705938131e-06	3.463954006058331e-06	1.8375128255909166e-09	1.5746818906708782e-05
YKR013W	-16.300745903143962	0.32693689168961737	8.768962171465153e-08	8.784859360684275e-08	4.862788610023534e-08	1.425647409946565e-07
YIL165C	-16.04168905622717	6.273759654912581	0.006646437377446637	0.009499819717241821	4.857042764068239e-12	0.007781590661897862
YHR177W	-17.824044145186036	0.32342980849631076	1.9100651684224408e-08	1.9129163713999228e-08	1.0661867484749588e-08	3.089933533516251e-08
YDL138W	-17.941160676674173	0.4715938293449621	1.8145119334869754e-08	1.8051844476471427e-08	7.436126241744083e-09	3.506156813372108e-08
YGR086C	-14.775631050921929	13.199118632718063	0.1371717518819665	8.462120996901776e-07	6.25233634506492e-18	4.627967103702764e-06
YBR292C	-16.84938806565404	0.6239372854536764	5.8461825418500204e-08	5.8231150548898084e-08	1.721061375882563e-08	1.3351875079572047e-07
YNL285W	-16.672878623846174	0.6817091027498481	7.23226188745107e-08	7.1630542482045e-08	1.8607146089967958e-08	1.7355637930906326e-07
YOR058C	-17.42388261728884	0.5748984482994851	3.16290093438984e-08	3.187137830301916e-08	1.0505047055345772e-08	6.944055335778862e-08
YDL085W	-16.79206854875629	1.8735549428593958	3.01944579897329e-07	1.9566859940588697e-07	2.268879382936029e-09	8.458236819793462e-07
YPR094W	-16.511075294424884	1.4590762140249696	1.9573188558248135e-07	1.9979584641243116e-07	6.1373725192884956e-09	7.564690676763903e-07
YGR237C	-18.269405042658747	0.41661673056453324	1.2647630216254989e-08	1.2688061666904264e-08	5.862294372006609e-09	2.3084941032890685e-08
YJL177W	-14.38673777526965	32.70041059131551	0.33844602308499216	0.43639697714835024	4.370570066040316e-28	1.0
YCL002C	-16.786702183447034	1.0676590220592137	9.197003907734781e-08	9.129934909473936e-08	8.864113054894699e-09	2.987652779282417e-07
YML019W	-16.741234302048525	4.121136384088425	0.0001257837473460613	1.6240739840833873e-06	5.275113392871949e-11	7.895460316263778e-06
YDR300C	-14.351862191056354	2.8758549127436637	2.923575683291141e-05	9.694338507658697e-05	8.211281830259807e-09	0.000252953725833995
YAL054C	-14.748467618724318	2.4669726928621176	8.549985182670287e-06	1.451174920620209e-06	6.1112530862532224e-09	6.964690354522892e-06
YGL248W	-17.059704068022967	1.4894816343859851	1.2656320331273858e-07	1.1726584294928958e-07	3.364964316999172e-09	4.509345990126733e-07
YJL073W	-17.62929909957964	0.9602396271386388	3.415768109378939e-08	3.4580774367262075e-08	4.53277150644878e-09	1.0544203346441979e-07
YAL025C	-15.556674407090012	2.24688562911148	2.026014926464011e-06	4.0025283410625945e-06	4.676041265806716e-09	1.3985076497062622e-05
YLL002W	-16.935039721219056	0.7302157437373938	5.8110106412044606e-08	5.7181678620716595e-08	1.3243961903599482e-08	1.4514312483527964e-07
YDR018C	-17.179992789366935	1.6890249050394357	1.4010045253900128e-07	1.0237100220137256e-07	2.074565660534589e-09	4.235556474537347e-07
YNR041C	-16.40059857803206	1.4342697997668405	2.1772310916661193e-07	2.1717958940504582e-07	7.139476212125313e-09	8.201851208426968e-07
YPL211W	-14.154061061542235	13.206129294245688	0.14184823253056647	0.19674907440114217	1.6832231118004677e-15	0.9999245946927036
YOR154W	-17.656339326721337	1.1415301392965818	4.128130992839385e-08	4.148245650732337e-08	3.2842882315304713e-09	1.4120077482203623e-07
YEL038W	-16.80337506657159	1.3239952811352695	1.2209136294412732e-07	1.0915776004724956e-07	5.612614755905459e-09	4.018675643998289e-07
YDR019C	-16.72576345671476	4.268641327533304	0.00015726101296488037	4.325793544951073e-07	3.337530391302035e-11	2.3475102751358705e-06
YNL067W-B	-16.65077448696755	1.2769302822061699	1.282261928709654e-07	1.3315296877868386e-07	7.184934218697243e-09	4.806018347064621e-07
YML120C	-14.943141474091318	8.524549653540253	0.04499005161975105	0.09919201595978916	1.1674383643506975e-11	0.9053135114931157
YOL043C	-16.971509256189876	0.823220845900952	5.993817204821534e-08	5.8578008510636796e-08	1.0910043588433744e-08	1.6070651007469638e-07
YLR103C	-16.569107876516867	0.9308186998336622	9.84653248367101e-08	9.605822394485117e-08	1.3674693550251685e-08	2.862946913147907e-07
YML030W	-15.309642333574812	1.9505614409060625	1.441274461278777e-06	1.8768178263731822e-06	9.29976247071439e-09	6.953135718699515e-06
YLR079W	-16.063456933880644	1.7065204373678284	4.635688855554907e-07	3.102586493061987e-07	6.137475395344169e-09	1.2883712469582523e-06
YGR013W	-17.70118972655544	0.7097820795777718	2.6506412680336054e-08	2.639555698958553e-08	6.381313908879364e-09	6.592426615633201e-08
YBR072W	-13.91942302964999	9.16175656847036	0.06894659537276382	0.09977442441404823	1.1292139105762697e-12	0.9415101528872806
YLR221C	-16.294121357431123	1.810347750534609	4.3043817365686666e-07	2.691055920484687e-07	4.086684510930378e-09	1.1471034990019773e-06
YGL256W	-15.602111493536723	1.637249701010013	6.971483127708632e-07	5.737694062366635e-07	1.1305810991927849e-08	2.3556977546592447e-06
YLR234W	-17.64946580681972	0.6598742242462143	2.66645638103576e-08	2.688498151494439e-08	7.3033295858246846e-09	6.39571758997108e-08
YER037W	-16.89848631226849	1.1296151908034362	8.759901400654461e-08	8.603441490821377e-08	7.133450574918246e-09	2.911732036680126e-07
YGL194C-A	-16.844463492416963	1.1385652916644786	9.212804982092637e-08	8.970762387012421e-08	7.378831618861137e-09	3.0401762470787756e-07
YNL162W-A	-16.88775801439695	0.5484415514630673	5.420215329384258e-08	5.384487815770342e-08	1.8790302705566694e-08	1.1416840428301449e-07
YJL156W-A	-16.793778528132663	0.9177843234132304	7.723556399110544e-08	7.739753040366933e-08	1.1226713456036814e-08	2.295848098544897e-07
YOL155W-A	-16.838412829115242	0.69905329820508	6.212737010515553e-08	6.214318185003176e-08	1.5408743926880444e-08	1.5366435500134417e-07
YKL106C-A	-16.773041707136855	0.5097213259335676	5.9188321842927306e-08	5.908726906274311e-08	2.2442017598930018e-08	1.199489484567844e-07
YDR381C-A	-16.43909376279842	1.0320981526083908	1.2295511657774071e-07	1.220207416143204e-07	1.3238168347766358e-08	3.9036133176922473e-07
YLR438W	-14.148095914345687	6.890015743005872	0.02422409828370384	0.0493297405138426	9.487609367717866e-11	0.3751904903421566
YOL096C	-15.045412868633504	5.229462723549547	0.003428305794329873	0.006780333528561337	1.282007449846033e-10	0.008412930255750826
YAL053W	-14.203129448543406	2.4168431129176096	1.242331625983512e-05	8.79367818338767e-07	8.75288798315125e-09	3.7790565460241007e-06
YDR036C	-14.533466318310458	1.3589967468749815	1.2223395128345635e-06	8.022636819811047e-07	4.812671448467626e-08	2.870110005167255e-06
YNL009W	-16.952474103331753	1.5199182452006244	1.2857670660457082e-07	1.1951192682030955e-07	3.511304092573329e-09	4.707190496043592e-07
YGL237C	-16.321976491505467	1.489182306073041	2.4796766213707656e-07	2.652005497159634e-07	7.090714463555371e-09	9.979944940173485e-07
YGR271C-A	-16.348972019558644	1.5732774727476249	2.501392068414125e-07	2.430456948116498e-07	5.9075916428338916e-09	9.694060648771134e-07
YJR112W-A	-16.832365541625023	0.8668917812377235	7.100315503133556e-08	7.036774904132765e-08	1.1697152299317407e-08	2.0038896654493485e-07
YMR107W	-16.704466758667678	0.9618475364538388	8.707221189645175e-08	8.856756811213707e-08	1.143403024913071e-08	2.711149675981609e-07
YJR035W	-17.559779474229074	0.8312734632835195	3.345481497246787e-08	3.3363627319647706e-08	6.0179149902790445e-09	9.259556653806524e-08
YPL038W	-16.719291338137538	1.1048013666718748	1.0149063592314978e-07	1.0019203486974667e-07	8.889293785266453e-09	3.344521745118868e-07
YCL055W	-15.344161894922946	3.823013884778073	0.00014535979220460987	7.005793824258351e-06	3.8110701124478803e-10	2.8069416158349055e-05
YIR013C	-16.190560509138578	1.124180600447776	1.7345551384819592e-07	1.7196751514855207e-07	1.4583203193120575e-08	5.794934537412021e-07
YGR256W	-15.902902848720968	2.846160798756864	5.22702499783376e-06	8.309561296865491e-07	1.0296572882612224e-09	4.153613401155342e-06
YBR268W	-16.03556509692244	1.233081994391706	2.3319156649044852e-07	2.2976477886547787e-07	1.4258475406438463e-08	8.158554993317202e-07
YBR173C	-15.391990325159695	9.622334745893284	0.057412011293985876	1.2158926410841188e-06	4.3523416094317225e-15	6.307308539982738e-06
YJR085C	-16.298575771296584	4.723331201257555	0.0008170306599501672	0.0009113386495273123	4.0093758385784234e-11	0.0003728414298191424
YAL012W	-14.261209937024615	7.995229525021752	0.040721009885808034	1.118984510223414e-06	2.356914866006061e-13	6.656083799394678e-06
YBR045C	-17.99433769942769	0.8025524701629216	2.125610034161232e-08	2.1141135985931366e-08	4.090870622226048e-09	5.734573082725577e-08
YML007W	-17.387793776718155	0.8953772415273241	4.247018804259889e-08	4.176926990574396e-08	6.4312925306023355e-09	1.2182733120072924e-07
YJL056C	-17.89649633420848	0.2720260687555951	1.740729673474252e-08	1.7523946075327104e-08	1.079260288590641e-08	2.641170851790722e-08
YGR080W	-15.986786993810894	0.6665313944868833	1.4315663596209638e-07	1.4170507037716717e-07	3.797236486646109e-08	3.3880783417708476e-07
YPR064W	-16.811508776060492	0.7942986901731515	6.875050169283345e-08	6.861311489224146e-08	1.3533443285368424e-08	1.8486411209028727e-07
YDR519W	-16.179112070611865	7.956279088413865	0.02244772297500928	0.032395513341538104	3.32481136546958e-13	0.12644481284424494
YOR071C	-16.46843396503462	1.7627365822069716	3.204731632721183e-07	2.73175610618927e-07	3.834005700167345e-09	1.1464942149319462e-06
YLR243W	-15.512809820656186	4.836986871402065	0.001402730454856608	0.002733447926182508	1.1117174793117222e-10	0.002270352862770214
YJR057W	-16.685616383424332	2.60645806202768	1.624756711357696e-06	9.414895942680028e-07	7.724229465748679e-10	3.671647520962009e-06
YLR241W	-16.658432662087947	3.1083898646164503	1.1046553026772543e-05	2.044768004556636e-06	3.720709415401689e-10	1.080149260345459e-05
YMR128W	-16.56325029937689	0.0367949822444743	6.41479674036633e-08	6.41164306537024e-08	6.030946386804414e-08	6.806635451507741e-08
YOR220W	-16.346241321728286	0.5987419041078255	9.522071848490888e-08	9.505780582545891e-08	2.970030240872991e-08	2.12524915079112e-07
YFL041W-A	-16.483098363759183	0.9740056899537113	1.1236620896449305e-07	1.11737426652368e-07	1.3984683288575321e-08	3.45133214789883e-07
YER029C	-15.747417703221073	1.2950096021920716	3.281736442152272e-07	3.4837046001955356e-07	1.7283421434289864e-08	1.2657140302650894e-06
YOR089C	-14.569176651138333	11.00732872574909	0.09942360815723719	0.14004623122800705	3.684316179828438e-14	0.9958271394651822
YML015C	-16.19086099726772	0.6122874754554862	1.120284087218218e-07	1.1213629986608695e-07	3.3927771220774506e-08	2.543257653875639e-07
YPL068C	-16.868550392472372	0.7391914856610239	6.257626752811238e-08	6.180849239583253e-08	1.3962930984437153e-08	1.583400464068208e-07
YOR161C	-17.593947689013277	0.5118811195588608	2.597824904535322e-08	2.6030164774468245e-08	9.840167943184153e-09	5.296896519263875e-08
YNL202W	-16.72403753510369	1.8073295787005519	2.8615466409293946e-07	2.185281717189492e-07	2.742536465679194e-09	9.176678583602185e-07
YBR136W	-16.891885345635075	0.5962543149854065	5.5553841883964174e-08	5.49664710279138e-08	1.7248082676556896e-08	1.2253309276557677e-07
YNR034W-A	-16.167888767923415	1.7999512323688194	4.591648395702948e-07	5.144713875519931e-07	4.9401781904377975e-09	1.9354106130298977e-06
YJL001W	-14.019900039661662	7.247743290620343	0.03330638128302378	0.04603906203985443	1.629091907636843e-11	0.3330735983599382
YER040W	-17.933908831467107	0.4538249139610566	1.820568684231954e-08	1.8036147268245895e-08	7.71241313818896e-09	3.430038744112033e-08
YCR015C	-16.947957823890448	0.8503171553234191	6.24274206582453e-08	6.26893217625569e-08	1.0767867534565509e-08	1.7686911768303595e-07
YOL135C	-15.917452327449793	1.1193517370460282	2.233401453835206e-07	2.2350320261886843e-07	1.92815021415737e-08	7.514695113656441e-07
YJR019C	-15.734457774561816	9.92525132245086	0.06226758277666453	0.11185645259529446	1.5122231320576208e-13	0.9692605473380895
YKL211C	-13.978803210318075	4.511076568215599	0.002184171591492977	2.054183006400769e-05	4.80059260099031e-10	7.143305698149188e-05
YJR108W	-16.86477789590643	1.1628049847863553	9.645802744591639e-08	9.181810390932716e-08	6.972638260422396e-09	3.156122727664515e-07
YPL209C	-16.25615360350021	0.34955571929953744	9.24735447359647e-08	9.262378327830217e-08	4.9013973780741203e-08	1.547976571617671e-07
YFL021W	-16.93575109916199	0.5169652015564242	5.0266781764440646e-08	5.038768149427313e-08	1.8845950993838543e-08	1.0307144164903211e-07
YDR483W	-15.081481756097856	3.2331312059699036	3.5634823137159784e-05	3.0615941117404004e-07	7.312895314555603e-10	1.4460879964643349e-06
YHR076W	-14.238281441380606	2.328643868027928	9.782031330635415e-06	4.890388089385544e-06	1.4538569886790138e-08	2.1754877865044345e-05
YMR234W	-17.253587057661917	0.2743186834841392	3.341624577110498e-08	3.334810796192657e-08	2.0450254144204824e-08	5.042485811809744e-08
YNL338W	-16.228271122345888	2.485482524669175	2.1449950063680838e-06	1.9852633273594913e-06	1.5014993919391022e-09	5.385547082335453e-06
YCL057W	-16.67719320215909	0.7773568644498688	7.683436818001906e-08	7.670663808774243e-08	1.5857086365597928e-08	2.030803708985991e-07
YGL009C	-10.921950552824638	0.12398596999233231	1.8202530027831357e-05	1.8162330827432523e-05	1.4716915952379798e-05	2.2072138088836537e-05
YPL132W	-15.684479313969133	2.974686094794339	1.1846755563536519e-05	2.7825005202351467e-05	1.3598475733748464e-09	6.062683824539916e-05
YOR310C	-14.145535134253079	11.125579548543573	0.10190957378754631	0.2123203829776198	2.371129276980652e-12	0.9995546433744573
YMR073C	-16.788432089867257	1.8409299569143847	2.6347710214839503e-07	3.144661721634437e-07	2.490443706622951e-09	1.1376745523997133e-06
YGR186W	-17.53955505809536	0.19455598593201517	2.4629923815000608e-08	2.4592122350383317e-08	1.752032702581814e-08	3.3229469386780264e-08
YDR182W-A	-16.374363684816473	1.2755805298546359	1.707944410374261e-07	1.690283461916547e-07	9.435640479136074e-09	6.119002198669602e-07
YKL170W	-15.3676596121888	2.3660892214939655	3.0776066638526324e-06	4.670145963489182e-06	4.487674635946087e-09	1.454044346995183e-05
YCR012W	-13.987911099721897	17.803945622326914	0.21923979568557467	2.1072115703542543e-06	1.9419591048029597e-21	9.753806594972064e-06
YBL011W	-15.864388165712809	2.7104044193072805	6.296542189647006e-06	4.973902767528611e-06	1.7673915853642365e-09	2.440111072104057e-05
YIR026C	-14.97002166813145	2.0715240084507203	2.690686896447327e-06	1.3692593553319709e-06	1.0133307619814854e-08	6.267672435904312e-06
YJR039W	-18.43569069812	0.2144725572801207	1.0027131424028422e-08	1.0075767412762612e-08	6.917739185135429e-09	1.4008838981070053e-08
YBR248C	-16.895595833623887	1.1523904509185328	8.792724502146508e-08	9.122718625855567e-08	6.9290078587685185e-09	3.1276095535264213e-07
YLR034C	-15.753991967206458	3.6848213505229954	0.0001249927520164685	7.115956474439473e-06	3.5378719387242703e-10	3.0070353558923514e-05
YIL015W	-17.984706287556747	0.13439036462055737	1.5589041274476647e-08	1.5604518096889672e-08	1.239480102409151e-08	1.928662523125382e-08
YIL030C	-15.672597087840769	0.15648860077020568	1.57895668545871e-07	1.5799338151827247e-07	1.2063260719541846e-07	2.018117877516e-07
YHR216W	-13.31224217060044	2.589134696505723	5.602989624717543e-05	2.098790514290149e-06	1.526033422452105e-08	9.117426248479481e-06
YIR008C	-16.399595774499886	1.4606040336704373	2.2187913016559268e-07	2.1716112181341793e-07	6.827975910362393e-09	8.340647248994007e-07
YOL052C	-16.022224439112307	1.4343689222688372	3.0100383843672845e-07	3.4714948892352545e-07	1.0517405320620987e-08	1.288863024048189e-06
YOR316C-A	-16.796587664540112	0.5598345713437116	5.933702926673298e-08	5.935975050612727e-08	2.020176866927349e-08	1.2743240137665136e-07
YML117W	-17.104032007912593	0.24390005220679015	3.846919994162936e-08	3.839645095116476e-08	2.494955634279568e-08	5.56604512098237e-08
YPR007C	-18.198418211927475	0.3220181861134058	1.3167077035490215e-08	1.3155569319834665e-08	7.353226042664749e-09	2.121176726109053e-08
YDL197C	-17.406834300426254	0.3869054809991791	2.964501824080673e-08	2.9666337702472826e-08	1.4566837205940838e-08	5.1988364410948595e-08
YBR162C	-16.170377982802876	1.7773175531162853	4.461230066197921e-07	5.095273578119934e-07	5.158467530288461e-09	1.995803108467607e-06
YKL132C	-17.262335251457245	0.9879041352782969	5.207388802476903e-08	5.1713848461429047e-08	6.260640812600335e-09	1.6097599248263153e-07
YHR097C	-16.400235398345814	1.1981945418225401	1.5294144523972675e-07	1.5902852141676837e-07	1.0547380686231136e-08	5.560507714552249e-07
YBR149W	-13.572020025874009	4.08911007545416	0.0012386515113829708	1.5507270523345894e-05	1.2322950301898394e-09	5.5638691966328e-05
YOR028C	-16.855196447963664	0.8439241551177361	6.816017288973557e-08	6.734695264434434e-08	1.1875084307619292e-08	1.8817806748359126e-07
YHR016C	-16.110282980161358	0.9872918336655182	1.6256035040363377e-07	1.6348126478103268e-07	1.9832916324784897e-08	5.089261344821444e-07
YDR172W	-14.204997031550375	2.2873921529390295	8.561349443904809e-06	2.120579412781626e-06	1.4146175427563638e-08	9.729131566830599e-06
YAL060W	-15.746952238922658	5.78882361877045	0.004447671558203305	2.8682172734546553e-06	6.256782244632216e-12	1.4472883005606183e-05
YBL032W	-14.012899750328144	2.9943696307611947	6.279226254638072e-05	9.293225549367278e-06	6.015366567913552e-09	3.903649737856957e-05
YJR119C	-17.505603095641348	0.5552209010592322	2.9217542988387956e-08	2.9079706239311347e-08	1.0008709051049784e-08	6.207330481132152e-08
YGL078C	-13.998966614258462	25.636441511518402	0.29689899327549824	0.5372320382248892	2.7986408344149143e-18	0.9999999999999996
YHR101C	-17.192037061461434	0.4269396532990912	3.751530838170096e-08	3.7400871361772034e-08	1.6915747875547014e-08	6.886602392881154e-08
YHR005C	-16.619368727210897	1.59525649083701	2.2652518450609192e-07	2.3193355774254667e-07	4.414356836147583e-09	8.860273541254884e-07
YMR317W	-18.195421331701056	0.2350772667066737	1.2910390455366945e-08	1.2857628567677002e-08	8.496430160166509e-09	1.8405645501344583e-08
YJL052W	-13.926422197263674	3.66494183594502	0.00042327483354793566	1.1798177056396272e-05	1.9171784892184784e-09	4.5524625722982136e-05
YMR252C	-16.868550392472372	0.4757791673812331	5.316349000687805e-08	5.2678724825895494e-08	2.1537414155784036e-08	1.0272195998843857e-07
YJR033C	-17.980329176695506	0.3871993956064782	1.674041968901937e-08	1.6743564121107303e-08	8.215374955343071e-09	2.934864295947174e-08
YDR331W	-16.73709976087521	1.2450043219224243	1.1330060713557359e-07	1.1711999275455782e-07	6.946084792523922e-09	4.182777859190574e-07
YBL091C-A	-16.758732113020216	2.8161186691316327	2.6043363112307003e-06	6.151366495775087e-07	4.858009091308481e-10	2.855664791151719e-06
YBL031W	-17.20812957832166	0.23455922077103947	3.45111328366911e-08	3.4554011302232936e-08	2.2849273282514207e-08	4.943222143759791e-08
YGL018C	-16.02028719137232	1.8909060892957705	6.152540448303753e-07	4.45462364065378e-07	4.769529842894938e-09	1.9011413128161762e-06
YML131W	-16.063467275664863	0.8863459465786525	1.5710952616604443e-07	1.471961224463863e-07	2.405917674875795e-08	4.198088594925234e-07
YJL105W	-17.73774968424621	0.609950510779668	2.40189776279037e-08	2.3838072078975547e-08	7.2513901274653e-09	5.394079278642002e-08
YGR053C	-16.868550392472372	0.6683723380148879	5.854006301252489e-08	5.870827309257342e-08	1.5674859987816395e-08	1.407066956857924e-07
YHR146W	-15.178406748943216	7.3346450818880715	0.021576704478358587	0.05218873212462405	1.9943636079457738e-11	0.4207089371046229
YDR246W-A	-16.856469617597014	0.4645191779809595	5.2928294345272954e-08	5.318349146543031e-08	2.224095338278414e-08	1.0245534678754147e-07
YBR151W	-16.568403659061715	2.177098472582569	6.865800353418426e-07	3.479399723628764e-07	1.7139067678858089e-09	1.5771169740819215e-06
YHR149C	-18.305135291848984	0.1925560003142303	1.1391917099095133e-08	1.1435300504510607e-08	8.174950260437711e-09	1.540786839665915e-08
YAL018C	-16.18069893441205	4.112189476368752	8.584779678001268e-05	6.290005774097398e-07	7.450358931710148e-11	3.3462348792689506e-06
YER013W	-17.579203317590512	0.014201858622965653	2.3200061594604766e-08	2.3200196067346738e-08	2.2661744040298796e-08	2.374569672606639e-08
YKL072W	-17.836335632506945	0.3398593384038017	1.9022033185831912e-08	1.9004182106367318e-08	1.0250534180563915e-08	3.135716812345702e-08
YJR034W	-16.617785919247382	1.0628921966925169	1.0447515797042179e-07	1.0713081954163155e-07	1.055985957139778e-08	3.4977884740704353e-07
YHR113W	-15.122094359126278	1.3618899644864944	6.715163752701504e-07	6.879284517057825e-07	2.8941289935449234e-08	2.605555492801811e-06
YAL062W	-16.44572977857861	2.6624405609939754	2.4631791358952115e-06	1.027405337554193e-06	8.991148764400257e-10	4.707517574581543e-06
YOR034C	-17.85770070808283	0.4682038233304616	1.9646994942538293e-08	1.9581401163239446e-08	8.12249402721882e-09	3.7873261257993284e-08
YBR197C	-16.805645774024725	0.9154488057876576	7.585116550371822e-08	7.565059714254536e-08	1.1104436068057944e-08	2.237024547584817e-07
YGR077C	-17.86522586602294	0.33722437273103817	1.8429517744042282e-08	1.8425986207889653e-08	9.9965358155423e-09	3.029986394468054e-08
YBR182C	-17.665687764726684	0.21279014552192022	2.1808746412589592e-08	2.1755970539818988e-08	1.498733220116188e-08	3.017245071476856e-08
YDR263C	-17.048982649831288	1.20021153752909	7.973227845114054e-08	8.245712230512664e-08	5.484348700143577e-09	2.888400400836394e-07
YER092W	-16.29463610660676	1.836029776086123	4.761477063663567e-07	3.535779357680772e-07	4.029878485587439e-09	1.48316703869638e-06
YPL189C-A	-16.464714126567543	1.2368309944604559	1.4706690179544087e-07	1.5277412311710163e-07	9.244313697934038e-09	5.429691457049314e-07
YER094C	-14.830875280437978	16.49250237366414	0.17662489141704427	0.262479618811255	9.306400496113925e-18	0.9999996829355678
YPL038W-A	-16.873576730395854	0.5795221846130084	5.5295773759660696e-08	5.551179214956328e-08	1.809197268148864e-08	1.2164752783075735e-07
YNL262W	-17.553533940205654	0.026865031949882254	2.380740946602207e-08	2.3809820786378313e-08	2.2772185344935973e-08	2.487650778345159e-08
YBR047W	-16.759506953204237	1.3736752686106348	1.407326219128311e-07	1.3788353827559586e-07	5.508596830145246e-09	5.122394132223024e-07
YPL085W	-18.48386485124611	0.017881821450676415	9.389759398715626e-09	9.389185456074082e-09	9.11532808447323e-09	9.667669948176107e-09
YGL053W	-16.76209234646447	1.478962913281402	1.5080752226299978e-07	1.4963872134057517e-07	4.5887095802320045e-09	5.760239048254452e-07
YKL133C	-17.199185897676927	0.46869649881465525	3.760087439581672e-08	3.773628710822405e-08	1.5655790605037236e-08	7.30080004274279e-08
YER066C-A	-16.244297362944764	1.1542020749573754	1.7078059315685362e-07	1.5499033078455936e-07	1.2912348866287446e-08	5.248335095004875e-07
YAL026C	-13.093973479169291	0.21004269542966614	2.1003847366661105e-06	2.114445188428319e-06	1.4623665714737211e-06	2.9224565996088487e-06
YOL033W	-17.01099292147481	1.1687543322684408	8.094541497151887e-08	8.267826054720446e-08	5.998945607910051e-09	2.852979153541057e-07
YER102W	-14.874615134068518	33.68380540015898	0.3316006410533647	0.445821421375913	1.0102998507272688e-28	1.0
YOR385W	-16.868550392472372	0.7510284305099708	6.224289283187319e-08	6.023949664389925e-08	1.349711025907954e-08	1.5441692294093032e-07
YHL025W	-16.001372146471823	0.3263116881044758	1.1840164491805987e-07	1.1836362746613246e-07	6.56329713221377e-08	1.9182356872831758e-07
YLR443W	-17.06541834744783	0.5677653974642625	4.574255667290819e-08	4.5591561892888927e-08	1.5239542850430915e-08	9.867200924741785e-08
YNL333W	-15.061587739569587	7.722753154778186	0.027748085435503913	0.048235516516541566	3.1612681687634185e-12	0.37074965192893966
YBR167C	-15.481979366254746	2.1974740260900325	2.5362069964679873e-06	5.428744425206781e-07	4.449981454710912e-09	2.4606734782979728e-06
YLR190W	-16.534181744042854	0.19397807075534648	6.72828654113729e-08	6.720397141752878e-08	4.792736374849279e-08	9.072751244650767e-08
YHR208W	-14.32329069090447	17.891391458797727	0.21486771230832602	0.36952625335381856	1.2411151335064403e-16	0.9999999970184101
YAL065C	-16.74733505621478	0.4611518367711983	5.912993125082812e-08	5.927125221332071e-08	2.4943529255811537e-08	1.137236234562059e-07
YHR141C	-15.625670114700169	20.37525470352713	0.22067503572206207	0.2688985340331434	2.174986164978082e-21	0.9999999972638278
YLR271W	-16.660643255244196	0.5438632743979124	6.781757182160218e-08	6.745870402718931e-08	2.3759602882022923e-08	1.4232717902825163e-07
YGR204W	-10.768002132718903	0.05136834212090506	2.10977061488613e-05	2.1111481387480518e-05	1.9379637663941688e-05	2.293826694195206e-05
YKL006C-A	-16.406793451221148	2.948586541034033	5.3942150566513585e-06	7.3170159820215334e-06	6.031806583524424e-10	1.2827014979543128e-05
YLR201C	-14.79479119525895	3.3168070698465417	5.4996936823124514e-05	1.1443456405001577e-06	1.1299291295278423e-09	5.747290642379834e-06
YPL216W	-18.34425409105532	0.3162231138550303	1.138871572656483e-08	1.1334843251523004e-08	6.4097734626459775e-09	1.8131839844017816e-08
YGL093W	-17.740485299051926	0.4717036084718371	2.2099858406997866e-08	2.20447351534097e-08	9.080143884310087e-09	4.282862045569329e-08
YFR047C	-15.75947894638446	3.44411545132213	2.7322839819014085e-05	7.252694158590304e-07	3.742883922162991e-10	3.7589189517262185e-06
YIL048W	-17.86709915266802	0.5928320726006693	2.0403553333914554e-08	2.0757798322904704e-08	6.5599236615779694e-09	4.6168741402376664e-08
YGR055W	-14.685887754030047	3.0868536769165047	3.7985499746110565e-05	1.2003259408093407e-06	1.9410824608329066e-09	5.971787045149107e-06
YAR035C-A	-16.79722315925099	0.4115037024941452	5.509327206253271e-08	5.518824930985845e-08	2.5768006677470707e-08	9.977838320238395e-08
YOR264W	-17.266988214477152	0.4498416829386446	3.5284574396527666e-08	3.50310108809844e-08	1.5113436630489723e-08	6.629348968733858e-08
YJL059W	-16.96907372862259	0.9865275131291789	6.881448948203687e-08	6.843242150870756e-08	8.386754033218076e-09	2.1231083577080542e-07
YKR027W	-17.35830961066786	0.4763568449268811	3.2179907959464753e-08	3.238377967264802e-08	1.3205109900420152e-08	6.324536006277698e-08
YLR212C	-15.042498627220267	5.622601837597604	0.0040253125445475005	0.014229549458364474	1.5869404705396887e-10	0.03172860766499194
YPR162C	-16.49143496348661	0.822614061177827	9.586503537549323e-08	9.703008187204108e-08	1.7813850004039955e-08	2.678070576488338e-07
YHR134W	-15.615154337641071	1.2573810778145518	3.6031147848062994e-07	3.4269818997113377e-07	2.0691111097652763e-08	1.2316341839815591e-06
YNL146W	-16.833716276706383	1.0900436521002135	8.934535203244409e-08	8.736063628197806e-08	8.109027573467542e-09	2.891467023683432e-07
YLL065W	-16.62457102364786	1.3943409219085205	1.6418523071707935e-07	1.6012991151465863e-07	6.080296703662406e-09	5.985838981005466e-07
YGR093W	-17.277992178432015	0.5489125143786845	3.6356379273998684e-08	3.628129782064952e-08	1.2675829669000138e-08	7.686623815822476e-08
YGR067C	-18.049422271310306	0.27588451467755215	1.509178656009834e-08	1.5056586883530072e-08	9.203481766115181e-09	2.2810530998452243e-08
YFR002W	-16.550801759885147	1.2933483372400498	1.4995848751579335e-07	1.4408257568202778e-07	7.680950328467533e-09	5.257327767202e-07
YPR056W	-15.500356979414574	3.7359302576044637	0.00011184038740358434	0.00031201213943940964	5.933137080449314e-10	0.00038100424600328567
YDR267C	-16.515755124558183	2.33680551262266	8.924171581795842e-07	8.670359256651968e-07	1.454651562211114e-09	3.4202620114638937e-06
YDR338C	-17.54905492709875	0.3913685569501921	2.5855151223804843e-08	2.5819446710643174e-08	1.2558823874359636e-08	4.5513011201223085e-08
YHR032W	-17.396540988288308	0.33568268718083644	2.9491015774434588e-08	2.9458888638484486e-08	1.6031230566458293e-08	4.8345529518348946e-08
YDR020C	-16.67350337435417	1.2968242509881258	1.3048654183176205e-07	1.3580965072022875e-07	6.8114684686902e-09	4.935716110509071e-07
YMR301C	-17.683233580690995	0.3534069160550278	2.2349030305152844e-08	2.2250681390694975e-08	1.1682884496717528e-08	3.7367768983579614e-08
YJR161C	-16.726519415614533	6.995911648991459	0.010961713235165715	0.016117541063850962	9.464943706795854e-13	0.02219187700224794
YLL028W	-13.24423735567798	20.694187368530393	0.26216538042077764	7.872621035436348e-08	3.623973629531254e-24	3.8597923802329357e-07
YOR027W	-15.098897854165626	0.9176486551262284	4.222118733964732e-07	4.298682616528381e-07	6.160493629728935e-08	1.2816350561204907e-06
YER166W	-17.425958031782287	1.1282668024466884	4.871393398285196e-08	5.100640454136423e-08	4.226393244198801e-09	1.7237212383969182e-07
YIL064W	-16.791980805363693	8.115952558208397	0.021998838229474214	0.039188457623365806	2.544698040099682e-13	0.2210185211423475
YPL058C	-12.49844791979629	0.2904800386514383	3.896522568680126e-06	3.7919988264888774e-06	2.2782949058786153e-06	5.796395241552989e-06
YPL089C	-17.88708296998155	0.4393139843829607	1.8692343355042042e-08	1.877657261608333e-08	8.271567064371972e-09	3.5097705792503087e-08
YER008C	-17.789660257397173	0.013110265912612275	1.879534426453389e-08	1.879688962397176e-08	1.8394278022061977e-08	1.920461286929493e-08
YGR079W	-17.253642521471903	0.3149161168493069	3.3558689007773664e-08	3.3750845869103154e-08	1.9126858445111967e-08	5.390079228499963e-08
YBR205W	-14.434981343228356	5.27262485968872	0.0058152167115859375	3.891623859742615e-06	5.0588738300661895e-11	1.9419025365633606e-05
YOR258W	-16.846172570855543	0.5089680626306357	5.471636921555588e-08	5.491587033172043e-08	2.0885276186299523e-08	1.113522596710702e-07
YMR138W	-16.774005942389707	1.2514895608242818	1.1444806451686607e-07	1.0863928426737521e-07	6.570524477974392e-09	3.8910863129323405e-07
YOL055C	-16.342981874586968	2.6143055053982467	1.8234352149702701e-06	2.118603583180103e-06	1.1484469161348946e-09	9.446768095785936e-06
YPR051W	-16.55637388958094	1.670170468527978	2.5820578329454304e-07	2.3734602312131666e-07	4.102117072155965e-09	9.515942913806835e-07
YOR322C	-17.85278030885891	0.31970262360013674	1.8621797581619227e-08	1.8566464224969103e-08	1.0428954793255529e-08	2.9825442749789653e-08
YBR002C	-16.855957352258685	0.958262223918494	7.60238993039851e-08	7.604786838657057e-08	9.884828808559813e-09	2.323432275922601e-07
YJL158C	-16.041884783969365	1.4826936219604452	3.305659445947849e-07	3.0352956306708635e-07	9.34914630861886e-09	1.1795724244630566e-06
YGL212W	-16.003862636477407	0.24367848169868864	1.1534224538074989e-07	1.1542585494610419e-07	7.5051215206833e-08	1.6724597534968075e-07
YBR296C-A	-16.74075022106372	1.5154118119583817	1.769252272222554e-07	1.583076168910482e-07	4.4036875925489644e-09	6.18202205969524e-07
YKL054C	-16.51222737351125	0.4441857543491583	7.471470824925946e-08	7.447930474701064e-08	3.247169007876822e-08	1.4010874727650256e-07
YLR390W	-16.629506505349838	2.0377260253025566	5.713511876999019e-07	5.356423987752453e-07	2.113390943598986e-09	1.8459332738916443e-06
YBL097W	-18.184947468493903	0.4164662324942332	1.3804701099956213e-08	1.3801313111022022e-08	6.376247658544838e-09	2.5096392160127755e-08
YGL241W	-17.5388157926147	0.38272969146690056	2.5853619634557236e-08	2.597186024666615e-08	1.2861789332555859e-08	4.527712308448184e-08
YMR058W	-13.21946906779449	1.3228968496920217	4.433309418558547e-06	2.6649805587181707e-06	1.9084694064464552e-07	8.992299147888316e-06
YGR017W	-16.372149126161077	1.6682805813840524	3.253715064326142e-07	3.617356414979907e-07	5.0406368981438864e-09	1.342324820338053e-06
YGR012W	-15.593366674926783	1.2540353268275688	3.6499372950534485e-07	3.328683023119071e-07	2.1094147583596632e-08	1.1907937919389012e-06
YDR498C	-17.13740121898516	0.9285989721763506	5.6096142452272475e-08	5.468619276175719e-08	7.7982125615169e-09	1.6305050595224476e-07
YPL214C	-16.229422345896438	1.693541685299072	3.819063087626537e-07	3.2239948284981365e-07	5.4585751232200844e-09	1.3228188516596067e-06
YML097C	-16.630140044254205	1.570392443847116	1.9485486408500157e-07	1.5970833068917623e-07	4.391765992107536e-09	6.408338606953953e-07
YPL014W	-16.66238017044887	0.6212904620516139	7.020442876037208e-08	7.051272304987374e-08	2.0902715059628625e-08	1.6155967600979704e-07
YBL050W	-15.226600867355229	2.7012513206254267	1.0629317879474917e-05	1.9254030768905333e-05	3.335049928482906e-09	5.2771182590176174e-05
YBR102C	-17.11879090320943	0.6153412958031353	4.407667173100843e-08	4.4425686315213375e-08	1.3359935437596217e-08	1.0105902710733176e-07
YMR207C	-18.07695053304704	0.22644596284041124	1.447294894719773e-08	1.4460189552562066e-08	9.709405213707474e-09	2.0444702518179823e-08
YHR175W	-16.480206825167244	1.5365486300399804	2.3189468411766142e-07	1.997584448910449e-07	5.491478045878927e-09	7.921382539021637e-07
YDL106C	-17.324368245631177	0.9343561306737187	4.6536041383974974e-08	4.6567965128931996e-08	6.44567937619243e-09	1.4003054684613473e-07
YFL015C	-16.837109120003134	0.6287958886504225	5.93521001320809e-08	5.9224705589627706e-08	1.728428036893078e-08	1.3652104746329978e-07
YNL091W	-17.85315016113671	0.45432761349444345	1.9431224235133205e-08	1.954662841614797e-08	8.354187193729668e-09	3.7189052815346715e-08
YMR242C	-14.13432714876508	28.32849142965435	0.30849113687273966	0.4034297386600768	2.6012143471065786e-25	0.9999999999999998
YOR156C	-17.279540391661797	0.8907924001030334	4.692334049566739e-08	4.5796047537109005e-08	7.190077314198882e-09	1.3264362608397162e-07
YGR120C	-16.054377315151925	1.6471479018454938	3.892658909390505e-07	3.682319858613697e-07	7.0391089684567075e-09	1.4949658462222761e-06
YEL043W	-17.64033561958857	0.526073204584375	2.51290976960077e-08	2.5060004171050464e-08	9.184878257591345e-09	5.180362400587063e-08
YJR123W	-13.617775034196894	40.055129339227	0.36379509139353616	0.5063368769026644	1.3092990712050457e-31	1.0
YKL009W	-13.767668345427593	24.78873444077721	0.28668218384585087	0.4112675136217269	4.33845269591675e-22	0.9999999999999674
YLR128W	-16.71754098880845	1.0464943011597294	9.290402109515223e-08	9.117741293582222e-08	9.720446146325794e-09	2.925420259894492e-07
YDR049W	-17.30966627720882	0.8171056492525646	4.239166643826327e-08	4.228964030160364e-08	7.910431006996328e-09	1.1602280042935376e-07
YOR298W	-17.370454977871105	0.7577941211516939	3.851816479237553e-08	3.7968163862760505e-08	8.20754484350859e-09	9.893913050300266e-08
YNL217W	-16.808502265129192	2.7951519459382705	1.9800072528971254e-06	2.850861666837331e-07	4.416035021969146e-10	1.4100623286737258e-06
YJL046W	-17.1731391201254	0.7312961334782041	4.530432111217416e-08	4.5319156233107736e-08	1.0431500773744826e-08	1.1526476925168649e-07
YDR116C	-15.810754952291246	1.6927009726878772	5.713066798200105e-07	7.00551206685373e-07	8.559467838547686e-09	2.6254294703867835e-06
YBL029C-A	-16.59453482695315	0.9429994608775639	9.704065869438388e-08	9.706802186149061e-08	1.3164586237998993e-08	2.933716689797569e-07
YKL120W	-13.616812222703812	10.75525974549322	0.10957659293000936	0.1761553927923538	5.895731141933005e-13	0.9986249485782694
YHR182W	-17.99718906054548	0.5041456970665035	1.7292760707129638e-08	1.7279419011468128e-08	6.648257934953388e-09	3.4803971986224296e-08
YKR026C	-14.905536992891212	3.1542183412462452	4.434812381181934e-05	9.780079285838201e-05	2.51404344761004e-09	0.00018754060057131055
YEL068C	-16.77070798994899	0.7164777080324439	6.740235635455996e-08	6.683788126740473e-08	1.5967222094840917e-08	1.674726008565358e-07
YNL161W	-17.30081700450026	1.5231677724387214	9.690637727309806e-08	1.1014765216806033e-07	2.519861295725318e-09	4.03882785666378e-07
YBR123C	-17.67784709415828	0.4767747078661312	2.352834752743947e-08	2.3548207616679885e-08	9.5940322634222e-09	4.601342713776451e-08
YCR044C	-16.822455942944345	1.1167431020017022	9.39323362461061e-08	9.17660764498466e-08	7.86183597706249e-09	3.0872516169195483e-07
YNL272C	-17.66419919915714	0.5067060470566522	2.43074652321785e-08	2.4237229784813054e-08	9.258602978150073e-09	4.903724180651697e-08
YMR201C	-17.11129804529699	0.5449817187622416	4.2918426269440695e-08	4.29864193726879e-08	1.511204636006286e-08	9.078038875880195e-08
YNL026W	-16.600890215378243	2.5492627521138695	1.3680442417931646e-06	4.413899017401184e-07	8.796947600791684e-10	2.1284380509390347e-06
YNL206C	-15.92364116738534	0.8817922950689507	1.7866968756710116e-07	1.8075386967762938e-07	2.8557786755636687e-08	5.232284765793321e-07
YFL053W	-16.587553015481518	2.519307324421076	1.3258158505269072e-06	5.791233337289382e-06	1.1281094191595734e-09	1.92287834278335e-05
YNL063W	-16.914113065643306	1.27029663251857	1.0733858489210598e-07	9.853116571707833e-08	5.559424243268288e-09	3.5579443752735296e-07
YGR201C	-16.491289909020253	0.8352435960138185	9.74255948056253e-08	9.765271615565399e-08	1.742715896094572e-08	2.720325469993093e-07
YBR196C-A	-16.82897849930376	1.0218361267471006	8.227509099248405e-08	8.289186674714507e-08	9.146791653223698e-09	2.637947196350639e-07
YKL180W	-14.41315062830945	35.21029942170931	0.3460584618248755	0.4503682285767895	1.020195041083271e-29	1.0
YOL025W	-18.018665059463075	0.3586201852225177	1.59502765863814e-08	1.594170737129584e-08	8.286960843422782e-09	2.6964420100477027e-08
YIL004C	-15.617610766036888	1.6670882641202347	6.369346770067725e-07	5.288144522439343e-07	1.0429942934053939e-08	2.175969986421733e-06
YEL055C	-16.884323734565626	0.6511135914487323	5.7421358467120085e-08	5.732649331467478e-08	1.590830753806942e-08	1.352162096724052e-07
YOL092W	-16.27918158083847	2.390615201941794	1.502744698028827e-06	1.1025058332668811e-06	1.680779806538048e-09	4.49618794545741e-06
YBR267W	-15.589009683980093	1.4345708848112706	4.789214323984856e-07	3.755603800791042e-07	1.5522651786762236e-08	1.43857054068948e-06
YNR076W	-15.42290725083947	15.698120806603889	0.16557325572637308	0.17025271004778625	1.4573352136646284e-18	0.9999763267032152
YIL041W	-14.191544488517321	4.890214358763332	0.003546277676142559	0.00658031059032133	5.814722136932311e-10	0.009593152344623926
YLR291C	-14.31192780457168	2.6045145966777876	2.1061734761590903e-05	4.396893891059566e-05	1.1612474497361404e-08	0.0001354871078879241
YER130C	-17.31759091841448	0.664183262275279	3.748191987029155e-08	3.760230169833839e-08	1.0105875858430116e-08	8.985818579978777e-08
YMR319C	-15.368740889426773	16.444032691856073	0.1753483451735154	1.1448012469124326e-07	4.0953235494997504e-21	6.061016346986503e-07
YAL055W	-16.740422590134386	1.0576585701069796	9.40203761384017e-08	8.906407602906218e-08	9.295152769377136e-09	2.871584366540088e-07
YMR164C	-17.943195911670756	0.2856329599375116	1.676454724722321e-08	1.6792668543911765e-08	1.0076579170974876e-08	2.5788430924997152e-08
YJL042W	-17.21435468615637	0.008014952797116965	3.341520028670601e-08	3.341291179409671e-08	3.297424509285531e-08	3.385486138378118e-08
YNL281W	-15.662505318724653	1.4104875815761728	4.0312650743740376e-07	3.910320596060032e-07	1.53217514067638e-08	1.489923164629253e-06
YPL112C	-16.903085283754265	8.611684578984377	0.03330795167392521	0.06055269475052571	2.5738339883560364e-13	0.583166641197574
YIL031W	-17.704323344304413	0.8373066893513833	2.9024857465131455e-08	2.9016836169253066e-08	5.156524913190976e-09	8.093145314801003e-08
YDR248C	-16.47932755250875	1.4178283507948308	1.8889019958639257e-07	1.8997006324571316e-07	6.764314854751489e-09	7.178171463106126e-07
YDR153C	-16.09332349345712	5.546202189811548	0.003005997438258891	1.1725890656370878e-06	6.393480747809709e-12	6.700729074692119e-06
YGR257C	-16.723012607378024	6.857975751136236	0.010016248020842144	0.02144979586385726	2.6266062879404253e-12	0.054575170622478894
YNL231C	-14.059369262781912	2.5852899506411178	2.3403732281727277e-05	6.661410946170962e-06	1.128638366647129e-08	2.900900903793664e-05
YOL058W	-15.181279191100456	24.005468252428106	0.25464952987359407	0.4638493520043514	6.001993645825912e-20	0.9999999999999427
YLR299W	-17.6992448245517	0.37581778906500996	2.2042428488242603e-08	2.2084987957357008e-08	1.1087452695563998e-08	3.8176795918668796e-08
YGL144C	-17.7520237056531	0.48864351893871644	2.1834036226613494e-08	2.2004312457066496e-08	8.73589921754659e-09	4.3599397339386325e-08
YMR049C	-13.996105349107166	9.806503895174322	0.0828572687829168	0.20397282210422776	3.3320413467290003e-09	0.9979736020743125
YHR075C	-17.172682235185476	0.9261647906538084	5.355066157443577e-08	5.3398627337358834e-08	7.580607820396629e-09	1.5935391628127823e-07
YOR130C	-16.74063406202984	2.0021706956131804	3.5612701155702555e-07	5.305586632984907e-07	2.02415237005312e-09	1.740538395498251e-06
YGL007W	-16.838412829115242	0.5576202903569027	5.720380603865272e-08	5.67691941191643e-08	1.9427607598972732e-08	1.214425876468102e-07
YER080W	-15.941854924102499	2.352258144895358	1.9312285364161913e-06	2.208950118569972e-06	2.684003609522446e-09	1.0280088200024204e-05
YOR289W	-16.821827747066692	1.0284243440567542	8.504294767350836e-08	8.372103009917165e-08	9.098148251853619e-09	2.6726012239976153e-07
YOL101C	-16.832305067823455	1.0514796087645393	8.67612481527781e-08	8.579762599839845e-08	8.697161176796335e-09	2.7838910518784483e-07
YIR029W	-16.169575092056405	3.185633945120178	1.198448545383049e-05	4.779777632699395e-07	3.9810077553487405e-10	2.4055133149361386e-06
YMR041C	-17.166168230404566	0.8166685047083025	4.9501538863791217e-08	4.8800476220117783e-08	9.13762131415694e-09	1.3382965601116927e-07
YPL001W	-15.484094860156985	1.8343022668188846	1.0717192834623015e-06	6.257117006777949e-07	8.878668129659783e-09	2.716893155885822e-06
YCR067C	-18.516087117598346	0.092619648062197	9.142718361379378e-09	9.128046470669802e-09	7.804296946205831e-09	1.0584456269451302e-08
YMR175W	-16.140495726570208	1.3028485996540218	2.2750191007085117e-07	2.3138677151973624e-07	1.1468801184830725e-08	8.424655656596323e-07
YCL024W	-17.356614359793824	0.6011793641453462	3.442107117837141e-08	3.458633430872694e-08	1.0759712015467488e-08	7.74628301716809e-08
YOR265W	-15.621289198557134	8.346695449755954	0.033902193838699766	0.0423617184212214	2.819064171707495e-13	0.2696466060122651
YDR247W	-15.60035386078489	0.6222561302746261	2.049847978589778e-07	2.0115052201568378e-07	5.98806077296314e-08	4.592403445430793e-07
YNL261W	-15.786100713719135	0.5550522500218369	1.6215384118254734e-07	1.6169291421135338e-07	5.573292764531874e-08	3.4454078481930265e-07
YDL130W	-14.773795377209536	14.130597910395764	0.1587565824024711	0.18307335611965816	9.126276506850502e-17	0.9999448058475185
YBR181C	-14.41499592332657	18.69083265080459	0.21798209373670865	0.316580718780847	9.090880932954332e-19	0.9999999963960156
YOR292C	-16.784348129200936	1.1980647995274634	1.0851223639183638e-07	1.0704529119342127e-07	7.171112021891135e-09	3.7428897378037546e-07
YDR530C	-16.839842526555714	1.031558900039364	8.320187343464492e-08	8.209307968085636e-08	8.875052193857871e-09	2.6253826913266917e-07
YGR085C	-14.223949221756994	27.883303308708573	0.3018035354998374	0.39990337552379274	4.847518123439822e-25	0.9999999999999996
YNL001W	-16.16785032157459	0.9702225151650318	1.5081407988001748e-07	1.4710702645617977e-07	1.9078581650153245e-08	4.494058339717142e-07
YPR163C	-15.524113434505834	2.0551892385894526	1.5994786226676064e-06	7.155607093382785e-07	5.884949870898714e-09	3.271961653266951e-06
YLL023C	-14.636702921802863	8.080809233958153	0.0420323518663704	0.06563710765426492	3.8338079668827295e-12	0.6505347802996777
YKL103C	-14.165564311720301	2.552361657003851	1.5371925632362018e-05	5.821435833052034e-07	5.998174714162732e-09	2.4388745346922934e-06
YDR275W	-16.78297045223806	1.0130795010508242	8.595463989200026e-08	8.565423206935567e-08	9.700665334935648e-09	2.709438644419475e-07
YJL159W	-15.222866603356307	1.759518170073604	1.1905522473197727e-06	7.837881215904694e-07	1.3132416072136398e-08	3.338209130464183e-06
YOR308C	-17.71003701187945	0.5412661604966305	2.364187101398445e-08	2.3493045469779668e-08	8.34058180429e-09	4.936599518098007e-08
YPR065W	-16.5534258942578	1.8230239527153067	3.594536234385124e-07	4.435285604687798e-07	3.2727018946287257e-09	1.5509035917189311e-06
YDL204W	-14.375768444072675	0.8166668364569851	8.097271699581275e-07	8.150006353627869e-07	1.5019734713925597e-07	2.2521320847479647e-06
YKL085W	-13.740091857799781	2.5167743666418554	2.170542400419086e-05	7.488303831682757e-06	1.7170099729946795e-08	3.214803450978762e-05
YPL228W	-17.871478385867505	0.28786870332978043	1.806704491049463e-08	1.8051418199418547e-08	1.0786050120084203e-08	2.779512328516009e-08
YOR313C	-17.07609196924821	1.0921607226195482	6.853789099785259e-08	6.91306238812838e-08	6.3525773744809495e-09	2.2929309864856622e-07
YBL074C	-16.977213444821956	0.6767254993290185	5.279174871617162e-08	5.287892362859232e-08	1.3868420524871024e-08	1.276760074083188e-07
YOR113W	-17.75826788252087	0.3746470334389148	2.0737793567855e-08	2.0806811234424082e-08	1.047212405873451e-08	3.591945200073217e-08
YPL271W	-14.81178117340569	6.108192612108474	0.010508413739484447	0.011683020773825641	1.924377408528475e-11	0.012821397681438793
YGL258W	-16.287045086058043	4.09556922419948	0.00014778668638562044	7.029075576146952e-07	7.171344097664919e-11	3.68148378310008e-06
YNL158W	-16.832378294225038	1.3709883965406275	1.252698473606663e-07	1.2788619907586699e-07	5.144118900318545e-09	4.741249581076562e-07
YHR002W	-17.11948676067621	0.8023240011488445	5.135557182893853e-08	5.074371862253373e-08	9.815713990531634e-09	1.376696922874414e-07
YLR162W-A	-16.772891437191703	0.8392982343691949	7.317529819016627e-08	7.363352152439153e-08	1.3045139049672962e-08	2.0553533092172527e-07
YOR189W	-16.51032104741242	0.604448678275941	8.138413941087895e-08	8.082578197131556e-08	2.4946005762058412e-08	1.817087536227825e-07
YGL057C	-16.81329065621756	0.8719750698739335	7.476204681847061e-08	7.223763679759032e-08	1.18392613109593e-08	2.0651850263486773e-07
YER180C-A	-16.831951586450288	0.8383227320839363	7.076897729344889e-08	6.938533926119363e-08	1.2316768871925374e-08	1.936981144715145e-07
YOL162W	-16.806885706472514	1.258914590084806	1.1049716509137311e-07	9.799663554979416e-08	6.180114149268538e-09	3.4943213813824695e-07
YLR441C	-13.373220341841444	50.364969790178165	0.39699864252187894	0.5589524361213656	3.6855456639628657e-37	1.0
YPR048W	-17.71927253223221	0.9139950860168227	3.08785920875956e-08	3.030026636502231e-08	4.470850938367799e-09	8.937645654158762e-08
YDL212W	-14.678974355783067	2.633625034437412	1.2175566378703163e-05	1.7470430469163531e-06	4.780638170518267e-09	8.26283957148949e-06
YHR203C	-13.832105944785509	29.672789412272728	0.3149128288086643	0.4628844311085896	7.721571946819198e-25	1.0
YFL026W	-14.991774300776525	0.7360095906338925	4.04447359098537e-07	3.909919122479928e-07	9.061764964257021e-08	9.897440096373609e-07
YOR370C	-16.59692191123868	1.3282425726202043	1.4566593085983375e-07	1.4803630678805618e-07	6.953927747471828e-09	5.472353966828168e-07
YLR032W	-17.993074025414174	0.3664520327329281	1.6441446267595282e-08	1.639852815940037e-08	8.388022854953204e-09	2.800564186716069e-08
YPL217C	-11.49818174378852	0.11573493765723492	1.0214317919992875e-05	1.0243748460241286e-05	8.41717307926548e-06	1.2297095917418294e-05
YLR316C	-16.910253863687814	0.5014123784524968	5.1314068011393474e-08	5.126438087054058e-08	1.9818219923347604e-08	1.0307021043368095e-07
YNR039C	-17.762466027889587	0.7839330032319708	2.672131005114249e-08	2.6257126140766826e-08	5.318853889428163e-09	7.004145483433169e-08
YPL246C	-15.342370689287035	1.506599627869839	6.706921944062552e-07	5.208080303081803e-07	1.761658917815922e-08	2.0445593200012584e-06
YKL096W-A	-15.936296940308948	3.7344518854203463	8.319301636234595e-05	3.0953324425930577e-06	2.2324417242376047e-10	1.1735043945269707e-05
YNL112W	-14.448735279097674	19.57971733597017	0.23409512880374284	0.44864749045927915	1.2939766690910575e-15	0.9999999999463947
YKL019W	-15.78385101894055	2.787106273023539	5.884900797305263e-06	5.131080084320951e-07	1.1613375637512795e-09	2.513353219569838e-06
YLR192C	-14.915970470444519	10.075151534240492	0.0761615829692825	0.11788619416176621	1.5834420629115715e-13	0.9804369498589282
YDR427W	-14.321333169421633	3.422920457680342	0.00019677319489959028	1.1315290302398665e-06	1.30662275325157e-09	5.57294321953404e-06
YJR103W	-16.113998410503683	4.07490448319248	0.0003047124323707668	5.441177461194375e-07	8.278104014895098e-11	2.96135899483661e-06
YKL208W	-16.861998314977228	0.6261533985668751	5.796723376154707e-08	5.779461092305415e-08	1.694995958424271e-08	1.3298888500278166e-07
YHL048W	-16.806642438104248	2.096440598049081	4.936052319999356e-07	3.0380124058860955e-07	1.5703206630102656e-09	1.3138108180417383e-06
YJR048W	-14.845752976872246	17.340816351440235	0.19827843568856002	0.24050502056315007	6.010384251928937e-19	0.999999770798243
YPR166C	-16.058604023412755	1.934257288072701	7.350010185803391e-07	7.726322766206143e-07	4.446701594961961e-09	2.7967186457572547e-06
YGL007C-A	-16.8202817050267	0.5442508368670272	5.714252622933546e-08	5.730662823313791e-08	2.020578664685042e-08	1.2077180703835506e-07
YHR188C	-17.176049630820856	1.0503110096462884	6.038424633826284e-08	5.972272050977716e-08	6.148022881907852e-09	1.9309372144044614e-07
YNL302C	-14.088246896609418	41.91751873201133	0.36715756422870355	0.46042087428985295	1.6138872218585516e-34	1.0
YOR140W	-17.89156097740559	0.38430154793588	1.821796954884241e-08	1.826618815202676e-08	9.015339399628453e-09	3.190099951258305e-08
YKR053C	-17.04979893264752	0.7104853391022491	5.031954799589104e-08	5.080095085136291e-08	1.2240421759760196e-08	1.2703513678582716e-07
YMR214W	-15.011611763308975	2.8068968983842706	1.6945435551314065e-05	4.74022670692947e-06	3.0828321904480947e-09	2.117500886560449e-05
YLR057W	-17.696299976720894	0.5654784923773137	2.411378672528859e-08	2.4080845434175436e-08	8.110458359557603e-09	5.193116040529684e-08
YJR017C	-15.90504047084758	2.2539034430302634	1.6358011208428638e-06	2.124105944186087e-06	3.125164963512125e-09	6.7787733003245326e-06
YKL212W	-13.964796174966251	2.573622016893212	2.074750822227268e-05	1.1261103815245735e-05	1.5665395772851766e-08	4.83406360910016e-05
YDR485C	-18.106432071531145	0.4168307985554861	1.4970311657859535e-08	1.491946527418147e-08	6.892920689536353e-09	2.7126323817665075e-08
YDR152W	-15.24258164343446	3.4406447722011175	4.671818369390556e-05	1.6959979827954114e-06	6.745078211763368e-10	8.598164431324249e-06
YML057W	-15.799517949614893	2.333708463113483	2.086754868141541e-06	5.867524699257811e-07	2.715541164274701e-09	2.7998771315052694e-06
YDR074W	-12.15657228552409	0.5569581279056024	6.1741865714492474e-06	7.761392640734932e-06	2.4718376979588617e-06	1.703609696228011e-05
YFL052W	-16.933401581097115	2.4666320520482907	8.322972904102201e-07	2.3836184611174787e-06	8.118393472343358e-10	6.219573001207152e-06
YJR043C	-17.124978838278167	0.43047797831928974	4.0331327113467886e-08	4.008140900194778e-08	1.7996296555906687e-08	7.412249642725187e-08
YBR090C	-16.840427627693117	0.6755636781800372	6.087984403369188e-08	6.057250886295662e-08	1.5931796587046902e-08	1.4611401461407163e-07
YMR095C	-16.544488937762054	2.3778566865860795	1.1863852594679245e-06	4.5755591715437037e-07	1.2576407672963233e-09	2.1304959289083296e-06
YOL015W	-17.883768538908754	0.28304386617224364	1.777931608164212e-08	1.7802161652423562e-08	1.0734332622617883e-08	2.7238773814404206e-08
YDL190C	-15.59790830448874	0.05951433966559594	1.6857632768898664e-07	1.685378570427706e-07	1.5254481231587711e-07	1.8553737100490307e-07
YGL223C	-16.476875176763116	0.6624109758379578	8.663681341841742e-08	8.635921344032863e-08	2.3394670622421114e-08	2.054973947871053e-07
YJR135W-A	-16.17243258351735	4.1655035736152985	0.00024161773418524872	0.00028175938151008055	1.0846946567803652e-10	0.000143780553445857
YIL105C	-17.493443060339615	0.815413743936349	3.5260380504820905e-08	3.5365246702026364e-08	6.618050920851557e-09	9.703422154075916e-08
YKL182W	-11.220604944400476	0.11992922457060297	1.349855553269757e-05	1.349404823511181e-05	1.1030738242667114e-05	1.6275711050463303e-05
YKL206C	-16.158578390947497	1.1958327553886403	1.9438410064240431e-07	1.9425683636843062e-07	1.3405585956596872e-08	6.78787454256734e-07
YPR138C	-15.95612590706949	21.572931886137084	0.23000317281737612	0.44717099060675297	4.965265590401883e-18	0.999999999994994
YDR099W	-15.91099370599184	18.6843095780527	0.19938316782526672	1.330112714281989e-05	1.1321600747404061e-22	1.924478646691952e-05
YMR098C	-17.167616239669954	0.8138001048336608	4.825229998324197e-08	4.86769364212162e-08	9.167596049302494e-09	1.3318209444413114e-07
YHR079C	-17.98857974730454	0.06204014399050089	1.5438273109290792e-08	1.5434601970414467e-08	1.3910337120963738e-08	1.705836386377641e-08
YGL230C	-16.78051999271773	1.4242812441747241	1.4358282312370439e-07	1.2776335872820458e-07	4.885048883616571e-09	4.88918222383291e-07
YNL011C	-17.086800489713625	0.6100509327797718	4.6136409260038134e-08	4.5784905040023196e-08	1.3914802587784394e-08	1.0364312919325573e-07
YNL031C	-13.754748241533163	35.365020544448775	0.3388777617780329	0.4267591380145709	2.7093273170762806e-30	1.0
YNL180C	-16.155987594080926	1.327926389547573	2.3459310242768617e-07	2.1467585782781596e-07	1.0698858988423311e-08	7.941702813981755e-07
YAL067C	-17.063167769935518	0.4279584500585577	4.237976045799836e-08	4.256493938863091e-08	1.9210111662638808e-08	7.846909404583475e-08
YGR292W	-16.478308546684985	0.9340845085152839	1.0793947581897098e-07	1.0822865284241098e-07	1.5005569348101263e-08	3.252135968733344e-07
YNL280C	-16.196480452833185	14.169158646273265	0.12506113669698307	7.919204256996283e-07	3.659745648204078e-19	4.566595555346868e-06
YDR354W	-16.438124508997845	0.971904784917083	1.176343941094362e-07	1.1771023190006486e-07	1.4701472389284951e-08	3.637007647827631e-07
YOL076W	-16.539231056181237	0.4108008885694421	7.171388190685868e-08	7.120462120928521e-08	3.3325065420350344e-08	1.2848901909166884e-07
YOL161C	-15.821793629693984	35.961754319273254	0.3214522524445919	0.40298511963371736	8.652029717888138e-32	1.0
YPR171W	-17.411364238833997	0.431429886812475	3.0169863631254074e-08	3.0086930086200665e-08	1.3484277556001389e-08	5.5712674766581486e-08
YOR244W	-16.28398880197456	0.9504009419473471	1.314261304419632e-07	1.3486696075969504e-07	1.779544983644198e-08	4.106989100327134e-07
YER117W	-14.07176210713149	26.103332379853654	0.29220892960220485	0.3693012963392045	3.5205940918551264e-24	0.9999999999999816
YBR111W-A	-15.996830848592053	1.0642433806849778	2.0123322197633877e-07	2.0011391551954417e-07	1.960515206082361e-08	6.545112340139682e-07
YGR049W	-16.249732576798834	1.3112735149744656	2.095141299587363e-07	2.0668153480648233e-07	1.0140475319344179e-08	7.562958485358498e-07
YHR143W-A	-14.045264346664025	33.87916294717111	0.34509899360157714	0.37970926460739235	2.9780446549913128e-30	1.0
YOR286W	-16.027648615033087	13.164930716549112	0.11526960122356007	0.15225720718047214	1.5903609168202547e-16	0.99940049385674
YEL051W	-13.33822176804206	21.342316602502443	0.2630949211259795	0.38541571179257855	1.3359006124406826e-19	0.999999999990905
YGR008C	-16.000862011984992	5.897881432138204	0.0043945962297710205	0.005981435505139311	8.307050605383868e-12	0.0033512900722757594
YGL167C	-10.922758324312964	0.28854254434430937	1.887088082682817e-05	1.83660695849211e-05	1.1208962043013297e-05	2.7808748616412237e-05
YNL054W	-18.369352340226015	0.253814827654186	1.085637589627466e-08	1.0872392954020826e-08	6.933724464680368e-09	1.5981468958132078e-08
YDR045C	-15.955853621803909	8.790952208281922	0.03451181063739872	0.04848521249530797	1.0528404088383596e-13	0.38838722611515386
YDR459C	-17.045251556068962	1.091111622676378	7.204864156844268e-08	7.209880258677158e-08	6.5743413184159615e-09	2.3897186593634576e-07
YDL010W	-16.868045715870522	0.5338926079140037	5.457171520172838e-08	5.440048271140987e-08	1.9611799549432424e-08	1.1339660491254495e-07
YJL007C	-16.83913046298474	1.2523649252754219	1.063008503350322e-07	9.744326460515953e-08	6.098285432043109e-09	3.479461017896128e-07
YGR153W	-16.86985410158448	0.4211718262964872	5.130029278626377e-08	5.145840051790599e-08	2.3552951130627307e-08	9.408536566146232e-08
YLR183C	-17.26383604808578	0.7096454127132225	4.1033133271099096e-08	4.063829807433145e-08	9.861927451156923e-09	1.0125953018721867e-07
YDR212W	-13.825990162099698	11.489632078357436	0.11965342909803982	0.2429344944481857	7.266794698577917e-12	0.9998582647813655
YGL188C-A	-16.47033772282228	0.7076130314310719	9.073738381282207e-08	9.034983211245576e-08	2.1953570210226882e-08	2.2518588188931078e-07
YDR186C	-17.933706545642764	0.824728629687387	2.2966960722646156e-08	2.2904725580620043e-08	4.190876799522488e-09	6.327740034555151e-08
YKL194C	-16.232295976712322	1.4632126650255315	2.6227944507957905e-07	2.6003486072856806e-07	8.055687324038031e-09	1.0018550546151464e-06
YBR066C	-16.819856965398486	1.6287279980942924	1.9131049881782123e-07	1.9940896981207002e-07	3.410351490302434e-09	7.531824201652097e-07
YJR068W	-13.760359863235136	1.5799703871304456	3.728880629520755e-06	3.4676835353118563e-06	8.118880522455465e-08	1.421263949897821e-05
YHL027W	-16.931550074012904	1.1468039295122259	8.90780036016299e-08	7.86231475755233e-08	6.598968242749978e-09	2.657998591240895e-07
YDR256C	-16.91520095404958	0.7322449759146281	5.870298224756696e-08	5.8840761164029496e-08	1.3495768234397013e-08	1.4994046312037433e-07
YBR098W	-17.872151953045616	0.6035655534463148	2.046456667898024e-08	2.0638090149821108e-08	6.387907595682338e-09	4.6305721645018876e-08
YJR084W	-16.454523706278636	1.33070042236377	1.7851720774567076e-07	1.6127810538561107e-07	7.918014694405566e-09	5.968627229359857e-07
YGL049C	-14.899022619408042	1.095208023678999	6.158345439371679e-07	4.842665278321461e-07	5.243501318453174e-08	1.535568826693156e-06
YML004C	-15.977938573524424	0.8655357725066816	1.6946192971921718e-07	1.5870493033665923e-07	2.7171311156220317e-08	4.4640992406524465e-07
YBR208C	-15.740181660360376	1.907266631939393	8.743763582776173e-07	5.93766921870326e-07	6.332520090245436e-09	2.7659617125324685e-06
YLR022C	-15.220719273152282	2.4437620144436822	5.373674506985333e-06	2.39909082622789e-06	4.370266483103349e-09	1.0513761675899365e-05
YJR143C	-13.532653384617516	1.9876948951653077	9.232536744603654e-06	5.928129788633737e-06	5.7109440104097715e-08	2.5231550729624766e-05
YLR283W	-16.6235078586258	0.4043260583319671	6.523980534702826e-08	6.547747819422344e-08	3.102073762112685e-08	1.1731467705920342e-07
YPL186C	-16.93552409984912	0.7699516612976003	5.8824804826849306e-08	5.936868061041425e-08	1.2428180710134213e-08	1.564994791018701e-07
YBR258C	-16.680813669278706	1.0632794159563959	1.0024312923300084e-07	1.0071005562532249e-07	9.908522730918411e-09	3.2862312009389644e-07
YMR216C	-17.560198141982966	1.1176611036435473	4.439733669240434e-08	4.376134234742054e-08	3.753791590760882e-09	1.4706133766876129e-07
YHR035W	-17.7230474170872	0.5402004337297827	2.3243510426230766e-08	2.3231019173658557e-08	8.254375884885772e-09	4.876925487572569e-08
YDL015C	-14.203667974049678	20.56908026672862	0.24888130069711178	4.7098641311776e-07	4.612991986889167e-24	2.076970580635873e-06
YLR180W	-13.672598302867483	23.77850041723747	0.28228890863396705	0.46324599312712095	1.1406933170699476e-19	0.9999999999999598
YGR195W	-14.963729384218096	5.151148764975588	0.0031674894862110487	0.005522898948076516	1.2399946255051584e-10	0.005737593681509378
YOR229W	-16.310768103686115	1.9767641216988876	5.680208021050083e-07	3.924415271813672e-07	3.1324395146339304e-09	1.7347156136996686e-06
YKL210W	-12.619104979073382	0.06090343676771939	3.3110477995663275e-06	3.3154411220761537e-06	2.993702631900333e-06	3.6578600036417075e-06
YOL134C	-16.47583335478774	0.8443844742885882	9.995476543953927e-08	9.866333965159595e-08	1.7340509990982906e-08	2.759448106985725e-07
YOR351C	-16.07346728602097	1.6905953706078838	4.205122730641833e-07	4.941738238836585e-07	6.56895850711131e-09	1.9262336909274976e-06
YML021C	-17.00043701959001	0.7213208195813617	5.350304403217295e-08	5.373103788145758e-08	1.2632611264752724e-08	1.3571132902095493e-07
YGL089C	-15.924694801936111	7.206449826534554	0.01569427091381278	8.364487822680518e-06	3.8472330284606604e-13	2.0538489130356764e-05
YNL094W	-16.571744749403663	2.5693165337646042	1.430244705427796e-06	5.55553276014212e-07	8.978036095305961e-10	2.7112127748042454e-06
YBR191W-A	-16.775349748110585	0.8484048536198312	7.390923072604929e-08	7.429767240901865e-08	1.2836853493130686e-08	2.0924624044742715e-07
YIR033W	-17.746054336916842	0.4792582801335492	2.2139562945403685e-08	2.203295851306602e-08	8.92493134907235e-09	4.318850242643399e-08
YER078C	-16.709050563361217	1.9702448819030776	3.805823271881074e-07	3.6578844146898447e-07	2.173600694076585e-09	1.4653896607749872e-06
YBR060C	-17.15366273599757	1.1909527668503148	7.352404297075918e-08	7.096016672773532e-08	4.986412171995589e-09	2.4752867573459436e-07
YBR074W	-18.831769180739485	0.01722537283872322	6.628278925951346e-09	6.630263488623034e-09	6.444077700224803e-09	6.819623143601859e-09
YGR125W	-18.009855430872634	0.05288728325452246	1.5091182145850654e-08	1.5101707427164847e-08	1.3824089537240663e-08	1.6449966895457385e-08
YBL008W	-17.88272111454826	0.5886165766814272	2.024600908509882e-08	2.036284198622623e-08	6.503180371954767e-09	4.505374756091584e-08
YDL087C	-16.241471537295368	1.2492180788789073	1.8699750453811709e-07	1.9844949617652217e-07	1.1368800415530452e-08	7.081807191954144e-07
YPL106C	-13.556377791982596	15.648686616447037	0.19457721335949696	0.40957528122817055	1.7842501748292067e-11	0.9999999734341873
YOR153W	-13.575019492382834	0.1305492496890944	1.2834202033168219e-06	1.2723501621911424e-06	1.018175070322316e-06	1.5634304217829562e-06
YBR106W	-14.099261325253975	29.10770078604548	0.31015666384563045	0.4248980115253755	2.0293170713240006e-25	1.0
YER114C	-17.953988219692093	0.6088838143181955	1.9084701164970674e-08	1.9185925671325035e-08	5.857280131037579e-09	4.333329199689333e-08
YER169W	-17.87592203112652	0.4355353510098332	1.9023315522140436e-08	1.8952408001777916e-08	8.416606190910877e-09	3.52719148393157e-08
YJL069C	-16.00182608272806	0.96273915579902	1.8006237144405867e-07	1.8023818184224276e-07	2.3087896916248934e-08	5.53296867539206e-07
YDL213C	-14.753656982045142	4.730574924170422	0.0015069225495737768	9.426911042060327e-06	1.1705811893211397e-10	3.2052444359995534e-05
YMR124W	-17.931835742515233	0.4637289225670897	1.8100331371313088e-08	1.8145759517184568e-08	7.597888902765002e-09	3.490966036379717e-08
YCR028C	-17.199729412612925	0.4897491265789421	3.832142952751925e-08	3.825550904776561e-08	1.5148726723881968e-08	7.593972630892926e-08
YMR053C	-17.49402330340743	0.8261578772987189	3.5416796421073895e-08	3.548701917909451e-08	6.481293895329634e-09	9.806189319094204e-08
YNL101W	-17.535065992525418	1.7596069049061471	1.102123664824038e-07	1.3125220219243777e-07	1.3489685481542564e-09	4.741522770559541e-07
YDR326C	-17.977713389606635	1.2378674273882608	3.4150818492063966e-08	3.355135583215494e-08	2.032577060654076e-09	1.1931896642354212e-07
YBL106C	-18.194106956020534	0.5880560198498616	1.492291506256733e-08	1.4907896941012947e-08	4.767526426751983e-09	3.29373790801761e-08
YLR312W-A	-15.7154394885667	1.5702303150608619	5.238651498522794e-07	4.313523782135641e-07	1.110355002645903e-08	1.7243469126599162e-06
YJL071W	-17.9660196405828	0.4546204772085187	1.740637905140153e-08	1.7467084108251638e-08	7.45350341597463e-09	3.325992577027593e-08
YGR015C	-17.21135692649912	0.2810100175206168	3.4775629445610366e-08	3.485124906711873e-08	2.1098621917587573e-08	5.3181505676069965e-08
YFR038W	-17.91588927886258	0.3041074263106156	1.7398610246027943e-08	1.73514349463099e-08	1.0045558822748262e-08	2.730680202607858e-08
YGL260W	-16.851797313102708	0.6070696690530129	5.7834516209331996e-08	5.7742688282632716e-08	1.7687540297283684e-08	1.303308797870103e-07
YKR067W	-15.889562277902952	3.988720755841481	0.00017795302446519518	9.91781247319824e-07	1.3249641662638247e-10	5.394010983601707e-06
YPL070W	-16.89925403738087	1.4913199924902794	1.354363059939591e-07	1.4880726401255705e-07	3.9575140237784296e-09	5.596396214801808e-07
YFL037W	-13.958326329631019	11.225611648038585	0.11352357345916313	0.21369094423838353	1.6290841718564499e-12	0.9996302711054762
YAL037C-A	-16.796352115365863	0.6864074388201847	6.471729167025719e-08	6.407062651677177e-08	1.6390460298928076e-08	1.5627792385285887e-07
YER179W	-16.134060335965117	0.7034921453442514	1.2661577349202288e-07	1.2627768164693202e-07	3.093802059253498e-08	3.1377500667942803e-07
YGR260W	-13.655414085814483	13.432754020094473	0.15435829409175436	0.3108857322338299	1.2184708928055614e-12	0.9999966646620332
YNL175C	-15.762171087314327	0.5111927235723145	1.6153858070665244e-07	1.6272000440757262e-07	6.157160502875754e-08	3.309569477823983e-07
YBR222C	-14.86596982781448	1.9820533286282405	2.4541159534261763e-06	1.3000941140350296e-06	1.3002902679878947e-08	5.8841427230843105e-06
YIL046W-A	-16.812948476894945	0.7160884105143872	6.508426607113196e-08	6.433250153753193e-08	1.5351780749469654e-08	1.6136579171535418e-07
YPR053C	-16.856469617597014	0.42132483176751323	5.198818527314579e-08	5.215602521386702e-08	2.386429553941421e-08	9.537704702214158e-08
YFL055W	-17.181955986969825	1.8183091491149734	1.9146661394958492e-07	1.6139447391431539e-07	1.7236371550725577e-09	6.538645597483775e-07
YDR025W	-13.977552003497477	50.86501146999944	0.3949363884099285	0.4973709194587235	4.64518614160817e-40	1.0
YJL204C	-17.810681141368335	0.418065928177942	2.01741143950795e-08	2.0078577345943203e-08	9.246194901775536e-09	3.658430398809701e-08
YOR081C	-15.34388860374129	1.259239166310749	4.828763049814681e-07	4.54785418947609e-07	2.716497697558287e-08	1.646570067175425e-06
YCR063W	-15.946871582645327	1.7312731697182624	5.346792600766214e-07	5.947752697737182e-07	6.936673187784802e-09	2.2432820519608415e-06
YJR006W	-16.68842587743093	2.7598045991845352	2.0066993261325853e-06	9.803560746794516e-07	6.008819701387607e-10	4.4380525546360645e-06
YLR334C	-16.838063607713394	0.9901027963773895	8.052449537255882e-08	7.587842037045424e-08	9.429505805791634e-09	2.3435810718523227e-07
YNR029C	-16.808913600711804	1.4565311941886014	1.4295668553674318e-07	1.2351286932224953e-07	4.470203720047875e-09	4.772890105929476e-07
YML011C	-16.80518648608377	1.1521162312909143	1.0078226230629236e-07	9.619969756713791e-08	7.532311045064635e-09	3.2920385698538055e-07
YOL095C	-17.979391911307886	0.32182039829695175	1.6392902852470798e-08	1.637076537498782e-08	9.152031009624e-09	2.6383585741096882e-08
YJR002W	-17.120146716763685	0.5733515152923203	4.297107729741562e-08	4.325537991422585e-08	1.42828392629939e-08	9.419286715207775e-08
YML111W	-17.135713000731613	0.6813564715126356	4.513390172304087e-08	4.5365777215961395e-08	1.1758366862932458e-08	1.1014726628600819e-07
YDR524W-C	-16.31205758361537	4.467027044464108	0.0002393685870313003	0.00043228836826937096	5.456837332007146e-11	0.00015185908070035093
YKR046C	-14.7935532613712	1.8404002790814422	2.056901071462103e-06	1.7872702299221543e-06	1.837799901849722e-08	7.649330218578619e-06
YNR070W	-16.602674954127707	1.4440309435174052	1.7287048030611793e-07	1.5179657557592095e-07	5.635221638979174e-09	5.861078751689998e-07
YDL234C	-17.46647067961092	0.6720455729980294	3.246504311720152e-08	3.25461633494097e-08	8.596060708443596e-09	7.83519460269813e-08
YDL238C	-17.054896216454637	1.9316614269285262	2.410980821333667e-07	1.566234607315908e-07	1.574225718190599e-09	6.815862470506156e-07
YGR037C	-14.854132654328351	17.862264753745965	0.2059094607382481	0.23959875184865437	1.9260899987934487e-19	0.9999998721023454
YPL069C	-17.086991291966825	0.6949819354463618	4.8086850428267466e-08	4.82672710597242e-08	1.2084719956951809e-08	1.1877974206777079e-07
YBR038W	-16.590581717486913	4.6326846516519	0.000556332153865225	0.0037631347637181204	5.384436472636657e-10	0.006715543991017797
YJR013W	-17.15018914439932	0.8399593036584954	5.176108001580031e-08	5.038280851888215e-08	8.923473816198978e-09	1.4071201698803903e-07
YLR244C	-13.98179725372138	9.82718568955677	0.0852654970865513	0.14956113272769714	2.7353732427123847e-12	0.9928641430231577
YOR255W	-16.921315390872024	0.5874377933035567	5.3280073529537925e-08	5.3076932765940075e-08	1.7009229802304417e-08	1.1727301344505378e-07
YMR163C	-18.08179264341814	0.32218918818288317	1.4719643813855078e-08	1.4772249059962642e-08	8.256228253282875e-09	2.3817767526794454e-08
YIR001C	-16.279126176284265	1.4648789623926624	2.3305807285016095e-07	2.6556171676708027e-07	7.684104540206516e-09	9.976289804661242e-07
YOR090C	-16.991604396528786	0.8744843785749936	6.186013048651773e-08	6.041791081694594e-08	9.864749341534681e-09	1.7301274176631026e-07
YDR128W	-17.472090501797723	0.7042343190666506	3.32689881832793e-08	3.298831522455281e-08	8.09792606394143e-09	8.186799679179368e-08
YML063W	-13.78017942960396	57.89814678558958	0.403321278398089	0.5734062518303867	5.872239784001257e-42	1.0
YML064C	-15.435311654780163	2.909310612815979	1.2432366362016225e-05	3.1279942506388675e-06	1.6069039869918532e-09	1.3436083779661009e-05
YGR216C	-17.867501668305707	0.48218793535347476	1.957016907167135e-08	1.9537748650221955e-08	7.866255275444268e-09	3.8434141436194605e-08
YLR248W	-14.648856045875801	14.844247165998613	0.15945878838502064	0.3506394568517241	5.209220006902495e-13	0.9999996538299066
YBL099W	-14.004019271648941	22.105680683972537	0.26222084599204665	0.4931287001107702	1.220012796690919e-16	0.999999999999641
YDR243C	-17.786626277543093	0.37500517444260845	2.0131322839660227e-08	2.0215778363544393e-08	1.0167224710610846e-08	3.489381475602415e-08
YBL088C	-18.09525771233237	0.1927913679974809	1.4109204103135218e-08	1.4101822048162895e-08	1.0080114905340745e-08	1.9001654743041497e-08
YDR126W	-16.778823850233294	3.08754398818484	6.967822555659886e-06	7.080116837510506e-07	2.9862498548591745e-10	3.3750186386258836e-06
YIL001W	-17.650314064136893	0.21481790335254244	2.2109771167191523e-08	2.2109822133552214e-08	1.517400753393755e-08	3.0752639355057165e-08
YGR108W	-16.577723394331045	0.7301717546322027	8.259430638544873e-08	8.231593587284668e-08	1.897775339689942e-08	2.0941377146632074e-07
YGR131W	-16.84852434098937	0.8355363539707076	6.929856781332744e-08	6.828583856353086e-08	1.2186317987699807e-08	1.901535591352153e-07
YPL153C	-17.894433006492548	0.05802047439030253	1.695755103609438e-08	1.695432244027219e-08	1.538497208941483e-08	1.862071056064211e-08
YOR293C-A	-16.809856587927044	0.5721817989742772	5.841620333346085e-08	5.878401962418596e-08	1.9498924687527945e-08	1.2774677113823821e-07
YGR088W	-15.995281081131182	2.0563036603326554	8.885152381577136e-07	3.6984554094223396e-07	3.536642619903421e-09	1.6573275182743731e-06
YBL030C	-13.656097092790516	23.94915378767556	0.29158830646471434	1.505591690983073e-05	2.22326876574249e-26	1.999049417425497e-05
YML075C	-10.980265394152594	4.244239971613981	0.008185169962416635	0.020885338240651686	1.0880777696335748e-05	0.0861246341808773
YEL049W	-16.28051576102078	5.495467754526504	0.002917416084567425	5.614224831846315e-06	6.846491870812832e-12	1.6924153287130794e-05
YPL098C	-16.216645141911414	4.397493509288992	0.00025670192034312866	0.0005069490234070016	7.424094051036644e-11	0.0002431776080607321
YJL208C	-15.158675603169469	3.8146503489537387	0.000268807786940803	1.3492516447995763e-06	3.5130623905544267e-10	7.136506996268043e-06
YKL088W	-17.558198840263486	0.5282069884430424	2.7372274774246053e-08	2.723841150684273e-08	9.936205864032084e-09	5.6435786365230186e-08
YDR349C	-17.754538937625313	0.2611695797719356	2.005059379294497e-08	2.0143141586571728e-08	1.26684189592079e-08	2.991444744041661e-08
YFL031W	-16.441703813318583	6.544383010301381	0.0064931588570083226	0.013628019624472543	3.050164614032618e-12	0.018156123092950952
YMR153W	-17.00914655580091	0.2599919283871424	4.2506406478385694e-08	4.241556874048902e-08	2.673639468796527e-08	6.286343357589153e-08
YPR031W	-17.058035005678178	0.2438672906431571	4.0059569789480414e-08	4.0211281847941366e-08	2.6135572484010795e-08	5.827732772244381e-08
YJR109C	-10.564341352242264	0.07682998085753483	2.589710877213755e-05	2.5869657540474017e-05	2.2740538592179054e-05	2.9254905177720442e-05
YML130C	-16.29804943274283	1.9113756870923089	4.612336958189303e-07	3.8765770484897763e-07	3.5567145096937457e-09	1.6938944229406662e-06
YCR020C	-15.878305295213776	1.6920798342743377	5.228851435973559e-07	6.160288555136155e-07	7.965241584814896e-09	2.322063257272105e-06
YPL270W	-18.208488324126648	0.4111713816295724	1.3427731561578056e-08	1.3452770029478809e-08	6.286567295741543e-09	2.4300134206969664e-08
YOR008W-B	-16.73958412322898	0.5809863234437547	6.360964691589888e-08	6.355284197598598e-08	2.063626875730354e-08	1.3955430072988613e-07
YPR074W-A	-16.781449073366076	0.437659365756626	5.708840840286324e-08	5.6644952966921024e-08	2.505772830943668e-08	1.0567307457965532e-07
YKR054C	-17.569250225388515	0.3172414306600762	2.4630720526617027e-08	2.4642670609996195e-08	1.3882676893949327e-08	3.952295871624916e-08
YDR076W	-17.177116850253498	0.6330018329517735	4.232610395576104e-08	4.2377075796818144e-08	1.2242131854746474e-08	9.824009484557844e-08
YIL139C	-16.525367457296653	1.1568198471366662	1.2817249851463607e-07	1.3169952704487498e-07	9.942533716511331e-09	4.520456557319908e-07
YMR112C	-16.320665089610685	1.0720443970471993	1.4502319146445783e-07	1.389220319170982e-07	1.3857590128485088e-08	4.524204693225952e-07
YAL043C	-14.393349001134267	2.007545054497243	3.8528023375818635e-06	1.636606845488054e-06	1.9487113418460157e-08	7.260377158322475e-06
YDR223W	-17.2364472553825	0.43801829206767917	3.602104813325244e-08	3.5868089745832984e-08	1.58662042522549e-08	6.689589852935945e-08
YNL059C	-15.430295878622202	0.7189300713148442	2.549077991007797e-07	2.6002993603961696e-07	6.117916337794552e-08	6.566083854496216e-07
YLL009C	-16.002753487345018	5.062805691932835	0.0013437307752511049	0.0018356298942627147	3.0372882953228046e-11	0.0007305769756547541
YBR130C	-16.2874861514654	0.718851857443291	1.0908585073288562e-07	1.076099696133355e-07	2.569746138129291e-08	2.6976742406093575e-07
YNL125C	-16.956175868596603	1.975338776744448	3.2366845102298983e-07	1.910468900429131e-07	1.6311415177624038e-09	8.388014722217407e-07
YGL123W	-13.663361005871776	48.042726189667526	0.38592889345555165	0.549260463717201	6.106824541018144e-36	1.0
YDR458C	-18.13823551605381	0.22387423950867497	1.360556932704142e-08	1.3599525261722297e-08	9.174307382544175e-09	1.916215505103345e-08
YBR040W	-16.81382863609977	1.1696828760054252	1.0036273631315797e-07	9.718467237007189e-08	7.254391654455763e-09	3.3522665028066923e-07
YNR015W	-16.165352450793563	18.1447350568883	0.18381200962364425	0.3394176394205496	7.145566920511019e-18	0.9999999915484804
YML036W	-16.525084997433808	1.6127773375420142	2.4122914071076483e-07	2.268462843356559e-07	4.652837592806853e-09	8.997420096720184e-07
YIL074C	-14.03938818304705	5.4082375431853755	0.00685414997327066	0.016547290272476402	7.736259300416148e-10	0.0448988753936334
YFL029C	-17.278088148589433	1.0370927495938587	5.320431770169539e-08	5.307320501363394e-08	5.673906748505945e-09	1.7035460150461927e-07
YMR055C	-16.496254054561362	1.7578806237028073	3.0174947920638315e-07	3.8579696968313513e-07	3.844379166228765e-09	1.3974840231510735e-06
YBL108W	-16.78100010871347	0.9994424639984728	8.50295547561685e-08	8.508254760847486e-08	9.956427761257476e-09	2.671771972657393e-07
YDR137W	-17.572720062839636	0.5316332966847273	2.6814060375693004e-08	2.687107514838472e-08	9.729642639793367e-09	5.588870037276265e-08
YDL127W	-16.741002145827935	0.6560066454786865	6.6333950298471e-08	6.642655294051663e-08	1.8212466207336693e-08	1.574757918136119e-07
YGL143C	-17.17872963607877	0.6464349965611799	4.269835067317916e-08	4.260908532329166e-08	1.194292640982892e-08	1.0006599522230573e-07
YBR177C	-14.40458522441004	12.818821655747676	0.13022031674903356	2.1559113685373394e-07	1.0652673706983554e-17	1.2097169743302213e-06
YPR196W	-17.126744234840572	0.8452289503478286	5.282925901081398e-08	5.2157021714271285e-08	9.080688160398843e-09	1.4648061081592157e-07
YBR048W	-14.150518647679545	54.77442901311347	0.39897358384944076	0.5052881999008356	1.0848343181086496e-42	1.0
YAR064W	-16.82699773427956	0.7770943396237062	6.656172871789373e-08	6.66005475925225e-08	1.3707943603670858e-08	1.7671893365865955e-07
YKR045C	-16.82408762434423	0.5291281909631302	5.641414771913828e-08	5.6749420909125864e-08	2.0654524798348388e-08	1.177694021314866e-07
YMR036C	-17.450410074955272	1.2312116118357077	5.504552529525327e-08	5.546021022226843e-08	3.4681319229174805e-09	1.9684052231546156e-07
YPL266W	-14.425893423941671	10.25358490284397	0.08289017426201076	0.14162199830315428	3.787625925548382e-13	0.993088449230238
YMR066W	-17.69915397282712	0.4294791356817287	2.276705821201181e-08	2.254002023056477e-08	1.0144652186604626e-08	4.161780359061142e-08
YJL168C	-17.429074007094826	0.6514044616682269	3.341988606149949e-08	3.329401031670102e-08	9.231805193754294e-09	7.854284411718651e-08
YDR295C	-17.460259679393133	0.9073909011944168	3.9152759288647956e-08	3.8593950866872e-08	5.830603327189976e-09	1.1307422021949664e-07
YFR042W	-16.796356211846415	1.7030878256646087	2.2625290535584225e-07	2.332716319064663e-07	3.089829240778351e-09	8.754660550557438e-07
YBR013C	-16.890279722073302	0.34298000383797156	4.891037551207182e-08	4.888365469280595e-08	2.6222055452102194e-08	8.095415654681982e-08
YDR225W	-13.93368254608613	7.042276833614467	0.027139548111987075	0.03556826215589671	1.437100916866877e-11	0.17846720709256128
YBR017C	-17.541795853708393	0.02884751167739989	2.4100745435204592e-08	2.409208620994202e-08	2.2966045160334797e-08	2.52512820798572e-08
YLR418C	-15.019632665783503	1.5069105721955247	9.125740630522225e-07	6.272736971312193e-07	2.3792226311159083e-08	2.432409094372339e-06
YAL068C	-15.823072590669453	11.058459471141564	0.08061748218504564	0.10134159723850339	3.8830072153909725e-15	0.974899775150197
YDR224C	-15.267755485497402	17.49097517430931	0.19088522587129036	0.2439167235585685	4.1231524039330085e-19	0.9999998020941968
YGL083W	-18.27171743692523	0.3023007268224243	1.2169408393095807e-08	1.2148311700208257e-08	7.058795515557312e-09	1.9074237723187974e-08
YLL003W	-18.0321096904743	0.3365905891931914	1.5723311751760946e-08	1.5599092202453122e-08	8.473451901863685e-09	2.5629870618111682e-08
YNR068C	-16.868550392472372	0.4892529049536915	5.3877204030234985e-08	5.306830453378499e-08	2.1080448490504694e-08	1.0517278646577995e-07
YPL063W	-15.550912086234531	1.574217316784901	6.075645037916139e-07	5.278082382311563e-07	1.3134799296260625e-08	2.1619290861874313e-06
YOR188W	-17.86379216114547	0.4320826535606795	1.910492280031069e-08	1.9139524335786844e-08	8.567891256171292e-09	3.545130486240553e-08
YHR087W	-15.39195758476235	4.217929316701141	0.0004172688082053286	0.000609824129628075	2.3257331693418103e-10	0.00038325788696039903
YDR421W	-17.959066324365978	0.3588333209457695	1.6969520805031715e-08	1.690044023721931e-08	8.782692725960415e-09	2.8581080698788985e-08
YJR007W	-14.104819813897121	37.10738173274914	0.35278361765276933	0.5338053104775595	1.9510881759628081e-28	1.0
YER021W	-14.860740934768911	1.1884298972575134	7.19277083901319e-07	6.310422694652569e-07	4.8748840272713425e-08	2.1781516502783197e-06
YOR346W	-17.4823577066647	0.9487205176197114	4.010329524166853e-08	3.9165283233451195e-08	5.326562166769897e-09	1.1823516825067845e-07
YCL021W-A	-16.58904857295491	0.7998915950978291	8.62708088243347e-08	8.555391030492564e-08	1.6707605973355136e-08	2.3097987388111918e-07
YNL155W	-16.18797756719212	2.720032726777863	2.772913558957332e-06	4.2379285783603777e-07	9.047369527194115e-10	2.049912573356141e-06
YLR352W	-17.30770855242079	0.5331239196706494	3.488502974887732e-08	3.5084824356595646e-08	1.266177170209088e-08	7.315109754898136e-08
YNL121C	-14.17134465819363	0.6311162446513015	8.533211641462093e-07	8.675241406855631e-07	2.498414014098276e-07	2.014771251697941e-06
YOL090W	-15.338157851839426	0.05027589662470405	2.1843054109073153e-07	2.1841052003619077e-07	2.008193442959608e-07	2.3692161870737328e-07
YML034W	-18.0657880544979	0.02586560287920588	1.4264763199802318e-08	1.4265141826926601e-08	1.3666256568003228e-08	1.4879499258870122e-08
YBR221W-A	-16.796587664540112	0.8066109085508811	6.995228708488747e-08	7.026734419899651e-08	1.3461474323755894e-08	1.9123906377243417e-07
YPR174C	-16.07996269095129	1.7017325075081797	4.4108444994464727e-07	4.30255508820046e-07	6.3218607188632034e-09	1.707167760828726e-06
YGR174W-A	-16.70665020020604	0.6660096433419441	6.934080772125729e-08	6.912117512610934e-08	1.8521309917907036e-08	1.6532525913701755e-07
YER052C	-14.097836666807053	2.3897802507976347	1.233173230377857e-05	7.658444717474506e-06	1.691442087864523e-08	3.4000477588592886e-05
YDR088C	-16.99104766627059	0.7576527540289447	5.576901002565692e-08	5.513852859854656e-08	1.196839207249339e-08	1.433363385290237e-07
YGR183C	-16.140927504334087	9.536651014435593	0.047859708548356965	0.05612795165470731	2.103358077086783e-14	0.5580452061551311
YKR038C	-15.720925703172908	4.409434255887869	0.0006140506380270578	1.8940774683395355e-06	7.884191694379742e-11	1.0114230305976696e-05
YOL126C	-14.627012034653673	2.16341068643138	6.0486388589502246e-06	2.0748028113070085e-06	1.2217898745475968e-08	9.47562911319212e-06
YBL076C	-11.159076911987723	0.20820210157242486	1.4593882217718877e-05	1.430218758529538e-05	1.0050360992449651e-05	1.9483762755928327e-05
YDR001C	-13.98870420430576	2.5005306291419913	2.3345474976611344e-05	9.243408606666492e-05	3.5501449764736684e-08	0.00031872902329489435
YLR266C	-18.101321764662117	0.2945926952272084	1.435480614820422e-08	1.4366511655277677e-08	8.472944981438954e-09	2.232251440272489e-08
YCR065W	-17.409253829195933	0.7777761964101219	3.721955588529775e-08	3.709754789065184e-08	7.639660801333698e-09	9.83416728975772e-08
YDR034C	-18.28256781213784	0.5030398974003704	1.2978007841777079e-08	1.3032769680970359e-08	5.0189223947921406e-09	2.6263516480718866e-08
YKL059C	-15.86713679997156	1.5295064897317983	4.026397466709725e-07	4.4952942905823343e-07	1.0484887915469733e-08	1.737529501871156e-06
YAL024C	-18.27313121288242	0.025769792295048305	1.1589641966079859e-08	1.1593750241817472e-08	1.1108873679715938e-08	1.2091270785760336e-08
YAL046C	-16.24437113267159	2.9286690308367485	6.726535124326206e-06	8.217116916901502e-07	6.489571068404327e-10	3.960787226556257e-06
YKL224C	-15.335263711655697	24.123083231832574	0.257935149053865	0.3244177367770156	1.2461075934344239e-23	0.9999999999975615
YDR030C	-17.17015214078927	0.5738648536882114	4.140935352176187e-08	4.095580649254554e-08	1.3549796730168222e-08	8.909958817277525e-08
YLR390W-A	-16.164176537474106	2.3123695473510377	1.4406192452065895e-06	6.52068853099495e-07	2.0662227852989383e-09	2.970650314633103e-06
YOR327C	-15.147366672369754	9.198335104584514	0.05219814375897193	1.0681973445109186e-05	1.6020600673961595e-14	2.184046538163589e-05
YBR281C	-17.378556347867544	0.11999673085626372	2.8634538422197964e-08	2.8556758659185466e-08	2.327358680104753e-08	3.4532738030993304e-08
YLR008C	-15.580543296420002	2.338507208675771	2.210382104284382e-06	7.715459827718252e-07	3.353134340232193e-09	3.5865763174529137e-06
YDR333C	-17.430924677865534	1.80183481704764	1.4188135087765165e-07	1.1196345027016885e-07	1.3688496766485414e-09	4.631647457771887e-07
YMR068W	-17.041417642563104	0.8084743608268212	5.5519035744422844e-08	5.525329205765975e-08	1.0505895376474778e-08	1.5075269738057297e-07
YDR475C	-18.191448499820382	0.667295789310981	1.5890917926894565e-08	1.5682179709384848e-08	4.191554513959361e-09	3.753313194647348e-08
YGL127C	-16.610655765188113	1.0789163551160783	1.0995919687845179e-07	1.0988120717309554e-07	1.0358743675090395e-08	3.62334610999563e-07
YDR306C	-17.032230448116735	0.8009488234464519	5.5326466388566734e-08	5.53681487790165e-08	1.0734930960447008e-08	1.5007436071550997e-07
YER034W	-16.780431992746145	0.5214287930869488	5.9277108558078215e-08	5.899772965930051e-08	2.185145699011539e-08	1.2127521493959773e-07
YML119W	-17.175769420945272	0.3873768519220526	3.7575272349888444e-08	3.740854630767308e-08	1.8350473253378915e-08	6.559357759661291e-08
YJL207C	-17.338164901340136	0.18244940946696894	2.9994281559011706e-08	3.000648618442807e-08	2.1860605131997538e-08	3.9830772831113394e-08
YMR034C	-17.07131865502086	1.4462467603125129	1.0661615470725034e-07	1.0246515747618304e-07	3.5383683386775137e-09	3.9363730213366204e-07
YML020W	-17.65076255422244	0.41640465335079585	2.3455295108590384e-08	2.3536937509944077e-08	1.0879345537871426e-08	4.2783028034988035e-08
YBR072C-A	-16.81329065621756	0.546150645914718	5.7854036527582413e-08	5.774832186757622e-08	2.028392866975143e-08	1.2199790089934505e-07
YNL020C	-17.728039627859474	0.29008245145036454	2.0839849145371634e-08	2.0851147648196125e-08	1.2404395219634321e-08	3.2214011915424975e-08
YLR270W	-13.832931714024381	11.646601407584049	0.11985578015053737	0.20404744009349327	1.8474467974627754e-13	0.999713661883778
YGL245W	-12.837999984222916	5.551124268806593	0.014212369172941693	2.170463581197364e-06	8.442030678837201e-11	1.1509150744028906e-05
YPL019C	-16.262493519179046	0.33029051921490776	9.170396435077589e-08	9.139240987598161e-08	5.024583069316495e-08	1.4894242602632048e-07
YFL009W	-17.655160558854917	0.4858954743068277	2.4010138283680495e-08	2.4204422494341684e-08	9.668029017210755e-09	4.7817229985477314e-08
YHR038W	-16.531675291066477	1.4190395418455108	1.8235778060981435e-07	1.8147403786460097e-07	6.406549805041189e-09	6.84117863264228e-07
YER031C	-15.06406371791054	7.948387479613523	0.031406653161204647	0.05089901073203075	1.8665760504284235e-12	0.41992046982811054
YLL058W	-17.99777172793327	0.2361219279117617	1.5744113372245826e-08	1.5690570802153065e-08	1.0347077136419405e-08	2.2491795742159397e-08
YDR109C	-17.80282665653138	0.2621806734180448	1.916489067457695e-08	1.9192073800729058e-08	1.2051164194676013e-08	2.8527769726715492e-08
YJL029C	-17.43312547209753	0.4809428957741416	3.030400714549761e-08	3.01543807229791e-08	1.21703950118842e-08	5.922088660836672e-08
YNL299W	-17.716995762450807	0.35700762615538223	2.145484050606146e-08	2.1527983593141085e-08	1.1228261227528824e-08	3.6320864999119454e-08
YOR080W	-17.69521014340826	0.4550740608955837	2.289038037882708e-08	2.285887928771351e-08	9.7573283441222e-09	4.3510198847286714e-08
YMR171C	-17.416237225895003	0.9032320505015609	4.0620563748874594e-08	4.117647834244282e-08	6.179540708787519e-09	1.2098950143314966e-07
YBL045C	-14.096691062129322	10.390198406642204	0.0884044659073706	6.720362714094227e-07	2.16744907643568e-15	3.914891463249029e-06
YIR035C	-16.142094603005518	2.2823677489783925	1.1499302724888391e-06	2.098574689599682e-06	2.370921866672519e-09	6.51030366081904e-06
YBR204C	-17.197995387622342	1.2056144230987031	7.245711028570109e-08	6.552577577606434e-08	4.611592722757627e-09	2.288862783361838e-07
YOR129C	-18.00068488338073	0.6624086287089856	1.873665861550473e-08	1.8969386169832276e-08	5.118913820328952e-09	4.5250765389279396e-08
YML098W	-16.33079499509111	0.7716205883262531	1.079781659198275e-07	1.0911760923225836e-07	2.2718563068092158e-08	2.8836540948412216e-07
YEL006W	-16.91767924544618	1.0300339237539244	7.728514046231598e-08	7.604395200602368e-08	8.244688125830071e-09	2.4307321803477244e-07
YLR337C	-17.53789257375429	0.19727430465819734	2.46976521784489e-08	2.464576716108509e-08	1.7471104556380412e-08	3.3423228291204416e-08
YDR081C	-17.698748146584677	0.2871945772907783	2.1541555177159782e-08	2.1456252427613656e-08	1.2833934482382702e-08	3.301435743256905e-08
YOR231W	-16.28154787509375	0.41306079708079274	9.312945376393953e-08	9.252000977259206e-08	4.304506425007309e-08	1.675343056912543e-07
YDL230W	-16.598161637966044	0.9616078301975144	9.694117753356458e-08	9.856532304955166e-08	1.2721499625838456e-08	3.018686805211973e-07
YBR052C	-15.643298242569655	1.651392575501091	6.366813498387426e-07	6.056865856216234e-07	1.0627929849601242e-08	2.419127814375998e-06
YHL004W	-14.450698861715138	1.7909751950994206	2.65496275152295e-06	1.0638966248690822e-06	2.461226569328408e-08	4.354478305040324e-06
YPL161C	-17.98347737773402	0.2682742228782701	1.6091176702888935e-08	1.6048589671754565e-08	9.954827362974588e-09	2.4062647103279133e-08
YJR091C	-16.02551899752214	0.7719774751662403	1.5086707012847403e-07	1.4850675415112121e-07	3.084906856018176e-08	3.929956026343023e-07
YIR019C	-16.94587703866344	0.46580516907922104	4.8754682119979696e-08	4.862988728480493e-08	2.028060654873976e-08	9.38207063302413e-08
YGR039W	-16.753293142560125	0.6454385358012102	6.555366532608087e-08	6.528693537210103e-08	1.8324687602743924e-08	1.5319260979809048e-07
YPL172C	-17.308935748523055	0.961144644280375	4.805498154003883e-08	4.74380861530884e-08	6.2255843579977145e-09	1.445820210765356e-07
YOR157C	-14.405821766247028	4.659237008954251	0.002049643308197012	8.967357991150056e-07	1.1116216330653021e-10	4.779474818388919e-06
YPR147C	-16.82316661382427	1.7369004141484388	2.1065224703430263e-07	1.9682405500334523e-07	2.814041621308181e-09	8.025185507077373e-07
YER133W	-13.583860856867615	14.796481026570376	0.1836348079549685	0.2858261326144356	2.347534331150792e-15	0.9999990635365709
YER065C	-16.03117774772616	1.7989963755723912	5.491126608062629e-07	6.720050627720676e-07	5.788263731352231e-09	2.6559132494562504e-06
YDL168W	-15.496055718068218	8.404781458505024	0.035411441056987764	2.0324041850193308e-05	8.118779012660918e-14	4.9438942407225096e-05
YJL041W	-16.96204302727054	0.26767720062864103	4.458925345627592e-08	4.455735952344134e-08	2.7673491352635956e-08	6.67606548728197e-08
YOR054C	-17.384306541608368	0.489084447743723	3.173917414125353e-08	3.174892655093111e-08	1.2599411632789578e-08	6.292355380767922e-08
YLR402W	-16.787477972474136	0.896741664116178	7.752762968847325e-08	7.66128169596453e-08	1.1712769451934007e-08	2.238320156982752e-07
YHR123W	-16.907622754509433	1.8798044798113918	2.7308868295007387e-07	1.992286971920215e-07	2.024623025651912e-09	8.425209727446804e-07
YDR220C	-16.832809744425305	0.7641697814734814	6.597104121765755e-08	6.529309924180818e-08	1.3887349682859977e-08	1.711596771715526e-07
YIL119C	-17.210517521911953	0.48119685622303143	3.771982099604942e-08	3.760670639953452e-08	1.5186798998959788e-08	7.384660302192855e-08
YPL181W	-16.93435830022716	0.6611498938870822	5.5034290632026215e-08	5.469728305427426e-08	1.485246110831901e-08	1.3006208897463266e-07
YNL297C	-17.900176759948593	0.21721727453089437	1.721825416640903e-08	1.723368000724016e-08	1.177668751488042e-08	2.4056464570926828e-08
YDR044W	-14.039457008483806	30.32729581370252	0.3275084111304924	0.5053980207700373	5.0698330155364656e-24	1.0
YGR227W	-17.259121809628397	1.8734154180469615	1.9796266094445245e-07	1.5289085504621133e-07	1.4527363017472411e-09	6.383649040894843e-07
YGL117W	-16.6989249736296	2.032850317412563	4.319650327158428e-07	2.6566222466352567e-07	1.9176458050177874e-09	1.1712044137643207e-06
YGR193C	-15.723747474906487	0.9349223310221226	2.292170522790027e-07	2.1205912900714713e-07	3.1067798316473094e-08	6.246541156586385e-07
YDR058C	-16.83341800901033	1.9345541822747903	3.154646735439349e-07	4.1533184950833135e-07	2.054345415467305e-09	1.3887870048637434e-06
YMR286W	-15.98618195771378	6.84671723665179	0.01131616976203859	0.014745772392233375	1.8649997821311024e-12	0.016853089013352626
YBR250W	-17.379759492055385	0.5972391258261053	3.4080026010205185e-08	3.3858297041075814e-08	1.0602281103549056e-08	7.563683705385606e-08
YOL071W	-16.34249126220746	0.7799006681224905	1.0658062704495932e-07	1.0785165011209816e-07	2.2095405944355726e-08	2.864154470362286e-07
YOR273C	-16.202631087239936	1.377105979744675	2.317830552095014e-07	1.92977194930231e-07	9.22844393966812e-09	7.228445543504957e-07
YKL065W-A	-16.818977995914594	0.6473386282553429	6.087832697238677e-08	6.120097768204174e-08	1.710616223589697e-08	1.4390261093036762e-07
YOR006C	-16.281784912070364	0.6275661305092527	1.0304100737541404e-07	1.0208397270165838e-07	3.0027914950894355e-08	2.343306585189829e-07
YKR014C	-13.867546134403893	14.62045442478342	0.16913475455668278	0.2518507976922849	6.347558343087842e-16	0.999997046877661
YLR197W	-13.936878795278245	12.421818049757775	0.12832668580029508	0.26230950510801054	8.520972732987912e-13	0.9999668002502436
YJL139C	-17.1668095137218	0.8604855017720895	5.1065522880921275e-08	5.07643133745517e-08	8.50784104868214e-09	1.4430430211830052e-07
YMR176W	-18.275949400057655	0.23868595059861009	1.1880920144254957e-08	1.1885691241432783e-08	7.7984316512468e-09	1.7101778481968456e-08
YOR115C	-16.246263153888506	0.9447404857380497	1.343640111099706e-07	1.3857250450755824e-07	1.8623977119275204e-08	4.19950663369442e-07
YHL045W	-16.738325461185724	1.040221550753311	9.563748380538745e-08	9.142624350373679e-08	9.684084887441856e-09	2.9375657082339126e-07
YEL035C	-16.851847400794924	0.634696128647433	5.9018564991131364e-08	5.8647190942723063e-08	1.688372611539443e-08	1.3610677213858966e-07
YMR118C	-16.749588436586038	1.7137470507534514	2.3585858540634883e-07	2.5109983212174663e-07	3.1902806207079704e-09	9.39016110725761e-07
YOL049W	-16.79382209773101	0.3776587777225669	5.487921919799831e-08	5.455266202135375e-08	2.7303087794881262e-08	9.44680486657149e-08
YMR180C	-17.223484089737013	0.14800875523385118	3.3518361771121956e-08	3.346613970950427e-08	2.5947512200233088e-08	4.222506553839036e-08
YLR293C	-13.690529656095533	30.110530510973646	0.3240023365940845	0.45007217460545845	1.5879052835726488e-25	1.0
YPL170W	-16.24821024685771	1.5283239189866467	2.8080021831289526e-07	2.601746638230258e-07	7.054602980051505e-09	1.0229026960513315e-06
YDR050C	-13.741636488711448	40.11425871622496	0.37180614504216003	0.5087973755473287	1.3737118310662647e-31	1.0
YHR112C	-15.536176342001637	1.2604519174571795	3.94000145252178e-07	4.0974465034017425e-07	2.264052841361341e-08	1.4785368169728017e-06
YKR073C	-16.85511582079269	0.5239304557227115	5.473729746426417e-08	5.488309346138831e-08	2.0195597298248882e-08	1.1320026747952003e-07
YAL035W	-12.339090805188972	0.24609749466525138	4.510965973458248e-06	4.3487857973642265e-06	2.842878750358493e-06	6.261210166656603e-06
YNL126W	-17.191779075417074	1.1196366375476934	6.271096818786766e-08	6.327215969643989e-08	5.408288264413442e-09	2.1287558389608817e-07
YPR193C	-16.728185936016217	0.8609734444831076	7.924669102056461e-08	7.830593273252322e-08	1.3145161559367053e-08	2.2239652798822032e-07
YNR075C-A	-16.813175095617026	0.806243455060531	6.970696566592398e-08	6.908146662410132e-08	1.3248030091130439e-08	1.8797940565090282e-07
YLR404W	-16.63222409155533	1.791171105733361	3.152301834508551e-07	3.5171147475790196e-07	3.1684019605193846e-09	1.2694860932055473e-06
YCR026C	-17.964555226448994	0.35784628235737276	1.6791626592725452e-08	1.6818381903022422e-08	8.753849625058474e-09	2.8411170645997522e-08
YPL256C	-15.075823970918263	1.5871440776147216	1.0082137915003859e-06	5.859360806241959e-07	1.9306766947810082e-08	2.310499344119663e-06
YLR348C	-16.039728396914853	14.117845995477076	0.12866298092849313	5.085089455053193e-07	3.755867060077787e-19	2.735367067622632e-06
YJR095W	-14.76994135493551	7.448969585186932	0.027760045253830162	0.05000448947224459	9.977817763947858e-12	0.39395184244117776
YGL041W-A	-16.48846196723096	0.7487110122393696	9.117080814566936e-08	9.10637088041678e-08	2.010170629033429e-08	2.3547728107211337e-07
YBR298C	-16.350332673167216	2.872629887476006	1.0917293768663511e-05	2.4340035408511234e-07	5.384569513700922e-10	1.1829569384348318e-06
YBR037C	-16.443421028912056	2.7047969297366334	2.767133474253965e-06	1.4106878232500194e-06	8.44128865050067e-10	5.7171634910589805e-06
YLL051C	-18.115828849237715	0.4831005644348973	1.51223613356589e-08	1.5237696584471378e-08	6.12256218547589e-09	3.000449477304232e-08
YBR096W	-16.261779724992067	3.7092084667351104	5.6450975808659526e-05	3.4572119326714902e-06	1.817144602193244e-10	1.3526904804205676e-05
YER039C	-16.46881958204247	1.9690538393156867	5.15379032620308e-07	3.7562501227723843e-07	2.7345590314465637e-09	1.593579259893434e-06
YEL048C	-16.6295314676765	0.9425110768575812	9.281378015603163e-08	9.308526141264339e-08	1.27028824094403e-08	2.809280742717368e-07
YDR379W	-17.735102694300423	0.5603303161275742	2.3372282219449636e-08	2.3190013447759224e-08	7.889581094858964e-09	4.975926685485675e-08
YJR065C	-13.697733211106607	15.761880132702652	0.19073043830899125	0.3509177100130456	1.1938507233414499e-14	0.9999999312259061
YOR377W	-17.668486476723757	0.30309717679950615	2.2204189101772566e-08	2.2204966855213954e-08	1.2880444726687295e-08	3.4896739897590846e-08
YDR540C	-16.742373290901725	0.8417480723635199	7.492826522196775e-08	7.633596417578393e-08	1.3413301161694398e-08	2.136183677675856e-07
YFL054C	-17.659507274970366	0.3645116413085811	2.277656780103642e-08	2.287101292078154e-08	1.1746632042014556e-08	3.896968181893219e-08
YGL059W	-15.824117541961824	0.6839433519534435	1.6863587344734946e-07	1.7032274683801532e-07	4.3605362618904404e-08	4.155830628778238e-07
YGR038W	-16.521798412425397	3.238766916752439	1.002845147075727e-05	7.008876200059989e-07	2.878292926343207e-10	3.59335355477847e-06
YOR234C	-14.331477973181974	24.65819209752059	0.27868901964685483	0.3354843461565748	1.125126392026923e-23	0.9999999999994786
YPR140W	-17.17252419268405	1.1734249290692185	7.17611837896422e-08	6.935215631964075e-08	5.055613912262431e-09	2.3963240049595945e-07
YBR256C	-16.12289291353298	2.7899618054961777	5.441316729791583e-06	1.0599130707045785e-06	9.540375923915572e-10	4.8820087674386285e-06
YNR014W	-16.574011900833995	0.6213482243726848	7.670027313021386e-08	7.658486684646443e-08	2.2763756208275588e-08	1.751046842035657e-07
YER045C	-17.187017671611812	0.39636973576690554	3.698123937607011e-08	3.697655661319451e-08	1.78332149997547e-08	6.553300753752076e-08
YGL233W	-16.586159541338205	0.5506064185518068	7.263616063625928e-08	7.286229347536749e-08	2.5314522939188605e-08	1.5477200406331091e-07
YNL010W	-14.889663795279558	18.887518884625297	0.21844833337893999	0.3191014272347505	5.579793720520985e-19	0.9999999969092102
YBR299W	-16.540318246356748	0.8313664803570305	9.214613971963693e-08	9.279319673257922e-08	1.6699507536649806e-08	2.5771285396996424e-07
YBR061C	-16.831971553467866	1.8484023709834168	2.7471971211182315e-07	3.28497592692303e-07	2.3622421330526258e-09	1.153042048703988e-06
YBR107C	-15.814895507684197	1.620215646876493	4.943289403745391e-07	2.850526354704794e-07	8.672956771526144e-09	1.134905556827996e-06
YML032C	-16.003805517984077	1.2694411146558306	2.400754540063002e-07	2.404439753521122e-07	1.3807070478507345e-08	8.687182382294284e-07
YGL251C	-17.98697808736395	0.32567716552233317	1.628067509090736e-08	1.626500428954047e-08	9.025367561179374e-09	2.6336948170550454e-08
YGR042W	-16.852731578714867	0.595581263568619	5.741628481006095e-08	5.7037163706037814e-08	1.7956732800415245e-08	1.2704305091051714e-07
YFL040W	-17.06678711622297	0.9720692136323307	6.17140758653685e-08	6.245223467674125e-08	7.83824403898293e-09	1.928127937465187e-07
YLR045C	-17.083746032986895	0.6318419991200759	4.645550552485557e-08	4.634540793216728e-08	1.34387192680108e-08	1.0721467784387967e-07
YOR159C	-15.795258549792562	2.9552795860688628	1.0384412885927405e-05	1.3786028492147465e-05	1.1101649986568048e-09	2.4960894481119814e-05
YGL029W	-15.478178170037408	6.77025803561797	0.013743677429085483	0.017920844223885086	4.0796643135092145e-12	0.03004176676560543
YGR047C	-16.91756089090741	0.8507999821153277	6.428768851490621e-08	6.411227482406796e-08	1.106123151658536e-08	1.8049636100116837e-07
YKL089W	-17.77857528389066	0.30568112239651635	1.999517613374483e-08	1.9915083646940915e-08	1.1494353881555251e-08	3.1422528858233454e-08
YML101C	-15.730501161445117	1.0618855545407158	2.636926391912318e-07	2.5085621856212066e-07	2.547008635612766e-08	8.141509476069955e-07
YJL014W	-12.655687145897174	20.183061833824578	0.2648140254490007	0.4848966579455284	7.07365935794393e-15	0.9999999999952238
YPL083C	-17.37375253695862	0.6188704527713282	3.4631057461484834e-08	3.4464469332549235e-08	1.0283113411765205e-08	7.869287050234702e-08
YKL187C	-18.028295070304722	0.07628110376128334	1.4842359127913562e-08	1.4848150653559655e-08	1.305917623117887e-08	1.67823610161951e-08
YJL167W	-13.841500562187504	29.497840292837335	0.3084349615099831	0.5095042096504746	3.705223704772445e-23	1.0
YPL117C	-14.488456214815598	2.7272702000386806	2.1189986524109504e-05	5.174732318030403e-06	5.646809471157493e-09	2.2632964135481836e-05
YIL163C	-16.868550392472372	0.5373300665786996	5.46668648048647e-08	5.423107900008787e-08	1.9441059261038e-08	1.1329625036018009e-07
YNL065W	-16.66782213915647	2.4006568052984987	8.540565279078562e-07	5.341243090143603e-07	1.0995754807429407e-09	2.452055268430253e-06
YNR007C	-16.23328187749685	2.2286353127850367	1.0626011999572732e-06	1.825953516185762e-06	2.3791709089726432e-09	5.740309574369884e-06
YDR028C	-18.541843871492148	0.259342962278211	9.14718028146416e-09	9.16260990190527e-09	5.779961397818657e-09	1.3572313113882244e-08
YNR050C	-14.923161395862918	2.9065099152777942	1.66957792145673e-05	1.2438423547039582e-06	2.257730392778102e-09	6.186676174443069e-06
YDR085C	-17.870089726414136	0.8023471257987362	2.3860439122196928e-08	2.3759514260996844e-08	4.6217610058485035e-09	6.424715943921529e-08
YLR053C	-16.753195877209492	0.7592096989999454	7.121935294253425e-08	7.042801300345168e-08	1.5161619934631733e-08	1.8362001590075112e-07
YHR192W	-16.670725111930736	1.4100739461187763	1.5871872745745668e-07	1.4676170031101512e-07	5.619541679094586e-09	5.581783431293071e-07
YMR069W	-16.708678508112627	2.091385897818573	4.398199642785557e-07	2.2017564194645015e-07	1.666536110733026e-09	9.91594486857606e-07
YPL141C	-17.937785130438698	0.8184883563567816	2.2855102240753556e-08	2.263303042099329e-08	4.216883783451715e-09	6.213102779915827e-08
YLR382C	-17.38970827680278	0.7487191654105507	3.679341392278146e-08	3.698962708397683e-08	8.172239930439316e-09	9.561996408041659e-08
YGL097W	-13.657411548084566	20.105377295087344	0.25033182745180516	0.4531958012550683	3.5784864729245093e-16	0.9999999999849041
YKR098C	-18.219309170636535	0.3161419753352899	1.2819230124548338e-08	1.285834027952896e-08	7.271149057804358e-09	2.0562994837108356e-08
YDR138W	-17.453741608865315	0.7549318567044813	3.550640416675439e-08	3.4688675730487467e-08	7.569023655823595e-09	9.00610824121689e-08
YJL193W	-17.228678665495664	0.5434839889205713	3.797328111776253e-08	3.8096969649675376e-08	1.3448074946401912e-08	8.024787741254451e-08
YDR496C	-14.388853684891002	13.543178016062196	0.1496791057940771	0.320302796037896	4.184281973583981e-12	0.9999968826993879
YLR350W	-15.028958819276523	9.60126568189725	0.06125514177551965	0.0944576857101017	1.7690533259802377e-13	0.9333382807856053
YLR376C	-16.58545895234529	1.2300875936839055	1.3319076496733554e-07	1.2815359509624003e-07	8.219284071202647e-09	4.548291128495188e-07
YDR532C	-17.001277692347486	0.3584190445823492	4.4095367290418666e-08	4.4016149371536166e-08	2.288956054101258e-08	7.438695289191062e-08
YKL198C	-17.56176271163784	0.36340466068033583	2.506724551085428e-08	2.5197586989706818e-08	1.2976419711458683e-08	4.28680946971416e-08
YMR262W	-17.027043858914823	0.7587616974069937	5.3919001603664114e-08	5.355027224702899e-08	1.1538134959605959e-08	1.39700567888501e-07
YBR057C	-16.258944474474248	0.4448603856247523	9.625677935381231e-08	9.558610055965003e-08	4.169604320536463e-08	1.797972156488909e-07
YML077W	-16.50529347468617	1.305793814907979	1.5848964422785993e-07	1.6200454834270898e-07	7.941303004565625e-09	5.902714941045241e-07
YEL064C	-16.725918675271515	1.1115100405838494	1.0146002029267723e-07	1.0214032143697094e-07	8.764690375301689e-09	3.4254839153669526e-07
YLL039C	-13.759650886765668	17.14083859285834	0.21027559230512716	0.2956889796714395	1.2971508947015419e-17	0.9999999624256529
YLR423C	-15.190080357840271	0.928678073841795	3.8811525859563914e-07	3.963772859899124e-07	5.514692926307668e-08	1.1916774916864416e-06
YBL020W	-17.61860168082856	0.685521172885051	2.8152325358681495e-08	2.823615018210088e-08	7.221091782867558e-09	6.895257998195265e-08
YJR136C	-17.006791117710947	0.8914340620508604	6.122459909468318e-08	6.07712723846723e-08	9.46162791680915e-09	1.7667171672499237e-07
YER041W	-18.038489042746008	1.0814185436132477	2.6230410490166603e-08	2.5853291119911387e-08	2.461301693142057e-09	8.502169903331854e-08
YGL033W	-16.761962473211298	0.763484657509982	7.127459245730103e-08	7.031728112011044e-08	1.496027258925035e-08	1.8441862965262333e-07
YLR193C	-16.407079363686336	2.238286949208273	9.59019389349572e-07	1.2154594215901807e-06	1.919744287216303e-09	3.741750397961851e-06
YHL015W-A	-15.701240545161253	1.8041308580009787	7.467595228465612e-07	6.292011337673655e-07	7.689529401043267e-09	2.5687709254362687e-06
YMR183C	-14.869087905558244	2.0653911063443737	3.052745943733878e-06	1.525411656212016e-06	1.1212434702874887e-08	6.8044140793357736e-06
YOR215C	-16.162733225872927	2.4661796834475727	1.8081779376044643e-06	5.991589727906137e-07	1.5598042873295928e-09	2.870452407329588e-06
YBR101C	-14.993109315642142	0.9325428821402189	4.751566738188392e-07	4.5785639480132604e-07	6.564219991138259e-08	1.361584156208108e-06
YNL247W	-14.93947742293747	0.7552781950065279	4.3476049404460905e-07	4.204110354679477e-07	9.280545419867877e-08	1.084340883099534e-06
YNL099C	-16.08163615497395	3.468615182008957	2.8644422034140127e-05	7.034903213495914e-05	4.0528720937696553e-10	8.800984377720932e-05
YDR176W	-17.616525014943548	0.770894504902728	3.016666803301766e-08	2.993953894081904e-08	6.272528955634074e-09	7.88410268638352e-08
YLR380W	-15.245304200151422	1.3071133276270628	5.781342903760545e-07	5.299525862270048e-07	2.7760757182271827e-08	1.962745819582507e-06
YPR135W	-17.394374781412992	0.01720161801541167	2.7915140167178953e-08	2.7911454959756833e-08	2.7128775130315356e-08	2.8707532718908316e-08
YNL335W	-16.725154940803606	2.3070038173233303	5.81362891979693e-07	1.1088098800426497e-06	1.2481087412337133e-09	3.1616221904956127e-06
YDR032C	-14.448027727260706	16.225406300544304	0.1858411249990096	9.719537087062715e-07	2.309952917032929e-20	4.703894698678534e-06
YLR020C	-17.55188204175718	0.49848068308271815	2.7067911530127302e-08	2.700552355181743e-08	1.0500267771142958e-08	5.412882030842889e-08
YDR334W	-18.10061952882934	0.017271616408446218	1.3773332694523534e-08	1.3774249684007818e-08	1.3386344215564634e-08	1.4169014312881479e-08
YBR004C	-17.12208502241336	0.9378901268688665	5.631965129206374e-08	5.637987022263914e-08	7.809830790692116e-09	1.6935047959062777e-07
YJL118W	-16.851861233961955	0.6133237049827942	5.800714910804317e-08	5.799619692443899e-08	1.7505390567948544e-08	1.317994707863416e-07
YCL031C	-15.385739188242225	2.0150719261091012	1.5073867217619186e-06	2.5253841111199094e-06	7.985443345447004e-09	9.464007658438705e-06
YBR215W	-17.787447843548563	0.26020568350679524	1.948522444947378e-08	1.94772547862891e-08	1.2272641285531744e-08	2.8876102045843514e-08
YDR322W	-15.553020784843467	3.4247052276895427	3.850411873343733e-05	5.118487522934167e-07	4.217599212501542e-10	2.594009317240975e-06
YLR090W	-15.941315734083402	1.6178225454316106	4.595217850062256e-07	2.9217759641776393e-07	7.916221013150364e-09	1.1827571100737704e-06
YKR061W	-16.92360735244509	1.2660857726563226	1.0163056495827933e-07	9.67672397178973e-08	5.545243059387475e-09	3.4861254656957446e-07
YOL131W	-16.855165908484906	0.5599876096446761	5.565054560686775e-08	5.592922105817025e-08	1.9030521848258772e-08	1.1999707952770836e-07
YCR021C	-15.232250074151308	5.25690132258666	0.0032260017889690247	0.006698173100627096	1.0561901290979938e-10	0.008218599580482388
YBR012C	-16.86675451442059	0.4885886912792929	5.2466766224163836e-08	5.295074432387639e-08	2.109194365921218e-08	1.0475478598194833e-07
YDR133C	-16.424031803639792	1.0623089242697468	1.3022543839299758e-07	1.2903193706228296e-07	1.2808047592740678e-08	4.2056308192620894e-07
YDR404C	-15.014090499718078	5.22620910084492	0.003131238337220685	0.005116431923770133	8.461746912505092e-11	0.004398899201401879
YJL127W-A	-16.768023670513486	0.6004069533700056	6.277739056415168e-08	6.243618883152353e-08	1.9426406068080493e-08	1.399057041429664e-07
YLR017W	-15.002456666982452	3.4874013547454394	0.00015791433418645015	6.967411229485961e-06	9.518720583990333e-10	2.8980740226515825e-05
YDR499W	-17.73917265337623	0.4643721966823768	2.1993012768708407e-08	2.198655479811729e-08	9.202492100523423e-09	4.2308865003926506e-08
YER093C-A	-16.57234558127746	0.7486744776917887	8.464322190791837e-08	8.399444034741807e-08	1.8507560106185326e-08	2.1729697680138982e-07
YBR128C	-16.7885757807464	0.8837564978789737	7.663463965426224e-08	7.490528574098814e-08	1.191876058115505e-08	2.1609335995523818e-07
YBR260C	-16.601684303205914	0.43197373762067715	6.741535453602971e-08	6.767679715456371e-08	3.02745920513371e-08	1.2539536214520665e-07
YIL052C	-14.298854529021993	48.095208545045516	0.38444841486687437	0.4625657417495675	3.440220132459272e-39	1.0
YHR196W	-16.165766464889387	0.5153493945036055	1.090984868924505e-07	1.0832697668144873e-07	4.070981866282375e-08	2.209218093133256e-07
YPR096C	-16.86093250920456	0.6867621239675827	6.092114288859113e-08	5.997878794240517e-08	1.533957580037135e-08	1.462677603690015e-07
YDL085C-A	-15.694551657733227	19.522857624925106	0.21330660346082259	0.23948101165456417	4.137282310922126e-21	0.9999999759825476
YER165W	-14.049394036564264	3.9775930752060837	0.0007509306797168607	2.353144104691303e-06	7.393876040342652e-10	1.2064081995617261e-05
YPL055C	-16.39901263803111	0.8781087672401788	1.1192133557950599e-07	1.0912806612749325e-07	1.771080626826926e-08	3.130080156801144e-07
YJL172W	-14.726138024322408	10.358728826487289	0.08200362263552613	0.18367206223107244	7.375197688112993e-12	0.9978552221019669
YGR023W	-17.50356284740772	0.14284823674106406	2.529090336673074e-08	2.5277505073046153e-08	1.978101604050347e-08	3.164102872111095e-08
YER168C	-17.46176091129817	0.5871137437585925	3.107158389057849e-08	3.0968736981192325e-08	9.92229431121471e-09	6.840234921116498e-08
YGL120C	-10.792306526281392	0.3394148049820716	2.17220650639218e-05	2.220712802659471e-05	1.221768839501883e-05	3.6063998519210834e-05
YCR079W	-17.05270660471504	1.474584881332538	1.117210144940689e-07	1.20083244754571e-07	3.480858726116606e-09	4.547711256874933e-07
YOR047C	-16.846583099782222	1.2149571771864787	1.0030530222121394e-07	1.0034726258630076e-07	6.528499841326167e-09	3.540405400930641e-07
YDL147W	-14.10800696473707	4.696529998431273	0.00287842011497846	1.1519144681216052e-06	1.3986201118131352e-10	6.1211705031524416e-06
YMR059W	-16.217650207830232	0.8806358220880982	1.3150666938673688e-07	1.323362506421668e-07	2.1203847049479244e-08	3.810599240930837e-07
YDR242W	-17.7511051797417	0.2528147230763296	2.0251727690253704e-08	2.016180433336117e-08	1.2882693953296452e-08	2.9583677790397467e-08
YER103W	-13.705022226445363	12.008227520474465	0.1333960874738837	0.27927190885995756	3.223305100877889e-11	0.9999627769144821
YNL056W	-16.440628974371776	1.5762233892664161	2.5113446735895907e-07	2.2388072288100002e-07	5.3640350774521075e-09	8.954075538224336e-07
YGR124W	-14.440963047448532	2.6988893418222535	1.867292026782247e-05	8.784288433855587e-06	7.471928804425252e-09	3.8975481267874665e-05
YJL218W	-16.595001501635835	1.6320757108395951	2.425185330741566e-07	1.778461951548905e-07	4.115788064889676e-09	7.247034601795243e-07
YER156C	-14.588700525209061	6.47453365728014	0.015655410086349363	0.029231531097306578	4.962749009318404e-11	0.12129456271924255
YPL074W	-17.407568390431337	0.7710217233389092	3.6713327739560203e-08	3.7060961845970504e-08	7.738132038346679e-09	9.778458543517614e-08
YDL003W	-16.28744286334475	0.8756589549452855	1.2555588088199768e-07	1.1965106569102582e-07	1.97427100526296e-08	3.4083970802632285e-07
YBL051C	-17.033872464519646	0.3167360473025977	4.22612486674932e-08	4.208661149791672e-08	2.3768799995359254e-08	6.73843542108511e-08
YBR290W	-16.47579950201289	1.0893753932526684	1.2785814719128858e-07	1.2734082160357155e-07	1.1652054053494344e-08	4.2186243737848295e-07
YEL071W	-14.537356932743206	6.285681804539488	0.01296049454233825	0.0322663194092614	1.8834787703518029e-10	0.15668417801192128
YOR052C	-16.340998410793674	1.3770222760517883	2.060219016145464e-07	2.0478273181890954e-07	8.288849741202635e-09	7.657142416032464e-07
YLR308W	-16.782136676040665	3.2523342360529868	9.156468109102884e-06	2.366304327834469e-05	2.7838818003685515e-10	3.7800853359537043e-05
YBR079C	-13.357612831526422	2.7399122607283597	5.493605279675311e-05	1.0906176938911206e-05	2.3493572117857982e-08	4.503574003620165e-05
YMR222C	-16.810696266963333	0.8665248955569622	7.40130982064813e-08	7.244672589199897e-08	1.1993846331223665e-08	2.066526076088008e-07
YPR049C	-16.73359964742231	0.5697900470871978	6.28393914785575e-08	6.32706546133796e-08	2.1107881568228437e-08	1.3708047519823494e-07
YDR479C	-17.064082867881737	0.45823475046433537	4.3105582715333804e-08	4.306213830349499e-08	1.8245829938785242e-08	8.233226198183225e-08
YHR073W	-17.837148225816037	1.0670080390952013	3.173243880852482e-08	3.1774857470328467e-08	3.0985283293241697e-09	1.0403450427951438e-07
YJL124C	-15.775676814585678	6.890627986617563	0.012928965470843367	0.020172385574786553	3.0862038604362124e-12	0.04149675381283799
YER043C	-13.341423215352917	10.594934196867483	0.1059269810609495	0.20091121422380587	5.7198423613839804e-12	0.9991931454845161
YGL028C	-16.528438357484248	0.8035865166446258	9.240063822384098e-08	9.203166800054373e-08	1.7711994032671846e-08	2.5009528547002456e-07
YML103C	-16.95371848019677	0.6084723292340513	5.1819262394754146e-08	5.183119398135802e-08	1.587486990595018e-08	1.1683072445702061e-07
YPL123C	-16.406589741229965	1.4758676054863178	2.1794958175840578e-07	2.3374802117109044e-07	6.64357036965954e-09	8.861925570191751e-07
YJL088W	-15.901778088701375	1.1563089389956775	2.431879077779655e-07	2.365699689471376e-07	1.842760367653744e-08	8.105152679411137e-07
YKL055C	-16.37236136887148	1.445311686121282	2.2431177930492055e-07	2.136773914868734e-07	7.17860676925643e-09	8.185835673174879e-07
YDL173W	-16.476151417381317	0.7311151633955542	9.130258000194115e-08	9.109663399519148e-08	2.0974051078581433e-08	2.318899650369622e-07
YER185W	-16.820472776403022	0.8723955747816293	7.149990924266651e-08	7.097976190757252e-08	1.171363372302785e-08	2.023367027886036e-07
YLR068W	-15.748038307436927	2.61606454988706	4.8677335223271684e-06	6.26644516913885e-06	2.041644154640149e-09	1.6135621849606046e-05
YDR376W	-16.81436228761666	1.267236916566745	1.0896165214804052e-07	1.0798022649160148e-07	6.173637702061038e-09	3.8958183668560013e-07
YER079W	-16.725009589129314	0.6295380070354172	6.638869230938393e-08	6.639909364044882e-08	1.933044271967469e-08	1.5320992537504342e-07
YNL265C	-16.46717885994549	1.094671337125598	1.2688863893241715e-07	1.2796329295566627e-07	1.1630603201902619e-08	4.247611832316558e-07
YOL039W	-14.666487339863307	12.81636922784222	0.1287822643963235	0.15705917207952075	7.658230163703883e-16	0.9995126162559039
YJL004C	-16.685259181519726	2.801821841728146	3.6399540710812947e-06	5.365154261828777e-07	5.282734406196614e-10	2.620917277899383e-06
YOR160W	-17.876927625250758	0.011872237517432037	1.722753305693111e-08	1.7225803143433844e-08	1.6891470419150316e-08	1.7563951754604486e-08
YDR026C	-17.72456062584459	0.3698463126432951	2.1579794183804627e-08	2.1464065718309943e-08	1.0910540425219145e-08	3.68150084801173e-08
YDL017W	-15.76138395349808	1.1266140707308132	2.74102604500863e-07	2.7860451893219877e-07	2.251203379908762e-08	9.449918865521242e-07
YIL061C	-15.823274881936596	0.5341795372914081	1.5423793507317958e-07	1.547925559012333e-07	5.5725048687044404e-08	3.230613466138467e-07
YFR024C-A	-14.776209054450375	3.859430111556444	0.00023393883365954666	1.1672389852521679e-05	6.860080578194426e-10	4.6136436954931324e-05
YNL283C	-16.75732749746456	1.5407732175573372	1.789649130005169e-07	1.4688514164946038e-07	4.113041213630433e-09	5.824939955634079e-07
YGL096W	-16.80581533189323	0.8163828661257562	6.95784756472007e-08	7.035275399763063e-08	1.3125142448546308e-08	1.9305668080643726e-07
YMR218C	-18.269215347937646	0.4055840449997509	1.2661615724629547e-08	1.2636451892468888e-08	5.970789293827839e-09	2.267406636894301e-08
YDR145W	-16.950466550501716	0.8257898484161886	6.089159802149184e-08	6.055660217847546e-08	1.1138862340392944e-08	1.6677719283506717e-07
YFL034C-B	-16.06512753549869	1.1173530834150878	1.9715309194624915e-07	2.0120243284401696e-07	1.6839175046014194e-08	6.781625740717091e-07
YGR102C	-16.595905351620587	1.47034116643581	1.897996733817071e-07	1.6618049211778979e-07	5.457209386308639e-09	6.444370078433486e-07
YDR303C	-17.190923142197065	0.681377842831356	4.375797538526296e-08	4.313372159379965e-08	1.1150678225704327e-08	1.0480428269792584e-07
YCR005C	-14.662204352565096	7.8526111219664205	0.03299790195961573	0.07531255659875512	2.175448490657779e-11	0.734866952927357
YBR282W	-16.04689746863076	1.3237366337484213	2.5976931480617997e-07	2.5540730880771215e-07	1.2142969988637297e-08	9.395437942645673e-07
YHR171W	-17.268396249631408	0.521627134586117	3.624033496429813e-08	3.621917102436746e-08	1.3409679142081832e-08	7.447202630021075e-08
YBR237W	-17.513997935014416	1.186034314689497	4.872025527435793e-08	4.661831989740124e-08	3.466345266957456e-09	1.6116689577623827e-07
YLR416C	-16.851847400794924	0.5991096937165832	5.704637886205369e-08	5.717496555858064e-08	1.786830063197681e-08	1.277687238118278e-07
YHR080C	-17.68628607653298	0.45956807405841776	2.3246926037198407e-08	2.314542900578673e-08	9.786526424942336e-09	4.432204205854383e-08
YML099C	-18.352908460285818	0.45020036758766846	1.1891816298341704e-08	1.184275239986278e-08	5.1028221559233906e-09	2.2441703137986982e-08
YGL148W	-15.277585453027113	2.5100489377389947	5.511900049566957e-06	1.4565285332317031e-06	3.5414092959294374e-09	7.070579696550034e-06
YHR093W	-16.813523574638367	0.8399449464975789	6.947887862028837e-08	7.098735485098569e-08	1.2529208942294878e-08	1.983588241194652e-07
YDL008W	-15.700912391585716	2.5101758481542675	3.411592122292708e-06	5.174017171586924e-06	2.5533004234857884e-09	1.460774924841464e-05
YJR132W	-17.251365052486292	0.01513333083922645	3.220755132623539e-08	3.2201567037178305e-08	3.140625136356087e-08	3.300867242322068e-08
YOR016C	-15.428641186904498	13.730714287501028	0.1316953077105926	0.19305174607057643	2.662789098079373e-16	0.9999290009021892
YGL108C	-16.660151142183878	1.1596637373689678	1.1254107316137209e-07	1.1366717577885513e-07	8.616279360713982e-09	3.9033630385917963e-07
YPR080W	-13.891586953054867	7.737472709216461	0.04158355898598353	0.08107371632795837	5.3680667796960234e-11	0.7837673720828107
YHR049W	-15.827880003686714	15.478419201587217	0.15983263820281585	0.23730495887080721	2.3432484168643255e-17	0.9999968873331817
YPR131C	-16.264258670148394	0.3703716070562374	9.261469980604324e-08	9.25744970540628e-08	4.698173812701738e-08	1.588968344986674e-07
YMR022W	-15.964393159091925	2.316989401119709	2.008755345692698e-06	7.132125537694269e-07	2.467034263863458e-09	3.2680876405643778e-06
YNL092W	-17.023312655969477	1.1845398996315957	8.053644184821757e-08	7.811210063627305e-08	5.708463104305422e-09	2.707220517243388e-07
YJL089W	-17.9826311610166	0.27915203726829363	1.6101419417067033e-08	1.6111298681706777e-08	9.790763837556072e-09	2.4517402067924637e-08
YBL101C	-18.066333098243177	0.3608348573872803	1.524206405706716e-08	1.5214195674530296e-08	7.872472661643184e-09	2.5788169722709117e-08
YKR102W	-16.521740422140994	0.4231611990017472	7.320815544262827e-08	7.268117877695423e-08	3.318356107106581e-08	1.3306519206919798e-07
YJL194W	-15.916848794856561	1.6087415247489347	4.4125587463858966e-07	5.036849479191789e-07	8.80693786214214e-09	1.961470970687308e-06
YOR083W	-16.795285341527034	1.0378697440039948	8.623168264751801e-08	8.647773431918847e-08	9.198687839380851e-09	2.7780941196361825e-07
YBR105C	-16.025892498736724	0.7875693751575423	1.496832061989243e-07	1.4740286154703236e-07	2.9831010183417964e-08	3.930720979564792e-07
YGL099W	-14.787578264143304	3.5168897732541935	9.598526615347994e-05	1.4212882662606585e-05	1.472390668699783e-09	5.856815592484513e-05
YKL105C	-18.086735056619347	0.32985650365915636	1.4680594945469954e-08	1.4709569948621262e-08	8.099620769745445e-09	2.3949945653523524e-08
YDR208W	-17.740747649827227	2.0417115511841093	1.7639129832752104e-07	1.786928903720321e-07	6.910862133841125e-10	6.278740529796974e-07
YOR314W	-16.86523188478239	0.6154711834860417	5.707982140401481e-08	5.687865001838379e-08	1.714430897042271e-08	1.292305989061092e-07
YPL065W	-16.32792602404625	1.161513993585772	1.5910020971704765e-07	1.6183661572066516e-07	1.2019725928444369e-08	5.570839861802713e-07
YNR032C-A	-16.503170082688285	5.330463897995389	0.0022323590603528128	0.002104859511070912	1.1826134954030697e-11	0.0007046609454876192
YOL013W-B	-16.87222293359153	0.6145618667228502	5.706505733095496e-08	5.652737123182314e-08	1.7067229864011243e-08	1.2826623286750588e-07
YER188C-A	-16.762775373202004	0.5790884525977164	6.249355808782337e-08	6.208010572499028e-08	2.0245053632882548e-08	1.3605650433671533e-07
YBR152W	-16.59235780470115	0.6517925420820481	7.674245568530663e-08	7.602487826956756e-08	2.1167660864726518e-08	1.788228920895692e-07
YLR446W	-17.24651643769974	0.7358777184427004	4.251094258579042e-08	4.232057160017982e-08	9.631886905380023e-09	1.0817058213955153e-07
YER181C	-16.80219660038054	0.7812772405586265	6.902643173474567e-08	6.82931175584622e-08	1.3938373660575984e-08	1.8172451229954208e-07
YLR242C	-16.66702418296407	6.776928947746751	0.009143636195926896	0.018122791859950377	2.3312057864595176e-12	0.035703101597359135
YDR100W	-16.26727662170852	1.4330936685123552	2.39530080513751e-07	2.2845044810216133e-07	8.098845047526634e-09	8.7114300160274e-07
YLR383W	-17.558718731489336	0.8706742193185668	3.503795932553835e-08	3.423695949632196e-08	5.630167915588103e-09	9.792836320133785e-08
YHR180W-A	-16.60318058940973	0.7630266367951779	8.268708300263991e-08	8.226690398023909e-08	1.7526474002122972e-08	2.1546421283342666e-07
YDL191W	-14.367542404602501	41.33888274731103	0.3653586267753486	0.436543640684103	8.370571965859692e-35	1.0
YLL055W	-17.06293700493623	0.6404845801443702	4.695815374670388e-08	4.7818642915305164e-08	1.3554985640431885e-08	1.1171521063396976e-07
YDR260C	-16.464885837421008	0.8950218959668769	1.0497517047973178e-07	1.0511897495505785e-07	1.619444954204566e-08	3.0641188384786e-07
YMR213W	-17.658004189980787	0.5770457109621505	2.5343877203449908e-08	2.528188262952178e-08	8.290568686085473e-09	5.524131882225491e-08
YAR042W	-15.773451037581962	1.9523172581267778	8.975524023981198e-07	2.3286956508843567e-07	4.570583230510551e-09	9.6098819766453e-07
YIL066C	-11.286252471102854	0.4264080388412396	1.3702313694415769e-05	1.4950782105647226e-05	6.8766136324367444e-06	2.6971894579748206e-05
YFL019C	-16.87360734273605	0.6372612971533669	5.760478788199306e-08	5.709478322139936e-08	1.6400427291350715e-08	1.325173592364081e-07
YGL240W	-16.65929930222883	1.0420491042194013	1.0123624361770955e-07	9.927888894219599e-08	1.0448911952876204e-08	3.193947754128148e-07
YER071C	-16.429407694938348	0.9034059930342591	1.0999777364851147e-07	1.1002494954880615e-07	1.6549265942126358e-08	3.228014458035924e-07
YCR076C	-16.15653158627609	1.3682113392318729	2.449696925500593e-07	2.0508354688012764e-07	9.851399458749792e-09	7.668137895517985e-07
YJR102C	-16.536018295876403	2.220600494723093	7.861759413053578e-07	1.0521231821159557e-06	1.7370793098812803e-09	3.2231856209255985e-06
YER060W-A	-16.316660479082913	1.9539192028720904	5.719256834498437e-07	3.950210458623188e-07	3.244121924124628e-09	1.7070399320726485e-06
YKL191W	-17.285356822970044	0.6101328627849459	3.756604409384696e-08	3.746959474058114e-08	1.1396266422614693e-08	8.482408437580843e-08
YJL039C	-17.351870739957306	0.012675837569017603	2.9119712080695065e-08	2.9121435189880487e-08	2.8518236667504936e-08	2.9732064809567444e-08
YMR282C	-17.847459187840997	0.3100243256220783	1.8639676467674666e-08	1.8611108314837433e-08	1.0647568340438918e-08	2.9526540585297923e-08
YER148W	-13.621814709106912	13.934080510915722	0.16182002225118122	0.24343149071306872	2.501196749916993e-15	0.9999922993122545
YJR054W	-17.22909954586865	0.8039747573930086	4.556227713393162e-08	4.539029472441442e-08	8.761523997220893e-09	1.2307779500676558e-07
YBL100W-C	-16.775006418022514	0.40775497513836056	5.660274102744414e-08	5.63268936461924e-08	2.6492573855990308e-08	1.0132663430727339e-07
YGL211W	-16.480703750866454	1.4378193992142763	1.9436099301843464e-07	2.0999103606471283e-07	6.581761658916306e-09	7.828498803764428e-07
YHR159W	-17.41201191153303	0.20602922844160831	2.7941933038099404e-08	2.8007542129186975e-08	1.953764543985581e-08	3.84683172230042e-08
YHR194W	-17.8823842172649	0.07396739701980518	1.719080084061728e-08	1.7177931379636813e-08	1.5168302104188402e-08	1.934734773894831e-08
YER151C	-16.169354153368843	0.8275537107306864	1.3563748316471463e-07	1.269888930987857e-07	2.3873090670729717e-08	3.4642719250077005e-07
YBL024W	-12.027869554594146	5.26416988120835	0.016072238627455358	1.4775846831646552e-06	2.0398383900098331e-10	7.501240331918992e-06
YPL013C	-16.14001189343324	4.104573338653311	0.00019374560150593837	0.0002715100791679178	1.278410080937645e-10	0.00015620627421732258
YPL231W	-12.185675171357799	0.07398730913828028	5.117959087885703e-06	5.112231321424752e-06	4.514505398752706e-06	5.756629869319695e-06
YDL237W	-17.283096804655344	0.557108889944877	3.6587986156342184e-08	3.6457088947613387e-08	1.2475224970720217e-08	7.806054645813973e-08
YAL047C	-17.517304479050637	0.5721553995493757	2.8971772001911432e-08	2.9044180324654225e-08	9.6202522848636e-09	6.313690936968305e-08
YGR048W	-15.671350244499264	1.804685214531592	7.522424457171344e-07	4.916196689122567e-07	7.69026853365027e-09	2.1086598415474778e-06
YNL218W	-17.347777096766734	0.7841866769178134	4.022092674471372e-08	3.973209865586658e-08	8.03875858048487e-09	1.060799496772845e-07
YDL070W	-17.810579300705996	1.027311290206269	3.128916733780945e-08	3.119710552705743e-08	3.3966713373787695e-09	9.957719508896408e-08
YPL134C	-16.64096330943792	2.531146238030837	1.461316277627008e-06	5.049567142060956e-07	8.888779683785851e-10	2.4023881292656635e-06
YAL059W	-15.013375934803845	1.718410340019015	1.4165767127711453e-06	7.506492041561281e-07	1.6683539887176705e-08	3.0992313185256587e-06
YAL044C	-16.002220512943296	2.645551194396051	3.2678073438219306e-06	1.5168482337887784e-06	1.4162903278644917e-09	6.291232758107485e-06
YJL143W	-15.410354898100904	9.363306384975097	0.05292774031827312	0.07376094781104943	1.0511424547740783e-13	0.806947956804758
YLR342W-A	-16.830282208415866	0.645730657478644	5.971460679424792e-08	6.013208912303194e-08	1.6906189350940878e-08	1.4088649790499373e-07
YJR113C	-15.626243201587569	1.7288060360910102	7.043591960087152e-07	6.028756300516888e-07	9.38738009227361e-09	2.4946181258429822e-06
YOR108W	-15.712653989460504	1.896367437121516	8.83320662103312e-07	6.042997645085951e-07	6.4877338576895134e-09	2.663262043602646e-06
YJL203W	-16.056294144445204	1.3243348781957172	2.5233884418107345e-07	2.3637074629258e-07	1.1890894489171296e-08	8.724318183931425e-07
YHR084W	-17.3940901974358	0.5056245603465493	3.181661187223829e-08	3.174445449620378e-08	1.2151360964543866e-08	6.418176305874713e-08
YOR070C	-17.804501973115094	0.7362418026392137	2.4267649095928503e-08	2.429005371244121e-08	5.516106306703328e-09	6.216893438578481e-08
YOL069W	-15.358982121128774	4.24970740529354	0.0006727631991654265	0.001449109959767092	4.6010175706926784e-10	0.0017224187579242033
YPL177C	-16.88946131863557	0.7044696809550335	5.897213616457905e-08	5.917656750185039e-08	1.449566480275459e-08	1.4699189612875207e-07
YHR017W	-17.167804747493193	1.5292947681884408	1.1064137952390601e-07	1.0367622162119366e-07	2.8080327223291946e-09	4.0645420117971375e-07
YGL236C	-17.07485877895013	0.8725861130154857	5.5516964199197144e-08	5.5679583314758954e-08	9.105194188779341e-09	1.5936761505942024e-07
YPL107W	-16.67917606073823	0.9275950458092884	8.879601638558627e-08	8.813228432691564e-08	1.2406603192048502e-08	2.635922315421242e-07
YJL005W	-17.62054922038149	0.1725427049092156	2.2628255060410536e-08	2.259744726226109e-08	1.6758238299089206e-08	2.9563580364932304e-08
YNL328C	-16.13152012050776	1.4897885573994667	2.9590769881876044e-07	3.1238439610220475e-07	8.529069959540784e-09	1.1857755546955114e-06
YNL270C	-17.07626261581825	1.182567652556382	7.724241494314901e-08	7.72469379657887e-08	5.483378428432704e-09	2.6834802958357324e-07
YCR081W	-18.16893400367624	0.18437982584179022	1.3070801619715084e-08	1.3082750472098073e-08	9.49474529923215e-09	1.7415054721209808e-08
YJR047C	-14.867904041509247	7.684163126090303	0.027805946479399987	0.041532384395517395	2.3359042889448012e-12	0.2597394861858297
YNL050C	-16.561422758176178	0.8819742443462124	9.648581851278057e-08	9.368755816994411e-08	1.4981151514981896e-08	2.7003352778208296e-07
YDL045W-A	-16.113940224423644	5.633918930653173	0.003541070971340844	0.004192281078372527	1.1356470968152319e-11	0.0020126940486692698
YBR230W-A	-16.850422330106795	0.614325324423595	5.8374750819370537e-08	5.803629449705151e-08	1.748454106100297e-08	1.319474456137259e-07
YDR266C	-17.642296157028596	1.0713368952745719	3.870239589331008e-08	3.8567289591082474e-08	3.731999724854471e-09	1.2645064690562615e-07
YGR168C	-17.176250337601942	1.0761429430781928	6.191618333803423e-08	6.103551437377006e-08	5.890580544086588e-09	2.003392589837523e-07
YGR051C	-16.8172301493112	0.6235155270077795	6.062873908734622e-08	6.012081096720856e-08	1.778542524986069e-08	1.3778715054067977e-07
YBR129C	-17.18860452388688	0.2613006889184466	3.551000791520746e-08	3.5478458814724803e-08	2.2305447576735963e-08	5.269347408812651e-08
YHL015W	-13.686143726555384	36.62141309209387	0.35054440669971715	0.4298006343490976	3.5327537723879974e-31	1.0
YNL230C	-16.499880248107004	0.9038195345950905	1.0137416198060957e-07	1.0309185651617084e-07	1.5434951686114127e-08	3.0322499838344775e-07
YPL049C	-16.493176409007702	2.127744767642689	6.150675440768516e-07	2.2160851289853256e-07	1.873639624964097e-09	1.00185903679936e-06
YML027W	-16.70017962614	1.0547391152466397	9.820356123370444e-08	9.52873254990688e-08	9.789660698565513e-09	3.0830522371111573e-07
YPR026W	-18.29514646666283	0.34706415159778364	1.2039374783584488e-08	1.2042611044580175e-08	6.405846932521484e-09	2.0066014388990984e-08
YHR104W	-14.638949567867895	1.4033870354487588	1.1527871235914037e-06	1.0625364642077667e-06	4.324198085637509e-08	4.072412550976776e-06
YPR113W	-14.391948754703845	11.290233907014418	0.10840432827407867	0.15347650433856544	3.337726766971666e-14	0.9980177996920735
YGL227W	-18.01716391817243	0.029360982811514016	1.4979857100029386e-08	1.497725147674832e-08	1.4264930751264509e-08	1.5710867888841903e-08
YDR055W	-16.29050131100776	1.075722640453392	1.5203616016788966e-07	1.520575552739512e-07	1.436737898242755e-08	5.007265800192179e-07
YHR136C	-16.805985842824867	0.7665394187282893	6.686879451728893e-08	6.730997231187547e-08	1.4226739613569733e-08	1.7693046011524877e-07
YMR287C	-18.13743064102235	0.47887048040875757	1.4875021370476625e-08	1.4858567453342863e-08	6.028979217629319e-09	2.9092925304005664e-08
YLR004C	-16.059647275652225	1.78880536697392	5.846788785605846e-07	4.528450045153903e-07	5.558745683702989e-09	1.8932081757362472e-06
YGR117C	-16.343587507458125	2.4084284139667376	1.3483088728509745e-06	5.140640456115298e-07	1.455728576959092e-09	2.473711127058252e-06
YOL137W	-16.813502705503907	1.4134329868019337	1.3121159886362026e-07	1.4518295080102054e-07	4.9111159742741484e-09	5.374464952164842e-07
YIL140W	-18.177032801228762	0.301592314944336	1.3350518332248715e-08	1.335325974910303e-08	7.768867318227703e-09	2.095425367732532e-08
YCR046C	-15.489497807612862	1.97555875030923	1.3374701614584278e-06	6.855542105042312e-07	6.935310777487807e-09	3.056768251379719e-06
YDL222C	-15.931361249612747	3.8685974092131947	0.00022032107287352486	0.0002919020256979794	2.883123226258428e-10	0.0002977054790767164
YGR130C	-17.042449056455354	0.6980306955259429	5.030391385560421e-08	5.004658368569887e-08	1.2529842677381517e-08	1.231514523190214e-07
YBR168W	-17.254903052010178	0.5268126241066249	3.6806399553975665e-08	3.672807934364606e-08	1.3453586907343736e-08	7.593615071044085e-08
YBR213W	-16.771324769849528	1.3945112791281844	1.339670108387701e-07	1.3028643562147275e-07	5.213884661000398e-09	4.922574509391058e-07
YLR323C	-16.778335696385312	0.9289265659534972	7.909564731121302e-08	7.940898086856928e-08	1.1194162951647807e-08	2.3746215457135577e-07
YPL124W	-16.326386704394082	0.9197206416928182	1.2421131052340623e-07	1.2298365858946983e-07	1.7832594100918018e-08	3.6484940104474657e-07
YGL186C	-16.990974485518365	2.803602686753156	2.318434063574788e-06	6.061633682862004e-07	4.075953513949143e-10	2.9904018667661836e-06
YMR043W	-16.327367433602177	3.4966327701090445	2.8415702143730905e-05	6.80076609398827e-05	3.082349819331956e-10	8.549445595996379e-05
YMR091C	-15.786210299957729	0.7784038645813317	1.8594365393650215e-07	1.8768232520486642e-07	3.8633417324662345e-08	4.977153543324849e-07
YLR046C	-16.825255870492384	0.7122490174625256	6.29836284167458e-08	6.357544201479221e-08	1.5277567939690477e-08	1.5911610465470007e-07
YNL007C	-15.31637026366043	1.2921010063003453	5.253261918845219e-07	5.317908358241996e-07	2.677953483954378e-08	1.9463386582347134e-06
YNR074C	-17.02580296780141	0.7489065618430729	5.309787449442309e-08	5.3467723068655005e-08	1.1769814396955137e-08	1.3846059969378416e-07
YOR026W	-17.141639923379245	0.6427082194721904	4.4340096538275035e-08	4.408863700069661e-08	1.247049260966879e-08	1.0310755895672754e-07
YER066W	-16.851847400794924	0.6234715041970635	5.8018855428207245e-08	5.8219528645114715e-08	1.7198673793686828e-08	1.3348829940581564e-07
YJR049C	-16.18903193187107	2.502252296064712	2.0605535883592207e-06	7.617405963919439e-07	1.4830394895617344e-09	3.7666071044885673e-06
YER085C	-16.642761223389954	0.9145949445879685	8.84420139025597e-08	8.987124154979754e-08	1.3125604829849075e-08	2.6600552035197643e-07
YPR183W	-13.97553838039421	12.279379970968428	0.13436005990389974	0.20148483441667758	2.4374707440691092e-14	0.9998365802796746
YBL027W	-14.275220533171888	44.00752421817237	0.3695197530984442	0.48941625014886725	2.8200932518904743e-35	1.0
YDR065W	-17.257922717741877	0.6554198899372228	3.971790928566779e-08	3.960363698630817e-08	1.0871578235125923e-08	9.38209258478942e-08
YOL145C	-14.705783809019705	0.5181930210148327	4.6529723037392754e-07	4.670119890495362e-07	1.7447055088566375e-07	9.548920308460312e-07
YKL122C	-16.200385076103686	3.5878689010560247	3.550411703512865e-05	7.429386959116005e-05	2.824615306297562e-10	7.35354245362773e-05
YOR024W	-16.832326025913773	0.49240784406885124	5.535719523021016e-08	5.528074481342832e-08	2.1779003598295985e-08	1.1004981448633136e-07
YGL075C	-16.793941719727812	0.5185323376147198	5.837293209537146e-08	5.8058849837836445e-08	2.1643330360803895e-08	1.1898201473626768e-07
YHR214W	-15.981902322055957	2.1029808603184352	1.086551408438112e-06	1.4172071094830722e-06	3.6898669499317986e-09	4.785095005629325e-06
YGL171W	-14.892960760401548	1.819562485107532	1.7379916223451115e-06	2.173291643036322e-06	1.819677492123754e-08	9.80131113803703e-06
YHR051W	-14.002803521908573	8.944610583493533	0.062427649962544365	0.08155661125296017	8.087479650667862e-13	0.861423336401846
YOL045W	-17.716620641899866	0.7940906368107296	2.7855748612040514e-08	2.7751382101444415e-08	5.4761061129162925e-09	7.475130698731561e-08
YER033C	-18.165732770933374	0.48426590984495466	1.4557853787288112e-08	1.4465124337861705e-08	5.804352823188869e-09	2.8488025707841692e-08
YJL057C	-16.382415077017143	0.641659979640378	9.383400730861103e-08	9.439535031088287e-08	2.6718143004269053e-08	2.2060161431462754e-07
YBR235W	-18.21507649425692	0.4539733588461925	1.3563225285413267e-08	1.361737868189737e-08	5.820692723010982e-09	2.5918561555675025e-08
YOR334W	-16.871398866257735	1.0990600364436487	8.49283207565647e-08	8.563083420695774e-08	7.707497463161979e-09	2.8507341321602966e-07
YIL142W	-13.86574561790003	1.5673369852878551	3.119770680643796e-06	3.6988490684872758e-06	7.822287510245362e-08	1.55436194394953e-05
YJL003W	-16.788189159961604	0.5635435737202309	6.019740768552253e-08	5.999549817219567e-08	2.024823209446791e-08	1.292935911309347e-07
YGR054W	-14.147352166132988	2.8552107731660845	4.290466922784112e-05	3.079568024308902e-06	5.735633943968854e-09	1.483892880254346e-05
YNL250W	-17.556700427602465	0.6023488585084552	2.824192046327362e-08	2.8446187171854206e-08	8.80855064397294e-09	6.390565353280838e-08
YGR134W	-17.84973850758361	0.35132712595307236	1.878886299344186e-08	1.8828307062359297e-08	9.930458702543904e-09	3.1546036233251005e-08
YHR131C	-18.013181199458614	0.3556490679034238	1.6093080280632272e-08	1.599677774990785e-08	8.36382909866755e-09	2.6934484416855943e-08
YKR002W	-15.871743953940678	1.737640456731324	6.386743300395634e-07	9.736839339031848e-07	7.672580971393332e-09	3.5384309207478507e-06
YPR201W	-16.401800248329167	2.200089681007472	8.158253884977939e-07	2.6193191590170175e-07	1.8226688022912978e-09	1.1939869841840595e-06
YDR395W	-11.958649124551085	0.1661756129224172	6.488863013856267e-06	6.444995950488029e-06	4.84486579903936e-06	8.336416166955606e-06
YIL100W	-16.798745295477403	1.1845892922832748	1.0409240696278542e-07	9.708147063707863e-08	7.145162423108867e-09	3.363516175514526e-07
YFR020W	-16.495066192140058	1.6664704048670496	2.876358394061985e-07	1.2459129025520515e-07	3.881612438958757e-09	4.9086257690497e-07
YCL050C	-15.067593585009673	9.429971330089229	0.05711205065376787	0.10443805018386947	5.273701214410064e-13	0.95093570114335
YPR063C	-15.991167306864353	4.681608342239999	0.000869803254874139	0.001137097906167909	6.286817077960952e-11	0.0005761587502725627
YPR195C	-16.856469617597014	0.41615795212280887	5.2332313437052734e-08	5.204187779053521e-08	2.4068388536110143e-08	9.457218666913269e-08
YDR067C	-16.88775801439695	1.5270666724441613	1.4542694593641476e-07	1.3593530903266047e-07	3.7201468928217036e-09	5.345909473197317e-07
YGL005C	-16.74214817868122	0.6124337211956744	6.409075253759072e-08	6.444316574288099e-08	1.952559027529324e-08	1.4614938332744627e-07
YJR052W	-17.58323135971405	0.6314025015232206	2.8225249171729577e-08	2.820095697475579e-08	8.177608685005765e-09	6.5212995395753e-08
YDR234W	-15.172114009525812	2.5929519604387083	9.134871701681113e-06	1.2887058325845055e-06	3.3020941928358e-09	6.390567077300602e-06
YNL153C	-15.774855944088612	3.6472296294617412	0.00010663036986941781	3.4078420590731904e-06	3.074174506941523e-10	1.3212546843002495e-05
YBL036C	-13.89678741120697	3.2601566646329596	0.0001710350791046355	0.0002767174647770403	6.291780265761936e-09	0.00048472508020244
YIL138C	-16.14737830025186	5.1265549640254395	0.0015738620918516679	0.0023359484984181145	2.7697747265954116e-11	0.001193131105821701
YGL121C	-16.230627339908807	1.3799357370444887	2.3169553305038725e-07	2.2044699331089483e-07	9.171206418569905e-09	8.293387700437061e-07
YJR105W	-14.204336104573668	8.3610771248899	0.049727524521671666	0.0876068122630534	7.39620222817219e-12	0.859410244602554
YKL205W	-17.707353671715083	0.22452043210790693	2.092555221838062e-08	2.0932435111602743e-08	1.4105771100896836e-08	2.9525086011406214e-08
YLR343W	-17.942446896799794	0.25309328514090346	1.6693076871307737e-08	1.6652149340004753e-08	1.0634298355181341e-08	2.4442866252640943e-08
YJR160C	-17.212741846474074	0.9653570494508024	5.351827825551142e-08	5.339789366514981e-08	6.838346146084323e-09	1.6377636995444754e-07
YGR019W	-15.735193321212845	11.976735964893455	0.0990944803302852	0.20410825650633949	6.929797074875114e-14	0.9996615169049273
YDR374C	-17.17471131056007	0.767545246554424	4.590508732913322e-08	4.66544259798051e-08	9.823148000874221e-09	1.2272068120016716e-07
YDR383C	-16.745806198007614	0.7387573516627732	7.019803730372618e-08	6.998973391944336e-08	1.5816407936309067e-08	1.7931475772568823e-07
YPR188C	-16.39940458082927	1.701150403737017	3.0891275077399324e-07	3.4799001737477554e-07	4.6226746212934e-09	1.3120634522418062e-06
YHR178W	-17.469371645210032	0.5432265885341819	3.004817630656787e-08	3.0024788338156045e-08	1.0594189913492942e-08	6.327451112005798e-08
YGL071W	-17.959285488258303	0.47969633474396556	1.7888406644328035e-08	1.779126286925844e-08	7.200347659242878e-09	3.489334637077951e-08
YEL004W	-17.085572143529845	2.7509648146246475	1.2068343821447823e-06	2.4316753424128223e-07	3.6876512488327366e-10	1.1932618602113068e-06
YDL114W	-16.853449501236156	0.608986138887497	5.737872786591269e-08	5.764323467890132e-08	1.7585615479247737e-08	1.3027242467147263e-07
YIR023W	-17.790958413469326	0.3356152129121982	1.9912372692731036e-08	1.9858679920721372e-08	1.0801610732654258e-08	3.25847850300492e-08
YIR032C	-16.852873804259417	0.9076301309281115	7.205335316075564e-08	7.021568901243482e-08	1.0667547689601999e-08	2.0524361218269784e-07
YOR076C	-18.011831386706746	0.28446213790332003	1.5645837547777247e-08	1.566986122448577e-08	9.422016565450221e-09	2.4020541466462563e-08
YMR100W	-17.998774895176012	0.25915368629403046	1.5777603174184103e-08	1.5769147893886758e-08	9.95204075727534e-09	2.3354496414165734e-08
YHR026W	-15.382317984965267	7.436569220732771	0.021401780962919004	0.03520996246124799	2.570209579120579e-12	0.17098461298307607
YDR214W	-14.485824957032674	0.7348522870839012	6.657377602614386e-07	6.443716146202695e-07	1.5040751107115207e-07	1.625109571417143e-06
YNR053C	-14.369891076415298	7.9967350776135	0.04226440821451189	2.5301485106525056e-06	2.829759934435412e-13	1.4078085040070597e-05
YOR179C	-16.866297690555058	0.6094000776339835	5.702749667090099e-08	5.685690792335587e-08	1.73492885460809e-08	1.2857136203298167e-07
YDR347W	-15.650052070538733	0.49361456945912563	1.8093195123945582e-07	1.8031360162938015e-07	7.084152864902325e-08	3.593877849432216e-07
YDR329C	-15.515811108410345	3.0848215200547875	2.7230735688794496e-05	8.446450804279026e-07	9.192838784029763e-10	4.301089240247209e-06
YDL100C	-14.35295403631717	6.707342242741594	0.02138859433661391	1.9977019587135674e-05	4.9038722673070336e-12	5.4149718656562576e-05
YHR213W-B	-16.83031624196954	0.5901462642998326	5.79824911851344e-08	5.84074931286634e-08	1.8581750142354554e-08	1.2950495176259141e-07
YBR023C	-16.348253890894924	2.757991066736917	2.9004413607379287e-06	8.91065362335788e-06	1.2323533437568874e-09	4.4316926070073545e-05
YGL061C	-16.13717889153557	1.3867744443254075	2.556054577715328e-07	2.476210654035446e-07	9.978712638843924e-09	9.350986236881898e-07
YNL132W	-11.806215896919822	0.40653174096467526	8.151356537709367e-06	7.633022686516932e-06	3.7327382424953397e-06	1.3280395537998108e-05
YML022W	-15.930076877900119	2.401802226195	2.087207327164046e-06	6.623190145221285e-07	2.174881136536484e-09	3.1530333714337827e-06
YLR007W	-16.92502315199161	0.8473245597233542	6.389532036824376e-08	6.345919944436826e-08	1.1042065838938928e-08	1.781401037413527e-07
YAL011W	-17.95238443003582	0.35404217848094316	1.7089253989046286e-08	1.7008487029714944e-08	8.921772022935874e-09	2.8596038440392853e-08
YJR139C	-14.896638436338618	15.397387613089036	0.17727763963652435	0.29105123654166093	5.566084697305847e-16	0.9999993838212462
YNL239W	-15.480349069571075	3.20154730161	3.253009860681916e-05	1.3215629899416892e-06	8.333283758987068e-10	6.7945667998125075e-06
YPL082C	-17.233811920982774	0.02102346257548933	3.277195653199925e-08	3.2775247506294585e-08	3.1654206127379534e-08	3.3919941648997153e-08
YEL036C	-15.282783978801673	15.519718950488814	0.16335559705592972	0.33170229465480366	7.547172664075387e-15	0.9999997466707102
YGR040W	-16.26780584368062	0.6857225111067531	1.0708878455258774e-07	1.0932018187426957e-07	2.7898363910994446e-08	2.671573937106814e-07
YBR159W	-13.857124215305886	7.67684144646194	0.039777447043288706	9.154165903413886e-07	5.168469881741227e-13	5.1619433094908725e-06
YEL074W	-16.638461847812124	2.8742861814752585	3.655182146455101e-06	3.758437565470663e-06	5.255579953364658e-10	6.876688020804359e-06
YGL207W	-13.834545188300764	1.6567853119036944	3.947085068805352e-06	2.4211425855126305e-06	6.514549644460586e-08	9.745707573634124e-06
YCR037C	-16.553697626856575	2.252742796741957	1.1131921089332e-06	5.381829485308017e-07	1.5959848989472197e-09	2.4838664146813304e-06
YNL083W	-17.30341295463657	0.5854434139271996	3.6334786255094016e-08	3.6204505209661145e-08	1.1656715327672834e-08	7.984410321279418e-08
YLR459W	-17.13515995177366	1.0347792440095267	6.352091010297818e-08	6.15775063031555e-08	6.581580724419038e-09	1.9741603776324244e-07
YGR118W	-13.842161048648633	41.599027261800636	0.37008287886276486	0.4602204234236364	3.1340368141765653e-34	1.0
YLR356W	-16.088072096136585	1.2129432214498768	2.1589243824478473e-07	2.106046154621542e-07	1.3958147456903151e-08	7.418088525074058e-07
YML002W	-17.510466373664514	0.4467396059500533	2.7411262938703323e-08	2.7443779019132492e-08	1.1908040039759686e-08	5.177748216922912e-08
YOL130W	-18.289985889969813	0.02852264428302828	1.1401605527584558e-08	1.1400806234011306e-08	1.0873854073949659e-08	1.1943091946438334e-08
YBR186W	-17.905273751029384	0.47923860442829946	1.881960490965296e-08	1.872900616404184e-08	7.594019376434486e-09	3.668941326585766e-08
YDL051W	-15.778274473058245	3.512508253868595	5.978940448600843e-05	0.0001144465240125686	5.443640767721039e-10	0.00014772619466393695
YMR154C	-18.099628549309983	0.3220048304268446	1.4612289656041445e-08	1.451842788433768e-08	8.112738709779734e-09	2.3401696476175045e-08
YER131W	-14.731293571641073	20.268240634252308	0.23886330785543142	8.941077201860198e-06	9.587721948590986e-24	1.0589698093742464e-05
YER176W	-17.785962168455427	0.462027130713461	2.0931603949269143e-08	2.0977699568887564e-08	8.822324934057081e-09	4.0279522769394536e-08
YOL122C	-16.497693336183858	5.275510392176477	0.0022123912141572256	1.4843565363635046e-05	1.2676084296409309e-11	5.252828238562494e-05
YBL082C	-16.555709911591094	1.4987742577228196	1.9948432816658664e-07	2.0937794010781957e-07	5.5119696910599836e-09	7.951675653727166e-07
YPL040C	-17.86305714748667	0.2700751551356575	1.8072982500005795e-08	1.8115600082229786e-08	1.1200345619267649e-08	2.722241025045025e-08
YAR023C	-16.85511582079269	0.8287213620463315	6.758606443162319e-08	6.630340625265201e-08	1.2161829919737286e-08	1.8287878857924484e-07
YJR142W	-17.15046272789985	1.0634552393725467	6.274378450431348e-08	6.243384560045705e-08	6.1827013769886855e-09	2.0378059939783387e-07
YKR095W	-17.632877621123754	0.5445370440416115	2.5330763572132968e-08	2.5384959227988065e-08	8.953370586233312e-09	5.351879185841354e-08
YPR029C	-16.399440333488386	1.139170308664034	1.4585968087578047e-07	1.3378396482041902e-07	1.139899377191193e-08	4.5126086671949334e-07
YER116C	-16.663622843851755	1.838619406425241	3.6829757183948997e-07	2.793855829018619e-07	2.7990922654945024e-09	1.134661962416533e-06
YGL020C	-16.34039804426064	2.3423903831301884	1.096690283633942e-06	1.9376487962914495e-06	1.7567272636934456e-09	5.679195524876841e-06
YJL192C	-15.89495905517215	3.2028377764428244	2.034089934956223e-05	2.9518458945124525e-06	6.180115869681871e-10	1.2273735045492025e-05
YBR240C	-17.474135290446412	0.40678725501626634	2.7881966736975402e-08	2.7990579046233716e-08	1.3196873443468136e-08	5.0281145386733415e-08
YPL062W	-16.85136368228339	0.5862044028523801	5.66990189449564e-08	5.6879473423300445e-08	1.8278777078020677e-08	1.2539858639721655e-07
YBR218C	-11.8488159788765	0.1706604112443578	7.261352824591428e-06	7.479958322923729e-06	5.5500851840179555e-06	9.78383326413186e-06
YJR059W	-17.629241126641503	1.4344897711896114	6.106993340336646e-08	5.891397604338636e-08	2.0745601135786917e-09	2.2519858623584082e-07
YER016W	-15.73664199755258	0.3498483595993705	1.5538371757963115e-07	1.5549674838366476e-07	8.227077980373331e-08	2.5993517423717515e-07
YLR246W	-16.86517007122964	0.7698396942882618	6.413506169797248e-08	6.37104863109871e-08	1.335294269706088e-08	1.6787551056944758e-07
YNL188W	-17.90068765758113	0.10919525670062208	1.6963116878784958e-08	1.6919980237126777e-08	1.405223018169048e-08	2.01262664357369e-08
YOL085C	-16.825391333456338	0.4380554474002221	5.449467342009721e-08	5.425541154816587e-08	2.3964842542131866e-08	1.0126684898406298e-07
YPR004C	-16.3910110938821	1.1822360090403679	1.5212010729908337e-07	1.4300897837916014e-07	1.0743233381349948e-08	4.943341003916487e-07
YDL027C	-17.071860397839174	0.9347882350641663	6.044658382453944e-08	5.9134601927976833e-08	8.254185053691579e-09	1.7717398825548065e-07
YCR023C	-17.762966859817226	0.42729434149192885	2.096996874105699e-08	2.1152899769903035e-08	9.558348358428204e-09	3.898523401480961e-08
YOR270C	-9.71054619423485	0.13126686100797244	6.125677739045295e-05	6.157177895547056e-05	4.922184328303983e-05	7.569403324427403e-05
YLR336C	-17.126367302648944	0.5104665433666435	4.151037535444937e-08	4.1577500520705e-08	1.575565231570607e-08	8.448700962308722e-08
YIL069C	-14.309039645749364	42.97485898673359	0.3712687495378331	0.45486409115930154	1.4962873036487386e-35	1.0
YMR132C	-16.808181944791414	0.5852264587832123	5.964278394385398e-08	5.948657804237949e-08	1.913407295241666e-08	1.3121327490151952e-07
YBR180W	-17.086073741935962	1.1845447603666102	7.870466268615293e-08	7.468195213632072e-08	5.381524136943078e-09	2.5961232338737023e-07
YDR171W	-14.356065386332558	2.9121304879217345	3.618107931675048e-05	2.0922840826355224e-06	3.833796044635005e-09	1.004041667107235e-05
YJR100C	-17.125615640012967	0.5502512466623899	4.255973115813917e-08	4.232756084979992e-08	1.4729686500495656e-08	8.97933511359708e-08
YJL024C	-16.630620936012548	0.7151049663888858	7.803250057018668e-08	7.735536253373728e-08	1.847322897313831e-08	1.9421523205404064e-07
YGL135W	-13.778253939505886	28.590668480554314	0.3186011057932393	0.43376313892531904	9.88922512879039e-25	1.0
YGL090W	-17.09553493960337	0.49941433855432515	4.245733929432083e-08	4.259258201715172e-08	1.6533901047330834e-08	8.542607500721477e-08
YGR167W	-15.58802323895432	16.267329495261077	0.17008616598367143	0.2544638399853334	8.540995751694089e-18	0.9999993128238865
YDR340W	-16.82324107191451	0.8159658383178257	6.874573509750386e-08	6.860404398747088e-08	1.2873598239130812e-08	1.8786639249672814e-07
YCL034W	-16.697026156872	1.270077514421898	1.2323371032625391e-07	1.2905278143457553e-07	6.966214115233024e-09	4.639884047349048e-07
YDL045C	-16.713033530534815	4.821359457470295	0.0006231726346219899	1.3352007473014467e-06	1.4788568466567808e-11	7.010832816716576e-06
YLR346C	-16.87020258060582	0.5602483831160685	5.534356737680865e-08	5.510265954182383e-08	1.873845915393597e-08	1.1825683930567218e-07
YMR122C	-16.8871727738522	0.4625518611221058	5.140114542940652e-08	5.153543854980201e-08	2.163844286697495e-08	9.903705166730187e-08
YGL131C	-18.137074849343463	0.13407978799838446	1.3399950025829507e-08	1.3396794975989415e-08	1.0648509580720401e-08	1.6552429901416313e-08
YHR001W-A	-15.739682071675999	8.173215733150458	0.02916078088317637	0.0357281802924973	2.895498549779528e-13	0.16410023671984722
YGR036C	-16.787766978254496	2.1289115614905416	5.333250972736821e-07	6.584357860907287e-07	1.5638352833538825e-09	2.055450431186194e-06
YFL028C	-16.104286346810824	7.156867294808545	0.015567842877450121	0.02754074284368803	2.4018786118100892e-12	0.09460528222592697
YMR251W-A	-16.01562789905509	2.7160289573483296	5.465712531953945e-06	6.309459214168666e-07	1.1303446036520699e-09	3.1194905437207476e-06
YJL066C	-15.634078632014988	1.2915994932685986	3.683360492784885e-07	3.478678184231115e-07	1.9186713731720846e-08	1.2685350032734595e-06
YDR173C	-17.242781119444047	0.6584952556447713	4.0084920139037506e-08	4.0310501089237375e-08	1.0981693862007231e-08	9.583540996210576e-08
YOR167C	-14.11450744073336	35.945875741253005	0.35235574216566373	0.38793687060802884	9.768266761451709e-32	1.0
YLR125W	-16.837472108331696	0.7798412841667599	6.47644084937115e-08	6.496662052765154e-08	1.3419959795383463e-08	1.7198219906384645e-07
YNL144C	-18.216558928973228	0.2122850844015357	1.2528954179392621e-08	1.254489281188068e-08	8.649534222267753e-09	1.73843195990341e-08
YMR205C	-11.3746651014455	0.14083301239774984	1.1611921571746572e-05	1.1566744084901032e-05	9.099956468017878e-06	1.4410963105156608e-05
YPL184C	-17.198277995827794	0.6279392666740194	4.1119391712541024e-08	4.140692210931685e-08	1.2086027453233182e-08	9.54812934838726e-08
YLR213C	-17.20210929108069	0.5053661992990556	3.833966016158511e-08	3.8392942353034974e-08	1.4717516879359208e-08	7.754423830181774e-08
YIL169C	-17.00076117648203	0.5260046389191932	4.7338201579965005e-08	4.753586325979104e-08	1.741349859990124e-08	9.827439530320072e-08
YDR129C	-13.704630326575353	3.889872453181965	0.0009575529350890103	0.002550461991462908	1.217893431514649e-08	0.004867290023197998
YLR186W	-13.953265414174167	6.937346285190252	0.025692979130368998	0.0414586327686838	3.3057989697579656e-11	0.2627237500751774
YGL118C	-16.82324107191451	0.6505104898097549	6.089161386543063e-08	6.103399717912605e-08	1.692712164999449e-08	1.4389017868209688e-07
YOL021C	-12.491490318506477	0.3055726048758264	3.938793013517656e-06	3.965398124159707e-06	2.2892113624333518e-06	6.249726211270812e-06
YBL021C	-16.840382634655526	0.7289400191182968	6.334004993332153e-08	6.340532442108593e-08	1.464066214742019e-08	1.612780530869101e-07
YOR110W	-16.917657637875166	0.6460929653499895	5.475346717779729e-08	5.527082726751601e-08	1.5514488697947627e-08	1.2971068915433602e-07
YER001W	-16.47983366123772	0.6427999703562477	8.511411609879031e-08	8.553711750372014e-08	2.4167782370333775e-08	2.0008813401445043e-07
YHR058C	-15.01394069905764	1.8430470624965494	1.5692859699296108e-06	2.5032365884344366e-06	1.538837529698454e-08	9.93761078814257e-06
YAL002W	-18.069327710583096	0.31433905077183955	1.4996017907089786e-08	1.4926655687431457e-08	8.468543607788079e-09	2.3819669480816656e-08
YDR072C	-17.618641289555654	0.764032158608288	2.981913677675466e-08	2.98669465303448e-08	6.345962386273983e-09	7.836914130565327e-08
YGL173C	-11.901895461015739	17.431287543135163	0.24534775137754497	1.4220378830279466e-07	6.107225596809437e-21	7.694895376056819e-07
YML076C	-18.373487719240785	0.31044560394766807	1.1068221090387959e-08	1.1000385077643657e-08	6.287788079582375e-09	1.7460712099034372e-08
YNL015W	-15.44103803631988	15.519037595588419	0.16044565533694785	0.18710166451816698	3.567560268808928e-18	0.9999856972495292
YLR268W	-14.371748148472035	8.825145353244057	0.0564932332678379	0.08304967813385052	1.1185371596375251e-12	0.8595619836769706
YKL039W	-17.20061165800942	0.4220058359733691	3.738810270047154e-08	3.7005759849193384e-08	1.690812486584381e-08	6.772722053454575e-08
YLR259C	-13.583161295982064	5.05427587664287	0.006312919429675846	3.128294784744925e-05	3.0416798984900897e-10	9.944263099172545e-05
YMR325W	-15.949446439765579	18.650519674587134	0.19431342337590166	0.2469061599413523	2.898584711747205e-20	0.9999999440992571
YLR437C	-16.75555882325787	0.6242445821894848	6.392668495144157e-08	6.42741923059665e-08	1.8931871412587312e-08	1.476090228742394e-07
YHR014W	-16.715440385007952	0.9092215059592942	8.26868483451181e-08	8.28412001613434e-08	1.2313958335952471e-08	2.4411580050317267e-07
YBR071W	-16.42397792860791	0.5688673652928856	8.66320122615205e-08	8.659336658067578e-08	2.8890743807873745e-08	1.877393077637156e-07
YOR032C	-17.296933962505847	0.5374806926929262	3.580232048459736e-08	3.552549649273524e-08	1.269661153532931e-08	7.441134389492703e-08
YKL207W	-16.39704264303944	2.1806412990671404	7.977307781262181e-07	4.4350281904552916e-07	2.0364959823535774e-09	2.0177192457810876e-06
YML081C-A	-16.00834752877634	6.704810792309792	0.011052917291246843	0.012343088460840052	2.126397919492708e-12	0.0109099956296728
YLR297W	-16.86985410158448	0.7564009811822616	6.319957704652322e-08	6.283144118617964e-08	1.358761835039175e-08	1.6363925344099798e-07
YMR321C	-16.35216596620083	1.3236206064146152	1.8968971259269094e-07	1.9245096436434684e-07	8.96915041425572e-09	7.055644306573212e-07
YFR018C	-16.748744435630925	2.4639255806859044	1.0013408093732946e-06	3.5609022130218754e-07	8.713697940274812e-10	1.663160829200994e-06
YBL098W	-16.140713357592887	3.990127870748038	0.00017105992716384447	4.157798489740144e-07	8.821262198213228e-11	2.190683484311275e-06
YFR001W	-15.347472393980935	7.4595037393622015	0.022486564777698392	0.03499664613727487	2.392528322745032e-12	0.1684377341513209
YDR409W	-17.709682770270575	0.7853502743910832	2.7987052653650916e-08	2.7565792888181335e-08	5.580042373771241e-09	7.35463776109683e-08
YPL036W	-13.170779032873908	13.45439874227511	0.17233684067018434	4.53591525068708e-06	3.442256433050729e-17	2.5234426651183105e-05
YDR089W	-17.504619246851874	0.7496683028841741	3.3387875495394966e-08	3.302914612880451e-08	7.273730173460398e-09	8.547513194970083e-08
YOL105C	-17.26803990740953	0.4291267532003331	3.465137605661126e-08	3.4653018214708147e-08	1.5610664421993547e-08	6.396764784775333e-08
YPL033C	-16.86985410158448	0.49218144188825164	5.3071552616068447e-08	5.3001794426086425e-08	2.0918636087100557e-08	1.0529143483956172e-07
YDR505C	-17.845218030816596	0.5982179671354013	2.1272912468059008e-08	2.1244565551502444e-08	6.63954367805556e-09	4.747392375821371e-08
YLL015W	-18.17791469078766	0.015841265899559327	1.2753150318204775e-08	1.2749296717198841e-08	1.2419810438091845e-08	1.3083921428486846e-08
YLR167W	-13.464790831721258	59.34094124117158	0.4109531737604158	0.5127072455518539	1.3827951853305467e-45	1.0
YBR103W	-16.304727040152287	0.38708416207237367	8.951606552214354e-08	8.90873064649862e-08	4.3786321008591474e-08	1.5607289467616878e-07
YPR114W	-15.958117607566946	9.210242747520626	0.04497733264662071	0.08297422008889717	2.2917495804438205e-13	0.8582713898736144
YLR425W	-18.63824137136615	0.012692838390426793	8.045104591474632e-09	8.045438698844901e-09	7.878560339852976e-09	8.21435649345053e-09
YPL221W	-16.643371645587834	1.9982754864208516	4.73534913247167e-07	2.7656023537107284e-07	2.15377361983677e-09	1.2255933245671429e-06
YDR204W	-17.095812175911107	0.625832727273219	4.6043526395503664e-08	4.5776678933687445e-08	1.3436582581036432e-08	1.0531187363022483e-07
YAL033W	-16.539751282333967	1.440302908955152	1.8194230226792283e-07	1.909036910161046e-07	6.150738243594893e-09	7.175252493237468e-07
YDR363W-A	-16.058156317617232	3.3637927089342416	2.443640859956735e-05	3.5238299910654305e-05	4.405344626480446e-10	3.9574379226169704e-05
YLR148W	-16.84133578054862	0.4749478296831325	5.3975699445710126e-08	5.425828685123132e-08	2.2195681083884905e-08	1.0581394150742767e-07
YBL016W	-16.050349780075706	2.8635153127054784	5.527635960275647e-06	1.612177207497472e-05	1.115342662124755e-09	3.966978774979634e-05
YDR166C	-16.97791618853151	0.3499347795204235	4.4886094656319984e-08	4.5025339797013296e-08	2.3800803395712196e-08	7.530449391241643e-08
YOL119C	-16.635743942541723	0.595880586208979	7.086868740622243e-08	7.11529475328296e-08	2.2339713283537342e-08	1.586611252236776e-07
YLR115W	-17.174469432874687	0.5655827729409767	4.098660106555149e-08	4.069996576877134e-08	1.3689413038945586e-08	8.784200523475415e-08
YDR131C	-17.713369524361752	0.45076118559124273	2.237745059710997e-08	2.2448480715370577e-08	9.657056254523216e-09	4.254920311681918e-08
YOR336W	-18.259395466194476	0.02423430881151797	1.1752841488386591e-08	1.175361683341939e-08	1.1290560279439215e-08	1.2227605693889816e-08
YNL194C	-16.80948309198064	1.8577561615759677	2.751606754832782e-07	2.153438815525801e-07	2.3232713988294063e-09	9.115477615102943e-07
YOL142W	-15.866937639301979	2.7284944372945223	4.164903629049477e-06	5.971749234008474e-07	1.2347576561816755e-09	2.8908419146787835e-06
YOL022C	-17.039796132384055	0.6328192175614901	4.9008406658992654e-08	4.8578955381880645e-08	1.4034125971561715e-08	1.1255276406016482e-07
YLR187W	-17.85648730929168	0.46118076316611245	1.9394387577476616e-08	1.9532594015981414e-08	8.22694361537772e-09	3.7456886678327965e-08
YPR172W	-16.58903823573999	0.5465054230651513	7.270899468490384e-08	7.255490919996533e-08	2.5412611275989846e-08	1.5355886238579358e-07
YJL107C	-17.287017310875655	0.31972154667069197	3.267833623993725e-08	3.269659850117657e-08	1.8353243365746342e-08	5.254486945717227e-08
YKL139W	-17.43656940345791	0.32671466228644586	2.8257030611279193e-08	2.8219446866219437e-08	1.563109810067221e-08	4.576902772945015e-08
YLR412C-A	-16.782764096301236	0.8025539883118832	7.179876262944836e-08	7.091030850523483e-08	1.372260804344186e-08	1.921172641121082e-07
YLR442C	-17.581637351767498	0.5153156473802474	2.6543481355934798e-08	2.630250452618055e-08	9.881399790393069e-09	5.366213737232582e-08
YCR106W	-17.901405070727563	0.16208650011920703	1.7041133760586227e-08	1.7014542238355823e-08	1.2860965039702587e-08	2.1915419167817806e-08
YMR152W	-16.103522370795673	4.621558966400827	0.0006915992501463638	0.0016629154427078416	9.71230671246384e-11	0.0014509427811832877
YLR010C	-16.634832341799466	1.581946893311417	2.1358163249425275e-07	1.5679756648049396e-07	4.277117194397219e-09	6.296326966467522e-07
YBR019C	-16.283683577502217	3.3826826483412864	1.9630330881170238e-05	1.9296623322129594e-06	3.264763503805738e-10	1.0591628121894733e-05
YBR033W	-18.174835228267312	0.22967014331182825	1.3121532597969467e-08	1.3124939419832423e-08	8.7605953003109e-09	1.8643448615716992e-08
YPR033C	-14.483389313923182	3.3523357869137573	0.00010913092536838411	1.605689655141729e-06	1.465343456040935e-09	8.036435255688608e-06
YJL132W	-18.083223362126574	0.2748080291662283	1.4559509096398287e-08	1.454434159787265e-08	8.909459174685085e-09	2.2003739814798714e-08
YKL157W	-13.215022888363093	7.225272029340209	0.037901935604019506	8.864426479368812e-07	1.9303560240464647e-12	5.101140813253626e-06
YGL113W	-18.264381718088046	0.2485885075332748	1.2043653406797293e-08	1.2058587946475063e-08	7.764538803642927e-09	1.7591319831523037e-08
YGL160W	-17.361151276746753	1.5874067156937315	9.776860378792689e-08	9.189720913347881e-08	2.0974586607352173e-09	3.658483670712102e-07
YFR031C-A	-14.060983976677745	23.54182651089228	0.2792535790712105	0.40025862143735924	2.5980022407910246e-21	0.9999999999996678
YJL012C	-13.822653368123794	42.15228237980238	0.37467362653321856	0.7201274595872307	1.3460790814096148e-17	1.0
YNL249C	-17.7859399437082	0.5894833194504724	2.2750571161659575e-08	2.2411395257717515e-08	7.147077177082475e-09	4.9609144043774905e-08
YCR025C	-16.856469617597014	0.5286725713923663	5.5345535153253716e-08	5.4904364156444845e-08	2.0011410351395825e-08	1.13835200663596e-07
YIL091C	-16.374522292936675	0.3102608509709416	8.10018370221921e-08	8.119457194745369e-08	4.644995112600848e-08	1.288456314847619e-07
YER048W-A	-15.038835580003434	6.5209314831301795	0.013647284124644856	0.016244595186433376	8.650799198149973e-12	0.024707556427495857
YDL169C	-16.822072825766355	0.5459109339295982	5.734297900920505e-08	5.7448652540623724e-08	2.0149689654101264e-08	1.214128831270453e-07
YAR020C	-15.850512019846773	6.848997912309756	0.014183703723184591	0.014448245017842138	1.949520784037172e-12	0.015417212489278301
YGR202C	-16.312226974573406	3.387927501840025	1.426097601652852e-05	7.096125909508395e-07	2.6303693195465883e-10	3.7023976419787747e-06
YLR064W	-16.03181842542179	1.3941834461405425	2.85532850828929e-07	2.9155736467729005e-07	1.1026440238346318e-08	1.0946764147335069e-06
YHL039W	-17.25353085816569	0.4418205192752762	3.5574976426314917e-08	3.536567749527227e-08	1.5510883335352872e-08	6.631346906587672e-08
YCR019W	-17.192480698134005	0.46890563231338017	3.833614593371979e-08	3.811220828661929e-08	1.5779343032792575e-08	7.380067355367963e-08
YDR046C	-16.231757642927533	1.8120392238624627	4.611700222811781e-07	8.261744770888514e-07	4.717890340214927e-09	2.8047608771853716e-06
YFR036W	-16.377471072301688	1.6512126850268227	3.0073913857919253e-07	3.18058244015066e-07	5.115375054172695e-09	1.2107201902827338e-06
YMR210W	-17.41827406462906	0.7114860768346737	3.5167664979434235e-08	3.5072048373714497e-08	8.44423479884819e-09	8.772636919273641e-08
YGL181W	-16.02580247262884	3.623647774122565	6.682100604976777e-05	5.415003096436551e-07	2.0314844725321573e-10	2.820229831122617e-06
YER020W	-16.40294535253743	2.5070921484497246	1.8711701804171805e-06	6.275148912667203e-07	1.1736718550965316e-09	2.9663254601943372e-06
YMR145C	-14.24835164271026	13.389209713119985	0.14482308315851625	0.3000098282923395	7.042109356216874e-13	0.9999946962868718
YIL103W	-15.267159308736863	3.0479410730181153	4.3648857804504254e-05	5.347997701755528e-06	1.6262006672818162e-09	2.3736873812746496e-05
YPL099C	-16.68400214966894	0.8862349331291048	8.428601033457262e-08	8.385756363179715e-08	1.3197409441030066e-08	2.4294475983813845e-07
YNL106C	-17.5343907694416	0.027905558415067432	2.4278715213018483e-08	2.4270346595984322e-08	2.3171584874874438e-08	2.5399615639142794e-08
YDR418W	-13.98043535647703	48.6155992196273	0.3815365151874382	5.301269507558364e-06	1.4123136100142237e-47	2.1567142890416788e-06
YER075C	-17.574785992060043	0.5211994450720593	2.6355619948278857e-08	2.669497011174594e-08	9.886055731520678e-09	5.491762705592016e-08
YDR367W	-16.222593335239054	4.672085482662432	0.0007263163540036613	0.0011658520375426727	5.6656605423307455e-11	0.0006827679539388475
YOL158C	-16.340359061106213	15.827204397580132	0.15528198202339905	0.3484073188611797	1.9146681853673885e-14	0.9999998270868274
YLR001C	-18.572354731288925	0.3079530062803853	9.024731750060432e-09	9.008959018620325e-09	5.175037391256064e-09	1.4253323095654268e-08
YLR135W	-18.41732231395943	0.5102128660516704	1.1424932993356492e-08	1.1408223786302654e-08	4.327667113310789e-09	2.314919163187301e-08
YEL002C	-15.799074732546414	1.7202938128281058	5.904491461739381e-07	4.910619905687432e-07	8.03139205165062e-09	2.0593336709408836e-06
YER134C	-16.848658920404688	2.0852236333553926	4.126221707912081e-07	3.7206424815743083e-07	1.5544960033245271e-09	1.4481335228021838e-06
YEL021W	-15.52955894939876	16.82383937961463	0.1849582492908719	0.27860076165725	7.08110163382749e-18	0.9999998259643642
YBR294W	-18.006405225875625	0.23921904076665162	1.5560843222911026e-08	1.5571388001978923e-08	1.020595101686016e-08	2.242069976597604e-08
YGR175C	-13.812369148138897	3.7269490158854333	0.0006706864212365529	1.7852736399842504e-06	1.2530397512031195e-09	8.898227745785443e-06
YHR120W	-18.065531109046063	0.4271402087803677	1.570079336968109e-08	1.562222390396414e-08	7.059828431392648e-09	2.8760364085794334e-08
YBL048W	-16.82897849930376	0.82351645952901	6.983899377818617e-08	6.851420583252876e-08	1.2641644342075383e-08	1.8861693896738525e-07
YNL038W	-16.83853308439646	0.8460648907347242	6.948565263072942e-08	6.962281755194606e-08	1.2097345320129182e-08	1.9567972445976485e-07
YDR195W	-17.080737109770055	0.5074358001611715	4.339899457603023e-08	4.339438152041493e-08	1.656021044065504e-08	8.784892324942069e-08
YGR035W-A	-16.825255870492384	0.6566906387775073	6.071595513534645e-08	6.11831187757729e-08	1.6739599897241468e-08	1.4521895053120764e-07
YLR146W-A	-16.814691922533513	0.5389257556670293	5.751557320796271e-08	5.7594903331959305e-08	2.0515850698013235e-08	1.208107365710818e-07
YBR229C	-18.052335084977315	0.02012463783399148	1.4455818978192226e-08	1.4456332668121034e-08	1.3982777912386425e-08	1.4939412412765165e-08
YOR172W	-17.947357515128516	0.30607853005194735	1.6784991592719734e-08	1.6817141617404502e-08	9.698102253827901e-09	2.653373815314753e-08
YDR321W	-15.089698617354953	0.4612067924092654	3.115011426703508e-07	3.123858066884765e-07	1.3125110274599022e-07	6.002831442708285e-07
YEL011W	-16.866021827642527	1.1077089993998233	8.562804492823193e-08	8.837655276327184e-08	7.66661000726513e-09	2.9589976337170843e-07
YCL039W	-16.373861661043705	0.4952228467202085	8.734038689716353e-08	8.707557493517552e-08	3.417896505065251e-08	1.7348716940873014e-07
YJR046W	-17.305270240155735	0.6962337351885233	3.867081144419432e-08	3.8720912861867596e-08	9.684122035103135e-09	9.536435297826587e-08
YNL164C	-17.187298793630163	0.3104077035060107	3.5913173503701474e-08	3.602916710954387e-08	2.0601365726956433e-08	5.720130070967263e-08
YGR123C	-16.111826698783972	1.0662570601893344	1.7257190243811615e-07	1.8319517208488888e-07	1.753692819483222e-08	6.015545269925753e-07
YGR136W	-16.32169772046582	0.7998780067723448	1.1173926640418623e-07	1.1119670580096848e-07	2.1801033428222336e-08	2.99843142151809e-07
YOR114W	-16.904604802163504	0.6387299648849709	5.5905487450544616e-08	5.5702084019450866e-08	1.5893794714662652e-08	1.297047533595132e-07
YDL183C	-16.88255079190347	1.2930532383242885	1.0589510659397355e-07	1.0442384800440162e-07	5.526475034113868e-09	3.802554016926313e-07
YKL002W	-16.083992758002935	0.8242655641117025	1.455544622446174e-07	1.4489906545876705e-07	2.663074850202853e-08	3.9989555370061e-07
YOL081W	-16.857726866387367	0.5091010354693236	5.432973656756971e-08	5.414052304222408e-08	2.057368034873901e-08	1.0982835890800774e-07
YJR088C	-15.75168192227393	1.3757877038434476	3.6536133986535715e-07	3.5649867388955855e-07	1.4940251466290738e-08	1.344642921432268e-06
YMR256C	-15.520348113052732	9.033474766017433	0.04727456263637118	0.052521434813878165	8.543732914431479e-14	0.47580450182133094
YBR118W	-14.018028470332139	11.969825452333934	0.12313149865119823	0.18137326961813285	2.1170989250107455e-14	0.9995973808054858
YOR103C	-16.169613733634108	2.0423746745603073	8.147717017537991e-07	8.927320842292179e-07	3.332832859007305e-09	3.0947785625383453e-06
YGR277C	-16.589700590245414	2.4214990075422858	1.0732505965237513e-06	8.841484489296796e-07	1.1712070945550408e-09	3.469322975511169e-06
YLR265C	-16.858436658011854	0.585543620568876	5.597787092816693e-08	5.64017297221036e-08	1.816972535198444e-08	1.2426367766060796e-07
YCL030C	-13.420390477251912	0.023160463693818734	1.484905384549888e-06	1.4848595508744558e-06	1.4289592618067238e-06	1.5420388938706488e-06
YDR286C	-16.776209944881685	0.8704897605146737	7.56089344929728e-08	7.574836009661746e-08	1.2368230508049765e-08	2.1710331548009056e-07
YKL032C	-16.971699915674236	0.5868936734853778	5.053328719869504e-08	5.057230030890361e-08	1.620318009614389e-08	1.1172560856901118e-07
YOR020C	-13.982459456289872	16.2780589902186	0.1955794000268384	0.23681102564924997	7.505721252714698e-18	0.9999993373260642
YLR284C	-16.62697132981812	1.3652617639443232	1.5498635430063504e-07	1.457583966334257e-07	6.321354209750858e-09	5.460866266025264e-07
YJL090C	-17.87505273085226	0.8636072792995051	2.4853201649116617e-08	2.495542898779218e-08	4.162966323786344e-09	7.104324023235472e-08
YHR086W	-16.247841645098745	1.2388559736173712	1.916170977331831e-07	1.882395939528908e-07	1.1422301539902951e-08	6.713783766685353e-07
YGR138C	-15.68161944340025	11.267580252885615	0.08427830859219716	0.2082453771178944	2.011185763715326e-12	0.9993759543621981
YKL137W	-16.409368774177693	0.7836621964671665	1.0114905705307793e-07	1.0174386539542385e-07	2.058989768320905e-08	2.7157742305252665e-07
YDL060W	-14.230439704851234	2.3334010087518795	9.264310287396993e-06	4.882705183713258e-06	1.5962026627244543e-08	2.2838288446133044e-05
YDR004W	-16.916628748492442	1.6295210470411026	1.740712285805108e-07	1.479990402151656e-07	3.0437653309137668e-09	5.978087937658826e-07
YNL313C	-16.828399658487598	0.9910730080579245	7.941144406098822e-08	7.967775945683876e-08	9.611885271155206e-09	2.4854665866879073e-07
YDR502C	-13.547786080956213	40.10871716333895	0.36967842637626586	6.10456248065138e-07	2.453156067473302e-40	1.5844922183168504e-06
YNL293W	-17.14067698556137	0.7349732766189047	4.650759147699916e-08	4.705032085262385e-08	1.0723180712986371e-08	1.2021015796036223e-07
YDR101C	-14.451843520518379	20.423963127163717	0.23500051177028627	2.683505295829918e-06	1.0768512150398616e-23	1.3019545338399442e-05
YPL171C	-15.949581394649412	1.1373331902091253	2.261302535663748e-07	2.1415750996723004e-07	1.802738904753183e-08	7.251069437888382e-07
YNL139C	-17.616994669305114	0.4253659794512246	2.4335760987183644e-08	2.4358658397503132e-08	1.106554921769053e-08	4.4725232510502535e-08
YMR298W	-15.93427494282585	2.553410345723251	2.8987693947053475e-06	6.944986882817214e-07	1.6535398622520036e-09	3.3575527030804943e-06
YLR397C	-16.370574511799717	1.1547076230692401	1.5014827932047066e-07	1.4797873971259562e-07	1.1561667716250887e-08	5.068035947617449e-07
YPL103C	-16.92586323340329	1.0872616930984742	7.844078476138342e-08	8.031384516964408e-08	7.442121231105075e-09	2.657164162983567e-07
YBL089W	-16.907259261796554	1.1830778567098819	9.082036703358145e-08	8.933353600265068e-08	6.450812915191554e-09	3.102929512302945e-07
YBR139W	-16.72778179001105	1.6106992553285662	1.9145096525072383e-07	1.5708244316206167e-07	3.753709551599405e-09	6.370690264455079e-07
YOR375C	-14.286071272517075	19.26628855687612	0.23238255302902172	0.418938875325967	1.5695571872987736e-16	0.9999999998584082
YPR104C	-18.283611122250278	0.14392987686629102	1.1585063129934452e-08	1.1587563117955863e-08	9.04909594724166e-09	1.452954157372645e-08
YNL079C	-15.752629326824517	19.224995850447744	0.2064432832412948	0.28906332913398636	5.093125059504762e-20	0.9999999935282808
YKL033W-A	-16.056904946476408	1.740285579923266	4.638048627164998e-07	4.0643913298731326e-07	6.00452859400237e-09	1.6838139788933408e-06
YDL090C	-17.031328609643225	0.5436885649274064	4.68295819309158e-08	4.639577491312078e-08	1.6376524019601542e-08	9.778836093705035e-08
YJL151C	-14.70508820453797	6.544153674422729	0.01389625014503941	2.1786140803433008e-06	2.9518971745689985e-12	1.0445435198714955e-05
YGR283C	-16.16714175388259	0.8014849627547428	1.3169322302268233e-07	1.3035714603595875e-07	2.541004939124947e-08	3.522277577704753e-07
YBR252W	-15.867692741122282	9.140256616135385	0.04271752321219286	3.3012565651768713e-07	5.501775030299034e-15	1.8945409873433685e-06
YKL110C	-16.59657294708559	2.6977483022767883	2.391861158499018e-06	7.065523455332951e-07	7.078366585403898e-10	3.3026784354717406e-06
YDR121W	-16.229720964730205	1.4612953025209097	2.579630041687418e-07	2.461090796720908e-07	8.026519956575186e-09	9.488334675655837e-07
YDR516C	-14.359501230946263	1.8783406162046954	3.1750021578576914e-06	7.84243880920591e-06	3.173135557761516e-08	3.346806518101441e-05
YHR052W	-14.855809253998087	0.48736210435896865	3.9737467995126093e-07	3.979385615702257e-07	1.5850134290393553e-07	7.877250863594535e-07
YMR202W	-14.73773610796452	11.218520856989715	0.09796479887444597	0.1456993178590774	2.5785780510947587e-14	0.9970312749104363
YBL017C	-17.148063580921374	0.16867893582518056	3.626415750577187e-08	3.62079738324135e-08	2.7043899551542434e-08	4.710613071544095e-08
YHR037W	-16.072424546546955	1.8000192548451228	5.63736239854438e-07	4.5144579160347335e-07	5.403209879011724e-09	1.9142498188113795e-06
YCR042C	-17.472410561568907	0.02014194517890963	2.5823398094545083e-08	2.581743237804771e-08	2.4970377825710854e-08	2.6681109431423428e-08
YDR400W	-16.87223714034988	9.324711913548883	0.03870610389183274	1.4216722222132153e-06	2.7584487500827325e-15	7.62427640666533e-06
YOL146W	-16.727933012699197	0.848742274921974	7.98149427687648e-08	7.791845200420528e-08	1.3452727880964128e-08	2.1952881808990409e-07
YLR372W	-14.628483071538723	45.746411908778214	0.367810688879234	0.5873061492728446	1.1353814101155458e-32	1.0
YCR007C	-16.837109120003134	0.9818945381692943	8.052255034731846e-08	7.899233727981689e-08	9.688843342783083e-09	2.4501958018406007e-07
YOL054W	-16.426864312140225	0.5196877952816842	8.406600255563965e-08	8.40039879848108e-08	3.1208857148403814e-08	1.7250698719768812e-07
YIL147C	-18.12005746567702	0.4250070396129558	1.4685328225352157e-08	1.476643558068712e-08	6.704149849069463e-09	2.712049180307534e-08
YHR050W	-17.687388980434463	0.6297510406614296	2.5281664538909463e-08	2.5363607600587648e-08	7.381309362034022e-09	5.8544052005285097e-08
YPR041W	-13.843779232244925	14.987525507293213	0.18202071493988675	0.3162718421884837	9.286104006340807e-15	0.9999995851395584
YLR362W	-16.235124292093317	0.6197244960243625	1.0825353834167042e-07	1.0807789166571199e-07	3.2127372015405e-08	2.4728488836911104e-07
YKL099C	-16.42948945756578	1.8394394087726473	4.0236604389230285e-07	3.322936943737392e-07	3.5223686064547104e-09	1.3819980542035102e-06
YIR020C	-16.615942167722807	0.8391509829146849	8.547958067863642e-08	8.466396214901078e-08	1.5163533369183816e-08	2.3529533998739446e-07
YGR156W	-16.47716822650655	0.6767438193734531	8.702532344591473e-08	8.697835682122173e-08	2.284075494635148e-08	2.0983514022421754e-07
YER135C	-16.85555055425428	0.5763302664632828	5.5946229427718876e-08	5.640621437053632e-08	1.8518129347538745e-08	1.232128742896292e-07
YPL096C-A	-16.807161785684713	0.8324697501453637	7.152991763703619e-08	7.104831555519429e-08	1.2765176214964958e-08	1.9745032568143141e-07
YOR208W	-17.980652260441985	0.38929716791361957	1.6717135576647725e-08	1.6746650738950503e-08	8.179333031315346e-09	2.9440480913014658e-08
YMR083W	-13.904523169310052	19.162718767211523	0.22827461829539372	0.3937189862334057	2.7602589007250222e-17	0.9999999997612621
YOR161C-C	-16.841731336805225	0.39136104331100346	5.217549840409018e-08	5.231196895480496e-08	2.5460626825733317e-08	9.220892708153935e-08
YJL102W	-18.31383370220354	0.3796947128401481	1.1942834749558839e-08	1.1955564008597584e-08	5.955053783248738e-09	2.076790702742129e-08
YLR078C	-15.068920115963193	2.7142519136635737	1.4488036500996808e-05	1.1832198932424422e-06	2.8098782075421353e-09	5.791829157591132e-06
YMR188C	-15.744269735508352	2.521347561789923	2.8631706810764005e-06	1.7328857419693816e-06	2.278232123329937e-09	7.395668072229673e-06
YPL047W	-16.20067969327718	2.9082778318809965	8.031663231519363e-06	8.007465755648441e-06	7.917533384977736e-10	1.4899399171272422e-05
YCR034W	-15.214497093905448	13.663932108546316	0.12982283486402427	0.23559408963243747	2.6067857030599724e-15	0.9999787790950397
YDR063W	-16.286052568503877	0.6467622031726347	1.0531893228492248e-07	1.040199239280624e-07	2.9144827547163453e-08	2.4420526387882846e-07
YDR536W	-16.47054290711165	2.004606848603204	4.886693884906341e-07	1.080490513173358e-06	2.7186176004967967e-09	3.4084963192465335e-06
YGL216W	-18.30614576831502	0.026313649615116827	1.1217811536410741e-08	1.1217376527811109e-08	1.0738495962129327e-08	1.1709060809615707e-08
YBR005W	-16.702115930814017	0.740081489356237	7.374105393644318e-08	7.302493321970657e-08	1.646725094817325e-08	1.8728588557158268e-07
YPL183W-A	-16.44035145316664	1.7583926108887737	3.5724616745409396e-07	3.5770434674490377e-07	4.027857808923902e-09	1.3517711335025048e-06
YCL027W	-17.14981016856582	0.4072951970331335	3.875216744422283e-08	3.871273327972636e-08	1.8225428221042638e-08	6.960177013449062e-08
YDR231C	-16.07205692420503	2.4423235663692084	1.938379136759658e-06	3.22267978487068e-06	1.9673009927821377e-09	9.29942817632845e-06
YKL073W	-17.522692853127595	0.232376158504728	2.524014470191323e-08	2.521566611266652e-08	1.6742503359803218e-08	3.596159773030717e-08
YMR057C	-16.85136368228339	0.5819770064121169	5.700633788235958e-08	5.6810865099822295e-08	1.8423727402116212e-08	1.2476597395720224e-07
YOL065C	-17.266087384756958	0.7750579828075957	4.3383244983134853e-08	4.249382064528154e-08	8.833178612153354e-09	1.122759020434931e-07
YHR041C	-15.628741696718135	2.295628781270875	2.1210573668464405e-06	3.4385938675558686e-06	3.919837301124012e-09	1.1187649452556028e-05
YNR047W	-17.846946269063466	0.8656774640911576	2.5641822845332193e-08	2.5842685805198308e-08	4.272977409313617e-09	7.372398505438458e-08
YPR176C	-16.684400064660423	2.7265568380223133	1.814965024523076e-06	6.939981255521343e-07	6.20789070939954e-10	3.2398946016275518e-06
YBR056W-A	-16.33124235379435	1.0966647785683674	1.475249978369043e-07	1.4793522754941938e-07	1.3303788504079986e-08	4.925063205612215e-07
YER111C	-17.941249559132103	0.4526410036055515	1.7778739141791766e-08	1.789909693607571e-08	7.670930229486625e-09	3.4007960323512835e-08
YDR144C	-17.850676476017526	0.24186760378203234	1.8174401341010786e-08	1.820173573119946e-08	1.1878448740239921e-08	2.630289217980077e-08
YOR312C	-14.033573530826471	30.649286529708387	0.3230396466537741	0.4177607690536872	7.65291733119559e-27	1.0
YDR011W	-12.204864432985032	0.22211907766551536	5.126529379418402e-06	5.230866465427494e-06	3.5361405611157483e-06	7.3563596603472515e-06
YJL201W	-17.718145151237678	0.5751156663629374	2.3779348124776353e-08	2.3827106210699012e-08	7.838722113507602e-09	5.199593207694366e-08
YMR170C	-16.205343111353415	1.399614163705061	2.48281369166724e-07	2.750649995281831e-07	9.270201734406408e-09	1.0110857312818163e-06
YJL049W	-17.360343778819498	0.8327202134499261	4.065306966118514e-08	4.078039921351337e-08	7.328672383897341e-09	1.1330147202722906e-07
YNL321W	-15.410909191116643	16.478223180839322	0.17255698493951746	0.4382644639324243	7.711789010951068e-09	0.9999999897152391
YLR112W	-16.826559579604492	0.5592399889251554	5.766876172764622e-08	5.748110693685075e-08	1.960689789005556e-08	1.2321754362218122e-07
YBL075C	-14.058601601887132	8.40414562542184	0.05229730149681677	1.9056587750693418e-06	1.5065618569909776e-13	1.1091172161566264e-05
YNL154C	-15.363889159759493	10.06211163142078	0.069725545862589	0.1557067491673327	2.5808966921267327e-12	0.9934385627310219
YGL013C	-17.50176606492569	0.03179477380476223	2.5089723342743434e-08	2.5078507184642708e-08	2.378840968775454e-08	2.6410195874643153e-08
YLR398C	-12.465807785346625	0.14335911552558878	3.897991099081839e-06	3.8936982654403365e-06	3.045453048067967e-06	4.875107559202944e-06
YGR264C	-14.03329749179211	2.7528385686728556	3.363674506576079e-05	2.0617669103133564e-06	6.9684827479624754e-09	9.646675853013004e-06
YOR173W	-16.40044470314095	1.0746273433236713	1.350946279764312e-07	1.3416264076005614e-07	1.2850435715234132e-08	4.409030208424332e-07
YML069W	-14.56450887234787	3.829392486217769	0.0003031692594434132	1.4922932223064787e-05	9.76253936979824e-10	5.83972564353895e-05
YBR029C	-15.99238418497478	2.5180985796190627	3.676096617128895e-06	2.0502545845189763e-06	1.875719829278724e-09	9.08897086690899e-06
YDL072C	-14.936103583452477	1.4452239134451348	9.431438964299714e-07	1.0469947638196702e-06	3.082484164452566e-08	3.990583395335272e-06
YOR008C	-16.746167904850864	0.5399438582253115	6.170365062262081e-08	6.141867826425354e-08	2.1877384829318985e-08	1.287033715326048e-07
YER142C	-16.68409006017535	1.3385692920477417	1.3864754260617436e-07	1.3198268976056402e-07	6.225844581245954e-09	4.897778383327457e-07
YLR289W	-17.98376788917156	0.4093593437019004	1.6845225043736062e-08	1.6833616665831835e-08	7.894105590538662e-09	3.03525187477098e-08
YLR417W	-17.550295782487595	0.2806916358648831	2.485802981371413e-08	2.4830229882000127e-08	1.504120014836749e-08	3.787338567583591e-08
YBR251W	-15.167399976963862	2.7760456760398666	1.0784614120801233e-05	2.6265793896253296e-05	3.2268166312799444e-09	6.88398764465065e-05
YPL109C	-17.758944855705323	0.7466477963321723	2.545786724976024e-08	2.5620067319411236e-08	5.675234358955726e-09	6.61900421788628e-08
YKL181W	-13.696910268257126	35.445856812665454	0.35742150386064414	0.5876577337270027	1.3915077127048657e-24	1.0
YBR245C	-12.612824954450117	2.136695075318761	3.327432634060145e-05	3.266305364470975e-06	7.306558500162694e-08	1.1957992115891664e-05
YGR020C	-15.12858437134926	31.79376934039734	0.3209898374805322	0.38586442498460943	1.046873861128619e-28	1.0
YBL108C-A	-15.659425085549428	7.378731602812704	0.0187619761402377	0.02176059582441142	9.758272855802801e-13	0.04040882891535678
YPL179W	-17.427400522887893	0.4107810022783745	2.9519111693556966e-08	2.9382193845125393e-08	1.3737717274390951e-08	5.3068600494307525e-08
YDR341C	-13.663515470115454	12.796692035462726	0.14524126962757306	0.30307463024709436	9.53340383648609e-12	0.9999912439212302
YOR381W-A	-16.764109020609595	0.5764356234163405	6.172889918977465e-08	6.153653104001301e-08	2.023170855575254e-08	1.341651245453964e-07
YKR036C	-17.67477339010766	1.180600395968297	4.3197451196859524e-08	4.0703447268490595e-08	3.0008335791282266e-09	1.410305807485146e-07
YOR104W	-16.89266218631454	1.1221545234873334	8.603150885844042e-08	8.45132627528356e-08	7.23776467606873e-09	2.8417018883066846e-07
YPL149W	-16.671881242837827	2.922346934161582	3.320490610178792e-06	4.453838877094593e-07	4.1783112835540536e-10	2.1852459904443103e-06
YNR034W	-16.341478243507666	1.726253753895963	3.549093587137449e-07	4.318076276152203e-07	4.73969535644603e-09	1.5754379072731395e-06
YLR208W	-14.174487985620727	6.90821937561688	0.023975728709787047	1.1263352610598465e-06	1.863658365191676e-12	6.09610922575865e-06
YDR515W	-17.308269496855047	0.21735218933117675	3.1163019999511976e-08	3.1130335599542333e-08	2.1266049605943428e-08	4.34598418021116e-08
YGR239C	-16.520366081437516	2.999686286401295	4.377005106956377e-06	4.326087606674279e-07	4.1070628197200307e-10	2.150126034073763e-06
YMR229C	-12.788990425303565	0.14643606809388637	2.8142833779443723e-06	2.75982366555695e-06	2.151043068755976e-06	3.462850589189782e-06
YCR083W	-16.114873932115373	4.995430801173455	0.0012787562063022418	0.0017791521077468384	3.3071705138237097e-11	0.0008193232164239196
YNR009W	-16.844416224478465	0.5226513784078319	5.516788725837934e-08	5.543029655813757e-08	2.045587862844377e-08	1.1417771452947577e-07
YIL154C	-16.183810387280374	1.3341009427813346	2.3433441431074924e-07	2.0490049993798774e-07	1.0255647751311196e-08	7.586451744544222e-07
YPL078C	-13.867847809285378	14.695315444367747	0.17956829693280865	0.2564919529035393	6.55801306249628e-16	0.9999975977161215
YPL053C	-16.31047155282502	13.423393333685219	0.11727322010749791	0.23759433001880198	5.651887058879697e-15	0.9999634504963725
YOR301W	-17.16789126091426	1.256366748179625	7.651302182429501e-08	7.483921042373044e-08	4.404667230045213e-09	2.687838628539597e-07
YGL225W	-15.447543210023651	6.8762657896376655	0.0146108650819471	1.1469027433697425e-06	8.411106013708306e-13	6.612494197884646e-06
YHL044W	-16.853812111680583	0.9014974158160695	7.263595880459486e-08	7.09160216300946e-08	1.0813034573039613e-08	2.0718906609561558e-07
YBR020W	-16.38590140389786	1.9373825145404948	4.7349443022584907e-07	3.963846264294058e-07	3.1400500314502694e-09	1.6984727943956429e-06
YJR032W	-15.566307825844687	0.8504285914795442	2.4550585132202437e-07	2.476477175169368e-07	4.27475329500827e-08	6.967010445728763e-07
YDR460W	-17.02408270013366	0.30014510358957086	4.23345502713901e-08	4.227187743683195e-08	2.465487852757908e-08	6.618347633676942e-08
YNL329C	-18.2960268497347	0.5749779445202094	1.336889085696279e-08	1.335902262151508e-08	4.395145432891037e-09	2.9140740327549235e-08
YAL066W	-16.612839005910047	2.511731539635531	1.529746270099165e-06	4.0125344031467037e-07	9.106219239079069e-10	1.857007309595912e-06
YLR257W	-16.358932246593014	1.6804536491380395	3.3671941966348273e-07	3.309811629788665e-07	4.966602423647458e-09	1.2915209336440846e-06
YDR363W	-17.004393403004343	0.8310535880477175	5.780838479796922e-08	5.7890663722696525e-08	1.0476756524299612e-08	1.6044432668312174e-07
YDR255C	-16.905405846316356	0.5742445949187932	5.379939277250985e-08	5.353217872383688e-08	1.766190809640409e-08	1.166054847675982e-07
YKL179C	-17.57160684720364	0.5340750994493575	2.7010275946729883e-08	2.69360443366165e-08	9.701396045690793e-09	5.6175701140746945e-08
YML038C	-17.07203030886849	1.7486647070622074	1.601471188456319e-07	1.448269597587544e-07	2.1398879115850656e-09	5.995704910199322e-07
YJR145C	-13.966252284161966	23.559839751085914	0.2692530032995652	0.40411948730127817	3.237376334435247e-21	0.9999999999997287
YDL120W	-16.287001976999093	2.7819616994918666	4.006752530825063e-06	6.214508979481421e-06	9.089651464011849e-10	1.3629052670252917e-05
YHR050W-A	-16.823407445707545	0.6450357565664008	6.018989288716394e-08	6.063976598606103e-08	1.7059941872755743e-08	1.421368784251464e-07
YJL097W	-16.17377583943815	2.5782012824826883	2.2955048756747192e-06	1.3232885912965298e-06	1.3501144310006936e-09	5.435786744308211e-06
YKL027W	-16.641194854231074	2.2595328610698844	7.016721208806735e-07	3.897521311958281e-07	1.404821638886399e-09	1.7864357548116696e-06
YGL201C	-12.578557866983102	0.1097000908707012	3.4718834805821903e-06	3.473696347724756e-06	2.8818370895073243e-06	4.135084497694624e-06
YCR027C	-16.634665005455446	1.4697305207189981	1.753831197795225e-07	1.7563070098249913e-07	5.317197082087654e-09	6.708908731222294e-07
YNL187W	-17.21270466666536	0.6769012641156302	4.189520440313106e-08	4.195381288267404e-08	1.0967280186174063e-08	1.0146430020941208e-07
YKL001C	-15.629316515253576	14.059804384985322	0.14018322437107827	0.1936596870210151	1.140513023740158e-16	0.9999478245284361
YFL041W	-16.25724208408174	0.5265304199743072	1.0001209352901121e-07	1.0016836896136255e-07	3.662541513459814e-08	2.0740532933551692e-07
YHR213W-A	-16.600770410522074	1.1552164597906476	1.1809724215330435e-07	1.2074611008279365e-07	9.227658707027087e-09	4.1425517000061347e-07
YGR274C	-16.062314352902106	0.6897951393020705	1.3354030068957597e-07	1.3439394862563648e-07	3.399668215139932e-08	3.2958926694766106e-07
YMR297W	-14.961080806978499	1.1991251687157407	6.575037399459687e-07	6.114670235424722e-07	4.390338780811624e-08	2.146043240502996e-06
YNL213C	-16.659805814059638	0.6337595175768378	7.091398036144811e-08	7.084690304782002e-08	2.0469170240064378e-08	1.6416978738563344e-07
YJL148W	-15.9872021481071	5.652906773349867	0.0033734576139707677	0.0063877533736765545	1.8280089430304867e-11	0.00550896365261368
YEL052W	-16.864610993180378	2.1551713061726376	5.064552949110921e-07	2.4539806516093164e-07	1.3172414661590435e-09	1.1160921235250619e-06
YGR027C	-14.121232042359408	27.567084304157618	0.30666984294650446	0.3570274691776882	1.1850351023650265e-25	0.9999999999999964
YJL209W	-17.49668579888494	0.7008294248389032	3.174495438151086e-08	3.2089882772796743e-08	7.93670046042685e-09	7.934554363492458e-08
YPR107C	-16.574895662976616	1.582613597129979	2.3235570687686604e-07	2.0764149716691282e-07	4.664413581662269e-09	8.215506337568413e-07
YOR212W	-15.130642529992839	2.3097923546407606	3.3722581062314727e-06	1.754086581222438e-06	5.898019972146807e-09	8.257207157206756e-06
YPL249C-A	-14.23184001338923	13.896041760478871	0.15497199982463325	0.18503981234167327	2.0738469556347858e-16	0.9999435964258518
YNL047C	-17.819199524958805	0.33952474098003527	1.9292833190839675e-08	1.933431385796453e-08	1.0439118635147956e-08	3.1898928652544683e-08
YPL096W	-17.04430819235202	0.728506822307282	5.178530180675235e-08	5.153788861101513e-08	1.1934388791646076e-08	1.308207662008628e-07
YJR030C	-18.128223787200824	0.23247530292218255	1.3792010328113851e-08	1.375855097190606e-08	9.136308531609694e-09	1.9623182626512335e-08
YLR285W	-16.52671764187906	2.0764921147419244	6.642141243157989e-07	4.268392871423976e-07	2.1615471274939696e-09	1.7889096601067999e-06
YLR412W	-16.884699885057472	0.40404452926018175	5.026490309132863e-08	5.039095732765252e-08	2.3885712730511247e-08	9.024771076066904e-08
YEL040W	-16.100944220314688	1.1346326569839988	1.9380858455749963e-07	1.8371394131735614e-07	1.556457659198602e-08	6.205787009712161e-07
YGR147C	-16.65846195784323	1.1102760756914547	1.078125001295048e-07	1.0134247367015266e-07	9.246325127035857e-09	3.3700692952992324e-07
YDR052C	-18.19309270078591	0.4497939336423675	1.3772828513587115e-08	1.3890131956273105e-08	5.991118236591989e-09	2.6294200962758583e-08
YPR023C	-15.749553460112294	7.199225285759522	0.017638077434563873	0.03810204741038623	6.877555615288678e-12	0.2155037743394234
YHR153C	-16.678177030663576	0.9038053597566539	8.678959045474042e-08	8.455550306051302e-08	1.2840139107831335e-08	2.4753921711818293e-07
YOR283W	-15.582050292978947	9.005215030418624	0.04557184155044674	0.07133525466266674	2.3726254587634975e-13	0.7617176998575622
YPR160W	-12.227906428518692	0.20665443522817858	4.9968698492879994e-06	5.099263206722104e-06	3.542585211735426e-06	7.0265222553339245e-06
YFR053C	-13.97468935291654	10.535686645314563	0.09362231269861564	0.19119531831468597	4.338074393793585e-12	0.9987210842403214
YAL061W	-16.771185957499966	1.0702327473444777	9.368872448396337e-08	9.105499940535772e-08	8.918786644231118e-09	2.980202868584498e-07
YHR065C	-14.39351885573049	2.0476468249095405	4.499114464751598e-06	4.174412020070223e-06	2.0975491744627953e-08	1.8996931658037643e-05
YLR455W	-16.450524433189642	0.33482875059678396	7.58520093315041e-08	7.583680814560029e-08	4.132320372498442e-08	1.2433591650807437e-07
YER051W	-17.347448143897765	0.6899013030521873	3.6876382895794233e-08	3.6972751183241456e-08	9.381565334741567e-09	9.048290969650857e-08
YGL166W	-16.800202564722696	1.4722309513860408	1.5209840885040976e-07	1.1785032629534654e-07	4.3419100320139415e-09	4.564069208001415e-07
YEL034C-A	-15.88317703289138	0.8670208940606251	1.8681199800137406e-07	1.8432157524929193e-07	3.0382603315862474e-08	5.265292396531615e-07
YBR122C	-15.439049128393163	3.2834202833985366	2.6638318084930812e-05	3.544691795308499e-06	8.136613358483952e-10	1.4500993617284618e-05
YKL162C-A	-16.408919259404485	0.9142120049642882	1.1282740138145762e-07	1.1274500098817801e-07	1.6569679674283548e-08	3.329366849189987e-07
YPL066W	-17.09043040297618	0.5642890308295236	4.460403581575854e-08	4.430732060755634e-08	1.493484457483501e-08	9.551323787938175e-08
YGR161C	-16.506564298550785	0.9174127842271096	1.0479268516270088e-07	1.0385291245948233e-07	1.5015125684455623e-08	3.084885469113735e-07
YBL041W	-14.5835173927273	4.388651523435755	0.001145865190221349	0.002018400453639046	5.594356190617323e-10	0.0019859565420198445
YOR211C	-18.139874154433713	0.41093781007931807	1.4431442517595309e-08	1.4413632790480851e-08	6.735644961585367e-09	2.603312496678505e-08
YHR091C	-17.892802445327817	0.3548587561495869	1.8165244078928197e-08	1.805384714428068e-08	9.451424739761362e-09	3.0375172649261263e-08
YOR378W	-16.864049460310326	1.088352610756111	8.463494799139377e-08	8.499573259913186e-08	7.902454647547238e-09	2.8120059328335035e-07
YOL093W	-16.75992485504794	1.433667352447761	1.4772466386024e-07	1.5366049435622037e-07	5.00079688507241e-09	5.746663791051448e-07
YMR271C	-16.356985835337383	1.2587376637665837	1.7477253328251206e-07	1.57252252221632e-07	9.752986926155291e-09	5.634817463878715e-07
YHR204W	-17.80014947316593	0.45040393562645226	2.0692876413934793e-08	2.0586319037477964e-08	8.8659480048302e-09	3.901767731523411e-08
YGR090W	-13.942479193189866	0.025583331989915668	8.806967003673215e-07	8.810997323692179e-07	8.444985876681447e-07	9.186547166229181e-07
YHR132C	-15.877181161101161	24.60067457464193	0.26460992138490563	0.4679774854924684	2.0740202316732387e-20	0.9999999999999718
YPL006W	-18.067188978087145	0.01506597926086573	1.4239937170867028e-08	1.4242006208540866e-08	1.3891732013365035e-08	1.4597639612244295e-08
YDR357C	-16.29296937671532	3.6411419404047396	6.444372337372185e-05	2.620964191107383e-06	1.9046216289160656e-10	9.976049762226274e-06
YPR042C	-18.373951712834952	0.011039494242207234	1.047817249854524e-08	1.0479013411881293e-08	1.0289814657041811e-08	1.0670212967402783e-08
YIL161W	-16.37654742567318	1.0086072624708575	1.2665291489875555e-07	1.251229238132681e-07	1.4578175681162409e-08	3.9290289535621674e-07
YMR029C	-16.756038943997922	0.4075714915111879	5.7501204282100874e-08	5.734544442631747e-08	2.699041690205436e-08	1.0310118496729532e-07
YCR018C	-16.818981689030608	0.4755284393046634	5.5122694523068294e-08	5.540609050075517e-08	2.264126125171078e-08	1.0806218317668375e-07
YER025W	-13.644251442202586	25.157490874973497	0.3002020378676765	0.5388916206075784	1.0596049881973606e-17	0.9999999999999991
YML046W	-17.855935077583837	0.29662453679245604	1.8434989053781357e-08	1.8380730375086426e-08	1.0793231989428138e-08	2.86396727528188e-08
YLR378C	-13.929627470578636	6.048502593062343	0.013253024398122813	2.7405863103641122e-05	3.0065941841090115e-11	7.95718926560763e-05
YJL214W	-16.28055517255487	4.188391327143408	0.0001894116302015744	1.2943375042112646e-06	7.078506434897632e-11	7.329022257498146e-06
YNL212W	-16.22280737131294	0.5469064818101571	1.0529382454687711e-07	1.0472493246772778e-07	3.662813582800923e-08	2.2162242095540238e-07
YLR204W	-16.468533482963522	1.0795652535711369	1.2570924344978266e-07	1.2477300872997932e-07	1.1886827735623245e-08	4.1024668119909413e-07
YER187W	-16.83161995108165	0.4293344536493568	5.35787648136514e-08	5.3668986660734494e-08	2.4160496528270264e-08	9.913789030716637e-08
YJR098C	-17.957117655278836	0.3162059923274895	1.67425596957084e-08	1.6710375946898118e-08	9.445085573409247e-09	2.673008755544162e-08
YCL032W	-15.887268246814328	0.4601229742059449	1.40167000794676e-07	1.4014428563621647e-07	5.9092946839303204e-08	2.68706457680077e-07
YER091C-A	-16.828301443391666	0.44440477510983084	5.430593388757084e-08	5.4245461827317863e-08	2.3646690629507935e-08	1.0203166944812466e-07
YPL162C	-16.825255870492384	1.3846369027117373	1.2732330616389286e-07	1.2539739491745711e-07	5.032415737724155e-09	4.7141899049208703e-07
YOL163W	-16.81122846867291	1.5776199657970325	1.7338559417218594e-07	1.4766220495582894e-07	3.666499606588472e-09	5.904845027032407e-07
YCL052C	-16.854420700948324	3.205618788878735	7.450740475563173e-06	2.488257269162941e-05	2.9083174883001946e-10	4.627387832458107e-05
YGR107W	-16.82663414489869	0.45443591359684055	5.476999982001007e-08	5.4588137079168774e-08	2.331508847345583e-08	1.0390067157452736e-07
YLR136C	-16.85442702833896	0.8209650132179707	6.67468561831265e-08	6.726613625466679e-08	1.2408484799384488e-08	1.8529039066046875e-07
YPL133C	-16.98410913640035	0.6451472669839482	5.176043697293831e-08	5.188759833520651e-08	1.4554676294922368e-08	1.2181038393549764e-07
YNL165W	-17.141199039085024	0.5627587923387757	4.189232030209074e-08	4.2137962206686724e-08	1.4244182106993688e-08	9.072064417084735e-08
YDL242W	-16.868550392472372	0.5316149089177331	5.402234200521309e-08	5.427655724427999e-08	1.9658826751784795e-08	1.128207534832726e-07
YLR436C	-17.558332699548174	0.356021522323072	2.5345951824012807e-08	2.5212938485964946e-08	1.3187776264940053e-08	4.247292376002427e-08
YIR017W-A	-16.662528026522324	0.9067732896139417	8.621494218450323e-08	8.7268118286211e-08	1.3035507070029078e-08	2.567221763682244e-07
YKR001C	-14.225274065401392	16.27257445017707	0.1890196138422731	2.317892166817597e-06	4.1090807395278313e-20	1.3608774259283453e-05
YLR099C	-17.194088386350614	0.8290622915669641	4.819578462348936e-08	4.798567162508343e-08	8.706525261505756e-09	1.3299374378640376e-07
YBR016W	-16.506920355976746	0.398332932279105	7.355877241818514e-08	7.337385448880577e-08	3.517953487716447e-08	1.3044497436399434e-07
YDR148C	-14.170927045176724	2.1835749490464407	8.154187973946174e-06	1.1933497170416587e-06	1.5276762227396555e-08	5.099843177575253e-06
YDL205C	-15.69605751925772	2.7627827204824107	5.283325771046374e-06	1.5728706942205038e-05	1.866373888593457e-09	4.1475617106254625e-05
YGR122C-A	-16.20867358988542	1.2963631287849338	2.202123694652606e-07	2.023491513633472e-07	1.0738370566022925e-08	7.376730268704243e-07
YOR120W	-15.363153055041748	1.6976162260379677	9.472932636144973e-07	7.573055411449009e-07	1.2893567171978809e-08	3.131923655964602e-06
YER132C	-17.854214408137324	0.4076310883492051	1.9126703606438097e-08	1.9146120725132766e-08	9.011601040777359e-09	3.443032743233885e-08
YMR258C	-17.588579831856606	0.9865479514912289	3.738653547153741e-08	3.722596969146625e-08	4.5279577577013615e-09	1.157239606036061e-07
YCR024C	-16.690921359907207	0.9282876147962769	8.638114701721535e-08	8.541144353893767e-08	1.217521905655936e-08	2.546866784640081e-07
YLR047C	-17.848342151330854	0.526208649950607	2.029087385150863e-08	2.034596569864291e-08	7.452034730045027e-09	4.208435988020837e-08
YBR207W	-15.890264283539365	9.36149852672303	0.05257453246846458	2.4622405826809528e-05	1.0971767146223854e-14	5.751041581309774e-05
YKL203C	-17.390247351105046	0.02104859256209911	2.8026487858281037e-08	2.8029082305432926e-08	2.706913831284305e-08	2.9010059359245826e-08
YHL008C	-18.03748485129543	0.39684449451565335	1.5847176486263244e-08	1.5875193029323814e-08	7.63685503598026e-09	2.8178973001185325e-08
YPL226W	-12.13408809097855	0.09517849160129258	5.3909025831470086e-06	5.397314997215872e-06	4.595166237738017e-06	6.280970602369483e-06
YJL122W	-14.851145411005929	9.460477734991034	0.06028231648078163	0.08596231384812411	1.8132640375336074e-13	0.8983859150248241
YNR059W	-18.00031916845981	0.28442823949420154	1.589513269680411e-08	1.584958950835402e-08	9.53164363631854e-09	2.428625951992704e-08
YDL116W	-16.277358462052874	0.977944554228696	1.3866014382863665e-07	1.378250574031566e-07	1.7068305883438085e-08	4.2673187437629574e-07
YBL052C	-17.971549837450567	0.3469600027801541	1.6594059597146646e-08	1.664141813816438e-08	8.85497195754031e-09	2.7712890515616397e-08
YGR262C	-15.514888226499535	1.5967767901439303	6.261564347996352e-07	5.624598421955106e-07	1.3085648238336896e-08	2.2820113908362218e-06
YDR466W	-17.283099930057872	0.7282994391843343	4.076518851622187e-08	4.0306837704828076e-08	9.380593091016965e-09	1.021598321333026e-07
YIL043C	-13.871843369162162	7.110373295108935	0.02973660871348359	0.0496804831652975	3.697485496166886e-11	0.387580544089885
YGL027C	-17.991063648013352	0.6161810725815379	1.8474034669212708e-08	1.8587207600404643e-08	5.576750145779962e-09	4.234278897110424e-08
YBL047C	-13.946038594593828	1.7347945306727195	3.6717593454955625e-06	1.072040354501312e-06	3.9837958556122687e-08	3.995369385097709e-06
YDL104C	-17.07429033479346	0.799708275734303	5.2951554871567766e-08	5.2930705855533215e-08	1.0313809967440212e-08	1.4323219863015418e-07
YPL015C	-15.357589980188278	0.887968213864511	3.208736100285532e-07	3.1691199898005465e-07	4.957956387428864e-08	9.192051607142689e-07
YJR078W	-16.05209938601982	1.3898322107013945	2.911772321267508e-07	2.421576170378451e-07	1.0643253446967814e-08	9.155317410174623e-07
YHR202W	-17.748208469442744	0.4668690165896951	2.182747842955736e-08	2.181973067194854e-08	9.082298837501774e-09	4.213164355555947e-08
YGR223C	-17.064574517812417	0.6753345733826733	4.85409963252417e-08	4.876864880772069e-08	1.2778830184692121e-08	1.1787121117513633e-07
YML059C	-16.831528130504722	1.2209854822090271	1.0482428183670964e-07	9.934140556113496e-08	6.536478825205213e-09	3.511240856128587e-07
YML024W	-13.961759519102271	31.205801996793124	0.32296679091369906	0.40275878699392387	1.3114487394271144e-27	1.0
YMR322C	-16.085637964418112	7.670987111881448	0.02117070267192483	0.0348676265186347	9.355841945832596e-13	0.16439066757779947
YPL202C	-17.040154170849547	0.6559865039024637	4.994049102304608e-08	4.926941087383522e-08	1.3504020557087094e-08	1.167560472359707e-07
YFL007W	-18.203894054612448	0.015933612399283453	1.2419095347230202e-08	1.2422431212915415e-08	1.209946871197521e-08	1.2750646756020724e-08
YOL019W	-17.839162929879222	0.24813302418048333	1.8519707392342252e-08	1.844637276808503e-08	1.1888075364050707e-08	2.6893263905207943e-08
YLR420W	-16.066041334438708	1.7534604150875066	5.039490853631921e-07	3.630331843109641e-07	5.7568924852374825e-09	1.5314535921715948e-06
YMR181C	-16.41983265560046	0.6795219344509712	9.275089663830546e-08	9.328339472944739e-08	2.4182849907779044e-08	2.264014510420017e-07
YOR238W	-16.952761876070127	0.5735403934747999	5.143043582328704e-08	5.109486659756781e-08	1.688005256233261e-08	1.1128805403772213e-07
YLR447C	-13.666006881519207	7.5854966072587775	0.041332995261482625	3.425862238284845e-06	1.0310530131140851e-12	1.6979157245310642e-05
YKL086W	-16.82591252304772	0.9503505948389178	7.606784507889512e-08	7.732066791808729e-08	1.0304076595272178e-08	2.3489188716594159e-07
YBR010W	-13.67218093005904	35.40597985968785	0.34510495188006984	0.42784357740079704	2.7630852314203614e-30	1.0
YDR022C	-16.712739634612063	0.817933957553996	7.662380401751369e-08	7.653316928716282e-08	1.4331160420408811e-08	2.0966849990220638e-07
YPR200C	-16.866258288246883	0.7438743398707001	6.236065130938625e-08	6.21456018864712e-08	1.388737313810037e-08	1.5992463576610075e-07
YOR368W	-17.177116850253498	0.5683031799938763	4.072745088851734e-08	4.065544659639129e-08	1.3592139758699698e-08	8.800115583659761e-08
YBR027C	-16.82324107191451	0.4837734370711476	5.52224735553056e-08	5.555016993888579e-08	2.2292150353916875e-08	1.0948798134776037e-07
YER088C	-17.30823749992922	0.9192536843185689	4.623866988982157e-08	4.588384295272985e-08	6.685538430664793e-09	1.3597327309683461e-07
YER061C	-17.133158094796073	0.527403371125328	4.156409576522154e-08	4.161974571319172e-08	1.5206211205843675e-08	8.62132214466285e-08
YMR260C	-15.774777962761418	24.688634510569383	0.2570266234986562	0.34117788352380457	7.076551871558426e-24	0.9999999999992197
YCL063W	-17.13451288840659	0.6585430554294401	4.504584355747039e-08	4.489953966986804e-08	1.2236450172968658e-08	1.066897658881871e-07
YBL105C	-15.098174603998997	1.6277914054167717	9.841042166416786e-07	9.941695911863903e-07	1.9662020162610167e-08	4.340211290952464e-06
YDR525W-A	-16.518897930881195	0.7972316678540374	9.223928291539761e-08	9.212272979876241e-08	1.804647002107027e-08	2.485851509361972e-07
YOL157C	-16.43426444996365	1.5901892581152295	2.495200052933825e-07	2.9246802269990226e-07	5.383693907284033e-09	1.1066934785351944e-06
YPL110C	-17.57075364300654	0.020736612559414544	2.3391436160325203e-08	2.339985680191276e-08	2.2610201085256258e-08	2.4206547663405966e-08
YGR110W	-17.411154990980123	1.0121540535019748	4.515408596258783e-08	4.558418815015542e-08	5.183776005950267e-09	1.4411185242586975e-07
YER087C-B	-14.252488425490084	7.639701971944579	0.03471504543841205	0.04110901150673621	3.248640340446285e-12	0.25228973598494253
YDR492W	-15.507953764485846	4.15025633504372	0.00032062630500111466	0.0008133288851271398	3.2619081193527665e-10	0.0007919656826023765
YLR314C	-16.279579056930018	2.473490617295462	1.7773151564013295e-06	5.127131435256809e-07	1.3601525431597855e-09	2.450408481312715e-06
YPL274W	-16.15593065654066	0.971085725075072	1.5384261816125189e-07	1.4586920700949622e-07	1.91603071353849e-08	4.4355025633847474e-07
YHR198C	-16.94755324409269	1.7957464382408213	2.1948118471656654e-07	1.467033610706761e-07	2.1911317555301505e-09	6.224619463074755e-07
YBR233W	-15.74734573975111	0.5640988437591231	1.6944335956775776e-07	1.6919299122206474e-07	5.712772350709883e-08	3.64463501258933e-07
YGR172C	-15.9123700897846	3.016285162639157	8.625479123587596e-06	2.572752068321094e-06	8.395250598746504e-10	1.0828242337948334e-05
YCR020W-B	-16.3398655506833	0.8382378612849177	1.1356658573011157e-07	1.1398532709907517e-07	2.017670547566178e-08	3.1849691975585604e-07
YCL001W-B	-16.81459436532967	0.43724492423185835	5.495655519200995e-08	5.480418045353318e-08	2.4257343806045685e-08	1.022298883022538e-07
YOL107W	-16.6208427944446	0.9775331252870725	9.918298001486948e-08	9.788984631715037e-08	1.2114653405929108e-08	3.029471729465298e-07
YPL012W	-13.125081380750272	0.17090635385478514	2.0283531112846973e-06	2.006737578270171e-06	1.4954929120576806e-06	2.6154672913069578e-06
YPL262W	-14.538640434978516	1.7283561583791134	2.2071002127947413e-06	1.370651844097287e-06	2.7567844492060536e-08	5.847101404916612e-06
YIR024C	-16.581052654183807	1.7848851265836385	3.231186940341727e-07	3.015431688303321e-07	3.3405668760347347e-09	1.185932495682186e-06
YEL029C	-16.614372224394884	10.63001735074976	0.061503813949492475	0.1137463061421845	1.5669656569931938e-14	0.9787791473651977
YLR177W	-17.877479614654277	0.4419499410554089	1.907649624961879e-08	1.8978093235882582e-08	8.315215764270171e-09	3.559022275136136e-08
YDL195W	-12.716952065014267	2.6901677135866855	9.249547525861992e-05	1.7459961798836007e-06	1.8427701695192883e-08	7.0046705931022746e-06
YCL045C	-16.375937544356205	0.5268093802999078	8.924753732703272e-08	8.838924064319785e-08	3.240188484320097e-08	1.8273005996993822e-07
YDR123C	-16.508738876081026	0.9663055752179739	1.0893488153550635e-07	1.0825509219189641e-07	1.3804416581607266e-08	3.326721529155587e-07
YNR044W	-17.266162019245513	0.7658905989125723	4.295010370738293e-08	4.2148537426920795e-08	8.967117924439281e-09	1.1046636389515892e-07
YFR017C	-16.52140908056097	1.3551671666538148	1.724271474610894e-07	1.6311838167928855e-07	7.1586248659356876e-09	6.075127615261664e-07
YPR046W	-16.17298469348387	1.7390193294963188	4.3115042049194295e-07	4.0674035753142336e-07	5.402562473800713e-09	1.6220168332736612e-06
YEL069C	-15.097385220252162	3.741595585893986	0.00018947151168510117	0.0006801613356585231	1.5174915528097396e-09	0.0010936345089596886
YBR285W	-16.310676065936406	1.3635675848607778	2.120307560571912e-07	2.0078616437592264e-07	8.697396410589984e-09	7.504690904070298e-07
YHR083W	-15.50848992161009	2.2967619129694476	2.508652881894393e-06	6.644973231399984e-07	3.753742431220089e-09	3.0716365094574335e-06
YOR087W	-17.58331539740246	0.615741334579993	2.787155991022874e-08	2.7936616201142218e-08	8.390312753935036e-09	6.36133281381242e-08
YMR160W	-18.138673314061435	0.5409179274266939	1.529096305889226e-08	1.534386780399239e-08	5.445566173005916e-09	3.224998962401031e-08
YLR307W	-16.864510262931418	1.5649466509792185	1.6277745793779278e-07	1.531660952907966e-07	3.5947180531667174e-09	6.036452369745418e-07
YMR143W	-14.198482203160166	50.19909927558748	0.39120802036267077	0.48269280530648945	4.195474349580264e-40	1.0
YEL054C	-13.986118190435446	38.44218130632624	0.3500938312898996	0.46058947879630224	7.365515946312488e-32	1.0
YDR130C	-16.029345747498866	0.7443241942141601	1.4409692607886967e-07	1.4397694314190983e-07	3.208350856396133e-08	3.7089704459030614e-07
YNL021W	-16.77311356565879	0.6847673188596326	6.522994689303222e-08	6.561855879598533e-08	1.6821176344210697e-08	1.6004808507608245e-07
YMR177W	-17.161939426900773	0.5874845862429895	4.2428442244465894e-08	4.18063681398703e-08	1.3383131099469195e-08	9.237325286305034e-08
YDL199C	-17.939824423353258	0.5633428344753736	1.9095206559022293e-08	1.8946171245833768e-08	6.3972039140707225e-09	4.082190792043571e-08
YIL012W	-16.86523188478239	0.4315362106737387	5.180633584435714e-08	5.192776806586425e-08	2.3261302185722683e-08	9.614178419015547e-08
YGL138C	-17.176351898488775	1.4867352035031198	1.0028483018721811e-07	1.0417119394573469e-07	3.0008881529747725e-09	3.9852974460327506e-07
YLR060W	-13.998554962637355	19.314175589730425	0.23659040781034715	0.46460938793057505	1.8614329092825713e-14	0.9999999999509113
YCR069W	-16.212126056104154	0.39859557895104086	9.819180356292666e-08	9.806424612446317e-08	4.710009765552544e-08	1.742405847771386e-07
YGL076C	-13.428139785982422	41.96238554248002	0.37398270822385504	0.5254320704086123	2.452356318854399e-32	1.0
YLR181C	-16.833626212953078	0.8795278553923281	7.183846293097522e-08	7.1530202937664e-08	1.147341644682174e-08	2.060228740878042e-07
YCR075C	-16.72547262241349	2.7083839641169307	1.677433048218225e-06	4.3135166473158173e-07	5.879709946386404e-10	2.11235471746273e-06
YHR043C	-16.605260704841186	1.5714986893584766	2.1464580184304e-07	2.2677735162751284e-07	4.655153455744909e-09	8.569304951023298e-07
YNL233W	-18.09671012780089	0.5652604838617937	1.6161118260077783e-08	1.619786483172026e-08	5.4511018866222186e-09	3.4941512061985473e-08
YGR221C	-18.085818632295542	0.18502170517944216	1.4179489335288745e-08	1.421856013118232e-08	1.0306729113563491e-08	1.8944340971634197e-08
YOR005C	-18.244195585656783	0.6168125310657858	1.433614658210534e-08	1.4362374157172385e-08	4.312313504806484e-09	3.2681067736381405e-08
YKL091C	-15.969606186984292	1.5974157190859666	4.1635799587058934e-07	3.879825084544015e-07	8.338265791935942e-09	1.5453542284565737e-06
YMR123W	-16.331411352316337	3.1573178421126373	9.312695769601384e-06	6.421823005362576e-07	3.8738530180979487e-10	3.295048268503675e-06
YOL098C	-13.26659602383077	0.12052163393602101	1.7445770966212744e-06	1.7461425086384923e-06	1.421373380224639e-06	2.1138611549231225e-06
YER011W	-16.123767577250675	1.292609647755706	2.3290148258021673e-07	2.1421409059302079e-07	1.1738327684009918e-08	7.80243636181296e-07
YOR061W	-15.013245060277042	3.7376872149789024	0.00018734449988133618	7.776767392509931e-06	6.076531919426092e-10	3.1293511241001844e-05
YLR251W	-15.929675229323747	2.3703909892174186	1.8626432102998245e-06	7.751491706006574e-07	2.336994090116123e-09	3.585070392615209e-06
YBR238C	-16.0612119760124	0.8167817968462716	1.4881992478818882e-07	1.4805205226843844e-07	2.7618249725684902e-08	4.062373088605878e-07
YDR316W	-16.43968318914338	1.3142920470858603	1.6751942531864134e-07	1.599638238374065e-07	8.257348211411027e-09	5.8889466560364e-07
YFR052W	-14.820932871350307	4.900142233604824	0.00257163120018099	0.004412032818503766	2.2853657387218032e-10	0.00469368862575181
YOR151C	-9.932089854709558	2.5278143027937845	0.001066290037605556	0.002098011258984284	2.028132331231912e-05	0.007042225004586805
YJL153C	-15.58380960672437	0.8276583076429485	2.403428593840768e-07	2.433774863280143e-07	4.390204105357886e-08	6.764217106303954e-07
YHR130C	-16.830282208415866	0.6504079287345481	5.959034826867472e-08	6.048351966986336e-08	1.6811192822083866e-08	1.425594586923402e-07
YLR107W	-17.084358458065964	0.8006017391646647	5.314118114925782e-08	5.196531049984452e-08	1.015638588947318e-08	1.403780102533945e-07
YPR012W	-16.820956494914554	1.0701065841276194	8.519739875835812e-08	8.578844308351793e-08	8.458506557522978e-09	2.801146355114298e-07
YCR047C	-16.33135844423012	2.163079943615483	9.400622077843399e-07	1.2642298802995867e-06	2.3664900655801596e-09	4.008692863519645e-06
YPL145C	-14.197788579572444	10.251596055737613	0.08857219136663783	0.1674346353238572	2.122915734902441e-12	0.9968264044740439
YKR035C	-16.699262638598867	0.8831061917469626	8.298520175918756e-08	8.096824740137683e-08	1.2991032311706469e-08	2.3304819913095073e-07
YHR148W	-15.63138057267568	2.754119369637671	6.267774406421162e-06	8.773715503349905e-07	1.5293437138284435e-09	4.261990092157101e-06
YPL037C	-14.154884206488715	6.9935958247985415	0.022623088201440513	0.0344716318715632	1.4378789428229154e-11	0.1666002431059783
YGL206C	-11.779567562575904	0.13487313376168333	7.727336792317414e-06	7.730924505296168e-06	6.143350313640461e-06	9.549607467066434e-06
YGR166W	-17.98125797368337	0.34603494559684805	1.6539894850004478e-08	1.647307013206323e-08	8.782777085963956e-09	2.7403461145991474e-08
YPL032C	-16.7129289688244	0.7975219721073951	7.57764986825778e-08	7.524491865718936e-08	1.4818689653331278e-08	2.0275993488158548e-07
YGR007W	-16.747611851730454	3.998444948303263	7.521949480267016e-05	4.086050380741755e-06	7.227777456953627e-11	1.593688067963591e-05
YHR200W	-15.39910123503867	2.2180598356311267	2.279201281692293e-06	1.0402188273042434e-06	5.1189221956526615e-09	4.797711882552981e-06
YHL021C	-16.081759453002817	1.294454797503719	2.3473769732959948e-07	2.4909547300828495e-07	1.2382904562037962e-08	9.051690207282333e-07
YLR127C	-17.731399896548467	0.5144524055246146	2.2725725943192776e-08	2.2658900631245675e-08	8.526170972051405e-09	4.620937036950783e-08
YDL144C	-16.446565592451208	2.0157020172782887	5.677923497692116e-07	5.539146895920156e-07	2.639576071607728e-09	2.1636315683631964e-06
YER049W	-15.217827240260503	1.5248343512453484	7.745353322488005e-07	6.761051844309343e-07	1.978532124172737e-08	2.7079176030498707e-06
YOR329C	-17.56566780217034	0.4359815362472718	2.5623029304831633e-08	2.582366513569529e-08	1.1469900253970622e-08	4.8071006229436095e-08
YLL056C	-16.4370209021952	1.7787944753565526	3.5508228435233257e-07	2.3658586000633617e-07	3.755376502637134e-09	9.971400884475488e-07
YLR164W	-16.76907320923854	1.2068795748969394	1.0458255449492952e-07	1.0790763733969883e-07	7.149106386050459e-09	3.789995813498634e-07
YER044C-A	-17.118997238686646	1.2419323163946163	7.634875953602503e-08	7.71334757602763e-08	4.736849038066066e-09	2.751712232800099e-07
YPL242C	-18.352990486070468	0.397211701784999	1.1542843317463813e-08	1.1580324270951125e-08	5.567110723702952e-09	2.0553656871243147e-08
YAR053W	-16.650178264849075	1.1450328468248379	1.1218425868908637e-07	1.134843700826279e-07	8.931185875414485e-09	3.870128130579089e-07
YGR162W	-16.10061396193558	1.4993097104292268	3.0975745645733117e-07	2.7613363958839624e-07	8.53644757457621e-09	1.0889798405384942e-06
YMR230W-A	-16.88565750527121	0.8856569852607685	6.919479848543477e-08	6.844486259762587e-08	1.0797523812213638e-08	1.9810826194589105e-07
YMR283C	-17.30198102817738	0.7048329317138575	3.927840401679796e-08	3.917846167164528e-08	9.590104687029888e-09	9.736376988852199e-08
YGL125W	-15.325485884001663	7.2330063975657515	0.01751732516040551	0.0564217505028212	6.317369844523741e-11	0.4735949764620801
YIL113W	-16.854661231883057	0.5396055005973421	5.533825664490795e-08	5.5411518331718324e-08	1.9706976198025243e-08	1.1630736432623215e-07
YDR206W	-17.344826621215546	0.8702166709864253	4.314304375837321e-08	4.276049457228864e-08	6.997627722420854e-09	1.2237983986141452e-07
YPR134W	-16.850898407989717	0.5796157791840931	5.611331687434329e-08	5.686264029594622e-08	1.852127427312864e-08	1.2468800816797496e-07
YAR018C	-15.440034066742738	1.0189335411893194	3.2871196871841706e-07	3.450365920813287e-07	3.722218571706463e-08	1.1039207175182472e-06
YOR350C	-17.87337652581553	0.7189751965591245	2.2490187445381086e-08	2.2270371418660092e-08	5.2851430332296046e-09	5.6018112453377755e-08
YHR109W	-17.88211458935328	0.5545936782129653	2.0029583751958698e-08	1.991578828866721e-08	6.8694871503926055e-09	4.24409409157609e-08
YNL182C	-16.350785691706918	0.9458014013129109	1.226124651953568e-07	1.252062523234933e-07	1.6746408815781347e-08	3.800857783282186e-07
YGL040C	-15.13585414138761	2.8935217496185746	1.4894558925827479e-05	2.115718377879571e-06	2.0856262908747346e-09	1.0211690389845101e-05
YLR191W	-16.754894677121413	0.6188475389733069	6.37227244939728e-08	6.390871022489772e-08	1.907556888367378e-08	1.4582280554528006e-07
YMR149W	-14.013193424042766	2.725431811316536	3.917061117791693e-05	6.561160891422252e-06	8.83623993848016e-09	2.8072822554722372e-05
YBR144C	-16.85315110990703	0.45390007288824236	5.3288885911911444e-08	5.294760345069808e-08	2.265906400161976e-08	1.006530990513728e-07
YBR274W	-16.113250412928394	0.9374283807651156	1.5675212253693235e-07	1.548096553840432e-07	2.1434010312859605e-08	4.6547163035044737e-07
YDR381W	-14.385754358730265	18.849369213443158	0.22607446475843082	0.3179169140725795	6.793294962148596e-19	0.9999999972102489
YJR096W	-15.661807459335959	10.322087989566613	0.06699542695241824	0.11558667665500394	5.6159322379792406e-14	0.9793925052628712
YBR125C	-16.273340743799764	4.749093053638914	0.0009094914047273395	0.0019868059967659826	7.026871148742383e-11	0.0017328685717031133
YBR111C	-15.572654356402564	8.08359574676259	0.031871126855211714	9.272334225727967e-07	7.073736550827544e-14	5.315559430846099e-06
YLR223C	-17.891868401152152	1.265160187100954	3.729503173769411e-08	3.880617550818038e-08	2.1218286811415177e-09	1.390467118356241e-07
YMR079W	-13.842507580536404	23.706663119977524	0.27637215211298616	0.43063124347688503	1.2591654857113143e-20	0.9999999999998921
YLR145W	-16.882790384487436	0.4977561375202021	5.305985436080184e-08	5.266625593418366e-08	2.050949128212625e-08	1.0547458586542297e-07
YHR160C	-16.69410693107855	0.9438308676860439	8.712364569705382e-08	8.421511613821006e-08	1.1757700442928636e-08	2.522390849337634e-07
YAR033W	-16.732587492989097	1.4008845578372853	1.4200372091172643e-07	1.3871037018659122e-07	5.3751672961919604e-09	5.251585556065486e-07
YMR006C	-16.93413183240844	0.39769038862671385	4.782127146360021e-08	4.78437518329114e-08	2.2972803125135082e-08	8.500279354170135e-08
YDR506C	-17.696844791317545	0.3523694101983521	2.1764037337782354e-08	2.1943879186347032e-08	1.1544648742086073e-08	3.679979707153408e-08
YPL046C	-16.677015834015748	1.266736343011237	1.290179605789399e-07	1.2851863576753646e-07	7.1171949862687094e-09	4.622319372814859e-07
YLR081W	-16.317581615724322	3.1592795738337047	1.3897646889644542e-05	1.2046902527974062e-06	4.2661097493140505e-10	6.142268501887847e-06
YLR082C	-17.20551008014516	0.5173450563724742	3.8441503454652946e-08	3.852394483847627e-08	1.4381082928214919e-08	7.888113453119339e-08
YPL105C	-16.744010410701577	1.6410776055065286	1.980072901229347e-07	1.2130054716894306e-07	3.340810347046299e-09	4.892931418471275e-07
YJR117W	-15.04282574696954	2.328159093809842	6.098311626455266e-06	3.3001532373330668e-06	6.7300490926936754e-09	1.5261719422270748e-05
YOR118W	-17.757326361149154	0.5629884967444724	2.2475724160266208e-08	2.269878110970187e-08	7.682480735049876e-09	4.8834255779313495e-08
YOR298C-A	-14.499456627652036	19.203866819396925	0.2246879984281508	0.2903779088560243	9.36080553027194e-20	0.9999999959859232
YEL012W	-16.00196698059952	0.7636408190619434	1.4862948348300493e-07	1.50942629483709e-07	3.2019936884383935e-08	3.963700661671076e-07
YLR361C-A	-16.814824617141113	0.48186616570411567	5.5679154763599674e-08	5.5943994419685806e-08	2.2533822431303345e-08	1.0998266709079452e-07
YMR219W	-18.81875533719065	0.009790515224045764	6.717042817298874e-09	6.716435758380015e-09	6.608822132480498e-09	6.825051429395636e-09
YCL049C	-16.620694110774622	0.653782121210562	7.514259586170607e-08	7.409439354196298e-08	2.0530109153336787e-08	1.7475303438118568e-07
YDR142C	-16.381391989948682	1.4830254612410259	2.339366968678594e-07	2.3946684943078896e-07	6.7335046957795585e-09	9.1107047985465e-07
YDR038C	-16.046575087901857	1.0676375174811683	1.9043472248290243e-07	1.9324995171317704e-07	1.861339905796889e-08	6.33784015052744e-07
YHL020C	-16.801968762702728	2.2470796333057494	6.158630602865901e-07	6.186279413051825e-07	1.2658171935816083e-09	2.3232013061632994e-06
YLR027C	-13.777318508925601	1.8935753203547778	5.712268139250033e-06	5.15496306510528e-06	4.9291104207133855e-08	2.2299261172228847e-05
YOR124C	-16.816660760255402	0.3709178841978909	5.334154294290388e-08	5.3259381319498875e-08	2.7000753448608368e-08	9.148346154877777e-08
YCR108C	-16.604527072887123	2.2510911222215624	7.970439170222579e-07	8.099419713987527e-07	1.5155429964066253e-09	2.5670637612156937e-06
YOR284W	-16.716516034467332	1.0694330229046158	9.872217378349277e-08	9.53664230615142e-08	9.416247429430207e-09	3.116781700925056e-07
YLR210W	-17.116039520646865	1.105917045887141	6.852083297624505e-08	6.809210102322682e-08	5.977677017130224e-09	2.2773667090303328e-07
YNR066C	-17.257174751860276	0.4483034228320262	3.5179265224466426e-08	3.5292898816356575e-08	1.5279251301952526e-08	6.663500828549341e-08
YLR451W	-18.295374220667128	0.3285748970630418	1.1969602398989597e-08	1.1962979200390951e-08	6.5986943069107675e-09	1.945024885355373e-08
YFR049W	-16.273042178662948	1.690052355409699	3.4535604704600196e-07	2.924883944168886e-07	5.227438596686448e-09	1.2060198829576462e-06
YBR176W	-16.43688535369509	3.69125279204521	3.331609161321233e-05	0.00012293800210935735	2.1364726738974306e-10	0.00013798097120200443
YDR201W	-15.817444087669356	1.5595418870482292	4.635920052995815e-07	4.059139230507086e-07	1.025692534900269e-08	1.6098046165093288e-06
YMR304W	-17.19159051142306	0.043371431449148096	3.4237138768748027e-08	3.421320547888912e-08	3.182750422822439e-08	3.670637157834505e-08
YCR038C	-17.850817972612987	0.5439364321800882	2.0460630033201463e-08	2.0489808441075482e-08	7.219757409311623e-09	4.3221305435085714e-08
YDR422C	-17.8485329364419	1.1182435674610236	3.33843618802572e-08	3.270507838325404e-08	2.805784540786069e-09	1.099349479152053e-07
YPL054W	-16.8849515038535	1.2136438938727252	9.825305957268291e-08	9.381501052950612e-08	6.2719489067487665e-09	3.302198615834715e-07
YDR523C	-16.33659914138225	1.1544566314929285	1.5560248177959284e-07	1.5563833712816451e-07	1.201047513248225e-08	5.338764190399901e-07
YBR156C	-17.935866666514613	0.43072906437210834	1.7957959666572142e-08	1.7798532698100387e-08	7.989881339442391e-09	3.291292539345194e-08
YPR084W	-17.261151758743637	0.6040544633879259	3.817846907499744e-08	3.8255759514199485e-08	1.1792919823287681e-08	8.603855885583267e-08
YFR021W	-15.43722669247036	2.0911510680686947	1.6610884965296462e-06	9.298558217550082e-07	6.209577241789119e-09	4.364451850626504e-06
YOL036W	-18.097766572515667	0.26463434476310416	1.4266236616892255e-08	1.4300077702736403e-08	8.933084076041546e-09	2.1335874130651827e-08
YDL033C	-17.16615208712099	0.932078575557846	5.507110107117816e-08	5.353678254139691e-08	7.533827049391157e-09	1.6004179594771655e-07
YFR030W	-15.128465252689038	0.6915581235547845	3.407781140856635e-07	3.4328197137767684e-07	8.643780557713326e-08	8.438049105346238e-07
YCR011C	-17.153404549049085	0.6716724252228511	4.3865705921978236e-08	4.467749975636152e-08	1.1775943531362496e-08	1.0766640523584006e-07
YNL225C	-17.60350050645573	0.7602266119615254	3.004006051939427e-08	3.0093662959729764e-08	6.4674801742785675e-09	7.858875450132006e-08
YMR279C	-17.423296470683255	0.3505186974831003	2.899942389293452e-08	2.8838670553778694e-08	1.523169628122786e-08	4.825792826727329e-08
YHR211W	-16.703196495328285	0.7765036267351263	7.582818956798416e-08	7.543146180905382e-08	1.552960851823775e-08	2.0006305041759363e-07
YIL118W	-15.281994798752931	7.668528822528373	0.027478396894629387	0.04239287684345764	2.2578330051325123e-12	0.27405277069999984
YML071C	-17.764157551799855	0.3234964732666799	2.037841149142127e-08	2.0307004274218058e-08	1.1318634230222752e-08	3.279293754187189e-08
YDR343C	-14.407226696385989	8.021343729242712	0.03886126310418511	0.061345667572409085	3.575145310448556e-12	0.5967708374178197
YKR063C	-16.82585670596127	0.3346976151059331	5.210434499225557e-08	5.205967674547831e-08	2.8382486125734502e-08	8.531651361769092e-08
YPR016W-A	-16.823477668084507	0.8089903076639363	6.916491627472599e-08	6.820996738684529e-08	1.301937710028733e-08	1.85689467241426e-07
YCR087W	-16.793778528132663	0.7674328506020163	6.753613241346057e-08	6.8013225111894e-08	1.4362655516580955e-08	1.7870686646112561e-07
YOR142W	-14.766908395446789	2.591418506570519	8.451524397186452e-06	1.8776314953404687e-06	4.9236275962465285e-09	9.025674053493203e-06
YLL040C	-17.535164684821922	0.011320017955693103	2.424563362333164e-08	2.424392162668018e-08	2.3795110078780395e-08	2.4697549821986632e-08
YDL101C	-15.505467566495282	2.5513376299835047	6.005414192329829e-06	1.6045659769864562e-05	3.474597387710254e-09	5.443343425026769e-05
YLR253W	-17.545975416455605	0.31503487652860657	2.5331192613890244e-08	2.519741593497408e-08	1.4275790249142177e-08	4.024587286391756e-08
YHR007C-A	-16.853812111680583	0.5589944302783303	5.643073170956133e-08	5.60309825897016e-08	1.9104572697408876e-08	1.2017867534756437e-07
YIL151C	-18.338420068518445	0.24216782502948406	1.1134154628203233e-08	1.1179818883111473e-08	7.287064423384207e-09	1.6164471545226452e-08
YJL083W	-17.98236375205377	0.19118701507962427	1.5815839512682993e-08	1.5786438978799626e-08	1.1314672013309356e-08	2.122313766528354e-08
YHR005C-A	-15.73479994179179	4.7384755299981505	0.0009809501263423471	0.0013105806859660112	6.980189947052155e-11	0.0006190739036362221
YOL017W	-17.989528153347038	0.3675526016762373	1.6411808670752355e-08	1.64228269308385e-08	8.392699878735656e-09	2.807332333736457e-08
YOR178C	-18.100704482197017	0.5137466438271002	1.5659407524156848e-08	1.5684040342233382e-08	5.905134377206335e-09	3.1956257185730374e-08
YER064C	-17.333098775496893	0.5027012952445497	3.3826711520411834e-08	3.367371043714964e-08	1.2977813757642771e-08	6.783598298191122e-08
YMR241W	-13.57294057869258	37.05452441923743	0.3565981290868709	0.5457513385724823	7.705013907313027e-28	1.0
YDR239C	-18.06579233114533	0.2433316698789865	1.4682798192035429e-08	1.4688092927731611e-08	9.552588537642562e-09	2.1271243130031863e-08
YDR375C	-16.209240192715498	5.305405354654724	0.00170079698760036	4.1997930372204174e-07	7.0709241915555174e-12	2.3578390823168435e-06
YNL151C	-16.2225031354981	1.8641025937335305	4.802181089914185e-07	4.092933430520883e-07	4.147263267632092e-09	1.72640205855366e-06
YAL020C	-16.909544756367524	0.4909420506431533	5.157495879290898e-08	5.0942854603898984e-08	2.016164545726037e-08	1.0114849731676044e-07
YPR015C	-16.805206039477326	1.417380146934569	1.3226880637037068e-07	1.3816728174998334e-07	4.8867124310617374e-09	5.201594332917453e-07
YLR216C	-14.189571189644267	1.214119380656548	1.4429783104432772e-06	1.5250503040128166e-06	9.519611473433417e-08	5.510508473195166e-06
YBR158W	-17.96502505082097	0.5016475708048771	1.803159571346172e-08	1.7874449624481263e-08	6.904998841824658e-09	3.593916906836834e-08
YDR033W	-14.549801848152837	25.060606020413985	0.286478838363222	0.44761298402498517	1.9760024658352936e-21	0.999999999999988
YIL009C-A	-16.72076184386313	0.7491515764559199	7.216242166410271e-08	7.197501472851283e-08	1.5904147817869304e-08	1.859060528148753e-07
YMR023C	-17.399096543835896	0.6917571188110417	3.5169012804074413e-08	3.515487104024213e-08	8.882113535631557e-09	8.618968415391507e-08
YMR109W	-12.146383634835002	0.154864183544804	5.380937608477605e-06	5.443582553552496e-06	4.163147651029013e-06	6.944785485167634e-06
YCR006C	-16.856469617597014	0.4594106369014842	5.317276378425008e-08	5.3123953325959713e-08	2.2445317322379183e-08	1.0174913312135002e-07
YGR126W	-16.42626479864046	0.9276468369380776	1.1291033005763752e-07	1.1311426281713323e-07	1.5975477820353096e-08	3.379665115588975e-07
YPL265W	-14.196398613866405	1.352747163363784	1.7388932476718398e-06	1.6815786637178226e-06	7.57638627298593e-08	6.490255208580622e-06
YKR103W	-18.23251005850871	0.5416812793104326	1.3899844897295934e-08	1.3961953620683108e-08	4.947302724419727e-09	2.9347339411013305e-08
YLR038C	-15.555293664533748	12.22701442843308	0.10655590331411186	0.12406729109377104	6.285713108246003e-16	0.9962232228331861
YPR194C	-18.246046979730437	0.11016725981978313	1.1990937738431759e-08	1.1980584614014894e-08	9.934341730727078e-09	1.427148925617995e-08
YDL025C	-17.173655467014015	0.9352757925275967	5.405646981480833e-08	5.370776900009961e-08	7.460469131124192e-09	1.6135645257897066e-07
YLR296W	-16.866884072915838	0.517715223278074	5.40785336434221e-08	5.3991066167747945e-08	2.0164631523819032e-08	1.1055570741659809e-07
YDR113C	-16.8641972409321	0.5736978483426625	5.542834301829622e-08	5.571777860395252e-08	1.8421527778293993e-08	1.2129080692383076e-07
YLL060C	-16.78508656964621	1.7241871100440234	2.1507237559543117e-07	1.89663423579433e-07	2.9687999285725268e-09	7.772555073016123e-07
YNL232W	-15.80622074937237	1.3837664551577116	3.571124289849733e-07	3.282489277851479e-07	1.3869984888639976e-08	1.2394643756076115e-06
YBR014C	-16.469163037917298	0.8684457114141488	1.0040276122320003e-07	1.0169612704042614e-07	1.679987529640441e-08	2.9008036416118906e-07
YCL001W-A	-16.88565750527121	0.630138190420492	5.6323736053151937e-08	5.631955985370671e-08	1.6412256419376604e-08	1.299441703378011e-07
YLR163C	-15.647482065913918	12.646591097241771	0.11099642813707152	0.22599824411849115	3.2169810049559435e-14	0.9999052083921119
YDR273W	-17.28607127507783	0.35718513136052915	3.319362548460191e-08	3.3143877070036376e-08	1.727164486147029e-08	5.5934413245908196e-08
YKL152C	-13.890378566932851	56.02687915336725	0.4056715688745741	0.5634994605301186	4.231561528770429e-41	1.0
YHR154W	-17.92137830548127	0.01662966326659388	1.648404135031787e-08	1.6477958165037627e-08	1.60307010557889e-08	1.6932182653470594e-08
YKR029C	-18.005720177193126	0.6691470377245758	1.8718262489810586e-08	1.8910458414176773e-08	5.031669272743379e-09	4.537932057481264e-08
YGL184C	-17.157553043151694	0.5834841745174789	4.21913432234197e-08	4.195770827605387e-08	1.3543436365964545e-08	9.234425103374973e-08
YGL111W	-15.50989014356419	1.913171015735624	1.2528137180817636e-06	1.2612902999298355e-06	8.140821419024675e-09	5.378001921533569e-06
YNL178W	-13.631838334368878	25.39968061900584	0.29671645623133963	0.4193035395584727	2.161892784494113e-22	0.9999999999999902
YMR324C	-16.746374472183362	0.9940079635891118	8.644783874862805e-08	8.759090783822294e-08	1.0399768487382861e-08	2.7412644326911126e-07
YIR042C	-16.868550392472372	0.5828033734005349	5.5968642793958e-08	5.5997339999915447e-08	1.8102038725868273e-08	1.2326527711822355e-07
YJL184W	-16.213764887093205	2.377979439184116	1.6648495788436435e-06	1.933168407670758e-06	1.853053715615008e-09	5.621058925808736e-06
YBR018C	-16.486796519450564	2.948529939504972	4.666575808245552e-06	2.070838296136975e-06	5.516258494992201e-10	8.630840354104155e-06
YLR026C	-15.489330035947914	0.4167484902742597	2.0554363090005865e-07	2.045084395305788e-07	9.441806032543494e-08	3.7196696077606636e-07
YMR046W-A	-16.147194202546217	2.363059563812536	2.037666880819825e-06	1.628384316178701e-06	1.991568555185192e-09	4.845973895066415e-06
YHR063C	-15.479139986383215	9.450583651538775	0.054847219226805105	0.1062008420586237	5.263924403470201e-13	0.9519086472022461
YHR059W	-16.278868524409702	1.3141677811114996	1.984464637776371e-07	2.0550145585868208e-07	9.823140120711988e-09	7.506023784323292e-07
YMR226C	-14.358813859268777	2.0636415335075657	4.166967583253625e-06	1.4973174566941008e-06	1.724729134462992e-08	6.534991211661308e-06
YER186C	-16.80400844025351	0.855695752604967	7.285278185625809e-08	7.097758326934221e-08	1.2224629778013077e-08	1.996813462044503e-07
YER183C	-16.84028518327321	1.7211416484393263	1.973439653130107e-07	2.3276634818784184e-07	2.878507555245927e-09	8.682890180430246e-07
YDR525W	-16.853499588928372	0.46695750038655887	5.351388866625991e-08	5.340646015043334e-08	2.2217727574168582e-08	1.0317228294807782e-07
YLR131C	-17.941967379775434	0.45346533901180414	1.777875951220693e-08	1.7868450281461342e-08	7.649485949006993e-09	3.395567355103398e-08
YOR059C	-16.69269142444753	3.5754259938194513	2.9148854996523545e-05	6.985114367515382e-07	1.3384544888706843e-10	3.6251229800368054e-06
YGR089W	-17.58687443818124	0.41014325240047966	2.5021829958311655e-08	2.50542811030343e-08	1.1724964638047611e-08	4.519843409056021e-08
YGR146C-A	-16.78500692141168	0.45458717346393707	5.7125602934458226e-08	5.692252747575259e-08	2.430006755405965e-08	1.08422818324464e-07
YPR164W	-17.114493821770523	0.18444921412508872	3.766886450349713e-08	3.7551667932314065e-08	2.7250297297080836e-08	4.999331145394695e-08
YLR098C	-17.240670459673495	0.8393638841228114	4.6107781965920246e-08	4.6256464079272096e-08	8.170486576552595e-09	1.2927939570513852e-07
YLL021W	-18.670598299730756	0.008679721547964708	7.789483237411369e-09	7.788940084261008e-09	7.67823494404746e-09	7.900542864656638e-09
YJL095W	-17.585752832115034	0.9796181933477638	3.77319714510752e-08	3.592869537561993e-08	4.549889882859575e-09	1.1050477782622132e-07
YOR357C	-16.402292385181866	1.822191795621588	4.1838528130847517e-07	3.0418724214827786e-07	3.6915183405972394e-09	1.2881467759863997e-06
YGR267C	-13.348513684680439	13.317503717645861	0.16034124566943656	0.23448514370051415	8.311915845634799e-15	0.9999819749903628
YMR167W	-16.858059128405515	0.24053886817549508	4.92371730845128e-08	4.906550956545723e-08	3.20845330078781e-08	7.076361337622366e-08
YMR272C	-15.384571467549177	10.39233278413361	0.07510569993417718	0.1407752113809218	2.1098915841027652e-13	0.9922586116615172
YGL023C	-17.916462403511815	0.5720943748930737	1.9372808030578802e-08	1.9495060447333653e-08	6.454729055896496e-09	4.239213644419483e-08
YPL205C	-16.00270773711307	0.919971216411715	1.7366992442943534e-07	1.7205498708487108e-07	2.4710742951152132e-08	5.119842588180744e-07
YPL108W	-16.596132166356966	1.0022137315848036	1.0138542110681325e-07	9.954092274064878e-08	1.1828467673646584e-08	3.1120688440914266e-07
YDR369C	-17.071468981572963	0.7175814874883456	5.020634821694134e-08	4.912854585960476e-08	1.1757734768153242e-08	1.230600729441254e-07
YDL211C	-17.302693039550633	0.41230126737862316	3.334088652458503e-08	3.3125571180498917e-08	1.5462122866808208e-08	5.983174998204115e-08
YKL148C	-12.30259296595723	7.366188611965272	0.04935487758075286	0.11169133348013112	8.093090243602248e-09	0.9109405829167929
YOR227W	-17.432460453645746	0.6194854843155164	3.238310494195197e-08	3.233980128388141e-08	9.658213007763632e-09	7.384045336500556e-08
YIL021W	-14.645396613335107	1.258803332420308	9.865743489335035e-07	9.975663927802502e-07	5.554834996375968e-08	3.63698218053721e-06
YOR122C	-14.640917255827643	41.3252543163212	0.3665660553270162	0.44256737632400367	1.1039670071827542e-34	1.0
YNL017C	-16.847412785726902	0.559213262128097	5.576831640192388e-08	5.640338434209694e-08	1.9220301108885946e-08	1.2099375012101038e-07
YER057C	-16.11774724165369	6.4155049221438185	0.008112576142019627	0.010821404900908316	3.702596840111704e-12	0.009956916960979658
YKL188C	-17.607391141043266	1.111125615528167	4.108834390136207e-08	4.199247303072838e-08	3.6259361514339085e-09	1.4077919940739114e-07
YML124C	-13.554759423635188	4.695874549753821	0.003951211352967819	2.247729301214931e-05	4.788441413291597e-10	7.450035240416163e-05
YGR206W	-16.56402067469824	0.9354769583994998	9.822498690044671e-08	9.937861264245353e-08	1.3741476825688577e-08	2.9873836597619746e-07
YBR286W	-16.040504189812765	2.245380205325526	1.4966017614640514e-06	1.4958830263975356e-06	2.817639575987697e-09	6.471384167941616e-06
YJL077W-B	-16.146672505791486	1.5935010068788429	3.4727709140378554e-07	3.501766989726491e-07	7.066326412782815e-09	1.346810031299411e-06
YLR100W	-14.841700019963538	6.6979463520104074	0.01655377363225257	0.032261971579336655	2.8722174845831493e-11	0.14873394663164602
YER173W	-17.692159578139766	0.48009659840536806	2.314042816795169e-08	2.3234548501629912e-08	9.398932873952882e-09	4.557282562992737e-08
YDR320C	-17.804126245748904	0.45746455469959424	2.049314210951727e-08	2.0561001179548633e-08	8.722401619845091e-09	3.9288053335394535e-08
YBR193C	-15.549577986189233	1.7764319778812305	8.691497609826627e-07	6.422306614732978e-07	9.314965305985249e-09	2.719607064454407e-06
YDR075W	-16.090191317294014	4.156682647524074	0.00016008409185683896	5.632180181065879e-06	1.018415457022638e-10	2.160638690346303e-05
YDR084C	-16.32322775646135	3.826512063764999	3.269876815845533e-05	6.394656057225576e-07	1.1279075582289819e-10	3.3499976215334006e-06
YPL243W	-14.986223091583453	3.0734057659436127	3.169268943668842e-05	5.57994093603935e-07	1.275964834253896e-09	2.673378316230468e-06
YJL200C	-14.856673740979003	0.7708677884555384	4.827452062541052e-07	4.82631028584826e-07	9.995393317631228e-08	1.2796951298515064e-06
YLR461W	-15.491249657724238	12.17243084768118	0.10275669223016153	0.1279144455887048	8.541737232623601e-16	0.9967313850818911
YBR264C	-16.71535563334399	1.1752777788803481	1.0859432262814062e-07	1.0883301229846763e-07	7.946561691043021e-09	3.7683102745896585e-07
YHR138C	-16.385712905693055	0.8510299297340504	1.1164057774438261e-07	1.1013730501006026e-07	1.8871236651497003e-08	3.107001889207722e-07
YHR169W	-14.762513505768949	4.03317745028557	0.0005500719806934271	1.1916813977536956e-05	5.000523076139626e-10	4.6003189224524856e-05
YOL072W	-16.485543494775996	2.042821879751316	5.283369892116011e-07	3.2663084030633194e-07	2.3271968070023595e-09	1.447718074151037e-06
YKL214C	-16.327593788177893	1.2625059401609517	1.8358336990830906e-07	1.6326056046213063e-07	9.981293458015973e-09	5.860813169425668e-07
YNL282W	-16.38628912019449	1.439318513393192	2.1337775838468802e-07	2.2422412163078506e-07	7.182532206538837e-09	8.42899460172513e-07
YDR222W	-16.33132028826438	0.8392978956932978	1.1593079124617324e-07	1.1501541399502747e-07	2.0314405968985286e-08	3.213595107721324e-07
YBR212W	-17.30762952321018	0.8916625039523669	4.425826704605657e-08	4.503400006229463e-08	7.000835783320313e-09	1.3082081057367377e-07
YLR153C	-14.095469909728491	24.447375518944117	0.28317195685188185	0.5706468690559678	2.958039183128316e-14	0.9999999999999982
YNL173C	-16.87875180134941	0.8044547149162816	6.350567284952214e-08	6.371472437149118e-08	1.2379793080477758e-08	1.7239558010644074e-07
YIL134C-A	-16.79264719926212	0.7736559169083029	6.821441452165543e-08	6.875018720971361e-08	1.4267469812937319e-08	1.8186323919288786e-07
YPR133W-A	-15.718237002926982	6.092157752746573	0.007058726943493081	0.007693639076340486	7.524244878051682e-12	0.004885116146686743
YBR077C	-16.290601627531217	0.7893221391278905	1.1475922506661367e-07	1.1456078209326046e-07	2.2942572588068256e-08	3.067455666658572e-07
YIL127C	-16.301206246157363	1.2235563386952444	1.744181475631745e-07	1.704021808361166e-07	1.1061594848437865e-08	6.027374308232585e-07
YNL053W	-17.2182540327274	0.6216685855405283	4.006592521552061e-08	4.035853502841284e-08	1.1957925392074656e-08	9.244738707606693e-08
YDR287W	-16.800412626915914	1.233260803979555	1.0985706782182716e-07	1.0762049281304263e-07	6.634010686284569e-09	3.8206961166206085e-07
YKR056W	-16.877518667323585	0.9876000151740771	7.589732250323923e-08	7.428996612361593e-08	9.160116771488563e-09	2.3014453854726094e-07
YER076C	-16.83747030831799	0.5900101623939512	5.75713375417705e-08	5.726634406691735e-08	1.8331867996708595e-08	1.2638681693181372e-07
YLR399C	-17.226308325430367	0.9782927060915692	5.2182985138819935e-08	5.324482870683945e-08	6.593836251544177e-09	1.6478616941713795e-07
YBR110W	-16.123712893481937	9.812589068416464	0.05145484575349377	3.8148176893882014e-07	1.322581297142577e-15	2.1924790065652874e-06
YPR067W	-16.664453095197317	1.6428901813100465	2.2067008412384852e-07	2.0718085371274556e-07	3.861512490744851e-09	8.238495831302142e-07
YLR119W	-16.639992098725273	0.8307265503257831	8.471385498572542e-08	8.350847910930248e-08	1.5111087503889157e-08	2.314750301648343e-07
YJL112W	-17.75936128092215	0.8780895745704164	2.7902770510233974e-08	2.8470629823862614e-08	4.569840837337428e-09	8.201691980384472e-08
YJR118C	-16.440232185407496	0.6247142121337943	8.876751006882549e-08	8.782587146400085e-08	2.587821877281115e-08	2.016770344293485e-07
YNR013C	-11.36319001438933	0.20083492052796373	1.1851388671523162e-05	1.2136765797503195e-05	8.559248336372227e-06	1.6529821086451818e-05
YLR024C	-16.78929255883193	0.201177471275065	5.232295581054923e-08	5.212057670326123e-08	3.667435347096658e-08	7.108933007799605e-08
YEL047C	-15.269463156925466	1.4807685726964477	7.207449961251788e-07	5.746687850283821e-07	2.001867785487795e-08	2.2507315126580144e-06
YDR301W	-17.54581876232369	0.031348892760928435	2.4004069350638877e-08	2.3997627219686135e-08	2.277991521821511e-08	2.52547653579628e-08
YGR154C	-17.187276273522713	0.8047219347869454	4.781234014512967e-08	4.7335610711941604e-08	9.124497762213266e-09	1.2849183938389329e-07
YHL046C	-15.864872479717432	14.599212853728535	0.13844196580554305	0.1746176505905053	1.435994850113047e-17	0.9999352830858851
YIL047C	-14.487424055733937	0.11719490282476945	5.149045682133029e-07	5.141834597089598e-07	4.211008590593844e-07	6.192041879403037e-07
YJR101W	-16.004953136035695	2.015255924406218	7.350938368309742e-07	1.2108978497887468e-06	4.188366651896568e-09	4.18676021944415e-06
YKR097W	-14.965379962792921	3.2746002826479224	4.7383789746039415e-05	1.7545778898789316e-06	1.2194116415213238e-09	9.153417003949275e-06
YDR356W	-17.73343142752927	0.7602377343690248	2.6471866728595286e-08	2.6575473511924654e-08	5.693187711874492e-09	6.952003078787928e-08
YML083C	-17.13724062838517	1.164515303542351	7.007527634934245e-08	7.039298764734389e-08	5.30460580256061e-09	2.4236160129277963e-07
YER123W	-17.248691403635533	1.2748967725856528	7.422135313368931e-08	7.325379315104751e-08	3.9646378007803454e-09	2.645034283576841e-07
YGR289C	-16.387362735514017	1.6246094115972942	2.8012579172297887e-07	2.4829739133896806e-07	5.223040760406454e-09	1.0070092076327248e-06
YHR062C	-16.00565396263228	1.7023295417888589	4.956380845983901e-07	4.1538757595669423e-07	6.747473989490808e-09	1.7101456659977441e-06
YLR303W	-15.272765062509988	3.0344980411122857	1.972913219305723e-05	5.523365468365426e-06	1.677202823530542e-09	2.4635192169143317e-05
YKL033W	-18.204616274998244	0.29924256210274003	1.2975019986368876e-08	1.2978181649685527e-08	7.583139742158544e-09	2.0295802599183088e-08
YNR030W	-16.25503657434527	1.837258968759828	4.516854550266189e-07	2.1490605196065985e-07	3.8535180454820424e-09	9.080825623587235e-07
YOR017W	-17.985470730397722	0.7257618377619073	1.9948404606700068e-08	2.0049200329125187e-08	4.677582004940102e-09	5.075459580190336e-08
YGL044C	-15.576853346204372	0.9757931007306321	2.7989336710536405e-07	2.7851077627944705e-07	3.456455982795009e-08	8.620935235265822e-07
YBR210W	-16.793797878687457	4.347921446558341	0.00015882360804250474	5.549781131454392e-07	2.8533905926626126e-11	3.0003487415692896e-06
YDR009W	-16.961501595717692	0.9907899913352848	7.127950340991077e-08	7.071425322368794e-08	8.444668505365637e-09	2.2094638484640748e-07
YDR115W	-16.069422250738356	1.540984390528548	3.538733879495688e-07	3.570288045368997e-07	8.343182910177559e-09	1.3641634919176946e-06
YGR252W	-15.575516581383637	1.8121596062850118	8.551089707328029e-07	9.791633904386522e-07	8.935293488599543e-09	4.0463393593177405e-06
YBR214W	-15.86110850977384	3.534613912435996	3.527452571618442e-05	1.917285779498526e-06	3.5451795495570383e-10	1.0241411976093443e-05
YGR111W	-16.85122801391954	1.3119259884428687	1.1202135622604428e-07	1.0659691393208149e-07	5.4929732637773885e-09	3.9120419087408725e-07
YCR092C	-18.12804637257905	0.5712711985361429	1.5915951954471793e-08	1.5773591184095237e-08	5.235689889531778e-09	3.4261632572974585e-08
YLR411W	-16.68260056112993	5.119067996488658	0.0013730907641540011	0.0021155361527073415	1.8558338189560954e-11	0.0011640199259360284
YAL039C	-16.228083183545806	4.111342218907689	0.00022995872554072483	5.525662125319429e-07	6.976954689112204e-11	2.946948155248795e-06
YBR161W	-17.067537580057234	0.9408577683862133	5.8936079342929846e-08	5.945242312312856e-08	8.19508065844692e-09	1.7890321305076973e-07
YML067C	-14.585144086894799	1.3035516244545218	1.0362110078333925e-06	1.0217667462052263e-06	5.4036177293193356e-08	3.768523750761667e-06
YBR092C	-15.463624304401675	5.770653687022274	0.0058962775103781765	4.782257125299785e-07	5.206489265257844e-12	2.649393866667639e-06
YDL231C	-17.85406540658076	0.8207047887716031	2.4605615532641457e-08	2.476330981888007e-08	4.5684326733475125e-09	6.824951847135556e-08
YPR005C	-16.867601399667166	0.6254315631288381	5.756766393920864e-08	5.754101568986034e-08	1.6892195391052996e-08	1.3235369038482256e-07
YOR184W	-15.378913579036434	1.8032015654336	1.1477372727585211e-06	1.1202292373636477e-06	1.1004976385127376e-08	4.684129024323744e-06
YIL071C	-17.317841713310173	0.4083835251206337	3.2484308512548656e-08	3.273501329539367e-08	1.5378866004173386e-08	5.89415918821759e-08
YKR025W	-16.114910525583383	1.6797853321316283	4.142793466339497e-07	4.151328348924375e-07	6.34619865934919e-09	1.637798244777446e-06
YLR354C	-14.125088046778911	29.230771510318718	0.31185621070548586	0.4960286155172796	1.948104906108034e-23	1.0
YLR452C	-16.53270791186624	1.1051830549081438	1.21207537368009e-07	1.1186567373850542e-07	1.051831328234849e-08	3.691778875241038e-07
YGL156W	-17.57164533786343	0.561358649976035	2.729847512269628e-08	2.7366717851930858e-08	9.28319188527398e-09	5.885256918281947e-08
YOR262W	-16.319776043522126	2.4282099930400682	1.6129978041058706e-06	4.882891292005705e-07	1.4148197967615085e-09	2.3190759883007777e-06
YDR337W	-15.528384388345513	0.8657556155728929	2.6238828573905566e-07	2.612144967576639e-07	4.335225877951805e-08	7.450688004198604e-07
YNL085W	-14.254302430120516	1.3001514973365598	1.5253989438164175e-06	1.0622467808677254e-06	7.15164304212502e-08	3.7403717688656866e-06
YDL083C	-14.28633261570283	33.27393004820359	0.33373143797641774	0.4174988678612269	5.442447212323894e-29	1.0
YJR001W	-17.591952705662337	0.6887765399642657	2.9567265512376153e-08	2.901579082362143e-08	7.368381068481974e-09	7.10386334245471e-08
YOR272W	-14.287257260156549	7.227989112423179	0.027278208628904094	0.060094609249927926	7.031152074357329e-11	0.5338155235018713
YHR217C	-15.771768502447939	3.4034855945790383	0.00015653076670875312	4.3114578419100385e-05	5.321779949615059e-10	4.2806106540357614e-05
YMR306W	-17.88212594584293	0.26724859550063296	1.777402747914397e-08	1.7760533051383344e-08	1.1044726445013231e-08	2.65844557672989e-08
YLR319C	-17.91764454935874	0.04288017872092937	1.6563597346787156e-08	1.655235043975542e-08	1.540999439231496e-08	1.7744738089181588e-08
YDR384C	-16.24766217078357	2.596040090052335	2.5576843105500112e-06	4.8142914621780204e-06	1.3067211734518705e-09	1.2895585371206825e-05
YNL304W	-16.598941899713083	0.5613215375931239	7.301632953908692e-08	7.244583088357995e-08	2.4556336141490593e-08	1.5580044445285415e-07
YPL207W	-17.12613430986785	0.02191106716472384	3.6494668572563525e-08	3.650210789592068e-08	3.520149538787479e-08	3.783139659414621e-08
YBR068C	-16.466828537894983	6.763739445214666	0.008737481357264782	7.739833570023499e-07	4.3232097388817916e-13	4.502958557429712e-06
YEL005C	-16.591317957668437	0.5638695419998894	7.279231773567658e-08	7.289711449618298e-08	2.4596346471056633e-08	1.5708487351658797e-07
YNL030W	-13.654960785898949	34.91795368361234	0.35477515749757177	0.40544538440933436	1.9459785192921463e-30	1.0
YBR302C	-16.915517224254273	3.951427907336174	0.00013461568821457863	7.289794089892146e-05	6.859304245463739e-11	3.336168805408882e-05
YOR201C	-15.85305455124144	1.4989268118568349	3.989740052805808e-07	4.781639413783083e-07	1.126070853201127e-08	1.784686096821328e-06
YBL037W	-17.46409123528538	0.02829298163133112	2.6043135651364446e-08	2.6038517734625015e-08	2.4844431092786006e-08	2.7266811083256603e-08
YGL174W	-16.66731021517697	0.6890638220974189	7.283373870936831e-08	7.307352275933377e-08	1.8566659414953537e-08	1.787759112305507e-07
YOR131C	-16.546613204431907	1.1273665923128546	1.2192084394560824e-07	1.2314883536179834e-07	1.0197826440140847e-08	4.1618515075158896e-07
YIL050W	-16.52372708379042	1.2832169228504882	1.4828504029993926e-07	1.5307957422549498e-07	8.074350768972625e-09	5.54794562376491e-07
YOR316C	-16.5542524715067	1.285975402746641	1.4637238780165653e-07	1.3189817974931107e-07	7.653090698871175e-09	4.777854817946044e-07
YCR054C	-17.746378354808968	0.18843055504162862	2.0026393786126196e-08	1.9977114533403107e-08	1.4391307458772676e-08	2.6750348717811152e-08
YKR052C	-16.01814716886402	6.632249438894569	0.009090557240803427	0.019923534906668715	6.090777651642583e-12	0.046635368196689696
YGR281W	-11.864566776094945	0.22098205283557107	7.222831823230057e-06	7.492011894358655e-06	5.07080183317403e-06	1.052434585773116e-05
YDL179W	-16.65586502718432	0.6826824201414942	7.410314976197343e-08	7.360808910880298e-08	1.8978752163077822e-08	1.7895095447624053e-07
YMR225C	-16.325723686278053	2.0967824523558476	7.39124733450656e-07	4.6489015513642906e-07	2.521674449986653e-09	1.988297045032029e-06
YNL277W	-16.766218354598806	3.714087857113263	4.0444998393509306e-05	9.161678684535604e-07	1.031719900416793e-10	4.991176576638171e-06
YAL037W	-16.86985410158448	0.4324642812236638	5.185345238312833e-08	5.165362906960781e-08	2.3102649028474957e-08	9.571164448250125e-08
YJL068C	-15.882257632526288	7.069622094962072	0.014419743023848049	0.02856168025345793	3.867280449440859e-12	0.10550152333517872
YMR243C	-14.490504406168112	12.084119248925344	0.12273228705284588	0.226156170877973	1.9923874571515513e-13	0.9998721723375561
YDR236C	-16.80496653352091	1.9945813053591432	3.7941669732029246e-07	2.967475922356233e-07	1.873313749527009e-09	1.2162942827941496e-06
YKR099W	-18.10118714709168	0.3771221984553492	1.4820057264826947e-08	1.4781894641915853e-08	7.401821030736809e-09	2.5595877197437e-08
YGR198W	-17.57229767174502	0.5178896097575791	2.671149699805212e-08	2.669155960945409e-08	9.956538070250424e-09	5.4664839738253454e-08
YLL066W-B	-16.164081157789752	1.8886999807050744	5.469952724220004e-07	5.688659329489491e-07	4.273103004114301e-09	2.1345837830693233e-06
YPL002C	-16.692522642894602	1.2805917001280092	1.2436289232698986e-07	1.3026546645633445e-07	6.863822193671057e-09	4.7043783168712307e-07
YER110C	-11.522545549677671	0.498002247540246	1.1270321880613218e-05	1.3269215425550407e-05	5.193897371609631e-06	2.5934498764148556e-05
YPL050C	-13.993216517680777	3.873739571839476	0.0005574819345112932	1.4012036554159121e-05	1.3195666833279142e-09	5.293721697054146e-05
YJL187C	-17.60057780531568	0.43633771071844224	2.4868373093740813e-08	2.4973718648185063e-08	1.1069900603892201e-08	4.651383603865381e-08
YOL002C	-16.528637157542818	3.764566208962046	2.904086884554173e-05	0.00013729944606978445	1.7256302515215629e-10	0.00014190627181460516
YOL125W	-17.119418852635846	0.7496528057391764	4.8377463787798374e-08	4.835823050095284e-08	1.0679175120439805e-08	1.2503605781936745e-07
YNR054C	-16.024384933720995	0.3656503409067101	1.1790834414865373e-07	1.1718022527930433e-07	6.007799994721417e-08	1.998240115718323e-07
YNL320W	-16.83371807322763	2.108629510116819	4.1681906328761844e-07	6.299562633876366e-07	1.5492916167517934e-09	1.9471299624684287e-06
YDL109C	-17.835111708577443	0.25589128262983524	1.8505190837343946e-08	1.8552275170663157e-08	1.1784823677921454e-08	2.733771476171732e-08
YCR104W	-15.779609187295845	35.90378794363262	0.328752658754411	0.3849884509438067	3.9374637287323666e-32	1.0
YDR443C	-17.289822787826054	0.6579888576124241	3.7660005333342576e-08	3.846521346579852e-08	1.0496844926213757e-08	9.135549005440161e-08
YEL028W	-16.86985410158448	0.37009861408952616	5.0379993239743365e-08	5.049392162754694e-08	2.5651771391960873e-08	8.662760351733312e-08
YPR013C	-16.788292168312893	0.8865385934145541	7.663677395571576e-08	7.489985824285606e-08	1.1850775814947489e-08	2.1652225211715625e-07
YCR004C	-15.51461546547287	3.151416257986136	2.5482656461006327e-05	3.623063181071873e-06	9.84462325040227e-10	1.530886539175827e-05
YNR011C	-17.529347356708243	0.02635497666103958	2.4381342627985927e-08	2.43922827613322e-08	2.334926382957879e-08	2.5463072962461953e-08
YBL003C	-13.950482722787639	35.70909559211235	0.35062330702911526	0.42440824478231504	1.1713222489117006e-30	1.0
YGR213C	-16.821951195969433	0.8657845561032712	7.377207137236582e-08	7.191548686228104e-08	1.1890554897730455e-08	2.0522642838150867e-07
YDL181W	-16.309599397260882	1.0855544718110992	1.4876054963229053e-07	1.4946532881577163e-07	1.3845605096841363e-08	4.941497615859382e-07
YPL125W	-17.598749023215717	0.4509099665836805	2.5157018820521343e-08	2.5173270156080792e-08	1.0835046393205913e-08	4.772837687399566e-08
YLR387C	-16.029445094544627	7.362667800026931	0.018509338344996025	0.04119009483314243	4.890753542958515e-12	0.2582227455703893
YBR200W-A	-16.8504936039906	0.5610608875145893	5.624062747181585e-08	5.613412908790596e-08	1.9068760100694608e-08	1.205550148983146e-07
YOR302W	-16.31867563621998	4.791252175429463	0.0005382720562006293	0.0008281408220345663	3.186705884576294e-11	0.00025442913662473857
YLL001W	-14.930878296313677	1.008884208178164	5.516406588159778e-07	5.927131090358805e-07	6.367523195757899e-08	1.9046540348060864e-06
YOR111W	-16.58456438176725	1.2072266296313243	1.325240499698616e-07	1.2792931805706701e-07	8.576217711353529e-09	4.499299499626155e-07
YBL056W	-14.57496945143137	1.6809767901684172	1.9627031105140024e-06	1.6191237869696543e-06	2.9622342192355235e-08	6.873519319149405e-06
YER098W	-17.95075115942089	0.6049362505734129	1.9134156497715115e-08	1.9193541666734678e-08	5.908831062002153e-09	4.3192950520580704e-08
YMR104C	-16.371040285151324	1.7708264814310142	3.8183807373906413e-07	3.5591213985258265e-07	4.2296213004476475e-09	1.4541436117929288e-06
YER145C	-14.344672649408677	22.44825142617803	0.2621132696856058	0.4501193040582516	7.635426621216252e-19	0.9999999999994047
YGL086W	-17.593353423166974	0.7756910549562006	3.0620360856808476e-08	3.087864620313812e-08	6.376930903296015e-09	8.183093476700779e-08
YDL198C	-14.896583369141082	9.913932764646459	0.07175571760708115	0.1183459476118073	2.66879274026927e-13	0.9786012893923892
YMR076C	-16.790096001766145	0.9190817066417765	7.75671497291832e-08	7.797698646507728e-08	1.1260635357186823e-08	2.3160338940744378e-07
YJL036W	-15.734500056155595	10.115095493907733	0.06554392269690396	0.1305499653805181	2.7393002055470487e-13	0.9857794116557274
YNL273W	-17.73370433532655	0.02594815707283304	1.988575549092204e-08	1.9883577218594546e-08	1.904560115171707e-08	2.0742894552037516e-08
YER018C	-15.69487515658764	1.2115380187222207	3.0810915532631026e-07	2.8864527242342815e-07	2.0410859468396545e-08	1.0089236462339698e-06
YMR072W	-15.658630882601939	3.8930959475946287	0.00019080055030539582	0.0002780552178758497	3.1782549955620467e-10	0.00023165575779024734
YOR314W-A	-16.814204148621485	0.9205315597158987	7.634692116754304e-08	7.597924622394819e-08	1.0950082012773317e-08	2.2595982101973923e-07
YGR071C	-17.970017055363115	0.6065593617469247	1.8796802581901592e-08	1.8678859532715868e-08	5.758213098208218e-09	4.1989898024392115e-08
YMR005W	-16.145864025945414	2.239422126928668	1.1621407475479775e-06	3.9986223461338557e-07	2.2587156944433047e-09	1.8633837878991028e-06
YER003C	-14.979741879586781	12.038793814420229	0.10939788895079139	0.21277236278188408	9.485801927306107e-14	0.9997892320208542
YPL215W	-14.933332154710298	5.109623615214584	0.0032447864464160356	0.006293765092390143	1.8277861186460223e-10	0.007942681773236466
YDL097C	-14.85954967770631	1.8968905113661159	2.127296771190519e-06	2.1358149948418448e-06	1.6165152850680114e-08	9.480932345745425e-06
YPL198W	-13.889948180681314	7.850568840634029	0.04295629424192123	1.7486220520540916e-05	6.76133848627593e-13	4.12353287282641e-05
YMR296C	-15.85069031085841	1.7888282167477025	6.687093705993677e-07	6.371996148796184e-07	6.949042265150612e-09	2.6540170846040332e-06
YGR004W	-17.54073641004723	0.9303287428056232	3.712294146715909e-08	3.7190048806295466e-08	5.218299955042704e-09	1.1137323824819293e-07
YPR158W	-16.684295190404356	0.7759554173344156	7.608078701579137e-08	7.649057087028887e-08	1.582055217835673e-08	2.0243582953018695e-07
YPL223C	-16.157726359226928	1.0563714684750563	1.676436312753661e-07	1.6776628909544628e-07	1.688043968890193e-08	5.454123584750228e-07
YGR109C	-16.21436278108122	0.9261343672474379	1.4292939459413315e-07	1.3660327375325037e-07	1.964916939078017e-08	4.057290068331325e-07
YOL127W	-13.605535029762178	62.4077934963574	0.4115594313443768	0.512066987153411	7.761816455997846e-48	1.0
YGR214W	-13.626403213748928	64.97456992886381	0.4158254260523143	0.5884469727512374	4.1494903642229586e-46	1.0
YGL183C	-16.85757074076608	0.5285741220207645	5.473315229679403e-08	5.489891148992775e-08	2.0009545039982194e-08	1.1388402964137361e-07
YOR303W	-15.26429074678961	9.0759335237437	0.050678716933992465	0.10233241446678853	1.557982567694781e-12	0.9335473231553328
YDR277C	-16.768734087491595	3.3882878318551906	1.371945761235082e-05	1.0851795459414407e-06	1.8661245090092676e-10	5.496433915656472e-06
YAR027W	-16.446186733221822	1.14575984149606	1.397211284560193e-07	1.3502779653173662e-07	1.0879112156854415e-08	4.597326478724407e-07
YLR445W	-16.019061996740476	1.4438382732379396	3.1470725675325247e-07	3.107951335110299e-07	1.0269117926064208e-08	1.1843566345070636e-06
YHR009C	-15.520722044174546	1.5377467998496013	6.037203369594095e-07	5.992514229769628e-07	1.4590736057750925e-08	2.383610982596349e-06
YDR180W	-17.311793187699735	0.019756685353967216	3.0330917930379823e-08	3.0315524534417325e-08	2.933971209853655e-08	3.131007873582991e-08
YDR432W	-14.646439176061177	6.123758561338918	0.011878080734542084	1.930218717098515e-05	1.2059585211050485e-11	5.677604093472511e-05
YLL006W	-15.812002019499415	0.7161485677182795	1.7680003587371053e-07	1.7686472550758092e-07	4.1909675204108975e-08	4.4517611093198367e-07
YMR077C	-16.53500445055468	1.264382545310982	1.4705042611626945e-07	1.403359050789342e-07	8.1686538159018e-09	5.055453641294509e-07
YMR244W	-16.518761017033086	1.8679831789531511	3.710482226482475e-07	2.3621663919968142e-07	2.9828549287202467e-09	1.0230436717911691e-06
YIL112W	-18.023060376749328	0.6801090320670256	1.8729969861176544e-08	1.8592586216773714e-08	4.840882848322506e-09	4.501471834251803e-08
YLR035C	-17.833374001937756	0.3299290290097455	1.8941125272283774e-08	1.8985485438226025e-08	1.0450421852421016e-08	3.0924769498087014e-08
YBR154C	-13.857669596044799	16.072443772871715	0.20333970525825337	0.2764044161056251	6.081814105244248e-17	0.9999997374379056
YHR132W-A	-16.43562624995755	2.0824836441324313	5.996319756988979e-07	7.434474778786583e-07	2.391748878676108e-09	2.506260748802564e-06
YJR010W	-15.373247305012027	16.852364609393597	0.18773413764904673	0.36206427509862904	1.4475790115993265e-15	0.9999999774325624
YDR296W	-16.187451004815742	1.7718907734642715	4.6470215705513175e-07	3.047523411023794e-07	4.889517892250962e-09	1.2885971990823917e-06
YMR217W	-13.99265786243741	20.252673408039755	0.24240083186561542	0.4628423420617779	7.230165319311203e-16	0.9999999999881135
YFR013W	-17.93650483586751	0.7388982180884887	2.1061556970889302e-08	2.127324240595108e-08	4.807212073798667e-09	5.4525867148360986e-08
YJL094C	-18.03716633484217	0.4261411937063618	1.6105770403670235e-08	1.603288350082189e-08	7.2649882408612635e-09	2.9478970250014198e-08
YIL038C	-18.833648803026136	0.33053308915562873	7.00226490919918e-09	6.98882996548911e-09	3.841649507137049e-09	1.1396795496491125e-08
YMR148W	-15.534448824482025	1.8359378091890357	1.0577604406914272e-06	1.1363326548182524e-06	8.876909446774612e-09	4.267113008470147e-06
YDR117C	-16.30933589241684	0.8669649538542966	1.2130533769715843e-07	1.1897759705105618e-07	1.975964068210145e-08	3.3906212415302454e-07
YML058W-A	-16.152482364945882	12.390762047854114	0.09971945136142366	0.11426892308892105	2.2750970758573254e-16	0.9939539047136304
YLR013W	-16.86093250920456	0.8754544864356205	6.925820123406693e-08	6.944565648764308e-08	1.1239563773528212e-08	1.9942143324442536e-07
YML132W	-16.899535375873512	5.436535055909938	0.0011618798416012921	0.002095547041375779	6.814607566490733e-12	0.0006549629236045061
YNL207W	-15.856141767996816	0.6077519548366853	1.5643842310107468e-07	1.5519537860206197e-07	4.763194413621858e-08	3.4971869537008486e-07
YOL062C	-15.91109216858713	7.0514649451315154	0.015166631080490375	0.03805484283352574	1.2477151053208503e-11	0.21624030993051266
YBR203W	-17.930879991786043	0.6058955247027861	1.9533280093925244e-08	1.9595562296887766e-08	6.017907952073786e-09	4.4129273840577704e-08
YGR215W	-16.166889934037684	4.31362115047842	0.00024299237758696412	0.00042620212135096447	8.874080058891909e-11	0.0002109417235180222
YMR129W	-17.567612235835625	0.019371708815456815	2.3467928677673642e-08	2.3472931868053104e-08	2.2732322380840404e-08	2.4228251027628336e-08
YLR361C	-17.571197438702058	0.5929428956673196	2.7883920119761215e-08	2.7889362515545093e-08	8.817147258597942e-09	6.201884856895075e-08
YPR153W	-16.303257890548394	1.866433269968858	5.00434515263746e-07	5.336983466206471e-07	3.8797265029076105e-09	1.952437015668839e-06
YMR186W	-13.910586653940483	4.798405061346617	0.0037247541195975374	3.54563645034367e-05	4.649990435638047e-10	0.00011734487275819221
YOR360C	-16.262303311779036	1.214471745563294	1.799917884394612e-07	1.771000123419767e-07	1.1696772064578065e-08	6.247477469626784e-07
YLR211C	-16.7032499884306	1.115231615732643	1.0493868323492365e-07	1.031396270281255e-07	8.879230318457548e-09	3.4633056849337816e-07
YOR166C	-17.01909295278236	0.875161360421538	5.892328639541319e-08	5.795016171458756e-08	9.533011983428241e-09	1.652355004651996e-07
YKL107W	-16.952121959978086	0.8680007106708194	6.415586168875165e-08	6.338674387150238e-08	1.0415691994474819e-08	1.8133805339626693e-07
YNL110C	-15.995104108508896	5.639597485925084	0.004106421112422325	8.059691153036631e-06	7.308110612876213e-12	2.4726214329183833e-05
YLR129W	-16.106940765233233	0.09553792476954136	1.0171957144789177e-07	1.0158678813474038e-07	8.640241398260226e-08	1.1831239857953684e-07
YLR122C	-16.868550392472372	0.5864930896007885	5.6183608459858425e-08	5.5463129708642127e-08	1.7874689847692736e-08	1.2205355301528882e-07
YJL165C	-17.32501756410855	0.3644757800841992	3.197869148728309e-08	3.198057797578936e-08	1.6423258615097364e-08	5.447805371349494e-08
YLR005W	-16.87245792205138	1.499820300591514	1.4234636747790147e-07	1.5792188739159357e-07	4.018290738473611e-09	5.887238826123456e-07
YLR312C	-16.819259140226478	2.755410355320233	2.521445539109218e-06	4.161013780060245e-07	4.948502098573252e-10	2.031368010860708e-06
YNR006W	-17.653607548760903	0.47315684924557483	2.4118573615216304e-08	2.4061403787854308e-08	9.880616744782433e-09	4.68274798214795e-08
YJL115W	-16.006458393611666	1.2022112837582877	2.265667461148703e-07	2.3780532718874414e-07	1.5534448001480983e-08	8.331229047973564e-07
YOL053W	-17.05194508985076	1.8671997761287917	2.3484160182144995e-07	1.460211354915304e-07	1.7576709076813277e-09	6.251802337806693e-07
YBL038W	-15.218386393470793	2.4488897560919627	5.197835437103391e-06	1.2689121572739364e-06	4.0477874593742734e-09	5.994184680989193e-06
YHL028W	-17.99510387263652	0.1509888545403864	1.5465013899759568e-08	1.5479864981545773e-08	1.1935880610830777e-08	1.961494240620911e-08
YDL225W	-15.239071387616404	2.7621601663187976	1.0601630753071517e-05	1.1468140239074612e-06	2.2235439475694828e-09	5.678350269161867e-06
YHR030C	-15.532003191831974	13.86759201124715	0.1307615681245535	0.26991441310943026	1.2983921813084554e-14	0.9999918522986755
YDR189W	-14.458579747945988	8.451424021755052	0.05024045145483933	4.6887966123364205e-05	3.3909821527356645e-13	0.00011590183580991089
YNL098C	-15.272369831270025	2.2363407307869805	2.8482775600366154e-06	9.800509513749703e-07	5.477368778262689e-09	4.541665028821344e-06
YGR208W	-15.313077819338288	0.9097823607815293	3.3808497492756324e-07	3.410948100430895e-07	5.015328831402105e-08	1.007756122077567e-06
YOR271C	-15.817889319347868	2.562448278785793	3.840273808320714e-06	1.996365174171442e-06	2.018876270374165e-09	8.666324434279687e-06
YOR069W	-16.95798467896455	0.6725683860181204	5.381950767111385e-08	5.3931950385738725e-08	1.4250294785730926e-08	1.2983326617621208e-07
YER163C	-16.69729046426872	1.1705506125723355	1.1331082511624384e-07	1.1245748574792064e-07	8.185253927008842e-09	3.8866880996209143e-07
YHR094C	-13.121804267059998	1.9851435783053644	1.454687030469618e-05	5.77209487759116e-06	7.567449226004297e-08	2.384058561910459e-05
YML125C	-13.987842726122109	11.766225258432721	0.11813142174727348	1.418833504635482e-07	9.242300623059165e-17	8.105934338753533e-07
YER044C	-15.656480017737321	23.383724729134137	0.24817541050910433	0.32599188357794445	4.9852823706304755e-23	0.9999999999924933
YNL199C	-17.190801314915717	0.690620043974643	4.323846709492879e-08	4.335394102484829e-08	1.0971642126936952e-08	1.0630365445406777e-07
YGL202W	-14.712189155536889	1.373225942246729	1.0545722820328622e-06	7.57984050285069e-07	4.042431945187567e-08	2.789959842800083e-06
YKL172W	-15.68176784415189	3.1106936520271415	1.7296934034404676e-05	1.139814829923461e-06	8.147284408793305e-10	5.9733070683314566e-06
YHL018W	-15.83544966039406	1.3133479295702688	2.9981879996874357e-07	3.093009011335915e-07	1.526105073237656e-08	1.1340094190151706e-06
YLR460C	-16.291455668419786	1.0223413158098065	1.4013116299737823e-07	1.4273583815498462e-07	1.56697310804192e-08	4.548958629764827e-07
YEL016C	-17.107076825945825	1.0862476898400706	6.742744046215098e-08	6.309411963756006e-08	6.13313838043665e-09	2.068021860427496e-07
YLR149C	-18.011545422916953	0.23632572240547786	1.546735475738372e-08	1.5482180638496556e-08	1.0205971405143612e-08	2.2208338240443816e-08
YCR051W	-16.180922481370345	4.349173534242123	0.0003364933453302455	5.88857260174069e-07	4.701481063139205e-11	3.1552526921036586e-06
YMR232W	-17.750909538875206	0.5114638154857807	2.2443283172558848e-08	2.2253419475742982e-08	8.416533524145374e-09	4.5243509465265626e-08
YDL021W	-16.095536762871035	2.047125197584758	8.534799791129454e-07	3.066650826195612e-07	3.1963481799956306e-09	1.364889114232228e-06
YHL003C	-16.206144301825773	10.214436368426055	0.05916326768495451	2.109631927384754e-05	1.520144041804118e-15	4.637047903647341e-05
YNL124W	-16.099391197561275	1.2897860189097916	2.2800701458865818e-07	1.9226429379184892e-07	1.1764339343420713e-08	6.902652144861433e-07
YNL048W	-17.637231856258225	0.9895243129123485	3.543184045149155e-08	3.557082582202575e-08	4.291851461913894e-09	1.107674151618013e-07
YBR291C	-16.134627541011653	3.7418982347853196	5.19009769970907e-05	0.00017137619145785282	2.7166231619076593e-10	0.0001836708580460941
YPL140C	-16.25012680973414	0.6616944441699344	1.0968405012051766e-07	1.0940244189239221e-07	2.9539665296096805e-08	2.6106752367975443e-07
YML018C	-16.88345936001204	0.5816816089682297	5.4849577235312005e-08	5.5130980184755726e-08	1.786709698458689e-08	1.2110427493711875e-07
YLR254C	-16.63695390693536	1.2036628609693794	1.2133457163778402e-07	1.21431701691261e-07	8.202206444202476e-09	4.2612718445791074e-07
YOR133W	-10.341827205332448	1.6396108102574982	0.00012252253187695108	0.0001897667299922758	5.845593257808747e-06	0.0007014394833398161
YMR196W	-15.898345351940206	0.06824248602029061	1.2494199099420225e-07	1.2486393950273773e-07	1.1133622846193575e-07	1.3936098950080946e-07
YLR386W	-16.15900955949583	6.52605729181416	0.008539693242338954	0.037474275854548655	3.9509745316160964e-10	0.21258072614144827
YIL070C	-14.291343524885816	1.5481377886683791	1.9799454247774724e-06	1.9335428999310146e-06	4.904422144596723e-08	7.814080571928205e-06
YGR249W	-17.189001368424925	0.7696660704759835	4.590051066939556e-08	4.51400690586173e-08	9.578969101886785e-09	1.1815663581394304e-07
YOR241W	-17.514004615507275	0.9103842534654014	3.6832148858285485e-08	3.732154606399469e-08	5.530369774792216e-09	1.1005539660599459e-07
YJL162C	-17.900794616340846	0.6396131368808162	2.050331178461098e-08	2.0567798577551507e-08	5.86078378515776e-09	4.791816487525523e-08
YDR313C	-16.62025695875562	0.6045994805985224	7.257918699158119e-08	7.230918017195325e-08	2.232175599364525e-08	1.6251677129746758e-07
YHR140W	-16.64670422780253	1.413325317300448	1.592083753983353e-07	1.4957977554809858e-07	5.712435401524812e-09	5.68289400293919e-07
YER104W	-16.80464244089015	0.8664231530103031	7.328577695887217e-08	7.262091239472681e-08	1.205197818678153e-08	2.0672321517531925e-07
YBL040C	-15.633299321511712	5.400513652981754	0.0028642516781384646	0.005221773033785536	3.7161986160804415e-11	0.004300340277628985
YPR009W	-16.720581937953085	6.267986079483254	0.005601594621810022	1.08163105185055e-06	9.21087285237505e-13	5.577005302057967e-06
YGR003W	-17.433215357968223	1.097804077389576	4.92717971893842e-08	4.8299447256985285e-08	4.395970908674945e-09	1.6050617701994646e-07
YGR217W	-18.247000994838146	0.20723951738745808	1.2178199784769313e-08	1.2155194027136993e-08	8.46011853952727e-09	1.672383349441676e-08
YPL118W	-14.717106724602855	2.707573051281937	1.2306806509911314e-05	1.3669475173158619e-06	3.936651393242157e-09	6.667363834006241e-06
YDR461C-A	-16.778348380605877	0.7039834631167543	6.569608237688124e-08	6.615913494026851e-08	1.621218550294718e-08	1.6432047037734163e-07
YLR326W	-16.820333589240164	1.567655689126525	1.7356062535861752e-07	1.700608457217764e-07	3.759155355517919e-09	6.563449850373533e-07
YDR091C	-12.853948440876776	16.73201794963726	0.2155481454927995	0.4296469202688085	1.024956741642194e-12	0.9999999971511415
YNL084C	-15.768383418160012	3.944036064555411	0.00015706556878479735	6.34485022314743e-06	2.065744286926104e-10	2.524191262567704e-05
YBR280C	-17.630080049210648	0.8258449474563261	3.132521306589895e-08	3.09939592769892e-08	5.66722830957191e-09	8.565690464319253e-08
YDL084W	-13.308924246704192	22.949971194371948	0.2877963492335263	2.269774764514653e-05	2.806659410059488e-25	3.4974258417169195e-05
YOR125C	-14.739521337841508	2.973741894750239	3.071579111925739e-05	5.699998471017213e-05	3.6052213588761808e-09	0.00012039556945472925
YOR011W	-14.661606705261148	6.130400625444854	0.009766688700860613	5.327148889609505e-07	5.002171797437716e-12	3.052085700667875e-06
YHL023C	-17.939055409988924	0.2914314060476921	1.698830472563401e-08	1.6890148980464167e-08	1.0022334983920484e-08	2.6143607796801405e-08
YJL147C	-17.31809559501633	0.8624850319883074	4.345320593517202e-08	4.3749369576395934e-08	7.289339791219711e-09	1.2462478308113858e-07
YOR380W	-17.345359561623994	0.6341287177436647	3.589215386793443e-08	3.5836224254855885e-08	1.0327260382461141e-08	8.309717546339511e-08
YJL093C	-17.748202471899987	0.3065699475774921	2.0464677257001328e-08	2.051384410433906e-08	1.182571163131258e-08	3.2391250148522346e-08
YBR028C	-16.980621005096694	0.4708589821749213	4.702481001059051e-08	4.720155928395697e-08	1.945489100262008e-08	9.16470236362734e-08
YJL061W	-16.478932989478565	0.6797862428285841	8.868665337899496e-08	8.706109722272223e-08	2.2686216174926953e-08	2.1073289623749491e-07
YPR075C	-16.919481213197997	0.5218088873165859	5.130849950567898e-08	5.13331871871051e-08	1.900291775559528e-08	1.0559770927506932e-07
YOR198C	-15.447325216003447	12.102061072660193	0.10743863867142987	0.21278677063200788	8.090198748867651e-14	0.9997775628190892
YPR178W	-16.231630395611504	0.4011874604487039	9.636866167167122e-08	9.682086682519091e-08	4.614073887294217e-08	1.7281408466267113e-07
YPL116W	-17.050670689081727	0.7796355297687763	5.366337008045465e-08	5.3166000839089804e-08	1.0901221298815438e-08	1.4118592049961744e-07
YPL167C	-18.03668219630454	0.45869299500924476	1.6173497059571385e-08	1.6279220833393044e-08	6.8935209506052115e-09	3.113029224537542e-08
YJR120W	-16.651139825721458	0.7725233560249268	7.975919473481205e-08	7.917428984532388e-08	1.6466903226739692e-08	2.0937679091633648e-07
YDR308C	-16.380644424754067	1.2602070793947626	1.7120641196559248e-07	1.725055200071619e-07	9.695307753306977e-09	6.187590221901406e-07
YOL128C	-17.536685828811443	0.3358080882872115	2.5615694226960448e-08	2.560968167479289e-08	1.3931989674248127e-08	4.2032158433062435e-08
YHL010C	-17.67533535241928	0.505753533584803	2.3696967818737077e-08	2.3942906055183523e-08	9.163008669097292e-09	4.837909293598178e-08
YLR405W	-17.255323898797727	0.5333849028177075	3.674471819939409e-08	3.6823999713863376e-08	1.3302901817341455e-08	7.665896672616388e-08
YDR477W	-14.9864404765769	2.536280659940774	1.2203214856450919e-05	5.985230083524671e-06	5.601382584108209e-09	2.8162331260703197e-05
YIR025W	-17.06401578749572	0.5194472100090569	4.408644522987999e-08	4.442344114942029e-08	1.650967571555412e-08	9.118505179178915e-08
YHR004C	-17.124765595763876	1.0237840424692854	6.006020212981718e-08	6.012555370490787e-08	6.738645628402358e-09	1.9084513826008812e-07
YNL068C	-17.679789978247555	0.6186380244247666	2.54710847849627e-08	2.532190730692219e-08	7.567467181511503e-09	5.7752335383403175e-08
YLR264W	-14.19699962653358	52.11118477074075	0.39249071489930776	0.43822606886157867	6.877412706665195e-43	1.0
YOR025W	-17.62289106730239	1.2284704012612375	4.888795485245343e-08	4.6873835112358964e-08	2.9376760878551764e-09	1.6621826956690156e-07
YOR048C	-16.0648303494756	0.025316703906600926	1.0547832850839709e-07	1.0550515671952183e-07	1.0116878970959187e-07	1.0995601878457624e-07
YML073C	-13.943348858833998	48.900427112734384	0.3884198766843385	0.5026095103357565	2.024906469709984e-38	1.0
YHR040W	-17.401052473411966	0.3795573737628066	2.9792136391225298e-08	2.9741184430930987e-08	1.4829823276136153e-08	5.163203462779694e-08
YPR105C	-17.76736034695314	0.20871895331328358	1.9621981293220558e-08	1.9638995357353307e-08	1.3634048202848812e-08	2.70830141467919e-08
YPL188W	-16.896067410424806	11.485114758498016	0.07230533188963406	0.15126349338273198	9.586013025229807e-15	0.9968713901465498
YPR036W-A	-16.040122523402516	5.861863069811501	0.003885085384115344	0.005343475914833151	8.001754453147055e-12	0.0026304934586653434
YLR147C	-15.495931293008836	4.751672426316955	0.0009455622085280482	0.001574301641312299	8.809621271347641e-11	0.000816765740540284
YLR277C	-17.3954811432275	0.6501487636891502	3.449458947920312e-08	3.447628417297534e-08	9.566936607131366e-09	8.131224239178306e-08
YDL180W	-17.876586748426035	0.3745414670081463	1.8442376132897965e-08	1.848127793771376e-08	9.299608823304968e-09	3.18866410440318e-08
YOR342C	-16.9280924595885	0.20372318025730263	4.5355933257532024e-08	4.540507791056615e-08	3.1808385730349874e-08	6.21554642505484e-08
YGL016W	-15.860448712811175	0.011894553233934714	1.2939401851714232e-07	1.2939763981409217e-07	1.2688115735345245e-07	1.319447283085597e-07
YER145C-A	-16.828649922413007	0.48744374516537037	5.594829574494913e-08	5.5296456463902754e-08	2.2021257783376683e-08	1.0938606267046306e-07
YML105C	-14.634944406870273	2.60090209445806	1.1786996719067045e-05	4.198265561554117e-06	6.009144436714805e-09	1.8502345593424453e-05
YMR099C	-15.006424308704664	3.849271819251034	0.00017984450374541514	1.4057610251610622e-06	3.6673368221092524e-10	7.251411855545467e-06
YDR500C	-15.930919832048657	21.345338655263127	0.22027768136201445	0.2686552485099758	2.6640999186750065e-22	0.9999999990930106
YMR122W-A	-16.135283041884378	3.0058074844025384	8.353578023000328e-06	1.1172321044131484e-05	7.206475018737353e-10	1.86840668925908e-05
YCL001W	-15.782649721245617	6.076613538912112	0.007029734334633608	8.614270362402844e-06	3.808401325925268e-12	2.4674415556718886e-05
YOR365C	-17.878643289114535	0.3069089937067195	1.8020609282296385e-08	1.8015600912960445e-08	1.0373734011352886e-08	2.8459861058573232e-08
YMR211W	-17.311915189152188	0.40664947552845837	3.30920121852936e-08	3.290570660597912e-08	1.5514514084076094e-08	5.912322552998682e-08
YLL026W	-13.424686441380983	12.848498469405405	0.15099669786089287	0.3505030675952013	6.629216056177358e-08	0.9999965711261893
YJR090C	-18.188156148295803	0.03208757124362123	1.2630658276363831e-08	1.2624550395922787e-08	1.19690812376757e-08	1.3301709899309676e-08
YPR102C	-13.917914861268583	33.20639829944268	0.33682137964077696	0.4393088827256534	2.5240462369502125e-28	1.0
YMR314W	-14.590778089631568	3.185622726895796	9.431638518080772e-05	1.464937659955938e-06	1.7975076991743764e-09	7.297804022746521e-06
YBR194W	-16.093314353631996	1.5467757537253641	3.404059717604949e-07	2.675394181638527e-07	7.832911662946747e-09	1.063062588545937e-06
YOR235W	-16.809856587927044	0.7947992526168733	6.7648993578253e-08	6.816145025671079e-08	1.3493084098944118e-08	1.832133224306287e-07
YLR111W	-16.809856587927044	0.6101654197857159	6.044308653949011e-08	6.024949122601968e-08	1.8333544521803967e-08	1.3634069187777054e-07
YHR003C	-16.948247571119992	1.5117516397039612	1.3100897692795016e-07	1.2044994344374587e-07	3.5741458349866715e-09	4.723766494605415e-07
YKR085C	-15.57177816503936	1.5678679820755141	6.040385030323201e-07	5.079066469145673e-07	1.293395850828462e-08	2.0389369616097424e-06
YCR061W	-16.663267146338697	1.4476756154763375	1.646635343830812e-07	1.6608382184024173e-07	5.358176411264155e-09	6.331067807457405e-07
YER118C	-15.012160483479603	9.384930938672024	0.058523572719372044	0.11178732436979304	1.0042610425438955e-12	0.961541296431702
YKL087C	-16.381923625719338	0.808157832593978	1.0710411235390842e-07	1.0654507432710784e-07	2.0327024335060573e-08	2.90247167912983e-07
YLR154C	-16.359753594145133	3.6787953161618376	4.2968736891823446e-05	7.105651238917135e-05	1.9842670167634424e-10	5.6655410877151494e-05
YJR045C	-13.82457370458833	16.76646279632153	0.20484052781377252	0.42528934579648603	1.294067820513801e-12	0.9999999956609573
YNL003C	-16.77063867200266	3.5666506544273644	1.9568899979467588e-05	7.308924623341613e-07	1.285599925638212e-10	3.8501253611118505e-06
YPR190C	-16.342784846035286	1.6552090075193793	3.1955754571518885e-07	2.681307205849029e-07	5.192039239500472e-09	1.0965723784576822e-06
YNL251C	-15.266082750350689	3.2184352132698857	3.414155630146294e-05	1.9291833520685053e-06	1.0401564696118904e-09	9.909324119413256e-06
YLL035W	-17.82067910477852	0.5546044115667478	2.1298802525786776e-08	2.1241456502894397e-08	7.311107027535012e-09	4.5331574459777407e-08
YLL012W	-17.398729055996938	0.1610307295801667	2.8077191256148545e-08	2.8148939029823835e-08	2.1320028298801894e-08	3.620397439807926e-08
YGR101W	-16.948002491401695	0.9696477183981689	7.190841892404881e-08	6.997237582162994e-08	8.848316950663594e-09	2.1559515870466816e-07
YJR094W-A	-14.368958019077764	33.79010236955323	0.32508876315946106	0.3907528146762817	5.014212077220583e-30	1.0
YGL178W	-16.47624124405482	0.39917816091714714	7.611132589581365e-08	7.574265313616042e-08	3.624823368478564e-08	1.3486807918082436e-07
YOR176W	-14.098401004340486	8.187664360168137	0.04972731321145789	0.08977684131107144	1.737162291058353e-11	0.8621320285935562
YKL060C	-15.591672626826748	2.903440672615013	1.3017902005232436e-05	1.4375080236119286e-06	1.3185793412084689e-09	7.193143381772325e-06
YNL196C	-16.770778114144562	0.7247183962688125	6.826226202297154e-08	6.697944721741438e-08	1.5732254217198107e-08	1.6894072866352148e-07
YAR066W	-16.291935534122587	2.3076578613139493	1.2172562703933316e-06	1.281547392162225e-06	1.894599879685036e-09	3.925879622198214e-06
YDR003W-A	-16.63141019144021	0.6526604140646438	7.507162578263309e-08	7.399402787917373e-08	2.0434160906730676e-08	1.747523725648993e-07
YOR210W	-13.700801810927443	35.896581233185884	0.3514701071787156	0.3920841210554697	1.6925959938560288e-31	1.0
YNL298W	-18.087735484435328	0.04852052840557054	1.3963078588570595e-08	1.396759036066686e-08	1.2880516142572955e-08	1.510982030830597e-08
YBR255W	-18.182665823166445	0.1818433041226212	1.2937984118526834e-08	1.2898678121762571e-08	9.404452494826337e-09	1.7106094396807514e-08
YCR086W	-15.750894460951896	1.1004035184794	2.6433754130296645e-07	2.693032177452175e-07	2.3706950520296244e-08	8.995226511135948e-07
YNL268W	-15.694174096505575	12.203948631092137	0.10011013813010469	0.24389402065737711	1.0050865531403178e-12	0.9998933430358607
YJL110C	-17.305153106521885	0.8699541769434642	4.414870297869006e-08	4.442219041269573e-08	7.283976405526374e-09	1.2710075778127038e-07
YLR389C	-17.168372980807163	0.729825422470332	4.625862229943926e-08	4.568163276629423e-08	1.0531343828434109e-08	1.1621357342655405e-07
YBL007C	-12.880384382698322	5.35025826760139	0.010405361918098873	1.389365531685303e-06	1.0263883351274712e-10	7.364831789184367e-06
YBR108W	-18.001866114232328	0.44751267160153835	1.6816385293948024e-08	1.6733712190175315e-08	7.260094834996807e-09	3.155756734180419e-08
YMR089C	-15.094664691678899	2.8819707963928862	1.7286535972652647e-05	1.196831571600709e-06	2.077295095392174e-09	6.114245790507688e-06
YER154W	-15.520508552575121	1.5535872576881429	5.837202786637169e-07	4.379162654691304e-07	1.3597304391288491e-08	1.7545659411809736e-06
YLR037C	-16.027215862669237	8.089765325719092	0.0273601938579242	0.03523629835416613	3.0158009270426323e-13	0.15998284034085072
YGR030C	-16.197905880814872	1.6464434542393027	3.46643095032093e-07	3.443679116372107e-07	6.137296583629662e-09	1.3600239826194603e-06
YGL169W	-17.16032013025759	0.7003439199841842	4.5038671057326324e-08	4.49184655540845e-08	1.111909040332861e-08	1.1098368046798213e-07
YML017W	-17.511494740749896	0.7440151595710713	3.3109382556456394e-08	3.270043071349264e-08	7.291447042824119e-09	8.42061911536397e-08
YHR088W	-14.5911758845843	4.928993115118509	0.002905641206915159	3.0496111476727588e-06	7.794960915225619e-11	1.5036073011357901e-05
YPR078C	-17.287017310875655	0.47038564490698903	3.4433467251413535e-08	3.470512978628744e-08	1.4331799737277253e-08	6.730694674977851e-08
YPL045W	-17.585973938978697	0.8756957372306942	3.389465365169797e-08	3.3783220700900146e-08	5.448837274454073e-09	9.716192775161145e-08
YBR138C	-17.504799266601168	0.29501021648604997	2.5941703039096566e-08	2.6097999274998593e-08	1.5374544069067315e-08	4.058001883011039e-08
YJR004C	-18.004165511615412	0.10713673543777574	1.5267823398970843e-08	1.5253181158467324e-08	1.2713860173747627e-08	1.808648541787246e-08
YKL196C	-13.91483810637983	13.495619281307361	0.15331207484110307	0.21450858930704356	1.871666200434114e-15	0.9999696080138321
YMR242W-A	-16.73306569284685	0.6732750538258941	6.826490640098994e-08	6.783131222558588e-08	1.786219675256496e-08	1.6364730624397747e-07
YGL091C	-16.355103996663075	2.3704590096662455	1.2178097244235278e-06	7.16511902108128e-07	1.5740760616361598e-09	3.1377841066307964e-06
YHR028C	-18.20353216681613	0.4691858359715842	1.3975971801756683e-08	1.3873068375494675e-08	5.742758225335306e-09	2.6883902452899212e-08
YIR030C	-16.863302024089336	0.5448553643222379	5.506826401966139e-08	5.450801750366292e-08	1.9251578805019197e-08	1.1469560842070578e-07
YML110C	-15.265819696616019	3.7874248169883376	0.00014435361024526473	6.701526405392651e-06	4.293602168386213e-10	2.6815066353515093e-05
YDR408C	-16.31935362645234	2.318603896594399	1.0523860851053227e-06	1.7632949883428204e-06	1.858132991114769e-09	5.234208047781042e-06
YOL082W	-15.942943596943932	1.1830942009926495	2.4839990977867735e-07	2.1837397783996095e-07	1.669723048354152e-08	7.531315257495001e-07
YOR236W	-16.84152875086218	1.4138079651989532	1.3242429485553266e-07	1.3532161920033165e-07	4.750906741420982e-09	5.066200720073561e-07
YJR024C	-15.826920655637151	2.5367788501172335	3.0995907291180655e-06	1.0810542269386492e-06	1.9634890348607195e-09	4.959571266256501e-06
YER120W	-14.336357109839083	4.171826035362951	0.0012995616725788818	0.001591270959903591	1.032257129912504e-09	0.0017165794827310806
YGR200C	-14.524285075845183	0.2635911042882467	5.121698307264999e-07	5.029736463153178e-07	3.1571431512460775e-07	7.473623042519827e-07
YOR287C	-16.331850000359537	0.3048431613510039	8.468634346435923e-08	8.460793385253832e-08	4.890891106612976e-08	1.3333594965485766e-07
YLR058C	-13.734501165113398	4.24301756741713	0.0015099559555647206	0.003874430226971848	4.114755323204366e-09	0.006494053624753681
YDR251W	-17.421912184866216	0.7728753630154145	3.710038156036158e-08	3.643023343452054e-08	7.595285027391809e-09	9.620895752919678e-08
YDR470C	-16.928538715867745	1.0250987163339007	7.351410186987751e-08	7.371634843761945e-08	8.19525356564111e-09	2.3424628242676679e-07
YLR015W	-16.173190039998374	1.3553629797886595	2.3527207091680044e-07	2.331033104097136e-07	1.0159233613741171e-08	8.702277160944938e-07
YGR243W	-16.640582809771132	1.4273101821740541	1.671892641386279e-07	1.581677440352309e-07	5.642011196493396e-09	6.023664487778674e-07
YOR369C	-13.589556216721759	45.110903879423695	0.37552757423816074	0.47444213003723956	2.071091351303143e-36	1.0
YIR020W-A	-16.528128905360774	3.1900507447937128	9.20060484283133e-06	3.200350440017201e-07	2.7463863682665805e-10	1.628988041665311e-06
YGR064W	-16.849153824988008	0.6608572110648201	5.98497422582047e-08	5.970601669801538e-08	1.6198366304709788e-08	1.4216219301011766e-07
YBR003W	-16.9919352869845	0.31471546202067807	4.375257340547966e-08	4.386124536627292e-08	2.4869316227887852e-08	7.003717982717837e-08
YMR270C	-16.60903390420681	0.5886167070440464	7.274412052345334e-08	7.268774465824994e-08	2.3220521694834606e-08	1.608708059176695e-07
YBL005W	-17.55285391248688	0.587337018473287	2.8274880256078946e-08	2.8237092998591285e-08	9.055058386982802e-09	6.235233193166054e-08
YJR064W	-11.738489441989442	11.506678145067692	0.15603001706518746	0.29080706964687775	1.6753692876443334e-10	0.9999704734804835
YDL215C	-14.33498617140249	0.10853675651393613	5.968362035400719e-07	5.982402071893438e-07	4.97485485279299e-07	7.108565940703221e-07
YNL241C	-15.47888518237667	1.666964005588305	7.667604119617572e-07	6.382341408465696e-07	1.2145384463568955e-08	2.6931049556785886e-06
YPR003C	-18.07469135210775	0.3488350730519936	1.502066640128026e-08	1.5021313912726268e-08	7.962580785473241e-09	2.508815368628365e-08
YAL007C	-13.97185643125813	6.000658673138429	0.014847987240050955	2.916210447434317e-06	1.5662615453988943e-11	1.4253892077852435e-05
YLR087C	-18.30465003585485	0.18535011481815877	1.1426666413253316e-08	1.1429958994952722e-08	8.278993760676112e-09	1.5242739995404144e-08
YLR406C-A	-16.754596851672233	0.5577246913249327	6.187903550137483e-08	6.174899665766877e-08	2.112250794909444e-08	1.3220070650205257e-07
YHR099W	-17.301300921951025	0.016180894723772325	3.0632220901165867e-08	3.063354396535645e-08	2.982502743438932e-08	3.145493821737919e-08
YMR140W	-17.248435334499646	0.41590480508465777	3.5329160345682646e-08	3.520698336206632e-08	1.629212476626578e-08	6.396356104302439e-08
YBR288C	-16.755043430756615	0.9747020494970536	8.529996157612033e-08	8.46068503394448e-08	1.0626091620407265e-08	2.608052643365358e-07
YOR190W	-17.12522690077529	0.6668444414524389	4.549692351751219e-08	4.544319679903923e-08	1.2169944876517259e-08	1.0881388754366571e-07
YCL018W	-15.732058762537035	11.087198049795179	0.08010236634948445	1.9284688406214673e-05	3.7725955923085097e-16	3.932730790116686e-05
YHR046C	-16.86082306663664	1.7628953120243769	2.250859505881084e-07	2.1108772480207942e-07	2.610969618981521e-09	8.429889881651645e-07
YAR015W	-15.260019449626979	6.088280224492667	0.008669877445210411	1.3255269390898572e-05	6.6732859930149895e-12	3.887599108290469e-05
YDR087C	-16.053688623892597	4.542386462025718	0.0003801147447598107	5.265420329960096e-07	3.542421721887006e-11	2.8496651951168178e-06
YJL019W	-17.604008151153522	0.9299191710868071	3.432618352548898e-08	3.504591541605733e-08	4.908957901961314e-09	1.050980453389865e-07
YKL003C	-15.90930346473142	1.3036197445383788	2.9152103756138343e-07	2.747128954605958e-07	1.4313600375638747e-08	1.0068315080385684e-06
YBR076C-A	-16.78976254947409	1.2281764854421156	1.0795072296955872e-07	1.079723631843641e-07	6.761408916098454e-09	3.829535803602202e-07
YDR105C	-17.279819960146398	0.6687902418029696	3.914136569095211e-08	3.9201112293648844e-08	1.0415651877893878e-08	9.41276798987124e-08
YHL030W	-17.577759353103104	0.0171826279948043	2.3232094877206454e-08	2.3234803026850312e-08	2.2583378098214247e-08	2.389678134233083e-08
YBL085W	-17.9729248897427	0.7494797104956336	2.088708567538653e-08	2.0671700916056334e-08	4.555221423459535e-09	5.349619585637733e-08
YNL074C	-16.060558529651445	2.476694354116113	2.160514192932523e-06	4.901488092360839e-07	1.6251371876400683e-09	2.339966169825972e-06
YDL123W	-16.37468483173214	1.5513406703036274	2.562918387631373e-07	2.689864905815829e-07	6.044586438622625e-09	1.025311161300218e-06
YKR079C	-18.130901638848428	0.42432988674261585	1.4642405231964846e-08	1.4615159932856006e-08	6.6437568706618145e-09	2.6834618097471664e-08
YDR437W	-16.839784709861107	0.7969704233867225	6.639691010951333e-08	6.684385617837552e-08	1.3098438999916902e-08	1.8050243680380436e-07
YNL044W	-14.803210841180045	4.051098245809301	0.00040209562725000865	0.0007568412721101009	6.199731129754475e-10	0.0006643528568394412
YLR137W	-17.19619475631842	0.5669563910106271	3.9981716014449736e-08	3.9753579471995664e-08	1.3352802263330189e-08	8.583581652951697e-08
YDR158W	-13.983845705407658	27.13858432278335	0.30389478735751735	0.4912358567412703	8.578805706097113e-22	0.9999999999999998
YLR276C	-15.05468641274747	4.207371535743048	0.0005989969293815323	1.818569368276877e-06	2.041254014771651e-10	9.928007086973744e-06
YBL092W	-14.04299620298225	29.919577101430367	0.32451509133674916	0.3932637520863543	8.31331679687726e-27	1.0
YBL022C	-11.738083256533356	0.1385834546435883	8.052556550972809e-06	8.098880406803809e-06	6.38886372032381e-06	1.0065884611853813e-05
YDR258C	-12.216948511101874	0.3019424027646846	5.200744091335228e-06	5.1161490991283115e-06	2.9924027141020923e-06	7.979523243434176e-06
YDR169C-A	-16.430064710927383	0.8176726732624662	1.0148391631859108e-07	1.0233052444248354e-07	1.9070804200802934e-08	2.8096872445967397e-07
YLR209C	-16.00743763936842	5.167057908069024	0.0023831784622859254	0.0038561295662195025	4.441931259826387e-11	0.0032898143534753326
YLR205C	-16.34749818828348	2.316717228760989	1.2385830373136754e-06	4.545458941371813e-07	1.670211727752749e-09	2.098862875370783e-06
YOL120C	-13.826624643211472	53.81598559118348	0.39222763739817074	0.5184678481985795	2.1202023991832326e-41	1.0
YMR266W	-16.742995686153137	2.7192310446085437	2.281575464927005e-06	7.706150675988541e-08	3.953875504075993e-10	3.4919798963287696e-07
YAL058W	-16.96573370173499	1.09520201963632	7.934949883635984e-08	7.321886625260875e-08	6.960081633148899e-09	2.411683884021823e-07
YIR037W	-14.813778908989844	3.1894101148899736	6.434730959036751e-05	4.5398595135561275e-06	1.7257098829691e-09	1.8659504835552606e-05
YDR257C	-14.72566597643272	0.8607059397381169	5.869195286082357e-07	5.41664605158659e-07	9.516392921721935e-08	1.5077859968407099e-06
YER030W	-16.0014530278211	7.922129397534238	0.024217291424302914	0.03466487417850924	4.638380712961545e-13	0.15584327870024195
YJL157C	-17.4325950513241	0.024351257382701733	2.6863999688372646e-08	2.6868653346685982e-08	2.5805169499914636e-08	2.7957590741093868e-08
YLR091W	-16.617721016527142	1.115574115975647	1.1308826368193037e-07	1.1447322800987605e-07	9.701204895976365e-09	3.8495249192325347e-07
YOR127W	-18.108134055881948	0.03371919659213168	1.367014236919851e-08	1.367687977385185e-08	1.2931483079843735e-08	1.4448616237449152e-08
YFR008W	-16.61914843791672	1.1004699281234556	1.1109147312807783e-07	1.1111282991099835e-07	9.913360848609853e-09	3.703138872397941e-07
YDR051C	-15.96815400564192	0.6851912520459008	1.4725915161734167e-07	1.4756575345344706e-07	3.76786238260252e-08	3.605781919589692e-07
YNR001W-A	-16.8310226946858	0.43756654313325793	5.3595597150296116e-08	5.3935577461180126e-08	2.384945852294302e-08	1.0061730828818835e-07
YDR518W	-16.03449469092557	4.1059123897206415	0.00021881038115608662	8.939001268326283e-06	1.3717914786713963e-10	3.6196518935813724e-05
YKL178C	-16.311693528398592	6.287354615154742	0.006769954404612526	3.0336730892302112e-06	1.6061078953557744e-12	1.55718443016802e-05
YAL017W	-16.97901241489417	0.4888469434830039	4.762228721761937e-08	4.771410158155726e-08	1.8932873886847285e-08	9.462802318077152e-08
YBR236C	-17.211002180811903	1.0520804320149444	5.824212232262958e-08	5.877476810575579e-08	5.949529787667346e-09	1.9081720131552808e-07
YBL025W	-16.715309244981455	1.0810149862781242	9.7522114769928e-08	9.920057247576537e-08	9.297311851120836e-09	3.2746360788269044e-07
YLL018C	-13.565623117735596	3.7906067479261623	0.0007143759629920338	2.181044286471752e-05	2.8392523007284115e-09	8.085002700204795e-05
YER046W	-16.80377029490117	0.9428800623412251	7.764454957307235e-08	7.876361621491279e-08	1.0681265343847387e-08	2.379375608887189e-07
YDL202W	-15.801780170900384	1.3085054767522273	3.172056547572813e-07	3.401585304932624e-07	1.604379309567928e-08	1.239033968116105e-06
YER009W	-15.366911263824276	25.006640705751344	0.277307819114493	0.3340178882271397	3.323395674325007e-24	0.9999999999994822
YJL111W	-13.723458565314287	7.450515555779964	0.035958127685048795	0.08333052356662929	3.0767955203965635e-10	0.781501673384412
YDR200C	-17.173887429999724	1.0361665671396834	6.052898761851267e-08	5.995325981443729e-08	6.3381011318212e-09	1.9289106335257518e-07
YFR055W	-16.168068272113672	1.2266537867990819	1.9495104626870904e-07	1.96741387860181e-07	1.2597141697637533e-08	6.974855841568445e-07
YLR132C	-16.654529567889043	1.1455292771732202	1.1412901844936939e-07	1.0877614406353385e-07	8.820240604404711e-09	3.7040509429343803e-07
YPL252C	-16.75629769011792	1.351441842427369	1.291343871348429e-07	1.2751692569833974e-07	5.6948897915660825e-09	4.743420664934795e-07
YLR351C	-16.529047350479942	1.7482239301949722	3.1290306132788215e-07	2.8067306069899204e-07	3.7167785416265652e-09	1.1309570725305202e-06
YDR103W	-17.027442962783226	0.9371955952973842	6.279782197484509e-08	6.232604799586243e-08	8.607808204912879e-09	1.8734974769791203e-07
YIL016W	-14.983405433603549	1.8289209140550906	1.7003040574182488e-06	1.0557145372145604e-06	1.4737252804678156e-08	4.460566750960305e-06
YLR080W	-16.802276311596145	1.7868824268674814	2.5943111739340516e-07	1.4366550460059767e-07	2.513273576754673e-09	6.070298799279629e-07
YKL051W	-16.20473017094737	2.903288220289834	4.570978401396177e-06	1.0551820438086514e-06	7.346409790029419e-10	5.220308749065943e-06
YAL063C-A	-16.45304863832351	2.7802768306152132	1.2437544242919138e-05	4.2774417207338825e-06	7.550320806513638e-10	8.851603018393473e-06
YIL157C	-15.491677433653605	1.9320043167767755	1.0900296221040464e-06	6.749808391865852e-07	7.465024126419559e-09	2.9856829868677543e-06
YIL054W	-16.809856587927044	0.6539612544379321	6.287663059816601e-08	6.19831299126641e-08	1.7058007536379688e-08	1.4665834607289086e-07
YDR013W	-16.460740344883362	1.2026073363187815	1.4637318345755816e-07	1.4847562501986933e-07	9.837518309987816e-09	5.202148464438783e-07
YLL010C	-16.94622427025095	0.48993635937347413	4.938102708224561e-08	4.9280654381506795e-08	1.951363848321673e-08	9.780438237334215e-08
YMR200W	-16.228869517341792	6.688414512366725	0.010834255241545902	0.017408330179672374	3.4375011553895245e-12	0.03173956916763278
YBR200W	-16.240154299907957	1.7026307226335438	3.9254151962423723e-07	5.512870892489747e-07	5.526690968688654e-09	1.9390380057648065e-06
YPR019W	-12.205278383677777	0.18489219495919895	5.085272366011702e-06	5.111294255328664e-06	3.7081208031991085e-06	6.804749974347977e-06
YKL134C	-17.799351089831546	0.5222025190824661	2.147402368827681e-08	2.1319662443322076e-08	7.878003649481434e-09	4.387076232379569e-08
YDL218W	-16.65822338443175	2.3477336274146974	8.885361819032957e-07	1.6252154515771119e-06	1.2721030576646168e-09	4.515873137521315e-06
YGL153W	-16.39710387198393	0.1976332267774757	7.724787373960146e-08	7.713847691646013e-08	5.463889676976153e-08	1.0468389199069691e-07
YBR041W	-15.754228003956795	5.974219905175789	0.005585591526753545	7.089786544169194e-07	3.2217360319122117e-12	4.045546058443627e-06
YGL060W	-17.688963034125848	0.2882099425537737	2.164664769448553e-08	2.165960900952403e-08	1.2932538305364571e-08	3.336393507536837e-08
YKL163W	-16.175321350711585	1.5381475807804663	3.1416896494766953e-07	2.931211702761846e-07	7.50286566169171e-09	1.154089947335842e-06
YLL062C	-16.69678733121762	1.154641152107187	1.072734359891735e-07	1.0476653252513136e-07	8.313633379028606e-09	3.5767744344512285e-07
YML100W-A	-16.814827283750475	0.6610216218781538	6.145691830095824e-08	6.178968962676658e-08	1.67595116419882e-08	1.4701091029447972e-07
YNL295W	-17.954894271483866	0.373756746290553	1.7053285364491074e-08	1.7080393554965393e-08	8.610280603223937e-09	2.9446941283753288e-08
YHR206W	-16.46667224715273	0.6587725050305199	8.811322471202742e-08	8.795201439213298e-08	2.390267375563253e-08	2.0922561908264256e-07
YMR135C	-16.640560730266955	1.5713759336728124	1.976289016372606e-07	1.6785580837006677e-07	4.382993144464079e-09	6.729465950778009e-07
YMR075W	-17.81516109286966	0.8434283274549196	2.5890989680937942e-08	2.6029052710248883e-08	4.563070923411928e-09	7.287649971465167e-08
YDL196W	-16.851847400794924	0.6197507276353317	5.80806892323153e-08	5.8157428098865097e-08	1.7304364880371642e-08	1.3293955436900924e-07
YMR203W	-14.368869802515475	9.056791782759348	0.063199690222222	0.11353373041451773	3.799901617471305e-12	0.959566875897356
YNL129W	-16.80293365354808	1.533648932032979	1.5541690221327568e-07	1.544458464317825e-07	4.02540677856497e-09	6.056597534621411e-07
YCL069W	-16.89549070371939	0.8749911558913339	6.599855282090605e-08	6.774589383238179e-08	1.0911811888861603e-08	1.9494253598552297e-07
YGR076C	-15.978370057791109	1.9835679899629532	8.591518560598112e-07	9.92483439641846e-07	4.472139752094705e-09	3.52097242410301e-06
YPL030W	-17.5876532417831	0.41598327201083773	2.4998430536311416e-08	2.5077774379390867e-08	1.1596104586347353e-08	4.5568861588774456e-08
YLR070C	-17.161112766095158	0.634507466332382	4.303272776336737e-08	4.3044935333378836e-08	1.2396268378821796e-08	9.986952647957249e-08
YBR279W	-15.709682112291175	4.211446838427257	0.0005500982907186333	7.003636799012934e-07	9.201294344950246e-11	3.769948501975698e-06
YFL045C	-14.031743032501963	48.28273770866469	0.3820849090925845	0.5471617512407261	2.792527067423929e-36	1.0
YKL077W	-14.26064372360379	5.8959998554384185	0.009194192463510043	2.42176006407417e-07	7.47218419357184e-12	1.300119620452245e-06
YBR185C	-16.408434353326086	1.4731916347665646	2.1682289023599792e-07	2.13715311295419e-07	6.6135871963667494e-09	8.243582224488334e-07
YGL164C	-17.26283585876152	0.4529503692059923	3.514806615511499e-08	3.5221187210333506e-08	1.5087900043360127e-08	6.690962365024359e-08
YJL140W	-15.85317853141967	9.289128820582938	0.05011247364588053	0.07274027631745734	1.0344400274643526e-13	0.788323326277913
YER050C	-16.13002969312329	3.030731202700568	5.4661378796822214e-06	1.3771661240958877e-05	7.125801515048321e-10	2.347340567371752e-05
YGL079W	-16.854663828206668	0.7972527908096861	6.881367815142991e-08	6.591628028009905e-08	1.2898995759846797e-08	1.7791930386694995e-07
YJL164C	-14.47448492516669	0.4192338159611287	5.634272708310557e-07	5.604263487568468e-07	2.582141246153573e-07	1.0201155412478697e-06
YOR256C	-18.274524349508994	0.2919485484097419	1.2079130277456925e-08	1.2078162737740214e-08	7.156559286987323e-09	1.8699921037679384e-08
YBR217W	-16.242236797312927	1.093792835213805	1.6164679740377158e-07	1.534808658575527e-07	1.4458423464178668e-08	5.066252642741008e-07
YLR318W	-18.359702221838944	0.355071903911415	1.1340313045936985e-08	1.1322457471837249e-08	5.926791081400589e-09	1.9060998263935493e-08
YAR035W	-16.849839882802172	3.0483011743831527	7.912727349941698e-06	4.12184540240261e-07	2.8422539130347136e-10	2.0981631903601044e-06
YOR009W	-16.417139296675288	0.5137771032544471	8.42995019479153e-08	8.42721488937632e-08	3.176976457069574e-08	1.716601385672437e-07
YPL095C	-16.848742668190226	0.9488538541610989	7.461200717826986e-08	7.529997033541421e-08	1.0096349655250704e-08	2.283315841353366e-07
YOR358W	-16.690277216803935	0.9622418156466669	8.94837873000419e-08	9.011813306013049e-08	1.1607770281043442e-08	2.760166501425922e-07
YDR226W	-13.741928613753045	36.56173050416138	0.35049545247145997	0.48866189288049094	1.6419605413334743e-29	1.0
YDR235W	-17.400681196414737	0.6965122687374071	3.5555235421460085e-08	3.534336837893829e-08	8.818454944373036e-09	8.711316109800032e-08
YBR242W	-16.55883643481573	4.341859249584241	0.00012844297736589903	8.532150888186797e-07	3.802250590788306e-11	4.6479856304420826e-06
YOR294W	-14.337669085894232	7.016533739012864	0.02184452696191957	0.03595955380929824	1.4469810346526549e-11	0.18681100038564
YDR368W	-15.060296672709937	5.551933904696845	0.004738740331600854	8.074206867348175e-07	1.2354941298362396e-11	4.483302945884832e-06
YMR048W	-15.435964099052581	0.9033269506398847	3.0614780124434395e-07	2.7604038791102454e-07	4.367552957817807e-08	7.957509867804791e-07
YDR318W	-16.911914125136903	0.6586474312980672	5.5884732731320664e-08	5.6162229175825015e-08	1.5300722604657417e-08	1.3345298949829231e-07
YLR298C	-16.400102219988895	1.1594023301731688	1.5126342083454735e-07	1.4467357907604153e-07	1.1138663428686003e-08	4.967446142668279e-07
YBL071C	-16.87467192173861	0.548817962608323	5.4256673467692344e-08	5.436819982348197e-08	1.897596622716217e-08	1.1513561382179934e-07
YKR034W	-16.55916546275803	0.9552131188236485	9.925295510759291e-08	1.0105474030522046e-07	1.3346847304549041e-08	3.077469203693693e-07
YMR115W	-17.09588526252699	1.1378466679022974	7.128432365351317e-08	7.109113773926506e-08	5.766248663244048e-09	2.413751945971104e-07
YDR531W	-16.698665151453298	1.6600556163140539	2.04241391486214e-07	2.5737845791810606e-07	3.676044076312483e-09	9.447884670534642e-07
YHL048C-A	-16.650023018847406	1.739289490089369	2.576769509411072e-07	2.7041391501414107e-07	3.360780889269e-09	1.0355217317291059e-06
YPR014C	-16.85676800892614	0.39785060863881117	5.1898012468462705e-08	5.171699198966607e-08	2.4829877776329005e-08	9.192268673758218e-08
YKL008C	-14.5513335674852	7.592312524118135	0.03008059954544152	0.06511184151717983	2.3716546414102205e-11	0.6141345449565087
YMR307W	-15.065631471175221	0.9006846285141893	4.231958143224201e-07	4.0790154817878107e-07	6.408346859679289e-08	1.1795996782912658e-06
YPR058W	-16.149013980168803	6.605007997663772	0.009592899310689327	1.5865245017404946e-06	8.659141253095634e-13	8.56576603978084e-06
YDL200C	-16.591971841124888	1.637233206355777	2.3128535726331676e-07	2.3390998178633226e-07	4.212698830760635e-09	9.152927021353135e-07
YDR464W	-18.40584276374355	0.20751548508538592	1.0381795358195265e-08	1.036693267915065e-08	7.211921369715948e-09	1.427409857411408e-08
YGL161C	-16.306252338334872	1.1743546321393081	1.6778531257953416e-07	1.6005983383936052e-07	1.1936540726444407e-08	5.527798527990081e-07
YER072W	-14.500962435800103	9.852024037417248	0.07083694504032302	0.0941232486726973	1.0472674991787997e-13	0.9439891465256259
YGL234W	-12.222871438346557	0.10415292707801439	4.9433273713368625e-06	4.9651804723791e-06	4.15844125176408e-06	5.861824958410023e-06
YGL036W	-17.944059550115327	0.49244261618220797	1.8286589333865476e-08	1.8139415236360833e-08	7.1533421821237885e-09	3.606478613685106e-08
YMR065W	-17.14945049420274	0.5613127240190111	4.157403865468332e-08	4.1640832465822694e-08	1.4135359806638804e-08	8.943946207406923e-08
YDR282C	-17.226482141436264	0.3799546809068982	3.546737460618036e-08	3.547559430257917e-08	1.7657554860378072e-08	6.163239381528631e-08
YDR080W	-17.17528952692483	0.3935393424389229	3.728357506682241e-08	3.7517705570863997e-08	1.8173933090467337e-08	6.6292385283268e-08
YFL004W	-13.910823525170782	8.945065976119917	0.06527095983341728	0.16618033494440712	5.257044658968488e-09	0.9901549557341397
YPL199C	-16.808710565929488	1.203418057645721	1.0305117489382785e-07	9.883130774809239e-08	6.857527662005767e-09	3.45845923448046e-07
YBR220C	-17.197686483582203	0.766749897310216	4.487602334301204e-08	4.540304501241724e-08	9.600826033955051e-09	1.1919025289418972e-07
YFR005C	-17.20948068427313	1.0447388081403035	5.8520346197792174e-08	5.7290860983634455e-08	6.000743634806896e-09	1.847436560547152e-07
YOR094W	-16.590471992714086	2.522853271301645	1.2537003721405823e-06	2.2082400751856502e-06	1.011109825492655e-09	5.642291345349414e-06
YML028W	-13.787814889518996	35.33004602572006	0.34806374785889527	0.4668445307940691	3.1447208793342674e-29	1.0
YPL075W	-17.88310831432389	0.7479956466345543	2.2758419913089165e-08	2.2637241446302117e-08	5.001466829988032e-09	5.8521068434930044e-08
YMR113W	-17.12008312818287	1.161845109837034	7.125809214608753e-08	7.180239273474212e-08	5.420183165202003e-09	2.468544776505569e-07
YBL087C	-13.976106527124285	20.49022055203986	0.24239051987765345	0.31216776483147146	1.9445764998158696e-20	0.9999999996997333
YFL033C	-16.86656918546285	0.8052420090267827	6.569507152041274e-08	6.593075476060703e-08	1.2612383579906427e-08	1.7952430457967126e-07
YER175W-A	-16.865430055557937	0.41384417310001276	5.1420160931772576e-08	5.158749713824261e-08	2.396068994939022e-08	9.349728914798139e-08
YDR449C	-15.40967063498938	3.120838051456311	1.9463579909688368e-05	1.8270742448899557e-06	1.0887654525295722e-09	9.356825251307593e-06
YGL055W	-13.95010845797624	1.3125896514331616	2.106942723335291e-06	1.6907167880271475e-06	9.878940581285448e-08	6.151059415328899e-06
YNL113W	-15.59936384968094	4.378412114995162	0.0005420803036087196	0.0008119715764372728	1.5331634881808468e-10	0.0004975408200775928
YFR033C	-15.563261698139085	3.909150527431686	0.00014590960759288982	0.000281332916913735	3.261873734555138e-10	0.00021768189864742484
YNL176C	-17.981151188629866	0.2712731311342252	1.6096869920943798e-08	1.6099176963058545e-08	9.92886219002909e-09	2.4237843996761576e-08
YDR353W	-13.68542657420876	15.478063386499537	0.18975016857025973	0.30514726165931133	1.159306152899134e-15	0.9999997415514605
YJL127C-B	-16.266186003945023	3.8871211121040745	9.240720482420213e-05	0.00011574786753531903	1.496020821724456e-10	6.699878189831749e-05
YPL163C	-16.403943541365862	0.32478901427390516	7.93428439461854e-08	7.91769633429561e-08	4.401524890291873e-08	1.2813300812400113e-07
YLL018C-A	-16.715226716791932	1.2138709853880558	1.1709005736879386e-07	1.1205763992511056e-07	7.429341852375649e-09	3.945003275085948e-07
YDR535C	-16.862463589270902	0.6520274146058553	5.9032330444831384e-08	5.82478346878863e-08	1.6184708730585043e-08	1.3711827573616114e-07
YPL245W	-15.854027593880145	1.2725286315197448	2.8847812189252144e-07	2.506496872795267e-07	1.5603048561967886e-08	8.993192227403938e-07
YMR137C	-18.02401001800243	0.28188175120470943	1.5435600632015776e-08	1.5468351103694468e-08	9.34759677414898e-09	2.3629364861005162e-08
YLR395C	-15.397724791772616	5.202196034404075	0.002395365259547705	1.3811175537903203e-06	2.0626353389986238e-11	7.127425383515518e-06
YDR107C	-17.232872699380806	1.6589147633904784	1.2926568013203297e-07	1.5930384245780065e-07	2.1644263549739535e-09	5.600825356419726e-07
YGL172W	-15.683648362647729	0.7595509690044913	2.0651941821424907e-07	2.0655950216253145e-07	4.4264502274516324e-08	5.399530102860678e-07
YGL188C	-16.183347389008105	3.6727113375150156	4.700263800448903e-05	6.995011259798038e-05	2.3077784221674168e-10	5.162106836361903e-05
YEL050C	-14.758796278919545	5.325425755070093	0.004304843789281821	9.077435503194363e-07	2.4124825282391742e-11	4.933882911421917e-06
YMR150C	-16.75562479405997	2.7151575858757626	1.7832452028061136e-06	4.2724711396882874e-07	5.640815413840443e-10	2.0684492893784775e-06
YDL217C	-16.473770362522558	1.5549944539018838	2.2743056392176372e-07	2.5021099208142916e-07	5.455156346574112e-09	9.48310285433899e-07
YIL076W	-14.374006152103176	1.399471761234852	1.5546852906942298e-06	1.5261668966680893e-06	5.7880188571253876e-08	5.899875031382646e-06
YGL254W	-16.80408154126124	1.5268893174327023	1.6161033313688618e-07	1.4307464969520086e-07	4.036141810578322e-09	5.642937935530071e-07
YIR014W	-16.895930606312305	0.8893882356288235	6.751084036550826e-08	6.827349174259132e-08	1.063683682497361e-08	1.98412283034631e-07
YFR041C	-16.84726003418544	1.279011218414993	1.0880752547437515e-07	1.0549375690357951e-07	5.847053646656708e-09	3.81893159121097e-07
YHR060W	-16.3210206007723	1.261220681167909	1.799278428115999e-07	1.7394675772754922e-07	1.0191229714974752e-08	6.255072434990288e-07
YGL215W	-16.418140687536635	1.6868683460615037	2.919259577629835e-07	2.8163991189714317e-07	4.607048189994554e-09	1.1531708449978255e-06
YGR179C	-16.43756257082785	0.5698858809506426	8.534205624580898e-08	8.516817191107216e-08	2.840136988311119e-08	1.8450446637894377e-07
YPL084W	-16.70054314903355	1.4186643378389892	1.542417759177515e-07	1.6914464066235649e-07	5.463833087481396e-09	6.237986752363973e-07
YCR072C	-15.218594136350275	3.2024489005074845	2.839422089588979e-05	0.00014258469339229154	2.2265300240825063e-09	0.00031108359272324297
YOR086C	-12.579880065554972	11.029059556830122	0.12803102676495534	3.548352213909154e-07	1.3800633804646734e-15	2.1364067582117317e-06
YLL030C	-16.808552878814936	1.0350941475963513	8.406394000226171e-08	8.22875646683691e-08	9.028855470558908e-09	2.62269512151723e-07
YLR176C	-17.700136829655804	0.6909187765049449	2.613292491048979e-08	2.5959401043978397e-08	6.582278633180977e-09	6.355633874077744e-08
YPR186C	-17.83877324990388	0.14731282247607602	1.80706885965968e-08	1.808861820663299e-08	1.4043620140887656e-08	2.279591157518115e-08
YNL185C	-15.958980308708488	1.4909421209699474	3.584799658924613e-07	3.2578486122483097e-07	9.996106619300266e-09	1.2711083041345713e-06
YPL203W	-15.439104554892038	1.821293654102931	1.0986774901431772e-06	1.0688759952287327e-06	1.0031037548207619e-08	4.45830262946437e-06
YKR051W	-17.054910011451994	0.9772453381348223	6.385998438561083e-08	6.339959419854494e-08	7.852421315663525e-09	1.9617694110010875e-07
YDL079C	-17.096189798867982	0.5832640430629793	4.430298999208911e-08	4.4534891977786296e-08	1.4392310414941872e-08	9.796967102175167e-08
YIL099W	-17.846743811773905	0.25468844409096886	1.8335687527979415e-08	1.8335647755866364e-08	1.1676386625833027e-08	2.6979246009501223e-08
YFL011W	-16.679739088104526	2.08465978022678	5.605179317384446e-07	2.8348702834568587e-07	1.7877851889608448e-09	1.260341369493721e-06
YDR520C	-17.96634625861114	0.6795478767439327	1.9942911777434368e-08	1.9849953311986955e-08	5.150467268479156e-09	4.817073413585093e-08
YDR350C	-17.77083898554811	0.7390812839969916	2.5102782020013615e-08	2.5115357894705455e-08	5.6716593272919285e-09	6.436958984673636e-08
YOR175C	-16.471402928721346	0.7995429940044781	9.597190834476511e-08	9.70202790941488e-08	1.887658844378203e-08	2.6267582681999017e-07
YPL194W	-17.96101926254849	0.3407491996810722	1.6671860486114402e-08	1.6777764189696857e-08	9.035678123919422e-09	2.772186990952729e-08
YOL156W	-16.385077840612922	6.440385210313983	0.008250107731431092	0.022011867972470515	1.6033840541037163e-11	0.06677329853584284
YPL263C	-17.055273527476658	0.6542509921043058	4.912080700649477e-08	4.8541223202080924e-08	1.33534214758827e-08	1.1491719762033177e-07
YMR008C	-16.278078390308295	1.6291604018813668	3.343519568370735e-07	3.0993292683171504e-07	5.858439891347673e-09	1.2623605611067348e-06
YNL150W	-16.86590320502799	0.4503823935905843	5.230283793552776e-08	5.23206201044878e-08	2.2534741708967126e-08	9.909346824460884e-08
YPR175W	-16.363419462920504	0.5907774462307548	9.345771475411801e-08	9.28842770144435e-08	2.9551891242005433e-08	2.0580464638567342e-07
YMR130W	-16.732313094217517	1.658192659638891	2.2972233760563338e-07	1.9450420467209315e-07	3.5089770809048734e-09	7.807428172585669e-07
YMR040W	-16.831186231131852	0.7791665798513948	6.562088348894024e-08	6.648568274681192e-08	1.3604195414561989e-08	1.7680149055263503e-07
YOL080C	-16.369923107406777	0.7240613249689718	1.0188767478009438e-07	1.0066241399884171e-07	2.356989601487537e-08	2.5432286404937644e-07
YDR419W	-17.488351154120394	0.3703788602969436	2.72416153390205e-08	2.717979094533011e-08	1.3805429104329303e-08	4.663711648912631e-08
YPR097W	-17.78488905051998	0.028737740657814318	1.8883311269623624e-08	1.8892922199427006e-08	1.8013188883174487e-08	1.979844392042699e-08
YOL164W	-17.757941677039327	0.2578374012268023	2.009874731407823e-08	2.005818989395902e-08	1.2694778616119716e-08	2.9649862889478688e-08
YIL019W	-16.439964265017608	0.4642899372941661	8.043121812262243e-08	8.050266104481539e-08	3.3694420530098476e-08	1.5498482189776918e-07
YOR171C	-17.387485423613526	0.383225891094258	3.0074307243786065e-08	3.0239154134978584e-08	1.495094024742819e-08	5.274980748654691e-08
YLR422W	-18.284723902580282	0.18888579975216288	1.1660204320391271e-08	1.1662036647207954e-08	8.39410139241382e-09	1.562621739256198e-08
YJL072C	-16.72315681073158	0.8412547274964116	7.735937567310066e-08	7.781397462537379e-08	1.3684651185229601e-08	2.1787967645316247e-07
YKR023W	-17.40175863471157	0.4768476488785359	3.089467733174506e-08	3.103010964732977e-08	1.2633432897265702e-08	6.065132984301648e-08
YOR128C	-13.86624513165698	0.9407686491901757	1.4355368402778364e-06	1.6375644947498234e-06	2.0937213466248995e-07	5.092452053272516e-06
YMR224C	-17.748605280278937	0.6309421461079143	2.3934927810315553e-08	2.381440831309333e-08	6.922409504352252e-09	5.500861940163238e-08
YNL148C	-16.480759978448262	0.816855446479989	9.762251037149e-08	9.490519357686688e-08	1.798715579694371e-08	2.5882198818900116e-07
YOL118C	-16.792165415034816	0.8975037394596809	7.469352792373406e-08	7.536924857384155e-08	1.159333280495537e-08	2.195685190766442e-07
YKL165C-A	-16.8488517343292	0.5033762581118378	5.456871018112623e-08	5.464466321108835e-08	2.10220634378299e-08	1.1012813845537274e-07
YGL110C	-17.51243976083859	0.48678541442851064	2.785779475133212e-08	2.7915764794366805e-08	1.1126196872390503e-08	5.519055372590999e-08
YDL121C	-16.346340618700907	3.6412476344122426	5.584161942652606e-05	7.137677561697284e-05	2.1880538408632487e-10	6.320390718288362e-05
YDL153C	-16.002121888094536	4.187648858882203	0.0002551104782128828	5.093688512052811e-07	7.161481405324125e-11	2.726498751648793e-06
YJR104C	-14.44972335475286	12.645862942091872	0.1308474789318317	0.17130560391130625	2.147366018775972e-15	0.9996751463130443
YDR160W	-18.282904645480087	0.5049108737541438	1.3130547780617188e-08	1.303646900181616e-08	5.001814393290052e-09	2.6314330800990128e-08
YLR052W	-16.123082491388416	1.103634358569876	1.85504974246459e-07	1.8605983289232858e-07	1.6252975107254103e-08	6.222126877329122e-07
YGR182C	-16.484460767497495	1.196811940271473	1.4058066930405618e-07	1.393792498997845e-07	9.643284129171367e-09	4.870500193458421e-07
YJL074C	-11.388731267893673	0.1503792459659305	1.1445113747953073e-05	1.1689939604149126e-05	9.034571641776456e-06	1.4788720356212998e-05
YBR201C-A	-16.838761308136583	0.6849818035204566	6.154427345629424e-08	6.140166662606819e-08	1.5746808110209224e-08	1.496032642612852e-07
YIR015W	-16.738013385060896	0.9043783786538864	8.159785695026786e-08	8.09281614532353e-08	1.21354990767997e-08	2.3781079730192782e-07
YKL068W-A	-16.422541564469412	3.5678657124764013	3.969125408815993e-05	4.4543355254074886e-05	2.1689887226927124e-10	3.761224992515267e-05
YLL004W	-17.490250277268572	0.9862604202617463	4.114698360171996e-08	4.1344090044578734e-08	5.006075020869112e-09	1.2863217579857905e-07
YLR220W	-16.305837944609067	1.9398599972650232	5.102407552116548e-07	3.858912802854873e-07	3.346123618303213e-09	1.6674949974656725e-06
YNR024W	-16.433761124550784	0.8916365686921022	1.086268871510135e-07	1.0814251289326319e-07	1.6799807620368403e-08	3.143502633332532e-07
YJR076C	-14.129067892886068	14.120827168204055	0.16383055072429034	0.2867418757420287	1.6572576706388576e-14	0.999997374031737
YNR072W	-15.938635224804584	2.8988834650300053	8.34340762463441e-06	1.5359868940190844e-06	1.002156521539967e-09	7.963514537963523e-06
YNL326C	-16.935743963514327	1.423818280625265	1.1780494865057359e-07	1.161293515856016e-07	4.214606950571641e-09	4.418278038952129e-07
YDR543C	-16.73109309924692	1.0304103770159123	8.963184406670261e-08	9.225094492562456e-08	9.94613706176097e-09	2.9505474919429407e-07
YMR161W	-16.371567843315646	1.0685693566093137	1.3757608304105648e-07	1.3877379619279137e-07	1.3405287364456036e-08	4.547352967450701e-07
YIL026C	-16.484007609143376	0.01981376166667287	6.937049607877399e-08	6.937001488265501e-08	6.713229509560136e-08	7.16518794880224e-08
YOR194C	-16.435392606996885	1.1531466679263007	1.3996130171987604e-07	1.3993983570951511e-07	1.090414150782443e-08	4.790675184069502e-07
YIL068C	-17.38726044871983	0.02842832167360445	2.8110059522678813e-08	2.8118076963410022e-08	2.6822518615587775e-08	2.945220967291045e-08
YOL009C	-16.73482654630132	0.178509985563733	5.4862163899951656e-08	5.483880946897967e-08	4.023738996139957e-08	7.23909872950785e-08
YHR180W	-16.797199843823165	0.7634306925954888	6.834167817394696e-08	6.720325610778543e-08	1.4373168197916694e-08	1.756414108595692e-07
YIL040W	-16.0899972477866	4.089653583400555	0.0002651028142261197	0.0002856558137880801	1.404105910251415e-10	0.00017520907040232832
YBL084C	-17.186100354193698	0.7963403405140059	4.7393428499630157e-08	4.7084692993552365e-08	9.262181594624953e-09	1.2688664479072614e-07
YDL082W	-14.125443784441087	45.702040826800925	0.37524370092514475	6.070772520386576e-06	3.9296031908100714e-45	2.9433394951058673e-06
YDR272W	-16.452051558961813	2.617834823858153	2.2996822827742284e-06	7.951968631769697e-07	9.33753585476822e-10	3.5521787468019245e-06
YCR095C	-17.030373430891615	0.36679459308053153	4.282901309585787e-08	4.295434541931084e-08	2.196671385420499e-08	7.338132575460895e-08
YNL310C	-16.20077191330418	1.8721430160075399	5.401219675118473e-07	4.833826103290654e-07	4.220229022943435e-09	1.9433012672116893e-06
YMR014W	-17.064733486616007	0.928070380790648	5.9429328641024894e-08	5.91091510774018e-08	8.405778559487954e-09	1.7623343486004454e-07
YOR281C	-16.462281905864785	1.234695682660797	1.5424382342599111e-07	1.4641362089355713e-07	9.244476406792597e-09	5.203363711477494e-07
YLL006W-A	-15.830095895472168	2.6008347288228615	3.092542920478801e-06	4.486551368625683e-06	1.8726872001284914e-09	1.117308031759449e-05
YLL007C	-18.028772931306577	0.4209974320534392	1.61091921538908e-08	1.6164425807993673e-08	7.39861933283951e-09	2.9557722358768256e-08
YPL180W	-17.794029297882645	0.7397886344533818	2.454863100101126e-08	2.440677253789996e-08	5.522105144859029e-09	6.252137469259347e-08
YLR182W	-17.377643586260803	0.6017364775023608	3.417533308684113e-08	3.4001425006548644e-08	1.0536276672110783e-08	7.628638190710187e-08
YPL042C	-16.8170389422241	0.5083254551763745	5.678859640871552e-08	5.659316613731344e-08	2.154297003319745e-08	1.1470964464344946e-07
YPR169W	-15.369752507796148	0.7991929358247267	2.919278839458734e-07	2.860334849836865e-07	5.640033423280429e-08	7.700198875479113e-07
YML074C	-15.523103775668643	1.9356748626088942	1.2519176816144975e-06	5.758559873360105e-07	7.057549099413642e-09	2.553780672498418e-06
YEL039C	-16.1229925391024	3.384455959782582	2.811492050077379e-05	3.777284558657006e-05	4.057376368313087e-10	4.286376324013255e-05
YIR031C	-15.445713487243848	2.6339448591279875	6.097457797584422e-06	1.2548091824610927e-06	2.4351662665951642e-09	6.394096051415265e-06
YDL065C	-16.129942359832768	1.0098965512122564	1.678750164343405e-07	1.6232183622623038e-07	1.870605923079135e-08	5.12042165472463e-07
YJR070C	-13.654879376737155	20.13899765548507	0.24780529343133942	0.39179183145512975	2.497989501837822e-18	0.9999999999470879
YLR072W	-17.45879778047056	0.47056364967642017	2.9177350123008156e-08	2.9240631871788003e-08	1.2066192663626801e-08	5.6742784152004315e-08
YIL032C	-16.853449501236156	0.5534593366849924	5.6119077045911736e-08	5.562414834478793e-08	1.9235133697031875e-08	1.1839634024531907e-07
YMR204C	-17.203762054829696	0.4877893364326911	3.7996555683855153e-08	3.798824407835329e-08	1.512466849243468e-08	7.51554191088458e-08
YMR316W	-17.04204947541548	0.5023270093056317	4.495437160758433e-08	4.501350672270305e-08	1.735884968516274e-08	9.062431578854683e-08
YHL031C	-15.48708259010962	2.2850956669282123	2.3953521944616626e-06	3.992272957366051e-06	4.628023003872987e-09	1.3306584245317723e-05
YCR016W	-16.32498741716809	0.7625603023183704	1.0989013296106896e-07	1.0838334452152657e-07	2.3137468949831097e-08	2.836615737340568e-07
YAR008W	-16.666088004764973	1.61331424332982	2.191201944889947e-07	2.1475048136297994e-07	4.0687392147503355e-09	8.32080721144647e-07
YML035C	-15.21431005487939	0.6088831608532941	2.98685383036847e-07	2.9866712446561503e-07	9.085938849276867e-08	6.761345880348824e-07
YER140W	-17.319571336492302	1.2262162510189938	6.38388793127774e-08	6.202831175999872e-08	3.97778794444383e-09	2.1949826883197862e-07
YOR063W	-13.901109174746308	12.091352849341911	0.12636956007197397	1.7059766238316102e-06	1.277534122942955e-16	9.357367024102356e-06
YMR127C	-16.97025058547368	0.9742862650399376	6.933486708041981e-08	6.790979648663433e-08	8.561118946770707e-09	2.0918295383682722e-07
YGL035C	-17.07662214719383	0.4452265005534659	4.212292599714871e-08	4.233101038258075e-08	1.8422070903305624e-08	7.970345721372559e-08
YGR094W	-11.302103952978724	0.06480554600139475	1.236360056248795e-05	1.2371432852250322e-05	1.1099459155072926e-05	1.3731391995085706e-05
YDR122W	-17.987930833545036	0.028560538347204397	1.542445802996824e-08	1.542116057427646e-08	1.4707446308263374e-08	1.6155658460821435e-08
YMR278W	-17.550891099985876	0.38214253475627286	2.564761275512549e-08	2.5648441224695256e-08	1.2719704579738609e-08	4.46905744119876e-08
YAL042W	-15.339253151244703	3.6395557893697768	7.899449520266445e-05	0.0003319683834170776	9.350725306821422e-10	0.0004833572971002827
YBR188C	-16.365279878672283	1.00948846583033	1.3020127057995993e-07	1.2979271088008056e-07	1.4817337005892131e-08	4.0966000038859286e-07
YDR304C	-14.602222166890696	9.042134641192977	0.05646173359587459	1.5738293331608756e-05	3.8268046944701446e-14	3.395293858697455e-05
YMR088C	-17.166123601528653	1.5129057459943576	1.0538258314638006e-07	1.0524550590030435e-07	2.8968507867105657e-09	4.1025026192007827e-07
YIR036C	-16.508123614382185	1.2436326113070066	1.523375024644707e-07	1.451887197166397e-07	8.735722998234675e-09	5.184912440266185e-07
YER119C	-16.310537648380688	3.6529162739522527	5.6109840860105e-05	5.111370643557245e-06	2.1113181247982805e-10	2.1660168829710163e-05
YNR075W	-17.221580578269624	0.744780099733063	4.3788769890127706e-08	4.316703339229272e-08	9.685109380374022e-09	1.1080298254377464e-07
YBR166C	-16.260918828463403	2.1094052922866395	7.295478169849735e-07	5.89920964747237e-07	2.6978365967070713e-09	2.6038164131290655e-06
YHR214C-E	-16.846644121826813	0.8491259915363355	7.017766486205184e-08	6.924399278180984e-08	1.193934912208454e-08	1.9507880968180879e-07
YMR155W	-17.732634408596624	0.28634361478603154	2.0715302312895834e-08	2.073181629932235e-08	1.2423704933151327e-08	3.186972426701678e-08
YDR332W	-17.91033520532872	0.49648556534497534	1.8872175743289955e-08	1.884195511537419e-08	7.355402225545916e-09	3.766899211069841e-08
YPL101W	-16.87138747827774	0.5140928145419618	5.3481497407401246e-08	5.3586177364170554e-08	2.0177510632348463e-08	1.0922713521383387e-07
YOL124C	-16.973828663373553	1.006090261932971	7.036593640898312e-08	7.058009810946974e-08	8.121008974100694e-09	2.223871345127303e-07
YML070W	-15.886237372463055	1.3904486702733923	3.421717550925701e-07	3.106452724664929e-07	1.2719228886315281e-08	1.1824186117645543e-06
YDL160C	-13.94483938325102	6.8282875193542685	0.02196775588541727	0.054850679246894594	2.562232144663744e-10	0.44758970517229146
YGL058W	-15.095945323651177	11.545545372008759	0.09693792210378657	0.13585539513863376	6.274054818873168e-15	0.9964988807446122
YKL047W	-17.847979072620348	0.08105631346095363	1.778797827916612e-08	1.7788766963430878e-08	1.5517245075123026e-08	2.0256825507400957e-08
YOR191W	-17.580347691540013	0.44594565966350447	2.5926066272772384e-08	2.553078223246897e-08	1.11108953279125e-08	4.808233975088402e-08
YJL048C	-16.408857287774282	2.7375931929936765	3.422639061871672e-06	6.092805736403713e-07	7.651482838777006e-10	2.9247289351906304e-06
YBL039W-B	-16.809254259242863	0.6969011661305695	6.354072139285792e-08	6.389411215027668e-08	1.592091869881892e-08	1.5765184607335312e-07
YDR339C	-15.817694012767587	6.713876003444702	0.010478921349248861	9.463810317936275e-06	1.1327438643365276e-12	2.5273758664887166e-05
YJR150C	-15.997998351442929	1.2925596024390094	2.579909651953881e-07	2.736632079578644e-07	1.3534713060062055e-08	9.913345842366454e-07
YEL020W-A	-15.815856884881923	2.3427764591227453	2.1335022734059974e-06	2.4964147925636316e-06	2.9113593993399905e-09	7.58274886211065e-06
YKL015W	-17.742506467003096	0.7874561694092119	2.663957663365062e-08	2.677522871616746e-08	5.3879332373943715e-09	7.159723930481241e-08
YCR018C-A	-16.871242065703683	0.6186738993030952	5.6429247088796804e-08	5.703858589078872e-08	1.7018945334678415e-08	1.3028446344110158e-07
YNL234W	-16.972013932791725	0.6802674667120922	5.336861504837838e-08	5.299566702157708e-08	1.382935318347347e-08	1.2810509965635089e-07
YMR236W	-15.488972162079518	3.3978762240270006	3.874394492467655e-05	1.023313428261768e-06	5.459647976455579e-10	5.2853590455947135e-06
YHR033W	-17.13120268671699	2.065274852307818	3.0851063046345096e-07	2.4151652240114754e-07	1.207014313860377e-09	1.0156362447746972e-06
YPR047W	-17.071742658496788	0.6518802035914731	4.723647542507801e-08	4.7442204966671594e-08	1.3159147565881238e-08	1.1189760159001977e-07
YOR011W-A	-16.73794176082518	0.7356157731378241	7.100260093838406e-08	7.035191003472452e-08	1.602396040388542e-08	1.798016712991397e-07
YBL091C	-14.769540751259028	2.9496011773683355	1.881008202771932e-05	2.88938159539678e-06	2.7512600975029302e-09	1.4047847280171177e-05
YMR096W	-15.370227268687087	2.572811192135045	6.091040021805235e-06	1.0420786088620206e-06	2.7788847217693718e-09	5.112897175597655e-06
YJL179W	-16.521426266809414	5.062497336167351	0.0006282871687393794	0.0014837381891668004	1.8686119443079797e-11	0.0005498970719303701
YBR198C	-16.878413721869222	0.457292782441964	5.2046224185317223e-08	5.190096978447694e-08	2.203477090657395e-08	9.912192578233302e-08
YGL106W	-13.597244273093748	4.616762395680726	0.0036551839629762185	1.120421120594668e-05	3.6237778675050763e-10	3.69334905729019e-05
YGR016W	-16.8245219481403	1.6261599016370112	1.8816934954212696e-07	1.9523141532773402e-07	3.4088353647961015e-09	7.406631700313233e-07
YMR016C	-17.95579497815268	0.24183227314134528	1.637223171784009e-08	1.6390376505468487e-08	1.0689675556152378e-08	2.369529104965505e-08
YJR069C	-15.98483018544428	2.0039951902242756	9.800842757172319e-07	4.086765609090471e-07	3.991686706260669e-09	1.8244499768022468e-06
YKR066C	-14.369556735088919	1.6559390608812012	2.2264984911465684e-06	2.249732097536461e-06	3.881844583670361e-08	9.507187303041408e-06
YNL037C	-13.500421318088412	9.535243301912768	0.08047133493718364	2.0242778390245203e-06	2.420585242279566e-14	1.1083001321486076e-05
YPL191C	-17.244393498164555	0.6871412872399184	4.057127127551924e-08	4.108293128101159e-08	1.0470369407744411e-08	1.00403318543441e-07
YGR070W	-18.47074475664047	0.3111182600327692	9.976709500328183e-09	9.97748619459712e-09	5.698737981979443e-09	1.585213003570693e-08
YNL219C	-16.599433365824737	17.853399370825723	0.17532964727814726	0.37847088949294283	3.570050336928454e-16	0.9999999935153094
YOL077C	-14.142585154398331	3.800522699148521	0.0007008608202403726	0.0009036558640008725	2.37292384553589e-09	0.0011795202873650559
YLR074C	-14.585510324549615	12.828427048004952	0.13136496941322168	0.17449044807605732	1.508403443692844e-15	0.9997470750542252
YMR064W	-17.916072884684382	0.7149538186471371	2.1374270967107494e-08	2.132971855102884e-08	5.103748441912669e-09	5.3446993391864854e-08
YBR043C	-17.64097761562951	0.35211788582794146	2.3164702135175206e-08	2.3207069566651694e-08	1.2219912439146097e-08	3.892005237977447e-08
YBR049C	-17.725434341112106	0.7233433446054933	2.6060169950005582e-08	2.608020132480937e-08	6.0979787823574205e-09	6.594776673604908e-08
YMR047C	-17.595093512333918	0.24038974498237556	2.3504672618097755e-08	2.348177324946129e-08	1.5363128560854943e-08	3.386733228531979e-08
YPL248C	-17.77551573095225	0.7555392567567306	2.5043924489336338e-08	2.5191252978233025e-08	5.48100181028065e-09	6.542558722587985e-08
YNL323W	-16.752169854233927	2.0068394743359965	3.9665525470873687e-07	2.721242392089865e-07	1.916783862122616e-09	1.1836845623047077e-06
YJL080C	-13.951005750344121	0.6461285746077811	1.0740794327289347e-06	1.0166643522902956e-06	2.942963957441571e-07	2.3392207252249174e-06
YPL192C	-16.790621490851464	1.0717765276416324	9.034215477676882e-08	8.97657756161276e-08	8.72489098435164e-09	2.940274971089246e-07
YCR088W	-15.485121836719555	0.6895931868391616	2.4236897144157055e-07	2.3816597244726026e-07	6.043574361167737e-08	5.829409465483509e-07
YLL027W	-16.06235932460659	3.581068317609971	2.624527197551604e-05	1.573845924197199e-06	2.5187784010648033e-10	7.554957867935328e-06
YMR028W	-17.16384148636351	0.5395183049311018	4.0622635292916347e-08	4.061672372653654e-08	1.4455465288545524e-08	8.521573423668678e-08
YJR162C	-16.623267314535752	1.1910253775199064	1.210282771844155e-07	1.2306028595792808e-07	8.506274379763743e-09	4.288462165758436e-07
YFR025C	-16.47643046712001	1.8903443879540744	3.810981141454667e-07	2.66766805089732e-07	3.0162446794570793e-09	1.1573616640329248e-06
YNL331C	-17.10440245198768	0.7647762639760524	4.995691043536287e-08	4.99664670440955e-08	1.0599783457704776e-08	1.3106184243539169e-07
YOR148C	-16.74491462407714	0.7898457370590716	7.29100680672519e-08	7.235746714408315e-08	1.4516578839447886e-08	1.936871634998584e-07
YDR012W	-13.348272230688236	44.86728177984234	0.37753096545756726	0.5844765449208279	5.753849995605338e-32	1.0
YJR050W	-16.670338694174262	0.7897686737638873	7.871865187001513e-08	7.838048931906386e-08	1.5682131482797596e-08	2.0998022015159635e-07
YGR197C	-17.545315282558278	0.2850215225083535	2.5037537263060673e-08	2.49927973606371e-08	1.501575906777882e-08	3.833428713852259e-08
YJL002C	-14.787123964700369	1.5812364390114433	1.2799606289239322e-06	1.1570324820896571e-06	2.815132077742122e-08	4.800567036488035e-06
YGR170W	-17.936065423033853	0.3167078925577852	1.6979788113465555e-08	1.7070701018983363e-08	9.642950837588859e-09	2.732130613444855e-08
YOR389W	-17.627270182908234	0.28705878361965864	2.3019693490199578e-08	2.3042449712015207e-08	1.378793773556301e-08	3.545261889655923e-08
YGL037C	-13.946745212911265	2.068331427601293	8.076140424749501e-06	1.6975802837535669e-06	2.450254005699056e-08	7.221136426589972e-06
YMR108W	-13.11669851124425	3.0368483312739074	0.00021532285487529547	2.5441010238829894e-05	2.0475987420156158e-08	9.717860716371297e-05
YNL300W	-16.17192334195059	0.5904100949891956	1.1112766505342172e-07	1.1274034988338035e-07	3.584464071362296e-08	2.500350577263912e-07
YER070W	-10.936271191175548	0.38049162177659207	1.9067082582872153e-05	1.8926211895055106e-05	9.765990431618705e-06	3.1973859162570095e-05
YER113C	-17.98680181612943	0.46282668839872615	1.726924588305917e-08	1.718072589248526e-08	7.207560490305628e-09	3.304259405725664e-08
YDR482C	-16.628389667305584	0.8817603103339906	8.753697690959866e-08	8.874460274070018e-08	1.4075162942461882e-08	2.5640321800972353e-07
YGR180C	-14.61599952134675	12.88029170085832	0.13219676672177422	0.22613279274501447	1.538813426138073e-14	0.9999449644340509
YCR097W	-16.63149759874139	2.194927350239465	6.422232898012319e-07	3.5011396726522793e-07	1.5621581948060132e-09	1.5579416054993733e-06
YMR031C	-17.236044482685614	0.45591974015276315	3.618079491090235e-08	3.6184959475145103e-08	1.5421929098579952e-08	6.896129108344136e-08
YNL186W	-17.341968067376712	1.47660457991186	8.730826099396669e-08	7.23977697432091e-08	2.525261995917795e-09	2.815014891238936e-07
YPR021C	-18.025075656966493	1.0025119747811664	2.41381510827203e-08	2.454581511774535e-08	2.8550620347884187e-09	7.714467299409163e-08
YAL041W	-16.992285200533644	0.5733752827920583	4.8792472551246404e-08	4.918976879033522e-08	1.624521878445103e-08	1.0714279876390491e-07
YBR094W	-17.141707283350826	0.4494793395510441	3.941679382021422e-08	3.96091017165404e-08	1.711616373028671e-08	7.488108800861942e-08
YIL122W	-17.100405870479136	0.5709219315457279	4.3343847986234595e-08	4.4050287746748326e-08	1.462598992134726e-08	9.568797255880923e-08
YKL183C-A	-16.464306270144135	1.2422279365881534	1.5156750358278664e-07	1.4012603999459138e-07	9.021734385492194e-09	4.9817070577658e-07
YMR289W	-16.99351226536308	1.155332972665067	8.081310963881391e-08	7.647463318467824e-08	6.1492542876519464e-09	2.6078105819773636e-07
YCR082W	-15.884585637971396	6.42883922607857	0.009376919095405924	7.663036090779643e-06	1.7223777301907087e-12	2.0553972840956113e-05
YEL072W	-16.870466280867532	1.1592176849970688	9.325272131927814e-08	8.805394360276506e-08	6.9354985816805044e-09	3.011875150187192e-07
YKL102C	-16.86985410158448	0.3962663701801883	5.1183367416009826e-08	5.092053780747122e-08	2.4539876864807616e-08	9.026225674295889e-08
YBR163W	-17.660298638286605	0.8569083484449701	3.1626615386611535e-08	3.019595275940133e-08	5.181819454883133e-09	8.509394857393013e-08
YJR133W	-15.61233725776472	2.6612309101858487	4.896775020491001e-06	1.103904671691151e-06	1.9119627022415413e-09	5.309521729731223e-06
YNL075W	-14.648805202109726	7.458264979526536	0.028861611434166698	0.04841076287395008	8.548577599295645e-12	0.3704260695466895
YKL109W	-16.870397105515423	0.5794087943401464	5.547741451738096e-08	5.536676478695498e-08	1.810255757119829e-08	1.211105830917293e-07
YDL075W	-13.604727535080384	42.537457138059686	0.37835593005613044	0.4396724143718099	1.737790257670635e-35	1.0
YNR065C	-17.85980507029379	0.5245530730360776	2.0158981606741402e-08	2.0088004643184826e-08	7.387210607976393e-09	4.142206874662911e-08
YHR015W	-18.121486198747135	0.3800836917146461	1.4531637187482948e-08	1.4494278020394361e-08	7.213449414107873e-09	2.5173387933205325e-08
YLR143W	-17.082074079423165	0.44050682486455167	4.201091130197778e-08	4.198145237137226e-08	1.8464847147362657e-08	7.860222472713832e-08
YPL004C	-14.023861802075045	7.182290878463306	0.030002140526503334	0.05362932199706127	4.0929286915265476e-11	0.44781608457241606
YCL035C	-15.52815469765592	3.1622665409289175	1.6921156366395847e-05	3.3721375683876326e-05	1.0608565759510504e-09	5.036179974220902e-05
YDR092W	-15.803766197824372	15.145238713678825	0.15231165537456878	0.19956003286185453	1.0776332244602406e-17	0.9999852034634747
YBL055C	-16.801533913830283	1.5067956084721676	1.5432957978656757e-07	1.291521978496431e-07	4.132966784291068e-09	5.073330012025971e-07
YIL086C	-16.868550392472372	0.6364061045859685	5.77290783353744e-08	5.73342022771576e-08	1.650686861840522e-08	1.3300395853638986e-07
YDR216W	-16.715863276921283	1.3420758250412943	1.3772861718634308e-07	1.260796220622644e-07	5.9963162719027205e-09	4.6901891237760493e-07
YNL229C	-15.37443427625949	14.840244808717573	0.158933439307384	0.26847154044245053	6.373177638441276e-16	0.9999975217724463
YJL008C	-11.772018138444038	4.9658557224135995	0.012224014410186447	0.026769937185071622	5.7309396251378263e-08	0.12022612868429378
YDR435C	-16.997709328214825	1.2908574349427622	9.743338604621538e-08	9.085130233568946e-08	4.9228101666696915e-09	3.3078298435741595e-07
YDR448W	-16.19485022748377	1.2311629237506172	2.021257229014546e-07	1.9577491220310552e-07	1.2197441793164747e-08	6.962814643314754e-07
YGL238W	-16.40655455376762	0.7523761482032482	9.78266106397616e-08	9.990960344926247e-08	2.1764563765635016e-08	2.5960435597702454e-07
YKR031C	-17.378909226864565	0.4103719231997564	3.07866121695498e-08	3.074906839240479e-08	1.4401600834236045e-08	5.544900858397044e-08
YFL016C	-15.159842623726218	1.6065257346288937	9.994138985702998e-07	7.921462980295363e-07	1.8459958891432083e-08	3.3052578726344095e-06
YGL021W	-17.421303045172664	0.532581921822795	3.11419560804507e-08	3.1274851781562915e-08	1.1302593484930283e-08	6.512683308808228e-08
YBR247C	-13.554889243104482	4.799883369039357	0.004969626596904161	1.6337157775542305e-06	1.9225533717329396e-10	8.585165448843217e-06
YIL014C-A	-16.52311034444645	0.8939554471894331	9.807028054768649e-08	9.89615483994967e-08	1.5283434992634067e-08	2.881634395356962e-07
YNR035C	-13.668098119212301	2.232222548821796	1.413874928574761e-05	2.982064985538625e-06	2.5726154179633183e-08	1.3054809116252191e-05
YHL002W	-16.135854243556608	0.5182842855574389	1.1282605571569702e-07	1.1241304648900734e-07	4.188183927161021e-08	2.3043541127091049e-07
YER090W	-13.647406448211042	5.039657329323257	0.005935149998476106	2.2562338922860322e-06	1.2631084875637064e-10	1.187541226002699e-05
YER128W	-16.831182463553688	1.3998655201627743	1.289858293513752e-07	1.3375448756597083e-07	4.911573195204219e-09	4.990628428846777e-07
YOR145C	-14.421544425110552	4.1373010894037705	0.0009955560686982544	2.274907541177703e-06	3.7755599131383616e-10	1.1541313462753525e-05
YFL051C	-16.868550392472372	0.8364850782068085	6.699547939147151e-08	6.453805837924568e-08	1.176750686271368e-08	1.7813063091236783e-07
YLL011W	-16.298180621314515	2.6463887527984222	2.858238449638022e-06	9.769862303907985e-07	1.0609510639624043e-09	4.765543512156954e-06
YER086W	-13.584768025620361	4.1093688743040095	0.0016670096733837653	6.289612533048854e-06	1.0721612427131535e-09	2.977292231519432e-05
YNL096C	-14.532705505998093	28.62401317609383	0.3109157704295299	0.40824623192523424	1.6175837687510154e-25	0.9999999999999998
YPR091C	-15.673812783156974	0.7150205061919329	2.032316557472797e-07	2.0220419986257696e-07	4.815446215632182e-08	5.078633837292721e-07
YIL136W	-16.325130743113533	1.4465457253772276	2.3406920788842063e-07	2.1391640850586067e-07	7.458541659580655e-09	8.248104519459047e-07
YIL014W	-17.596999693277013	0.41405375662085686	2.486619243859202e-08	2.4802798796907105e-08	1.152478404349813e-08	4.4942422530611946e-08
YKL195W	-16.207034095969703	1.131434927534435	1.7273755921174295e-07	1.615141881655523e-07	1.3995938057373277e-08	5.423600189451684e-07
YMR097C	-17.102266499635135	1.157785211473573	7.29214800888978e-08	7.220779251442595e-08	5.544344954451887e-09	2.4778121660607746e-07
YOL112W	-17.0525223941884	0.7548987416222873	5.2963132336693226e-08	5.2330863934920834e-08	1.1347095442502098e-08	1.363112470802858e-07
YFL050C	-18.33692887750729	0.3179049952828483	1.1459438790080142e-08	1.1425512173704791e-08	6.439024959126145e-09	1.8315602184938373e-08
YDL035C	-17.952082539392705	0.6523111760590121	1.987454829042763e-08	1.974603739573152e-08	5.458154694427911e-09	4.662441689721539e-08
YER012W	-13.380374009671142	8.03900247288901	0.050514089415389825	0.0739782773202333	9.235886954531837e-12	0.7581809517820882
YJL189W	-15.750772122127456	6.840527222141833	0.012265537218187949	0.014742566090335718	2.1600292695426464e-12	0.01623378159300172
YGL034C	-16.89266218631454	0.6136805756391726	5.587356993897569e-08	5.558778808031195e-08	1.677918093125093e-08	1.2623210420634431e-07
YNL147W	-14.30062052986723	10.633723812957331	0.09526853061229831	0.11476473361457024	3.586726536832542e-14	0.9863528013274764
YKR022C	-16.615422244118946	0.26985033053185126	6.310671729016142e-08	6.30094621357665e-08	3.89814438174081e-08	9.46742734969211e-08
YNL286W	-16.741954449557653	0.8342130448843222	7.569066203769064e-08	7.549940538368473e-08	1.3550057404488248e-08	2.0995382948477934e-07
YDR262W	-16.606313511169702	0.49613454641755417	6.934264886209339e-08	6.93150003996308e-08	2.7113579465749532e-08	1.3847561118980533e-07
YDL233W	-16.855004442121555	1.591517083470695	1.6615548685702072e-07	1.9388149575219698e-07	3.5180692813397254e-09	7.135769538338661e-07
YHR145C	-16.816280598658324	0.6301876771843596	6.028112093627289e-08	6.064111592572522e-08	1.7625389794799134e-08	1.401359540981118e-07
YGR098C	-17.354761769304588	0.3202406973577833	3.058102544539688e-08	3.0488492455395054e-08	1.7110113605954644e-08	4.901929410913834e-08
YPL077C	-16.679174444777146	0.9681211785732271	9.077721202341933e-08	9.164116951852358e-08	1.1606513086840353e-08	2.8181857808061535e-07
YLR224W	-17.13336696926197	0.7464136929198344	4.7566823244639664e-08	4.791776120733196e-08	1.0612948715717982e-08	1.2383092779854946e-07
YOL136C	-16.452525299312384	0.6613536553180407	9.117242328551876e-08	8.908996420395885e-08	2.4115076623186507e-08	2.1243660358711364e-07
YHR170W	-12.830661703549778	22.802418311326264	0.2814748781226696	0.5161983400702458	2.1557760754654573e-16	0.9999999999999567
YGR288W	-17.234295607916266	0.39105693163229255	3.5152525171813316e-08	3.534892307249928e-08	1.7202757479335092e-08	6.227868184188964e-08
YNL072W	-16.713020368618146	2.1562136417635656	5.457562801869935e-07	4.1767436017185144e-07	1.5784605009964124e-09	1.732083511731453e-06
YOR079C	-16.818664390689065	1.6605104778474216	1.9003781022315032e-07	2.1998517253424404e-07	3.2492845248698514e-09	8.166132103208749e-07
YGR231C	-13.497046723475433	4.436877224230148	0.0019195905062450295	0.004638830908122404	2.2277193886370564e-09	0.006844849072221519
YCL064C	-15.000258176304852	1.2308511682708114	6.33344354170529e-07	5.411508297313557e-07	3.8972220232762434e-08	1.8872539741244268e-06
YML060W	-16.98659886590829	0.9758420247149109	6.735238891678649e-08	6.755781759559163e-08	8.427005401888475e-09	2.0890764136072436e-07
YMR157C	-16.505071360174753	1.7000682716546196	2.922031129360956e-07	2.607602679191397e-07	4.121436475485151e-09	1.056860631340153e-06
YDR155C	-14.028240432738313	22.724326421270142	0.2800807975612588	0.35084502443337245	1.1150273608775747e-21	0.9999999999957696
YDR240C	-17.174608259732125	0.5857492824208544	4.119714091500195e-08	4.116975721077463e-08	1.3240048390963768e-08	9.078055307738665e-08
YOR324C	-16.868766916807346	0.4882957392783755	5.2527441104915734e-08	5.3152786383794404e-08	2.1125659523745678e-08	1.0531402681494121e-07
YGL243W	-17.266483537875303	0.5553919111920081	3.7007132073175114e-08	3.6936890251703794e-08	1.2697496892860927e-08	7.886330584074237e-08
YMR133W	-16.94570247016307	1.0142808590859784	7.274110401196319e-08	7.215699120712295e-08	8.214175100184888e-09	2.2810111661146709e-07
YIR009W	-15.88346631179702	0.9915811279304437	2.1034882070687036e-07	2.0021844997183257e-07	2.451202023326477e-08	6.209480624923325e-07
YNL223W	-17.222879822970555	0.856985569881714	4.813769620848359e-08	4.7603013162926047e-08	8.06821720400565e-09	1.3472560379026064e-07
YOR233W	-18.48127874936543	0.19137027151877273	9.607914448081468e-09	9.585357407376295e-09	6.868072885640008e-09	1.2890339488492335e-08
YMR011W	-14.098141130883233	1.4711700200681068	2.165421575324488e-06	2.7206360760691728e-06	7.193230052248044e-08	1.1324129121086214e-05
YMR009W	-16.249272506182734	0.6963521291228805	1.1138069612132844e-07	1.1002564039839123e-07	2.768024134466473e-08	2.6996609266346157e-07
YHR209W	-16.67537862367388	1.4096082817407332	1.5103841948131222e-07	1.39028444702707e-07	5.559999606469617e-09	5.294862046193502e-07
YDL145C	-10.716183601537706	1.0550273089385962	3.869329439845736e-05	9.021915429695784e-06	2.1919365130990325e-06	2.0011877672500054e-05
YOR001W	-16.846750711623102	0.23753286535352297	4.962239215232237e-08	4.964789307442825e-08	3.264794659853798e-08	7.132509180568691e-08
YGL098W	-16.672176671964536	1.3047974373907067	1.3104177111539157e-07	1.351457794523629e-07	6.717685655392594e-09	4.935429568537049e-07
YLR320W	-17.75076522559648	0.025337024365008433	1.9544973221422736e-08	1.9546833848140684e-08	1.8742272680964575e-08	2.0371534386736095e-08
YML123C	-12.763209953097613	12.160696043110041	0.14695535842957513	5.152792722679676e-07	1.5455721281168772e-16	3.0364065101088924e-06
YHL006C	-16.679503746848425	1.3079251875114895	1.3199795946956354e-07	1.3595863997438704e-07	6.634422237484986e-09	4.955739272602835e-07
YML055W	-16.10912330643005	7.606921952237989	0.019766776989834662	0.02947503587962666	7.337621439567739e-13	0.10230713590139794
YOL020W	-16.611041307209945	2.2519934276024434	7.576116665492716e-07	2.5568390557281207e-07	1.3888793476304618e-09	1.189809402586751e-06
YOR372C	-17.550942684648163	0.35840013190249714	2.5343634629247983e-08	2.5442717887977932e-08	1.3226126437942152e-08	4.3004514744293447e-08
YGR033C	-16.16698506955545	1.1057620326278015	1.7335315671936201e-07	1.7819794493267026e-07	1.5473221163471704e-08	5.965386426619873e-07
YJR126C	-18.319523540464417	0.40569072949280094	1.1954860682196023e-08	1.2011943087500939e-08	5.673159957174778e-09	2.1551382150362157e-08
YLR165C	-16.17314325094847	1.3144156506221976	2.299229812297153e-07	2.1933926362965288e-07	1.0845485880822803e-08	8.070288194798842e-07
YBR231C	-16.5537632434214	0.7131598673602096	8.236180184070876e-08	8.176623533664832e-08	1.9831082942375515e-08	2.0341271104290236e-07
YOL087C	-18.465152546320297	0.010091214745491682	9.565122693165563e-09	9.565513572195801e-09	9.407559716654406e-09	9.724970181451704e-09
YPL120W	-16.61741578165018	0.5144388429340317	6.869048305608424e-08	6.899144098283914e-08	2.5975319668839276e-08	1.406565714136227e-07
YCL010C	-15.675954800747787	1.4397321251278001	4.341932705756485e-07	4.420993431425304e-07	1.4604162533905885e-08	1.6887505080912287e-06
YKL018W	-15.386239155480508	1.752983711389365	9.6720843882182e-07	9.705847700919006e-07	1.1759376465118214e-08	3.998002206979549e-06
YGL255W	-16.06374304524141	2.739164086438322	4.2903753265152435e-06	1.8772742799715811e-07	7.999136023593804e-10	8.693914032694774e-07
YGR112W	-16.720088060575293	1.7851501995294967	2.823514792166996e-07	2.3757689061091866e-07	2.889131744287549e-09	9.695595871108705e-07
YPL113C	-17.176782494084165	1.1788882028146948	6.825958021965316e-08	6.674331494537431e-08	4.951588627473878e-09	2.3097856781391328e-07
YIL102C-A	-16.6217912824588	2.0857889244970083	5.229182669337421e-07	5.771435584224218e-07	1.9616057944172097e-09	1.9702640508763787e-06
YLR086W	-18.30348262270236	0.016061923907555675	1.124381562380426e-08	1.1244862185582101e-08	1.0950245857182658e-08	1.1544149774588274e-08
YKL023W	-16.32782075942012	0.9656443787446286	1.262686650685835e-07	1.2643659262574902e-07	1.645803157561627e-08	3.860944664354798e-07
YNR056C	-16.820519362060423	1.7377234811630105	2.2693662703927717e-07	2.566139864378431e-07	2.873054022645777e-09	9.599710234927834e-07
YGL070C	-15.664650800689541	6.397661904726253	0.009565651391299786	0.012361103444365302	5.992515273236401e-12	0.013642992390147575
YOL106W	-16.871242065703683	0.6548494746006394	5.79874805226994e-08	5.826658002765376e-08	1.6018939725773437e-08	1.3798321421072325e-07
YPR100W	-15.553411256952314	2.8796562478379926	1.0835454577169847e-05	1.567093967504136e-05	1.6444944959604663e-09	3.225309953351776e-05
YDL159W-A	-16.83268507397659	0.8074187288861505	6.816666056068148e-08	6.782670337479248e-08	1.2966973270500553e-08	1.847042174596189e-07
YNL318C	-17.74651387602424	0.5347802876868348	2.2523440969427346e-08	2.2629269501014807e-08	8.135210629560933e-09	4.725652625864623e-08
YHR137W	-15.895578960663626	1.3550348195164057	3.1951089344784595e-07	3.0816796729058113e-07	1.3446282762028227e-08	1.1580601678942027e-06
YNR048W	-17.159559586224333	1.1929501216266698	7.063349309000578e-08	6.983388144594597e-08	4.9313802400284494e-09	2.4359914497206295e-07
YIL072W	-17.893058385519183	0.44405304239304105	1.881462220868864e-08	1.8705887940781967e-08	8.164177234513705e-09	3.516138099949469e-08
YOL102C	-16.573841327809333	1.2075441075068478	1.301506002257671e-07	1.3344326032178515e-07	8.714511106599163e-09	4.683973958674052e-07
YOL004W	-17.21527128003909	0.9150711657017543	5.053114493890463e-08	4.9820575946519e-08	7.376816591253877e-09	1.4691083302024164e-07
YHR119W	-17.72538234850181	0.5615986466122733	2.344724465766737e-08	2.348854069412029e-08	7.957171882291868e-09	5.053124816908511e-08
YDL078C	-14.949359594212366	1.0160312020969948	5.378051555052149e-07	5.248957000778568e-07	6.010347606433652e-08	1.659629062824468e-06
YDL048C	-17.43962758071646	0.5862370171075277	3.177103409857427e-08	3.167342992701782e-08	1.016854535016706e-08	6.989815072935693e-08
YDL057W	-17.16607155804448	0.3987212392273301	3.7853829883609284e-08	3.792592716480189e-08	1.8186398152600648e-08	6.743488331421593e-08
YDR073W	-16.69944819772425	1.2474677795125488	1.1830548778497866e-07	1.198767296164996e-07	7.154811934526348e-09	4.2832756179476166e-07
YER069W	-14.674686139748884	3.1210333468741753	4.3784670544464355e-05	1.809257399139572e-05	4.091909655489343e-09	7.516499820267472e-05
YGR191W	-16.195090564805653	7.278799849289533	0.01580291556070422	0.0478838843399871	1.7523776420357716e-11	0.3518134570843627
YHR150W	-17.46798936616031	0.9507558500320435	4.1142173232451296e-08	4.082068708395826e-08	5.42662203446331e-09	1.2405900836420052e-07
YJL144W	-16.669613488157466	0.5844071481781099	6.813291839295383e-08	6.836491614622587e-08	2.202819704434012e-08	1.5065330571663174e-07
YAL048C	-17.830937723011814	0.18989082136188268	1.840780695941419e-08	1.8364534851069105e-08	1.3196668896191428e-08	2.4647901096013936e-08
YKL149C	-17.000767339771485	1.5156392310411226	1.2884626742902839e-07	1.2985167064680567e-07	3.418923615640695e-09	5.005315937467229e-07
YPL224C	-17.51712482075598	0.32672904653718243	2.604399618650181e-08	2.603840793767274e-08	1.4420968889278873e-08	4.224975924539818e-08
YER042W	-15.692345748925801	3.007820287187255	1.874744013740528e-05	1.1756063201854753e-06	9.588934315857325e-10	5.767024922465971e-06
YKL058W	-16.244660318764346	3.125107855444455	1.4684593121748317e-05	1.5731737806108928e-05	5.422222936267847e-10	2.372618267079762e-05
YIL114C	-16.79776329616398	1.4859258710819592	1.5364843247836835e-07	1.277741802508454e-07	4.294907603127011e-09	4.991306469432058e-07
YCR028C-A	-14.002319049622384	23.217061099758304	0.2662031681788396	0.34230999213127106	2.8975996156565817e-22	0.9999999999973084
YOR332W	-13.610056943384917	13.495080400712169	0.16488001599072397	0.22996935698270146	4.0856589962565264e-15	0.9999819266553712
YDR059C	-15.906471738440088	3.6526434695225327	9.497097924812433e-05	0.0001097130748394759	3.4137337930991816e-10	0.00010196485274540765
YBL002W	-14.308380741517977	30.615528807192334	0.32101583334155487	0.3963453427916696	2.4115055235148032e-27	1.0
YJR025C	-15.390517602261026	1.948933630489717	1.4146803466499259e-06	1.1052405581276273e-06	8.336007518303216e-09	4.637790976592633e-06
YKR081C	-13.596407062251457	1.1985970421300414	2.5090586672843315e-06	2.2417882014580993e-06	1.700392944528656e-07	7.743852494087556e-06
YCR089W	-17.873392510745163	0.2812648755480351	1.784652744892677e-08	1.7960111977962244e-08	1.0873215193174243e-08	2.7405500952672418e-08
YPR122W	-17.47543089617939	0.5818206536884528	2.9943147157549924e-08	3.04900882697326e-08	9.882451537102111e-09	6.701451196106412e-08
YOR221C	-17.004026451519877	1.8059016678777293	2.0480778916867805e-07	2.0003997476394303e-07	2.1079281042174333e-09	7.926914566590645e-07
YKR037C	-15.879767239291324	2.6772037046518222	6.349575570601682e-06	9.347744803380593e-06	1.7127915099444258e-09	2.5296993746719526e-05
YLR226W	-16.622248674474378	0.6474642372163417	7.491797602125226e-08	7.450201446524216e-08	2.0820986798162988e-08	1.7522531677239978e-07
YKR082W	-18.088987655655004	0.009830584103269988	1.3935734410096371e-08	1.3933928581698878e-08	1.3709749276255671e-08	1.4160174313324877e-08
YGR028W	-15.618544110745644	6.235605568924236	0.008500328740158348	0.01759085282802327	2.053907156575168e-11	0.03931745076052067
YDR416W	-16.98924909812304	0.7647605606386427	5.6560743902032616e-08	5.538664439417069e-08	1.1835669363951406e-08	1.4490986869258958e-07
YAL023C	-11.81558347890059	4.3390279010809705	0.006739941056290261	1.2624426190945594e-05	4.007881771007813e-09	5.23441361718554e-05
YDL207W	-17.277662046538538	0.6742000165246103	3.919269264148122e-08	3.909391704116658e-08	1.0312246872671264e-08	9.415377366944483e-08
YOL108C	-16.487328202603024	1.1444447853451243	1.312387516725371e-07	1.3413622787557974e-07	1.052092976158229e-08	4.5752585464371205e-07
YLR453C	-17.076511065003416	0.7277498651572427	5.0166366358400774e-08	4.983910964325984e-08	1.1570601799711397e-08	1.2637065198721565e-07
YGR043C	-15.876973829982289	1.874470795979981	7.685419434104817e-07	5.750892453209158e-07	5.776833715565563e-09	2.4719158297087317e-06
YJR063W	-14.753504539819188	3.725533387200657	0.00022300298137828314	0.0003266610874850607	9.96395344948133e-10	0.0003162071769035221
YMR184W	-16.75906645823234	2.23344669643754	6.658052578552503e-07	2.532503900728144e-07	1.2579746806141912e-09	1.163480770294126e-06
YFL010C	-16.00255093091326	2.7500029626343543	5.3311543678156165e-06	1.0660091113492712e-06	1.1400259148332234e-09	4.918171322130021e-06
YMR102C	-18.756853652180126	0.024351469982985187	7.143372392626858e-09	7.147111041884655e-09	6.8644428257348784e-09	7.4367246346904616e-09
YGL213C	-14.235317315361682	1.6242198062416575	2.5485552267443718e-06	2.523456331036304e-06	4.711308242983594e-08	1.0658130308160116e-05
YBL026W	-13.98065604130643	8.120186541542902	0.04644613132441892	0.055823227827402816	2.1677930639299923e-12	0.519594162008723
YDR244W	-17.382896550706576	0.6847629755850364	3.62144751228525e-08	3.5706476621898824e-08	9.151872414046354e-09	8.707588522919312e-08
YNL191W	-16.52425665230183	0.8070117496926824	9.204855881195241e-08	9.224293589356576e-08	1.766355523357216e-08	2.5094235771747123e-07
YDR377W	-15.156962346599157	5.4323486988635405	0.00457782541724403	0.005292095251693968	4.349904401581598e-11	0.003734574512577006
YGL133W	-18.073885388840793	0.4249951807795153	1.5505002075243064e-08	1.548528881997327e-08	7.030645044098019e-09	2.8459510791857185e-08
YIL125W	-13.851575341753415	1.5366737160863162	3.241329615256459e-06	2.8545616542426154e-06	8.310819768879428e-08	1.161566391421381e-05
YNL311C	-17.630374256165652	0.5518265593283092	2.557849417104651e-08	2.5624468096712996e-08	8.884191512456394e-09	5.44878418901612e-08
YHR161C	-16.752299647903058	0.3420754061705473	5.591299639760292e-08	5.611589041523925e-08	3.0163184802322885e-08	9.284497042589233e-08
YER096W	-17.17109544280609	0.6497414719031798	4.316689192993772e-08	4.287630576586143e-08	1.1956670797788326e-08	1.0085603602964599e-07
YDR511W	-16.153516948565795	1.2715758190905408	2.2630688392417556e-07	2.2030145983871856e-07	1.1942297671777955e-08	7.928929714784868e-07
YMR030W	-17.166721938549728	0.6450012384371598	4.2685962681307024e-08	4.3200567946680995e-08	1.2128277976620682e-08	1.013500168986798e-07
YBR084C-A	-14.410497505604509	38.6971852641752	0.3528600589878208	0.4673432079813358	6.103720219037708e-32	1.0
YDR127W	-10.654400704989895	0.6149027018277416	2.850018342118209e-05	3.4135007673174336e-05	1.2301577086058108e-05	7.067806725577842e-05
YLR392C	-17.906433441815153	0.1606420425926277	1.6933503181186136e-08	1.6940962740300434e-08	1.2836913305819755e-08	2.1776377406923022e-08
YIL143C	-12.081650261659162	0.1814709553040299	5.761178582548114e-06	5.771419218703553e-06	4.214525501753559e-06	7.643211318492076e-06
YDR042C	-16.81329065621756	0.5713272008668978	5.823182124531224e-08	5.854883738233058e-08	1.9459468619724694e-08	1.2713085879192775e-07
YPR168W	-15.495563629818916	4.325237268038527	0.0005170806361699152	0.0007961284379669272	1.8775707351132412e-10	0.000518518903087348
YPL003W	-16.88737796790629	4.21366102216226	7.505787585342194e-05	3.0703811295783826e-07	3.0197781250111295e-11	1.640383931100852e-06
YHR020W	-13.014646182718208	1.5874681139559552	7.589082502260128e-06	6.138478298331722e-06	1.7924222374755367e-07	2.3467326478497554e-05
YDR156W	-15.4747530347893	3.644373505613211	8.868624697187604e-05	0.00015076562444882107	5.389904371635787e-10	0.0001450315629145911
YOL051W	-15.515565902250072	0.5191421344376412	2.0969882987435947e-07	2.0971223474646485e-07	7.789726927377456e-08	4.3087733154574906e-07
YEL018W	-16.68624308761426	1.3219123029772384	1.3097410189685973e-07	1.304888153162442e-07	6.3992328979062095e-09	4.808529296049172e-07
YDR544C	-15.819738276208936	2.7375362149030047	4.963871918057273e-06	5.744673170477767e-06	1.4923882333971262e-09	1.2330197325309291e-05
YOL109W	-15.722721699342584	14.346714545138642	0.13433786687587787	0.1730350889173984	2.5761182815410448e-17	0.9999166416940543
YIR002C	-17.273861087415938	0.02884054014375021	3.149565277869548e-08	3.149468906530301e-08	3.002297899359091e-08	3.300965952907095e-08
YMR013W-A	-16.603296150010266	1.6987112925078969	2.6455669163344046e-07	2.4136591657423604e-07	3.744220673763375e-09	9.584915210027447e-07
YMR111C	-17.516440698608477	0.409236373231068	2.6698423157925003e-08	2.6856451831057844e-08	1.2591109597889646e-08	4.839272782502353e-08
YLL008W	-14.250990684036152	1.6566759458269258	2.41234150245587e-06	1.4185162823395931e-06	3.978457528534287e-08	5.733024338539084e-06
YCR090C	-16.628279646531865	1.3357375569474392	1.4528806978703965e-07	1.3912435985742054e-07	6.614047198770206e-09	5.155343153506286e-07
YDR478W	-16.66834679568383	0.8617930593207604	8.31746566986747e-08	8.299968482098366e-08	1.3936928276587802e-08	2.3577659935123916e-07
YBR262C	-16.366280776369607	0.9818671404061677	1.3014058394801147e-07	1.2677448742334044e-07	1.5515638625470706e-08	3.9357181023754906e-07
YPL232W	-13.67183948192651	3.943128794628355	0.0009543560483393199	1.2914206171496188e-05	1.3932831092633812e-09	4.746534297922992e-05
YBL095W	-16.77136531346403	0.954861817156723	8.112212649973837e-08	8.165560627739278e-08	1.0801216781550567e-08	2.4838361974609235e-07
YNL307C	-15.164704050527872	2.21975044115504	3.135840543530036e-06	2.33438813410994e-06	6.927969439020685e-09	1.0468619174254297e-05
YNL135C	-13.887387719755862	50.55651293586275	0.3898694217963349	0.46902822157722746	9.8723842800163e-41	1.0
YGR024C	-16.274178162094543	1.4470389456459392	2.4015098500108634e-07	2.5780574576210273e-07	7.951741522080797e-09	9.684765542001564e-07
YGL128C	-16.712929130030517	1.3044419985811488	1.2573997997883494e-07	1.2149066941374473e-07	6.386199573579762e-09	4.4481220925590675e-07
YKR049C	-16.511307862653467	1.2954110401353172	1.5532150275875926e-07	1.552636567613946e-07	7.996307974879487e-09	5.648973221225344e-07
YIL146C	-17.20549166348863	0.47612143967744336	3.7865645241446205e-08	3.7753649257699496e-08	1.540313859904233e-08	7.371564775259854e-08
YLL013C	-15.697760874879533	0.7382139397634082	1.9925078463821121e-07	2.0059390432568136e-07	4.525668778346635e-08	5.145969384510477e-07
YPR027C	-16.868550392472372	0.7851991582803526	6.382431429084715e-08	6.421793982496167e-08	1.2959566602547029e-08	1.7158582291644423e-07
YGR116W	-11.893215588418753	9.77917906742215	0.11377482606458271	0.28162538358378264	5.3099249450743415e-05	0.9996885477784097
YCR057C	-17.283580511758558	0.4187652255351331	3.403211816769428e-08	3.405901580409946e-08	1.5655642281480036e-08	6.212877721326716e-08
YBR141C	-17.149938620503946	0.8795607048438616	5.255090833806698e-08	5.1963920339907673e-08	8.36173716525559e-09	1.4953137813641694e-07
YJR140C	-17.41634931117804	0.43036492556267314	2.9807190555909045e-08	2.992814007594206e-08	1.3440772841285893e-08	5.5338794356316245e-08
YER091C	-13.699372141601271	1.7268845945863571	5.16157795481287e-06	7.149179231393043e-06	8.22546302860119e-08	3.0515704672758643e-05
YOL030W	-15.938431741546792	0.9241494032290666	1.818362337336666e-07	1.7706086414831034e-07	2.5862933804330353e-08	5.23565908366697e-07
YNR051C	-16.14670960754411	1.930170643458003	6.062570309587958e-07	3.124564920344204e-07	3.806209550815893e-09	1.367009735203562e-06
YMR228W	-16.492647254673287	2.4448747471046803	1.483423951190563e-06	1.049575541913569e-06	1.2468532735420711e-09	4.18145585679954e-06
YGL220W	-16.30240886077152	2.305430156852185	1.0953705831566006e-06	4.742363392998578e-07	1.7804380279255615e-09	2.1689128577013294e-06
YNL052W	-15.288448410306229	9.011085605742384	0.047186768837589446	0.0664979209613991	1.9885239620873522e-13	0.7088634065190528
YML054C	-16.084145273337327	2.938166227502373	6.074657538200731e-06	1.482766487705282e-06	8.159015030495404e-10	7.711141208661586e-06
YER121W	-16.77669619247243	0.6978328527876495	6.675973705971104e-08	6.607524211376337e-08	1.6422615203831352e-08	1.6311895968605156e-07
YGL185C	-17.188601144495607	0.5277043585717759	3.949463338414776e-08	3.934351285412044e-08	1.437895000917971e-08	8.146604528881146e-08
YMR027W	-15.958328487083035	1.590801227533342	4.30813208740429e-07	3.336458530049431e-07	8.396051275925976e-09	1.3510685215268332e-06
YOL154W	-16.133317257998698	5.859224306025868	0.0041608722999897695	2.086424522810151e-06	3.6239711008229694e-12	1.0207807201804341e-05
YML049C	-17.410582526406145	0.023985258544389557	2.7461683511724694e-08	2.746636947780434e-08	2.6395406667569214e-08	2.8562646577847338e-08
YOR246C	-16.077838783873432	16.936866325993527	0.1721532455235488	0.292163825183362	9.242794336627203e-18	0.9999998724887538
YMR017W	-17.59884822487291	0.345863360788257	2.4037056387773103e-08	2.414034892529877e-08	1.2870414314551462e-08	4.015701256581037e-08
YGR105W	-16.35492568898988	5.208788707779302	0.0013922303156349838	0.0019361979264638886	1.6852709903903788e-11	0.0007015232238334403
YLR454W	-17.853776243188605	0.32197482815942474	1.8607302638966685e-08	1.854942552038106e-08	1.0374358273680393e-08	2.989170721324698e-08
YBR127C	-13.734062829179676	4.242717475168147	0.001361649422678592	0.004120487577178136	4.980372564878116e-09	0.007232541492472409
YGR238C	-17.845562768904713	0.6556564522612132	2.1772382123155057e-08	2.1975171930236284e-08	6.038298825851428e-09	5.204131804612201e-08
YLR431C	-16.522123133233237	0.19768270325009138	6.796054495336016e-08	6.807141597282464e-08	4.8213800771456234e-08	9.238894381210947e-08
YJR051W	-15.93637758590303	3.4774922664079972	3.413617779770648e-05	0.00016121893092994479	6.380441933283714e-10	0.00027718942146811194
YDL203C	-17.531078091598104	0.40532456295815505	2.6404531353452906e-08	2.64075649849731e-08	1.2488330310501764e-08	4.735323059472263e-08
YLR069C	-15.269623486958862	0.9142556558046349	3.5776777455334146e-07	3.59905883447025e-07	5.214942050975498e-08	1.0696800231214738e-06
YJR151C	-16.976016831257567	0.40703018485002385	4.621835852916957e-08	4.5798927074922644e-08	2.1623720867678302e-08	8.223941421528913e-08
YPR128C	-15.857840347519597	1.786057431103986	6.188943504483603e-07	4.475984656270846e-07	6.697287681356754e-09	1.915317253975799e-06
YBR073W	-17.81416352619381	0.07918038976672975	1.8371369134937197e-08	1.839742283585127e-08	1.609850907039404e-08	2.088903789106368e-08
YGR203W	-16.517691418230953	3.2151230093548424	9.226117690136363e-06	1.709147221344944e-05	3.5822393921735805e-10	2.351460646371022e-05
YLR071C	-16.904873142653017	0.4256292407575163	4.9751191797825744e-08	4.986644193796191e-08	2.260673073315443e-08	9.170139504514204e-08
YJL101C	-17.909138325158693	0.3508062579006577	1.781692414671146e-08	1.7734612219541293e-08	9.360533782431239e-09	2.9684646976564872e-08
YLR388W	-15.844238037149607	11.663258025411471	0.08822113661114943	8.462649560565349e-06	7.427098234162051e-17	1.3971622890929446e-05
YJL125C	-15.848692533306147	0.9042929185607802	1.976640926198026e-07	1.9479523118539887e-07	2.9450252639557835e-08	5.711388467112735e-07
YKL028W	-16.260266235673754	1.0970234888338886	1.6220784601729614e-07	1.6096708076789684e-07	1.4324132786332347e-08	5.365275364681552e-07
YNL258C	-17.63621692259838	0.34690488457988594	2.3271050395788473e-08	2.3249136558313785e-08	1.2370226251140638e-08	3.870736083648023e-08
YFR015C	-14.10944118031439	5.708085665509682	0.00722411210364175	6.914878316762758e-06	3.9822138488523704e-11	3.391932618136127e-05
YLL025W	-15.601329024787246	12.08324086248644	0.09470884071513569	0.12903888365303237	1.0481599651669944e-15	0.9965547299029883
YML062C	-15.993421828280388	0.7765980432916578	1.5276269184790843e-07	1.5032263982399805e-07	3.1340515370050725e-08	3.964168062387718e-07
YPR152C	-16.87297036396265	1.0381434720109664	8.087173125543577e-08	7.937468158330973e-08	8.479086532701789e-09	2.5460955621028006e-07
YOR232W	-14.156500914840946	12.210950929750053	0.12177296049443988	0.1838472582394218	1.2227108035208257e-14	0.9996902459406812
YMR134W	-16.455491391120432	1.5641672023336126	2.3802782122343218e-07	2.2985546530900136e-07	5.418229439625623e-09	9.030087179042524e-07
YOL060C	-16.277040667534678	2.4778585763739156	1.7509556736299434e-06	9.053218431330848e-07	1.4480760055479961e-09	4.322293158540141e-06
YMR294W	-16.477838146173582	0.5131142782922131	7.99034684248129e-08	7.933724445411305e-08	2.993144786014165e-08	1.615081991276214e-07
YBR142W	-15.450635030975901	0.9707619431336257	3.161796496213111e-07	3.079523687661372e-07	3.9295174000945426e-08	9.461599847814488e-07
YNL315C	-15.634638052442098	0.8512587703470025	2.3147890974352702e-07	2.115720557182061e-07	3.8587229700893106e-08	5.811227367277178e-07
YCR043C	-15.3279841866686	3.4962065237227247	6.629759452028641e-05	0.00011130129391667386	7.835157176688913e-10	0.00012263068839297902
YCR094W	-17.030928630113323	0.9524760489360674	6.256636923023919e-08	6.279251849915066e-08	8.351988766090976e-09	1.9085342589480696e-07
YPL269W	-17.799544112546556	0.4745557007426087	2.0829129164449215e-08	2.0785171476473584e-08	8.512840804645607e-09	4.050038592089445e-08
YIL115C	-18.21119760307991	0.009827182777129306	1.2330891627925172e-08	1.233099629308537e-08	1.2132682627870082e-08	1.253115399259758e-08
YGR229C	-16.37576872093703	0.4865747582602745	8.706704164658264e-08	8.692260903036883e-08	3.468544968724516e-08	1.7180119262579128e-07
YER136W	-13.595055165941814	16.00385475932443	0.19729365481570033	0.35965651826259604	1.1056315507358343e-14	0.9999999609566346
YNL069C	-13.92655535971535	46.30575225220572	0.373765204835234	6.062310795944832e-06	1.3899367292769452e-45	2.9285226532415483e-06
YKL031W	-16.84503087700503	0.9753485267024216	7.674614811267642e-08	7.718191743238008e-08	9.686177069021345e-09	2.3824132665974103e-07
YMR063W	-16.638525737617584	2.4725963304813043	1.6053609061961804e-06	2.0447327130505387e-06	1.0502826504566072e-09	5.363051437776293e-06
YML080W	-15.670370353495654	9.090855384214171	0.046358749664618	0.09808447024825658	1.063270255397848e-12	0.9187794513129028
YNL334C	-16.668722114985215	1.8818103355126214	3.5540082311729367e-07	3.6640920260805105e-07	2.617039523495087e-09	1.3410979619019134e-06
YKL069W	-16.091622292377707	1.5202661510753113	3.39989296700085e-07	3.0274732021668733e-07	8.360863282388485e-09	1.1837880823876603e-06
YDL184C	-15.6201278016604	23.703654179757695	0.2605875978187314	0.26627453583931737	2.6955752306479495e-24	0.999999999955105
YER129W	-18.42918900599105	0.017223331960375215	9.917238745807097e-09	9.916744839475162e-09	9.638302960964974e-09	1.0199931761855378e-08
YKR009C	-17.651328853849193	0.9563396156955046	3.3807555673341166e-08	3.395808597252033e-08	4.469434845444102e-09	1.0343675967951089e-07
YGL145W	-17.514314673601604	0.39042477268929154	2.6745367237445623e-08	2.6694739734811883e-08	1.3022990046888773e-08	4.6990080288464394e-08
YOR371C	-18.30199502710566	0.03597595386598735	1.1262346547239188e-08	1.1267468349445624e-08	1.0613127013031244e-08	1.1945951058977623e-08
YIR039C	-16.84282270572365	1.1499868444739896	9.122069784356789e-08	8.886580299150756e-08	7.22620943363299e-09	3.022954896449958e-07
YNL189W	-13.607211829826339	15.024291824206186	0.18428665521643947	0.3515428804848464	1.4034719538539567e-13	0.9999998200899545
YPL129W	-14.50903352909627	9.49771191495368	0.06744442203860822	0.10406377897620922	4.635433356052386e-13	0.9551990884184236
YMR293C	-17.17598097417138	1.1810872973756052	6.910324855514375e-08	6.742024778775051e-08	4.937595499801928e-09	2.3374310156636236e-07
YNL119W	-17.05779565113444	0.5238928661194913	4.4764739456638946e-08	4.476328425365276e-08	1.6491526312841598e-08	9.227196162645081e-08
YOL151W	-15.722562044212081	0.9238857718254992	2.2395845597623817e-07	2.1322493875776072e-07	3.182484762347719e-08	6.258760706898736e-07
YML102W	-15.632983710159534	1.459366788739948	4.709837602631247e-07	3.260672905669048e-07	1.389174874652845e-08	1.2417262648657823e-06
YAR068W	-16.754596851672233	0.6437362434218102	6.569927052857894e-08	6.514682573259947e-08	1.8352131052619113e-08	1.5256520801794773e-07
YBL034C	-17.705627770564007	0.352557059890937	2.174852739611146e-08	2.1749259987271754e-08	1.144661677809616e-08	3.646867164693727e-08
YLR029C	-15.196366442084765	36.20568207313902	0.35125889105161046	7.2962495261505466e-06	2.2819481751920937e-37	5.112829723701599e-06
YHR108W	-14.470779416450751	3.688900270387331	0.00022292461124985086	7.693838504199554e-07	6.356359576427375e-10	3.841208047843933e-06
YKL151C	-16.364200905249874	4.014516475287046	6.039629877078348e-05	0.0003260850929598052	1.499005464639796e-10	0.000300569911634685
YFR007W	-17.237644930334483	0.705604345463513	4.187447005704728e-08	4.1897697574583643e-08	1.0225931515685976e-08	1.0420028862610903e-07
YAR071W	-16.19456837776741	13.018091310024047	0.11108591200051174	0.21968448118698933	6.204047256389153e-15	0.9999143456123991
YGR142W	-16.57780814306969	1.638585564850377	2.305684851265472e-07	1.7978603815960507e-07	4.131244205140219e-09	7.348365695067997e-07
YGR244C	-15.306808616450509	2.730840183234538	8.33608272412105e-06	4.017925831231107e-06	2.6442558007269148e-09	1.833942918169463e-05
YDR232W	-15.938584356009214	9.01868226364898	0.04045423834020504	2.221771928909813e-06	1.2119581519744192e-14	1.2657306919822273e-05
YGL257C	-17.999849394684844	0.22555869422114597	1.5685350610984674e-08	1.5623016179990596e-08	1.0506766286836027e-08	2.206718214505808e-08
YKR008W	-16.407357656172465	0.694103751906677	9.352824365850654e-08	9.51877194146747e-08	2.387952628663817e-08	2.3403311474236324e-07
YMR255W	-16.37781438257005	0.6320183665090275	9.441267794716167e-08	9.405783418917289e-08	2.7242883270172663e-08	2.176909398231077e-07
YPL277C	-16.886630806803424	2.6171979958716904	2.0196614599856016e-06	4.20896581289466e-06	6.805839888886924e-10	1.1190488534674008e-05
YCR001W	-16.830282208415866	0.6098547417470798	5.870011805371037e-08	5.899850981628916e-08	1.797206031434606e-08	1.3338574888006349e-07
YMR169C	-16.32163192700753	1.0575979793249177	1.420467178763191e-07	1.46100513978971e-07	1.4396710543884334e-08	4.7662472957996313e-07
YLR094C	-17.179377148474288	0.5778510949244773	4.069737112227253e-08	4.08284255467749e-08	1.3362061839534638e-08	8.926943641748974e-08
YNL271C	-17.32452423040486	0.6763378684754919	3.835590904985028e-08	3.748657783167324e-08	9.816113968753676e-09	9.074438070306804e-08
YPL157W	-16.599227696607343	1.9196128187763621	3.5830072320312316e-07	2.1399510249443042e-07	2.494590315429035e-09	9.339371217254947e-07
YKR088C	-16.13353886739897	4.927293553833534	0.0009938181437517874	0.0025817832727405617	5.631159124471343e-11	0.002091909718223155
YOR330C	-18.418570965230884	0.21189022827307802	1.0256232949623188e-08	1.024914985848892e-08	7.069600017669605e-09	1.4200068097144644e-08
YOR030W	-18.040324735550513	0.37015300867920903	1.5606528869078817e-08	1.5659229395473044e-08	7.952292340882723e-09	2.687609763931261e-08
YOR376W	-16.813175095617026	0.6029508711217024	5.941418733077051e-08	5.977114374873384e-08	1.849116645005964e-08	1.3428894002565352e-07
YJL044C	-16.7591733222296	1.4906938431952041	1.600512742127741e-07	1.478674466149983e-07	4.492514954122534e-09	5.749087434488571e-07
YML114C	-17.18741872775061	0.3332914500772095	3.627953936706943e-08	3.627037664648037e-08	1.982732758861801e-08	5.935677883835119e-08
YPL057C	-16.65259180658248	4.018191410332459	6.839857575118035e-05	0.0002940967624401291	1.1387972020623416e-10	0.0002788348345016496
YMR158W	-15.566315098470296	1.9975895025735353	1.284008846384227e-06	1.5788018726902417e-06	6.62046559299618e-09	5.695789378450472e-06
YDR147W	-17.167054854486906	0.7629616163419457	4.722379536787361e-08	4.638642237994586e-08	9.93717483856069e-09	1.210986259795342e-07
YDL102W	-15.482642147087248	0.06105495157009126	1.8935830301585985e-07	1.8916300709880362e-07	1.707649396854926e-07	2.087535577006537e-07
YDR179W-A	-17.061689997463674	0.5705939533005093	4.56387721207517e-08	4.5418632777090816e-08	1.515611106289094e-08	9.841822856829135e-08
YCR084C	-14.288209396073198	4.348546390581938	0.0011249497977680605	4.352062835600081e-06	3.8224598594677635e-10	2.1976301254946164e-05
YIL107C	-16.975506005002174	1.4019103212211936	1.1449643972000269e-07	1.1036301415444398e-07	4.2182647266638644e-09	4.1724041596044877e-07
YER074W-A	-16.392789003447234	6.838099605807621	0.011066501871134015	0.012472580154280514	1.2185968277766996e-12	0.010764690236351208
YOR138C	-17.596622336387355	0.6040052294330998	2.7500774930622744e-08	2.732522427736045e-08	8.432639483707665e-09	6.145330309668667e-08
YPR036W	-14.248535362720942	14.075261474581314	0.15709155048244303	0.30058371439119913	5.4945960689242733e-14	0.9999977986086535
YAL034C	-17.28891092133634	0.6222374284835381	3.755070721838718e-08	3.765817060274296e-08	1.1142832056028603e-08	8.630722442626803e-08
YLR203C	-15.112647520051906	18.587501613607465	0.21508908346465389	0.38449743826734645	5.950958833196289e-17	0.9999999989114405
YLR305C	-16.941412349705573	0.2356904292405327	4.489626368313114e-08	4.513992845835745e-08	2.9778120927949557e-08	6.471111328787288e-08
YGR251W	-16.683501933549252	0.5617296583882633	6.752529542773131e-08	6.644936685906834e-08	2.2529818058200066e-08	1.428780387517221e-07
YAR003W	-16.75104792402381	1.148623328265893	1.0273640132129607e-07	9.991022013323302e-08	7.982561634493493e-09	3.405004639407569e-07
YBR293W	-16.904143101383653	0.6831173853361007	5.720842372874295e-08	5.724340255952936e-08	1.477937578321375e-08	1.390974494075473e-07
YIL149C	-17.71657125165146	0.5764872358179257	2.3777903927680078e-08	2.374756700510135e-08	7.811727470778675e-09	5.1811689740113756e-08
YJL054W	-16.079135310160567	2.0496213450008804	9.463411373355524e-07	3.1289281013907616e-07	3.2355033669178214e-09	1.391850360099975e-06
YPR054W	-17.345512575492833	0.444920426722372	3.2193797425416675e-08	3.235472125013191e-08	1.4095772668035706e-08	6.088090400443327e-08
YNR032W	-17.059409549540945	1.8037231160892442	2.0376036715320086e-07	2.3832622709209457e-07	2.0247668028065064e-09	8.387683219422283e-07
YIL126W	-14.194239474550342	0.7175351876303687	8.938635201249327e-07	8.577969082488399e-07	2.0793479285936154e-07	2.131466385981326e-06
YJL166W	-15.120704254973317	3.997748087807943	0.00040437685147525377	0.00043730711904661117	4.2654031453271933e-10	0.0003143237005537208
YER084W	-16.840427627693117	0.5118518699349567	5.5639192361804645e-08	5.5325771848364554e-08	2.090610015787394e-08	1.1252530845851846e-07
YCR053W	-14.86553131124745	2.1749444163464	3.7971072517666726e-06	1.0666338203278784e-05	1.2047337877905725e-08	4.293358459882989e-05
YMR268C	-17.44433167253119	0.27412856564640253	2.761375260618169e-08	2.7555368129656884e-08	1.690422752389846e-08	4.165524250420718e-08
YML079W	-16.096467813790497	1.496036141615463	3.173613271341374e-07	3.340430975457985e-07	8.764061775272504e-09	1.2619189762150047e-06
YDR233C	-14.422927874410744	14.80897619393571	0.16581199174795938	1.8250906917283788e-06	4.3009354705633923e-19	8.311985452632787e-06
YOR376W-A	-16.838412829115242	0.4742346005807442	5.504745478104652e-08	5.42985941009561e-08	2.225301156962062e-08	1.0575845069951557e-07
YOL059W	-13.483352466261932	18.625938815604602	0.24041000577648056	0.41295340010847376	4.811131402326764e-16	0.9999999997079738
YBR170C	-16.223280203478865	1.4614148790136734	2.5893527220184707e-07	1.9861483054199166e-07	7.816646098783041e-09	7.666640650811293e-07
YGR029W	-16.180443135928	5.838064228823094	0.00508886819851364	0.006637494015762444	9.93017170228463e-12	0.005027154875690192
YPL178W	-14.892139203549233	5.6062081132484805	0.005000814060152165	1.0521070107513295e-05	2.0196943734701017e-11	3.189915330387156e-05
YDL080C	-17.846193959085923	0.3405383157547965	1.8850104805443987e-08	1.882470083042036e-08	1.0144162618997106e-08	3.110116523531323e-08
YDR207C	-17.90486377848063	0.6093625112390825	2.0377585021512912e-08	2.0139530631192507e-08	6.141366524214299e-09	4.5506559337832216e-08
YDL099W	-16.910338205278805	0.37013659543581895	4.879607429525502e-08	4.842649789273508e-08	2.460332246015867e-08	8.309730525164229e-08
YJL070C	-18.29027529843077	0.3312279805260191	1.1976296862067632e-08	1.2035193322618626e-08	6.603516075868988e-09	1.9635099771106987e-08
YJL020C	-18.3674924807503	0.21657040270211633	1.0782486613033196e-08	1.07957032245806e-08	7.382971339325477e-09	1.5054507037148986e-08
YOR222W	-15.389630076119628	4.365919431375957	0.0006076251006525531	8.28808368702261e-06	1.3794724869722652e-10	3.0813323523714266e-05
YOR279C	-17.03561497305853	0.20710991182669455	4.090009963022628e-08	4.0820251353111255e-08	2.8416284640067864e-08	5.616755401791479e-08
YMR265C	-17.347597992070206	0.21458949856935058	2.987313172815385e-08	2.9907700580574655e-08	2.053208865978231e-08	4.1594716611411064e-08
YDR465C	-15.7418478499101	1.487172871687108	4.5318178598694665e-07	4.045698066247207e-07	1.2527575527900918e-08	1.5811226334260828e-06
YER053C-A	-16.002653037802503	24.26345676422148	0.2494427685300596	0.27365769782474625	9.685752221803802e-25	0.9999999999809961
YOR251C	-15.67323198183365	4.621477270829063	0.0009647840231495386	5.406669605849898e-07	4.1249716170329307e-11	2.939182804231892e-06
YBL066C	-17.477710335829016	0.5671178754815108	3.0339546592690354e-08	3.004571163294415e-08	1.008300932130283e-08	6.496877759975979e-08
YHL024W	-17.237136282282137	1.7817574830709002	1.4622869971047575e-07	1.9218635125383116e-07	1.7622759733342359e-09	6.881120223585239e-07
YEL037C	-14.52724500315635	2.156350597675159	5.017635149687467e-06	1.5446042767398588e-06	1.3014817310898097e-08	7.043105175501362e-06
YER077C	-17.987135560623557	0.38667270088108024	1.6633544841284987e-08	1.662474995574353e-08	8.166720359229287e-09	2.912434358270343e-08
YMR254C	-16.826559579604492	0.5436506813220974	5.72854354366657e-08	5.686654947492458e-08	2.0081728740374704e-08	1.1979388467932164e-07
YKL143W	-16.386403567558574	0.40626403808473277	8.305166657355509e-08	8.302922113103102e-08	3.917043385857961e-08	1.4908281421835718e-07
YHR144C	-16.81700790333778	1.6194469220278596	1.8413812301236017e-07	2.0222590827964084e-07	3.48165580942432e-09	7.573242322278206e-07
YOR344C	-15.932461851764655	0.9258848416211942	1.8157409581474583e-07	1.8693680655071362e-07	2.633027438323861e-08	5.595792673191441e-07
YLR113W	-14.249159425054314	2.5228335871541736	1.368929533031654e-05	6.614841393258743e-06	1.094368585822682e-08	2.940684881167186e-05
YAR002C-A	-13.751900502227	19.847048368552418	0.24575030227111194	0.3446565013159625	3.51070224398592e-19	0.9999999997319577
YDL066W	-13.992774933846887	20.663069198275412	0.24908043460699567	0.4375036645614654	1.9810974606818957e-17	0.9999999999895823
YMR300C	-14.37197705088438	0.6885044344329379	7.215122052219133e-07	7.422863011526755e-07	1.8633329664168698e-07	1.828763326009918e-06
YPR108W-A	-16.84043417209685	0.7341598676237714	6.330517270010447e-08	6.30940955368585e-08	1.4463676154379329e-08	1.607620725435022e-07
YKR003W	-16.86013271277696	1.4839078116542426	1.4283472903228283e-07	1.440152521109724e-07	4.146055721927427e-09	5.507228617918107e-07
YHR201C	-17.25262671024464	1.141524510005736	5.944171059280908e-08	6.03630297474506e-08	4.890976444181322e-09	2.0533855972202039e-07
YOR257W	-15.539680208437131	1.4422944717577328	5.225847499840865e-07	5.377136137069587e-07	1.6743098075084112e-08	2.030652091701219e-06
YDL074C	-17.458512453181157	0.9457879739126801	4.0568985987726367e-08	4.078531379426049e-08	5.5148934247027465e-09	1.232835824859245e-07
YER158C	-17.3473972511936	0.8287784111515434	4.085432649839218e-08	4.114852559654035e-08	7.47251287707486e-09	1.1388634750621534e-07
YDR198C	-17.368156960256584	0.6397540159373083	3.507726835254064e-08	3.5130042168593264e-08	9.991278028154471e-09	8.197855827277196e-08
YNL118C	-17.912959789646976	0.6642952781205991	2.058670425304121e-08	2.058504205613962e-08	5.553203441161351e-09	4.913365883307734e-08
YMR173W	-16.218710158508458	0.44645206409818833	9.970769692117569e-08	9.995718419426529e-08	4.33869124962245e-08	1.8847272185530768e-07
YGL063W	-17.01964852099698	0.9422974295304674	6.470100714121239e-08	6.304365545900702e-08	8.60259295321624e-09	1.901154721715585e-07
YGR240C	-11.761640739431824	0.2140139828786821	7.987500478957092e-06	7.8102778935493e-06	5.407453535125864e-06	1.0770335469153782e-05
YPL144W	-16.663175478862087	1.0021762405112984	9.786276613612177e-08	9.570786071399943e-08	1.1133319510873735e-08	3.009760668873969e-07
YDR183W	-16.717719533605106	0.8260273489539202	7.771933130876926e-08	7.742564985638383e-08	1.4108262619106164e-08	2.142139545373363e-07
YMR305C	-15.963325076351593	1.0593042136363482	2.0786580810995044e-07	2.0109228504954533e-07	2.0334882256361872e-08	6.533527971336527e-07
YML106W	-15.089240737151341	4.021014102197801	0.00033453925843768815	0.0006507813578639186	5.208710497879881e-10	0.0006028968184397095
YJR125C	-16.25578487842793	1.7837415414897455	4.3213539774537855e-07	2.862646701602203e-07	4.477380585648788e-09	1.2213123285768598e-06
YBR284W	-18.097262604999543	0.2754280198661984	1.4337282410338684e-08	1.4354578234265316e-08	8.784017782245295e-09	2.173823136039476e-08
YMR120C	-13.64163633722019	41.423703701346966	0.3684821827891889	0.6818282233775176	2.435503649833863e-22	1.0
YFL039C	-13.86452456814841	27.076063357631163	0.3070760517880498	0.5020234601564683	2.599741683538363e-21	1.0
YJR074W	-14.811158080491806	2.134096930772169	3.7000343084605637e-06	1.148345128799505e-06	9.93170603531517e-09	5.140922812525096e-06
YJL126W	-16.86969790400397	0.4650354159407011	5.237043185053593e-08	5.250953115673823e-08	2.193003220839213e-08	1.0119469336812842e-07
YDR451C	-16.995149464601838	1.4236228097621	1.125829344118283e-07	1.1386779968849912e-07	3.9909502708312225e-09	4.30681514494866e-07
YBL079W	-17.388127184146654	0.02142560590511188	2.808498230633782e-08	2.8088314946898592e-08	2.710884288188553e-08	2.908866851819057e-08
YNL248C	-14.322194698333261	0.8941069525877715	8.816395021757984e-07	8.725517534905263e-07	1.3743392239049224e-07	2.526636462963442e-06
YIL036W	-17.560688872436714	0.6817257869242884	2.9799062594114303e-08	2.9611205895475647e-08	7.674396281529335e-09	7.18207746963977e-08
YDR061W	-17.63749515674934	0.34515784936966176	2.311723169486698e-08	2.3222950253900313e-08	1.2396893935073763e-08	3.8589906077915265e-08
YOR319W	-15.543620029429077	4.623349527351456	0.0006688512584940912	0.0016006057670198738	1.2706034268043727e-10	0.001121833014173574
YMR208W	-16.24108402858181	1.6052570061293283	3.31835669992412e-07	2.95761584413678e-07	6.274248288479861e-09	1.1808227459683776e-06
YOR217W	-17.235062435859803	0.42614176329045644	3.602236389929444e-08	3.579927844050221e-08	1.622467803743828e-08	6.587951979869902e-08
YJL034W	-14.051123876773273	18.738089533809585	0.2303621124548704	0.47240889004369707	6.553384163544722e-13	0.9999999998920184
YBL008W-A	-16.851797313102708	0.5039090963204829	5.4398383149069714e-08	5.452324772079606e-08	2.0958743916301578e-08	1.0998906884739025e-07
YOL086C	-14.468834211388822	3.1248638874871744	5.1824096249185716e-05	7.428954307641331e-06	3.0015854267499055e-09	3.155955867804438e-05
YPR156C	-14.194239148310954	4.199944987815053	0.0012146231933998109	2.225783295335341e-06	4.302219664315575e-10	1.1595599751337808e-05
YIR010W	-17.760992673364655	0.6416808678804774	2.368620039333319e-08	2.3756381126416498e-08	6.724140556798395e-09	5.552251208739297e-08
YJL221C	-15.999565637649338	0.9898973472097916	1.8576409335940615e-07	1.8388283608701368e-07	2.2095062911835167e-08	5.73665008415727e-07
YHR086W-A	-16.83031624196954	0.6148047784205627	5.875051246574219e-08	5.916100991791761e-08	1.7825566702788812e-08	1.3446852209538268e-07
YMR303C	-14.78432291866302	14.410010676823253	0.15759195081354202	0.2644486196341737	1.7681411743869618e-15	0.9999961622281414
YKL040C	-15.683885473489864	1.3892933306061148	4.0530085973742503e-07	3.330932489684323e-07	1.5258579772793682e-08	1.2560843747635549e-06
YPL219W	-17.1930940444079	0.407579437187754	3.691891125604736e-08	3.710413949450767e-08	1.7456604727063953e-08	6.67280516827197e-08
YOR268C	-16.296145500172116	1.2965398241446722	1.9176826947454354e-07	1.8799694673150517e-07	9.877001813898894e-09	6.85971603910731e-07
YMR082C	-16.796587664540112	0.5311126389610535	5.8510745341657544e-08	5.809052164068325e-08	2.1107264192453128e-08	1.20523027529253e-07
YGL232W	-16.517746425635053	1.057178762539945	1.1727054534888815e-07	1.1426337243334888e-07	1.1701666272173976e-08	3.7021753989646066e-07
YOR038C	-17.556270753667178	0.5473736488523833	2.753690672243663e-08	2.758898756422131e-08	9.646400638838293e-09	5.840521848887741e-08
YDL208W	-14.646528867139933	22.93424784355846	0.26602610945955396	0.33980566483065944	3.514493792582203e-22	0.9999999999941733
YDR278C	-16.83607331491001	0.663358084770459	6.008012897601795e-08	6.069557691758711e-08	1.6361492059732656e-08	1.4493276088226824e-07
YMR003W	-16.868550392472372	0.9481888301972827	7.455438143573479e-08	7.2943869627085e-08	9.879152329098999e-09	2.2057662479440172e-07
YPR016C	-14.168604187733946	28.45570746009474	0.30918632594922	0.4419820840872005	1.8477927307807403e-24	1.0
YOR101W	-16.54518680844265	4.210108025223973	0.00013177895137815633	3.4404018099104175e-07	4.081245737224536e-11	1.831363823513548e-06
YML025C	-14.794982223343323	1.083348037576765	6.598934777901515e-07	6.851976990363704e-07	6.341380305215694e-08	2.274280984761603e-06
YGL092W	-16.916983205775253	0.7843347389042885	6.036533109085295e-08	6.055858045772974e-08	1.2317974974841328e-08	1.6120544329214877e-07
YJR110W	-17.469689591417392	0.35379431366819264	2.7753854131094553e-08	2.7556891390912966e-08	1.4463050359449929e-08	4.6319140817134396e-08
YKL048C	-16.905223160088283	0.7588400297400493	6.08881802466561e-08	5.960253121456389e-08	1.2968095693879533e-08	1.5478268795722205e-07
YIL002C	-17.825545107939618	0.11398609098855543	1.825721836243545e-08	1.8251851983602616e-08	1.503254686054565e-08	2.18723608891858e-08
YEL058W	-16.41416581041338	3.0325768707011806	5.181975969061734e-06	6.402325164624502e-07	4.512003256435996e-10	3.196680564036194e-06
YMR272W-B	-16.483143036625535	1.0496112138818223	1.2253788015071053e-07	1.2057893901837654e-07	1.2348685325871185e-08	3.9021411138111367e-07
YMR209C	-17.20998536087498	1.1065598442388638	6.248422003027538e-08	6.041507491501819e-08	5.407121036187101e-09	2.013815095668904e-07
YHL040C	-16.36902734197136	2.2909696344811863	1.1999146483169126e-06	3.3155634758199535e-07	1.6509628579698611e-09	1.560806359587012e-06
YJL062W	-18.059535723711434	0.28208788644004396	1.4964166336065038e-08	1.493229838808377e-08	9.022356440584569e-09	2.2822677035448794e-08
YPR110C	-13.5567959527918	2.746375602586092	4.826034507003049e-05	9.438557192990855e-06	1.3768889561838143e-08	3.938207781467476e-05
YNL252C	-15.576919799475219	1.645185575189099	7.780844074424739e-07	8.159827165200066e-07	1.1718099893843548e-08	3.1011446681166107e-06
YMR013C	-17.621671362889884	0.7400074898575927	2.9266906456046297e-08	2.925005738053142e-08	6.581801022769787e-09	7.510449773132693e-08
YER017C	-16.93994946221281	0.43249121149056896	4.816693587294163e-08	4.8285544663451156e-08	2.1582518649339773e-08	8.954568778862477e-08
YIL005W	-16.658359369489702	1.2310717811723642	1.1996261147052277e-07	1.1730779359830095e-07	7.613991396699167e-09	4.160802160659726e-07
YJR061W	-18.460645232022927	0.264146133009934	9.992436968744125e-09	9.948437348882197e-09	6.2194837937448715e-09	1.4830841901317813e-08
YOR249C	-17.87639198442885	0.366068134589382	1.846059107712265e-08	1.8425082197374225e-08	9.432102126261071e-09	3.145182902819294e-08
YBR008C	-16.5686771069675	1.2565509763726448	1.4085010142331008e-07	1.4217394171255899e-07	8.081824572065215e-09	5.096040543996746e-07
YGR171C	-17.80199348585373	0.29388373819179237	1.9369537996498484e-08	1.9369796937248248e-08	1.1442949352221739e-08	3.006283987506746e-08
YDR533C	-15.535585817249013	3.680314298771165	0.00015471362549332704	0.00020467277313867684	5.353398100101128e-10	0.0002239428593422557
YGL112C	-15.227934136995101	15.841599424798497	0.16677415700718182	0.3398501125648096	5.168196289788662e-15	0.9999998659034983
YMR019W	-17.947713028894924	0.32460762188950326	1.695169191362643e-08	1.691275115910709e-08	9.408229503449837e-09	2.734358490331974e-08
YOR387C	-16.249339776369	4.441744136887853	0.0003750402068867248	0.0006968927874514137	7.602330828892187e-11	0.0004130977417536405
YKL221W	-16.909187003177777	1.9668400202519583	2.9457687461911954e-07	2.1211310626938104e-07	1.739362659446449e-09	9.128419694792226e-07
YKL074C	-17.247140573171038	0.7489397939927931	4.250541631829779e-08	4.275858595782948e-08	9.421058595774221e-09	1.1057650974777696e-07
YOR373W	-17.11927930100572	0.7846789828979512	5.058812870753396e-08	4.999542421562108e-08	1.0106890893137945e-08	1.3358733655307913e-07
YDL086W	-15.743474864772706	1.8806895451927792	8.469233702991637e-07	7.993924984482648e-07	6.613631111309474e-09	3.2764672266345876e-06
YHR129C	-16.83045953811343	1.3925497901867196	1.308386144721623e-07	1.2912501165149232e-07	4.963500955107956e-09	4.846857673285507e-07
YIR038C	-14.924349612157313	1.6397945356402304	1.2466341965767327e-06	4.859458585749651e-07	1.859857426503498e-08	1.8401289426290856e-06
YJR124C	-16.79427932577599	0.3584242433839282	5.450124589273097e-08	5.420077679399349e-08	2.8185785534638398e-08	9.160029592686093e-08
YNL240C	-16.916073777619005	1.4367864337040541	1.2649465862649193e-07	1.1481503083704238e-07	4.188044596966525e-09	4.4048972351306686e-07
YDL004W	-15.207035491047646	3.4163361115519546	5.5179957456315655e-05	0.00010699526138308925	1.0393676808225483e-09	0.00013435620241629393
YER170W	-16.657152224994917	1.2137222893989335	1.2239116989497324e-07	1.235085500460922e-07	7.936923084279038e-09	4.345435419411744e-07
YAL040C	-16.194965346244118	0.4063387878785522	1.0029069803303856e-07	1.0036236615625557e-07	4.7398337277439154e-08	1.8009097768667629e-07
YFL017C	-16.7654906092437	1.4073059229722154	1.4670730712585448e-07	1.3440297264086758e-07	5.134852916450669e-09	5.088781178387975e-07
YEL062W	-17.26159494924032	0.6871299199874118	4.0343491374252786e-08	4.039297004717884e-08	1.0291996502439575e-08	9.879773007689628e-08
YBL109W	-16.168072669498343	0.9439041350109753	1.4936305455009596e-07	1.485980307136486e-07	2.013590132043295e-08	4.493856861441396e-07
YDR462W	-15.951507306389614	1.2632188468396361	2.534127964872002e-07	2.6019990185398113e-07	1.475802509710958e-08	9.360064239855895e-07
YLR214W	-17.556910248641728	0.7265727623551693	3.0951043309149305e-08	3.0956812796070406e-08	7.179065224165198e-09	7.856035424557643e-08
YLL034C	-15.331468778030468	0.030975188856667064	2.1976169785319563e-07	2.197053423195695e-07	2.0868872011241693e-07	2.3107675170033838e-07
YLR179C	-16.02703787318822	2.8784706841262904	9.152293783761124e-06	1.9795274335223006e-06	9.400857493925294e-10	8.20135444224268e-06
YLR196W	-14.033411218589391	3.9659322603346694	0.0006386054642020669	2.5057764450843452e-06	7.571514480987907e-10	1.2794272130071644e-05
YJR097W	-16.886993187909667	1.0908074645326362	8.39969267701972e-08	8.354595473565715e-08	7.692052271239108e-09	2.768926975859111e-07
YBR058C	-16.69823500772398	0.14466658188745865	5.6675390116878994e-08	5.656882192223115e-08	4.41264508015588e-08	7.100644585166255e-08
YKL067W	-13.687765573072467	7.149574066026296	0.035809502027737056	2.5241013958654714e-06	2.004109670967815e-12	1.2132752334496952e-05
YPR154W	-15.523461112353472	1.1098628565570334	3.319608385881697e-07	3.287909348124107e-07	2.9043416354139993e-08	1.099269518527078e-06
YLR229C	-14.069667359938832	24.786368229289263	0.2851921795979025	0.3835939360436991	9.045759190974409e-23	0.9999999999999165
YGR100W	-18.4095103357038	0.017488738648509302	1.0112413179961349e-08	1.0113873932008985e-08	9.825559839509943e-09	1.0407179039029314e-08
YPL227C	-15.276435973203844	1.914276958646013	1.3655481040811728e-06	6.629435534656824e-07	9.219616892901758e-09	2.895352412927101e-06
YNL291C	-17.42750132458714	0.17532441814614708	2.7383944536015536e-08	2.7417142356948256e-08	2.0233953282388747e-08	3.602333487873707e-08
YIL093C	-15.486274219737608	2.2531004411698397	2.4099663724241083e-06	1.1179067844704186e-06	4.457857046482213e-09	5.057587398687645e-06
YDR209C	-16.274516294732877	2.2297930157662766	1.1934388285158461e-06	7.250567514862386e-07	2.160014895642848e-09	2.9355790489852273e-06
YHL037C	-16.89957297397703	0.5284054103782792	5.2555045082150305e-08	5.258660130786386e-08	1.9175610225827537e-08	1.0898495305889185e-07
YER063W	-15.94613684198046	1.0527710222411717	2.0143298242616924e-07	2.0703658724600226e-07	2.1017554549801516e-08	6.722187976834212e-07
YGR230W	-16.817268773586676	0.7750985370392347	6.66938730838086e-08	6.677948171130865e-08	1.385307059197114e-08	1.7654305271716225e-07
YOR285W	-15.59605547681822	2.1297567270830275	1.4638000099846574e-06	5.516371815376943e-07	4.6108559386043755e-09	2.4971304853412447e-06
YPL122C	-15.289681934352485	1.9968155226412254	1.6970544140353245e-06	3.928001476748409e-06	9.59005002116131e-09	1.6200571072496574e-05
YDR297W	-15.221641930861734	7.584601093260128	0.02622227625156515	7.954242045304913e-07	2.260498665336736e-13	4.511556487514715e-06
YER019W	-16.606229485908244	2.5540200137597258	1.5031861212814005e-06	4.7242263849564766e-07	8.752217604974266e-10	2.265870812340113e-06
YNR049C	-16.661975760210026	0.6166008049073788	7.007292797953411e-08	7.014986415310361e-08	2.1031408499483807e-08	1.5974887159022271e-07
YLR102C	-16.827527996553528	0.7174372173488833	6.433465490771927e-08	6.366330058165142e-08	1.511335929651635e-08	1.6011566034620424e-07
YMR193W	-14.612282951690942	1.7200044812106268	1.971742940299378e-06	9.93130427103824e-07	2.444231376709877e-08	4.075728277290926e-06
YHR126C	-16.851847400794924	0.5905276847175992	5.707431741044222e-08	5.7151463054975984e-08	1.8174533254296502e-08	1.267061272156997e-07
YMR044W	-17.224155337135727	0.4415673006709848	3.643332151470671e-08	3.644282923244757e-08	1.599124480979356e-08	6.831024854472964e-08
YEL061C	-17.63213785400947	0.2925745502174123	2.3063222866146617e-08	2.2959481304585238e-08	1.3597054952304554e-08	3.558536753003184e-08
YOR164C	-16.002742699806532	1.2015671012735403	2.281147678720648e-07	2.2897724621213722e-07	1.551900187163031e-08	8.022690764621615e-07
YLL024C	-14.094334304646692	15.254611895562228	0.17297210011717948	0.3763648222152989	1.392323846524362e-12	0.999999898236379
YDL126C	-11.09161918267746	0.47540693682003127	1.71000786812152e-05	2.0206161750256905e-05	8.368126262015544e-06	3.869627969506041e-05
YKR092C	-16.065934607927176	0.7904750988648072	1.417221188464512e-07	1.4203064146121643e-07	2.8522786504637403e-08	3.7942654578208375e-07
YNL088W	-16.1374901574829	0.7099468034649483	1.25811677842408e-07	1.2334492112790126e-07	3.016185595904304e-08	3.0580262898828014e-07
YPL061W	-14.131394866571283	1.5182677400272946	2.3909097968508486e-06	2.6801873753044235e-06	6.375905170226372e-08	1.1215084739145138e-05
YIR011C	-16.91663635396324	1.2791636373605932	1.0029706761950241e-07	1.0065863618338301e-07	5.476158450170644e-09	3.645000497919209e-07
YML029W	-17.931702051509276	0.46005697769974774	1.8115156613251348e-08	1.8121713084115467e-08	7.644987607238078e-09	3.473003868334873e-08
YKL062W	-17.71904030910153	0.9889394360002131	3.329455727616811e-08	3.296662089164286e-08	3.964799405550083e-09	1.0277870150676382e-07
YDL175C	-16.442752466908843	0.4248491173368852	7.937452305636534e-08	7.902882230058735e-08	3.590841945446846e-08	1.4518594295187857e-07
YML128C	-16.580717963363696	1.102188496030645	1.1602656161131217e-07	1.1281108610171571e-07	1.0218459965505948e-08	3.751738788321687e-07
YLR033W	-15.773874557891032	1.6076359187031593	5.208734620351817e-07	5.116935792745365e-07	1.0074749146693125e-08	2.0535707913119726e-06
YBR271W	-17.305576230640128	0.40480721458290025	3.286133957737496e-08	3.3088190699904316e-08	1.566060523731641e-08	5.931933379824877e-08
YMR230W	-15.283051291823723	30.076443542730583	0.31029487254540544	0.36472738919174197	8.750691677973026e-28	0.9999999999999998
YBR031W	-13.404487281667754	27.756869264377084	0.3185837062605264	0.503374586017651	7.621299534727454e-22	1.0
YHL017W	-17.654054151346628	0.1895975829985807	2.185832772051012e-08	2.1915532591535007e-08	1.5757719579008586e-08	2.9393970326630994e-08
YOL031C	-17.25399480759441	0.9676915070506731	5.002348830117722e-08	5.087370946099925e-08	6.516620593625368e-09	1.5606144643543707e-07
YOR394W	-15.336260314936935	19.96247623914405	0.22256540110914258	0.22680739599227634	1.3610202312114084e-21	0.9999999792965051
YOR007C	-14.607846113686902	2.0491344322773446	3.5209640362069406e-06	2.9063333972667175e-06	1.6025429503833045e-08	1.296184649142933e-05
YGR245C	-11.067558405143428	0.22044575730258947	1.601176945327422e-05	1.5957776541862636e-05	1.0904723426322821e-05	2.225222779706795e-05
YMR237W	-16.25003033510548	2.0009763738948103	6.274050910773694e-07	5.593854246851305e-07	3.2808553637892927e-09	2.417243781907572e-06
YLR051C	-15.636911249786136	2.9496434591709466	1.2985369879179148e-05	9.491477460514753e-07	1.0919650499580226e-09	4.794568949294889e-06
YJL134W	-17.364845978118666	0.44045086348743256	3.178359697231823e-08	3.166296700096837e-08	1.3918084256470341e-08	5.927816587958871e-08
YNL157W	-16.291897683645203	1.240700931931646	1.785349107946481e-07	1.778326729990278e-07	1.0875238618230026e-08	6.342373811464219e-07
YML043C	-17.49740542437283	0.43126597902304403	2.7671211248539912e-08	2.7594795047042176e-08	1.2375925352295692e-08	5.10705138247664e-08
YGL222C	-16.804282936697547	0.6593313458925383	6.297810765823777e-08	6.251188128463362e-08	1.7002343579968693e-08	1.486284155435672e-07
YKL084W	-16.575396230816096	1.2722246012130682	1.4657271624618054e-07	1.3543273918486473e-07	7.744339939273318e-09	4.887128545081509e-07
YPL183C	-17.9570151446176	0.3360583587891044	1.685015521599189e-08	1.6809908430299295e-08	9.14227140427384e-09	2.758967179150052e-08
YPL028W	-14.487722561120973	12.235373973410576	0.12273908095261711	0.22258905339656562	9.231981111890157e-14	0.9998821172293896
YLR408C	-16.765163058204763	0.7013684597955746	6.771838541897759e-08	6.677394201693039e-08	1.6498248853513695e-08	1.6523019481924433e-07
YOR205C	-17.643934750821046	0.6785399943789179	2.7799817391379933e-08	2.7336910299406777e-08	7.114045762676149e-09	6.624325675926122e-08
YHR190W	-14.069462281194502	4.714740144304278	0.0028892291340134905	1.891539577876799e-05	2.857427452173229e-10	6.451941671344954e-05
YLR324W	-16.015824386843818	0.32144423310009934	1.1668517324739288e-07	1.1663617300157649e-07	6.527943357632881e-08	1.8785891915177408e-07
YNR064C	-16.170078571908363	4.921393009897208	0.0016749035461297696	2.082463052478547e-06	2.046927643926096e-11	1.0288804950162239e-05
YMR198W	-17.813946367671434	0.47086301171146994	2.0554421279741265e-08	2.0495770040775458e-08	8.455072218797809e-09	3.9770240652080375e-08
YGR104C	-15.54822965780586	1.8265802768258714	9.503211447055145e-07	7.069694200369722e-07	8.634470258902801e-09	3.03794842568146e-06
YLR394W	-17.413710910791252	0.3919279640383774	2.9519663373384422e-08	2.9564466448847132e-08	1.4365756097959446e-08	5.21572117255106e-08
YFL018C	-13.813370570898043	2.0819198942131125	9.040612006798873e-06	6.748059409495595e-06	3.654259944374425e-08	2.9571701265483534e-05
YBR021W	-16.205031073413195	1.9673297113534305	6.427410845506707e-07	1.5032677449307956e-06	3.838217547730366e-09	5.203922176135546e-06
YKL018C-A	-16.823106123506278	0.5784272825344535	5.8495185511878505e-08	5.842827435362086e-08	1.9080509152633414e-08	1.279515822944725e-07
YJR016C	-12.333892784293495	2.580220854548961	0.0001500782106472466	3.864318726346385e-06	4.108362499385526e-08	1.512129112834861e-05
YAL015C	-16.729694474030822	1.3542553050413104	1.348295957220263e-07	1.3090828957301097e-07	5.821368728381602e-09	4.872451544911432e-07
YPR198W	-17.426910037139535	0.5471916393528361	3.158013463084974e-08	3.138605292665251e-08	1.0981861632930286e-08	6.645111422207612e-08
YOL155C	-16.87101071023133	0.4317828086175406	5.167275554508492e-08	5.166265978408554e-08	2.3133847195088617e-08	9.569256246061238e-08
YKR091W	-16.68134192798678	0.7028852399198281	7.223087918855695e-08	7.25911618822695e-08	1.7875895203194043e-08	1.799216268169619e-07
YNL077W	-15.804366516641677	2.1443810376868986	1.3048901764277065e-06	1.0133667981716791e-06	4.0484388917893426e-09	4.563007909695114e-06
YOL027C	-14.437037879551282	1.576386472273372	1.719747269775896e-06	9.00475171704719e-07	3.567934763655401e-08	3.4297423496884635e-06
YPL254W	-16.541511759286735	0.844909578161675	9.395458256211885e-08	9.235347721742555e-08	1.6224133250597437e-08	2.582748173020309e-07
YDL103C	-15.569926636214587	1.6197440802224077	6.31432687307963e-07	3.9230730861377233e-07	1.129230410798433e-08	1.578429158148966e-06
YBR032W	-16.855165908484906	0.5636960033543643	5.6005881301550086e-08	5.602648796141953e-08	1.8914673441918896e-08	1.2072988712768133e-07
YLR011W	-16.78693004312734	1.1936283279977118	1.0445263386681988e-07	9.718358473296276e-08	7.082164594242476e-09	3.3747850809003417e-07
YGL180W	-16.536049683135573	1.4604836259411598	1.912199006743214e-07	1.8539609758968084e-07	5.944315757408636e-09	7.157279222500827e-07
YNR046W	-14.497784378160942	6.5556535584895235	0.016877605559826394	0.022105264338165967	1.733875082640702e-11	0.05613047905148135
YAL001C	-18.096507846327953	0.027109992793459967	1.3829987914006452e-08	1.383410492636239e-08	1.3225714486754202e-08	1.4459518997149655e-08
YGL001C	-13.677411150137415	2.940189063728115	7.954873195164338e-05	0.00017937341408588164	1.5213273504390944e-08	0.0004308165891344061
YBR024W	-16.32919595114909	1.6489371947171356	3.167953990677108e-07	2.4970950023335357e-07	5.262037090859206e-09	1.0195225408116284e-06
YAL044W-A	-16.018194604193198	2.333472862573495	1.941863186760077e-06	9.840747838532183e-07	2.3347891054825925e-09	4.057448469929717e-06
YJL206C	-17.818321930674557	0.4989108524546304	2.0592986288815898e-08	2.0695256201720516e-08	8.038586498190746e-09	4.14975547558776e-08
YJR106W	-17.847634093931248	0.3498927909550666	1.882209807749946e-08	1.8855727250480086e-08	9.97488580266009e-09	3.152033981062839e-08
YMR192W	-17.293419201750297	0.4291016484195446	3.3860073531901466e-08	3.378909395674027e-08	1.5220091745266286e-08	6.236205669541603e-08
YKL045W	-17.13832787770005	1.037153022286307	6.223067659363296e-08	6.232262240027602e-08	6.556898256858306e-09	2.0053229829791775e-07
YHR116W	-16.798733281227015	0.5998853939886591	6.025144641860553e-08	6.060351889222993e-08	1.8873189345080062e-08	1.3568861736682983e-07
YNR055C	-15.707544616883025	10.205260249169607	0.062468633285469914	0.16226356916619306	2.9456328835297e-12	0.9947481477739055
YNL278W	-17.63892761637615	0.5330722499313184	2.5049316299855364e-08	2.5145965079239523e-08	9.084778179330826e-09	5.238729450579193e-08
YLR222C	-16.10019539221794	0.040787305393293234	1.0185163424394139e-07	1.0189202056560302e-07	9.519968950129283e-08	1.0887103375192168e-07
YMR233W	-16.55931974612102	0.8468601425460415	9.00721590125434e-08	9.1145307325225e-08	1.590805956614801e-08	2.55558050106927e-07
YGR287C	-17.026426703124145	1.1340324809530582	7.545121179134975e-08	7.025305125327517e-08	6.119222163338804e-09	2.3568053631593221e-07
YHR164C	-18.397272299633897	0.322989611484669	1.0796185884100824e-08	1.0782050770791708e-08	6.01448215001183e-09	1.7405445698955166e-08
YCR105W	-15.72460527537005	1.7436322208476516	6.820050714801702e-07	4.457033246371765e-07	8.096130143447068e-09	1.88264161001944e-06
YOL116W	-17.28145738668607	0.6000164096437038	3.771745182349462e-08	3.7441213508592684e-08	1.1644136486897784e-08	8.391246563798402e-08
YJR040W	-17.554381099174137	0.47516281559538326	2.6789611905376384e-08	2.6614551497158262e-08	1.0875346392711862e-08	5.192240076376542e-08
YBR115C	-14.12216112930835	0.10722921563357277	7.409067004315406e-07	7.398224599196814e-07	6.165880203110303e-07	8.774125841840688e-07
YER127W	-16.325263468221948	0.560030406822373	9.49129147258622e-08	9.517718832978406e-08	3.2355117504030676e-08	2.0441013448592475e-07
YLR088W	-17.724647261603224	0.3412402189197871	2.1289422927137864e-08	2.1260184485930482e-08	1.1435750762065678e-08	3.514212474711558e-08
YFR045W	-16.712626085930225	1.7285992811381157	2.2760360684959194e-07	2.8525927563685503e-07	3.23961147689747e-09	1.0412408034798986e-06
YOR219C	-18.347916891195567	0.34822104543902876	1.1375267951491424e-08	1.1425010186668748e-08	6.061640503726842e-09	1.9060211104672753e-08
YJL215C	-16.855165908484906	0.5516022674267207	5.552124625641726e-08	5.562571877762466e-08	1.929509871744099e-08	1.1825200710222715e-07
YBR026C	-14.886599788450622	1.9364535440276405	2.2514775013813977e-06	7.214534429104626e-07	1.2251309597523985e-08	3.0448321489506825e-06
YFL013C	-17.208267716160847	0.3583683778535537	3.592737766531752e-08	3.584845652138092e-08	1.8643449365277874e-08	6.061251066543256e-08
YLR174W	-15.840424008690006	3.4271025797080483	3.632966822768041e-05	5.192067357985004e-06	4.85917332917402e-10	2.237638787608172e-05
YAL056W	-18.174568838054967	0.4854507751285146	1.4421719429872117e-08	1.4353937848698585e-08	5.746517995869229e-09	2.8314166596239506e-08
YKL100C	-17.179503567074065	0.7960646794081456	4.812323460005881e-08	4.730396393787084e-08	9.327717044657589e-09	1.2734387731917169e-07
YMR060C	-16.88937708007252	0.8107990344996555	6.348498360782917e-08	6.379125924880153e-08	1.2152784285348086e-08	1.7391076991497937e-07
YML054C-A	-16.83031624196954	0.6075582183093378	5.857026481710508e-08	5.901187104579904e-08	1.80570804809684e-08	1.3326786966441444e-07
YBR179C	-17.651396663984272	0.6529428849406219	2.683195548334799e-08	2.6691019011630163e-08	7.365128436765893e-09	6.304491114029987e-08
YDR205W	-17.95151315125368	0.2940843092333701	1.6607647427994054e-08	1.669185412432257e-08	9.85051606539485e-09	2.592065977573585e-08
YIR021W-A	-16.8504936039906	0.6126864698856881	5.7827072209304973e-08	5.780529830495761e-08	1.7513358493938384e-08	1.3106817534999533e-07
YGL073W	-17.998429989290145	0.6010071526770498	1.8232003108860623e-08	1.8256044945886022e-08	5.670281173002311e-09	4.091708981955343e-08
YKR039W	-14.86492447836754	7.1045370286254155	0.019221071686689607	3.36963698041684e-07	5.596742467665172e-13	1.9267671866155656e-06
YDR387C	-17.18916654111743	0.9862516434078382	5.665198207950864e-08	5.6162739843969875e-08	6.775603982683785e-09	1.7492177274638736e-07
YHR072W-A	-14.68425334193378	30.57476655191404	0.31087813023769345	5.617960212107081e-06	1.6237608769948365e-32	4.181647987899252e-06
YKL225W	-16.837386551801302	0.7782366826115849	6.57965401870131e-08	6.59382352211539e-08	1.3540802829212294e-08	1.7500342053555986e-07
YPL127C	-15.053831609440023	1.298618413497293	6.537768178063741e-07	6.284566605156058e-07	3.3951771077338835e-08	2.3060080421102504e-06
YLR449W	-15.703172232818543	0.4999974514150174	1.7120296926804609e-07	1.7091847215819853e-07	6.636801602589656e-08	3.4273953508707114e-07
YDR283C	-17.585933723626297	0.021127846876181945	2.3047963608758417e-08	2.304751858957728e-08	2.2255241036292954e-08	2.385721404933002e-08
YMR291W	-14.979869648327805	13.828352272612316	0.1366692008102241	0.30764842841106693	3.8392501665159774e-13	0.9999966722742408
YPR199C	-15.967376535708537	1.8690546421885978	6.46406405590178e-07	4.789304721088527e-07	5.261547905701483e-09	2.0407256480238098e-06
YEL041W	-17.041907715808705	1.2232937134799917	8.3089346095294e-08	7.940537535413403e-08	5.25560990813582e-09	2.8058201280780726e-07
YGR006W	-16.850180602684105	0.9203525706488532	7.324641464176159e-08	7.332200149893415e-08	1.0566252642802758e-08	2.179110379094555e-07
YHR100C	-15.96542545416085	2.0284791602450087	9.407838392194439e-07	1.1629143405577325e-06	4.222973605035404e-09	4.046450951619779e-06
YMR299C	-16.815770209934982	0.9110130685877458	7.579989569292468e-08	7.255352285257878e-08	1.0976883507460261e-08	2.1229424653246503e-07
YPR161C	-17.54140145856327	0.6671820483729005	2.972643201715427e-08	3.0015279990177155e-08	8.030975400013878e-09	7.188622757017675e-08
YHL033C	-13.956737516892828	43.19970558203453	0.36843102767317054	0.5328261643751083	4.3658274316778346e-33	1.0
YMR323W	-16.551033131102287	9.247445508145638	0.038175660926791526	0.07373695946867281	9.479444650086945e-14	0.7849285315867365
YMR125W	-15.627144021688947	0.9617399109517509	2.5592269003432045e-07	2.606925885821613e-07	3.363720382258696e-08	7.997544754235244e-07
YDR111C	-16.76361878329115	1.8243196407488786	2.6914330200249594e-07	3.1349346691359074e-07	2.6312621127356186e-09	1.1779331831996905e-06
YDR391C	-16.685685319615715	0.7391585444244291	7.417424843420625e-08	7.452851094259562e-08	1.680524327972657e-08	1.9122866079283473e-07
YPR057W	-17.215322869474022	0.5495330635928628	3.9109818677765555e-08	3.861813452145805e-08	1.34818259460276e-08	8.184854589491427e-08
YGL002W	-16.29807465403499	1.8431517109872029	4.3930986222296185e-07	3.792997290916608e-07	3.980767747602405e-09	1.5668637067147186e-06
YER082C	-16.350441729629168	1.915898942042759	4.875184057750327e-07	6.007564088156861e-07	3.4649513064786722e-09	2.3174133439804595e-06
YPR101W	-16.664440274479404	0.7854755722331153	7.874062156854064e-08	7.845328828518838e-08	1.5866855031623015e-08	2.0921521579223465e-07
YDR280W	-15.577679855262614	1.683705867539566	6.754660527701354e-07	6.158816372293133e-07	1.0674599064181176e-08	2.526003948379622e-06
YKL160W	-16.05125545612171	2.2799919915802485	1.4441918054546001e-06	1.8626037525945848e-06	2.5686863286305067e-09	5.786608837474864e-06
YNL029C	-17.830207260697335	0.24578158635038835	1.8615930668679222e-08	1.8600816004456482e-08	1.2041551466380075e-08	2.7030537429060804e-08
YHR085W	-16.354828919335688	0.9344635447441885	1.2330308118400754e-07	1.197745894593944e-07	1.686594300075468e-08	3.578722086713325e-07
YIL128W	-17.6107543208429	0.011590876599918467	2.247786384769724e-08	2.2478951201226974e-08	2.2052917665298914e-08	2.2909679948636013e-08
YDR268W	-17.256075970967487	0.6592779102079397	4.014323462964184e-08	3.985197937715893e-08	1.0834127433762378e-08	9.479138473164506e-08
YHR023W	-17.647071570879035	0.6634778201445675	2.6905684169766788e-08	2.699787527590512e-08	7.2775684367131695e-09	6.449127795902135e-08
YDR119W	-17.082015864515398	0.8650362236965339	5.5959571013238223e-08	5.5316628895672946e-08	9.1789414795996e-09	1.5759856969187817e-07
YNR063W	-17.785426490147785	0.5716227631857042	2.2250002214517312e-08	2.2181493560469873e-08	7.364163757819488e-09	4.815763525198276e-08
YNL274C	-16.15233757696913	1.656158181250849	4.0764342027733006e-07	2.9563227583624016e-07	6.188890204726049e-09	1.2173601087545693e-06
YGR192C	-14.127380674364032	10.476109331971363	0.09481765170232609	0.1583747635800576	5.075097592659494e-13	0.9967327878066068
YOR141C	-17.475486246004223	0.3263256742334439	2.714375100194545e-08	2.713298091379476e-08	1.503623950304251e-08	4.3993923497256113e-08
YDL117W	-16.731566447540175	2.042388389927668	4.2548086230284194e-07	2.639204843770008e-07	1.8328970678682984e-09	1.184208789685539e-06
YOR020W-A	-16.399872399103316	1.2939235980676964	1.7521870680055198e-07	1.6063437848192932e-07	8.850214140691569e-09	5.847020058102824e-07
YFR037C	-15.8637187502256	1.648062857765997	4.847619815091305e-07	3.364655252166628e-07	8.196525923824477e-09	1.3807145053837563e-06
YOR367W	-16.71700776353171	1.1974360703830778	1.1589286115132247e-07	1.0983643448789197e-07	7.619951274699909e-09	3.8417122460414797e-07
YIL110W	-17.28846954085091	0.5634612683662896	3.643646525031094e-08	3.627378636912977e-08	1.225727019025259e-08	7.810573509061932e-08
YOR152C	-16.716823829826154	0.619209837602765	6.606387094758438e-08	6.641257195303087e-08	1.980396398568491e-08	1.5157138695060218e-07
YAL067W-A	-16.600770410522074	1.7247049716789082	2.6188430040045817e-07	2.7928392907638417e-07	3.6161755068777942e-09	1.0678171783470762e-06
YHR102W	-17.319107399272255	0.4690977907082409	3.3885819849074914e-08	3.3590622344438104e-08	1.3908625853801816e-08	6.509238598768404e-08
YOR259C	-13.464858290340272	2.8254016734987144	5.021770485395231e-05	0.00018294452285506154	2.6332447344098523e-08	0.0004885383992071255
YFR022W	-17.90885306699127	0.29832412756811616	1.749097333560915e-08	1.7438893566360395e-08	1.0208317152376624e-08	2.7239495884266685e-08
YKL006W	-13.916500255852226	45.014455525851915	0.3796268130633678	0.46899786080157885	1.393274616185314e-36	1.0
YCL043C	-14.598802094530766	2.591709805676408	1.1918953523943068e-05	1.2308444663464287e-06	5.2053578513403155e-09	5.8060812233739646e-06
YOL159C	-16.868550392472372	0.5248826013369597	5.461834342758951e-08	5.405693545359251e-08	1.987817484255046e-08	1.115830316552829e-07
YLR262C-A	-15.743007347097572	8.77604387261444	0.03776240491654085	0.04583429425168855	1.0653100794205274e-13	0.3342930669104087
YOR253W	-15.068843806927545	3.3029981778122584	4.1117779273135685e-05	4.353892003563168e-06	1.1223231546079112e-09	1.781024000701323e-05
YNL264C	-15.64782132587534	1.7285015394078154	6.817206523153845e-07	4.97122254571739e-07	9.040334429068454e-09	2.1016453267336184e-06
YPR108W	-14.25404524268488	3.0454504377204503	5.1084299468861785e-05	3.6898746107836673e-06	3.7186715867035816e-09	1.7643296652695214e-05
YPL088W	-16.43882313429711	1.1306326172437922	1.3614798667692955e-07	1.4015318201543752e-07	1.1338574258487365e-08	4.7541773768328904e-07
YGR196C	-18.212581032560394	0.23214087021780588	1.2698580539764162e-08	1.2648355025765967e-08	8.401832558337987e-09	1.803252034251836e-08
YKL052C	-16.37489000349231	0.5494251324989491	8.905134293185019e-08	8.987247188315149e-08	3.130293294923249e-08	1.9064291875524294e-07
YLR364W	-16.175138477724232	1.4145814289379317	2.607027165660798e-07	2.415386284977855e-07	9.155918055175163e-09	9.187378864819564e-07
YFL038C	-13.782906594563611	23.787866783436755	0.2836295221084262	0.3869790079181238	8.66453942484719e-22	0.9999999999997153
YMR182C	-16.347941398410313	1.5882498852738627	2.8614210319237733e-07	3.0329543795920863e-07	5.857908729735416e-09	1.1487060382331854e-06
YPL175W	-16.937552383032383	3.3038188123773744	6.508624937890513e-06	1.2413003284731846e-06	1.87236194085244e-10	5.8287732838143135e-06
YGR275W	-16.30758390484769	1.0405426742221038	1.4295922716315067e-07	1.4313709103760845e-07	1.4964656624165428e-08	4.612763707542093e-07
YCL036W	-17.713986288429425	0.201814717485479	2.0725584782671694e-08	2.0690401169217474e-08	1.4545788315263766e-08	2.825463642562182e-08
YNL016W	-14.835343179169994	7.370050656844555	0.02484445775166676	0.0581242583993952	3.2427351179912236e-11	0.5089885705639119
YPL267W	-16.704341544385173	0.5389247699270256	6.483426676427294e-08	6.422682653459091e-08	2.2889709097024264e-08	1.3467294009476697e-07
YML092C	-14.694438425395857	9.024151759492552	0.0545898737620346	0.0875283515513762	7.37140382266958e-13	0.8880029344575251
YIR022W	-16.074420140817168	1.6083336870036848	3.750496464312305e-07	3.3609209843239494e-07	7.336776008200839e-09	1.3523074652326707e-06
YHR068W	-15.197376811404665	51.1227338535441	0.3881068313401847	0.6304032238683955	3.7737817351022373e-34	1.0
YKL213C	-16.68896244583557	0.5994889993839857	6.750277763104675e-08	6.734544728254316e-08	2.1016070671298903e-08	1.5060879155779754e-07
YLR207W	-17.525412984680955	0.6747200659405858	3.041291324322466e-08	3.077622561564293e-08	8.06845723128069e-09	7.43529233948092e-08
YNL071W	-13.93255033053829	2.607037177230041	1.9362645667637474e-05	1.306236623583601e-06	8.422887294482309e-09	5.813651779012196e-06
YGR205W	-16.30388154708706	2.495822504921623	2.2408484176068707e-06	3.51558771322457e-06	1.4473827040174875e-09	9.895661456044864e-06
YLR238W	-17.423420875079685	0.2473911361855551	2.7964848418533244e-08	2.7938284098755558e-08	1.8038339098085675e-08	4.069083269335937e-08
YLL046C	-16.844570902547986	0.7219337115768099	6.262692126771944e-08	6.278531935798052e-08	1.4748473638800733e-08	1.5857855729481483e-07
YLR290C	-16.853307435078733	0.8225622728314256	6.758143494737655e-08	6.742578584958435e-08	1.2389788862696577e-08	1.8598693202718973e-07
YDR140W	-15.477089054512545	2.7634074417396652	7.680182259830149e-06	1.5016728383890935e-05	2.230382763413546e-09	3.693953275361437e-05
YPR017C	-16.767831487371225	1.9689618140887133	4.139276193309957e-07	4.0806139840586516e-07	2.060324256350226e-09	1.4319182214437783e-06
YBR015C	-16.345310526660597	4.3490923019214	0.0001628855531465021	1.8418175250747997e-07	3.126949568737635e-11	9.690563823309965e-07
YHR044C	-16.782422322511394	1.2921744731541278	1.2505127151146348e-07	1.1903489835008314e-07	6.142687664362475e-09	4.320286475804076e-07
YER141W	-15.578416732715779	5.9972773329524935	0.006519219985812552	2.3343025170614865e-06	4.8681309813898575e-12	1.2878412675881048e-05
YDL031W	-11.967216207537787	6.574478068699507	0.03834188595614035	3.671114997979467e-06	2.9259126211317224e-11	1.8960880777428786e-05
YDR007W	-16.330066870134743	1.1729820014361547	1.5716881174614799e-07	1.5541351697893094e-07	1.1660153811566623e-08	5.365571067883401e-07
YKR080W	-15.347206170722329	1.512126942774513	6.693544046634847e-07	6.982978746617467e-07	1.810020833368166e-08	2.7360337432004485e-06
YIL144W	-17.49980511681568	0.869012680263274	3.720448282411252e-08	3.663759612806018e-08	6.0132520465656825e-09	1.0474879572057553e-07
YNR036C	-15.681122724120724	5.05568719993811	0.001473363497617989	0.002660620224786318	5.0230340702146447e-11	0.0015644941390091833
YDR135C	-17.3556398246521	0.0691894232688313	2.908565423994382e-08	2.907943798130649e-08	2.588883621460496e-08	3.250290306585969e-08
YDL214C	-17.615842097883416	0.43606399985543276	2.4519518977330853e-08	2.458607191657084e-08	1.0914737390489581e-08	4.578862597125583e-08
YGL263W	-17.1275003718263	1.0575395266589749	6.27483422027759e-08	6.375806910424381e-08	6.399056027441997e-09	2.0755165169270244e-07
YJR135C	-16.57171897717599	1.3203113876400707	1.5232393325529028e-07	1.4930515612869737e-07	7.225155715813732e-09	5.492878939028897e-07
YHR029C	-16.5131525244731	1.493685818205502	2.0563823331063724e-07	1.7010136700561538e-07	5.635871555755567e-09	6.650506775720538e-07
YNL080C	-16.99712531585172	1.7367710709654365	1.9361321912867998e-07	1.3535305952975273e-07	2.3132270493513603e-09	5.675245409693604e-07
YJR107W	-16.778144119912014	1.6746199473437222	2.0265401359480483e-07	2.384386380222144e-07	3.3150421382271404e-09	8.802456283655652e-07
YNL222W	-15.393297500654809	1.826510058361106	1.106478220203783e-06	7.54714358090013e-07	9.96540657004298e-09	3.239442013611832e-06
YLL038C	-16.812992638101406	0.5398474544582789	5.766113980449688e-08	5.7752302960553094e-08	2.053731103249198e-08	1.213043860050517e-07
YKL101W	-18.592260569705815	0.027559479979667612	8.4280724919187e-09	8.426505043813644e-09	8.049990353312142e-09	8.813595962601158e-09
YOL019W-A	-16.4085323272964	1.5943507489195805	2.7068728119110385e-07	2.375868668318457e-07	5.375643362147886e-09	9.493181736370858e-07
YDR014W-A	-16.366813566732873	0.9350812981381996	1.2005805318045993e-07	1.1614799843316575e-07	1.654868229959626e-08	3.4558900807692606e-07
YER048C	-15.487904851900366	3.0805800739247675	3.3469817606455786e-05	9.14770591346275e-07	9.711632410280723e-10	4.71827072796967e-06
YIL051C	-14.218494755806388	11.140743415509023	0.10083664992942007	1.3099962879637455e-05	7.911899003621289e-16	2.4051879773484936e-05
YOL044W	-16.368379261585872	1.0715511181428141	1.3846319788230405e-07	1.3444565317090523e-07	1.3268123160971972e-08	4.392071939796983e-07
YJL077C	-16.87381876611542	0.8388794299638501	6.6630342421575e-08	6.504239352327832e-08	1.1706260577391807e-08	1.802730949492392e-07
YFL047W	-17.27269724766009	0.6883178899963055	3.9979789629530855e-08	3.987235196659895e-08	1.0147310236696792e-08	9.746786430820415e-08
YGR001C	-16.06223305360689	2.0117334256764994	8.563836358774714e-07	4.806054031463566e-07	3.74196832889597e-09	2.1175360993281764e-06
YLR066W	-16.284173051107047	4.243599771265712	0.00037477063448678236	0.00041197294419597486	9.588982014360966e-11	0.00025049358358728756
YIL007C	-16.620857964176324	2.1425050754219073	5.757830799823635e-07	5.148099684924385e-07	1.7825823804066671e-09	2.017488869258115e-06
YOR216C	-16.67358201758978	0.46333275199366014	6.410072749538619e-08	6.365396551836693e-08	2.671682845123896e-08	1.2232235060669164e-07
YDR362C	-16.896510145358846	0.963720303570265	7.182716180512009e-08	7.320153846808002e-08	9.407149622439578e-09	2.2443435469746455e-07
YFL003C	-17.799021028354403	0.42616649390994643	2.0151644421942018e-08	2.03754254819311e-08	9.230692868612507e-09	3.748383052537797e-08
YJR083C	-16.786320429899916	0.1796424275165489	5.2205908894166335e-08	5.209036468570116e-08	3.813576275888494e-08	6.886604885652198e-08
YKL071W	-16.42966648539803	1.6210492208753826	2.6239926412190953e-07	2.2275956408115158e-07	4.997178055383047e-09	9.066155113557014e-07
YNL042W-B	-16.851847400794924	0.5400414399183716	5.530741017816093e-08	5.547419470673454e-08	1.973128147333474e-08	1.1641656740820522e-07
YJL031C	-16.854354050265812	0.7631671637247225	6.454410032327027e-08	6.415143433833624e-08	1.3647125097083806e-08	1.6826089094937067e-07
YPR149W	-15.477243270893451	35.062984464278955	0.3285624757408854	0.43226648229486675	2.797219929801049e-30	1.0
YIL111W	-16.500144197046396	0.9106423503367246	1.0289845547366435e-07	1.0362961172669968e-07	1.5258661200011318e-08	3.061300513248088e-07
YDL069C	-16.793731709339028	1.189715395049509	1.0373505551990489e-07	9.955924253974032e-08	7.134053560691475e-09	3.467134570150819e-07
YMR290C	-13.705321142516551	6.4211176098895	0.019414079985123487	3.133239765885033e-06	9.920552836578958e-12	1.6650650463694593e-05
YMR276W	-15.121727813916733	5.617618549486927	0.004775119333121753	0.011939795066668042	9.415673740914178e-11	0.021595158849324225
YMR062C	-15.595101842984858	0.6075836330401729	2.0145078867916684e-07	2.0364452311310914e-07	6.215819439042104e-08	4.6012857576146584e-07
YKR077W	-17.199394449905213	0.4654269466731454	3.783465615982303e-08	3.7766702740794416e-08	1.5760641859433698e-08	7.282014267353862e-08
YCR071C	-16.2432935155164	1.3187025879741199	2.028975542192414e-07	2.1495992069232809e-07	1.0103314192441755e-08	7.869633589444663e-07
YJR134C	-17.90603144015111	0.4169362829600242	1.8296728476987114e-08	1.8251236743161107e-08	8.426563230029415e-09	3.3217596358968537e-08
YDR143C	-16.93687771618059	1.064991804137276	7.624447566634336e-08	7.359408950459961e-08	7.544970240817437e-09	2.3829362024484615e-07
YJR021C	-16.82065942562693	0.21849490491965667	5.069312345994655e-08	5.0713249279539734e-08	3.4564957806487705e-08	7.090375882800527e-08
YGR280C	-16.12007110499799	1.5264477709312128	3.226699823050543e-07	2.8646380785854966e-07	8.024281179043599e-09	1.1312731128977077e-06
YDL185W	-10.815876457382911	0.2925566058097852	2.1041604400109206e-05	2.1998506742428104e-05	1.3082498080240177e-05	3.391692159980811e-05
YHL009C	-17.212281934037293	0.30415285057761865	3.505764282736141e-08	3.504133341008764e-08	2.028110887481264e-08	5.516513282453572e-08
YKL171W	-17.392974971103087	1.2119501751164483	5.9243947896542067e-08	5.5049325121343465e-08	3.762335722315974e-09	1.9321178939002537e-07
YER081W	-13.968556354471003	11.179750639851504	0.09922145071243763	0.212343941421723	1.76373074794758e-12	0.9995988286326827
YDR522C	-17.323889259213303	0.5131407935092265	3.402598634572928e-08	3.4112781486749014e-08	1.2864313345760582e-08	6.947809847957444e-08
YOR018W	-18.29972047876143	0.12462425083055968	1.139385545783898e-08	1.1373603174814343e-08	9.192091200629931e-09	1.3850874807067396e-08
YNL312W	-14.611226154266843	1.1240289597933877	8.3542861854345e-07	9.218468392274319e-07	7.231547467576727e-08	3.1594399813496517e-06
YMR105W-A	-16.826559579604492	0.791467020512238	6.605345792828636e-08	6.728031552680596e-08	1.3376569360077678e-08	1.8056815162974747e-07
YPL043W	-14.661120221201783	8.692771420837731	0.04716651699098209	0.12930571948674952	1.6581117236099876e-10	0.9661736496650475
YOR075W	-17.03173358033453	0.4961140770259379	4.50145685233801e-08	4.537249923921079e-08	1.7733263966034613e-08	9.070588223824263e-08
YOR023C	-17.181292141053547	1.0521657149481154	6.004974598022275e-08	5.9282898607440205e-08	6.0972093159455975e-09	1.916963125984465e-07
YEL053C	-17.920797863576084	0.49940531512858993	1.8622479306239385e-08	1.868289101098e-08	7.249728017938783e-09	3.7486165638709964e-08
YCR014C	-17.60824351777481	0.4436890221198578	2.5018726934661274e-08	2.4857990469579727e-08	1.0853196512385065e-08	4.6719656578934546e-08
YML086C	-15.064626789674731	20.82159345069573	0.23374209809236146	0.45814871421992615	1.0906719409685921e-16	0.9999999999914342
YMR166C	-17.173882692201715	0.7216377019010191	4.481187821667272e-08	4.5179542467416455e-08	1.061549509564754e-08	1.1402884351055632e-07
YKR106W	-17.233273000828177	1.1405064739247992	6.409747188993273e-08	6.367441602745978e-08	5.031535301005796e-09	2.1677506018978775e-07
YPL206C	-16.077448375283694	2.799102507383538	4.131068361673458e-06	2.1630198218143524e-06	1.0516404074488094e-09	9.262952631400475e-06
YFR034C	-15.992939672673655	0.9490944681419423	1.7859653780512452e-07	1.7403253307839614e-07	2.3641996060179308e-08	5.254293239776872e-07
YGL228W	-17.257224244117225	0.4883799983579629	3.580487777047932e-08	3.599546166648075e-08	1.4312178928935716e-08	7.125630703808701e-08
YJR062C	-16.691428735278535	1.0879080072626905	1.0053821654162834e-07	9.53368925671134e-08	9.268296547659792e-09	3.1256437660747496e-07
YLR381W	-17.63116043654118	0.9746153280303502	3.566902343606162e-08	3.530173059497983e-08	4.425300754175213e-09	1.0892224535952449e-07
YMR239C	-16.043976159600064	1.1054576229827657	2.0047934358794836e-07	1.9266561723905753e-07	1.7353174908671772e-08	6.428344416365095e-07
YAR031W	-16.84006501724869	0.8219102440704725	6.844194303901615e-08	6.692161310782534e-08	1.2486045951828548e-08	1.833763181509912e-07
YGL031C	-14.84855892571177	39.61339597889041	0.35799406741001893	0.44978928128848195	3.2281735282955396e-33	1.0
YBR283C	-14.317576654918595	3.27024886910124	0.00010653487100640878	1.5973539792057223e-06	1.924581363542734e-09	7.862130041803157e-06
YDL156W	-15.626933673070381	4.232761674740119	0.0004375679359379423	1.143241299913872e-05	1.6777468485778458e-10	4.4854710201718e-05
YML050W	-16.667249478509603	0.5758198022200706	6.83518253398979e-08	6.798890030570251e-08	2.2353220338884163e-08	1.483439740066735e-07
YCR024C-B	-16.367317319870182	6.226106846411042	0.005004634569511635	0.007317178575494599	3.3913715521590076e-12	0.004201723232225505
YNR028W	-16.84232780351229	1.026866354957104	8.118840617949354e-08	8.065493812552175e-08	8.907110377343423e-09	2.56912488888234e-07
YJL010C	-15.576871576261693	1.7266065846806526	7.879433121494308e-07	8.053429653206789e-07	1.0232077587313908e-08	3.3863319479446116e-06
YBR164C	-14.056653695014758	7.358219378540031	0.03142937035607086	0.04548302452931203	1.077233286998953e-11	0.32560875488629587
YFR023W	-18.012707201786526	0.4707086037534412	1.6642239217351508e-08	1.67981729290083e-08	6.932771678708872e-09	3.2593221419268445e-08
YDR265W	-16.854937912977405	0.9899398819161134	7.608275829802414e-08	7.779284719935216e-08	9.37763775675515e-09	2.423559206401858e-07
YDL241W	-16.771128905377537	0.429076331543971	5.6639186700854914e-08	5.704070804303427e-08	2.567800999582419e-08	1.0534762194424319e-07
YHR142W	-16.26498019607314	2.0966912365146935	9.398934510403804e-07	1.2163014914460106e-06	2.827798142501476e-09	3.9694546759517684e-06
YDL013W	-17.58710655981193	0.534422371949826	2.6555241469552138e-08	2.654418323809233e-08	9.546726093766157e-09	5.539059912105986e-08
YGR066C	-16.75797539458361	1.3435331005885887	1.2533955370371463e-07	1.3121495944554752e-07	5.784756026583603e-09	4.84905331703683e-07
YDL022W	-13.849776005089735	16.53858368146913	0.2064673842960211	0.3484076502172156	1.0478953601009475e-15	0.9999999744863015
YNR016C	-10.29996659470744	2.2021259239509674	0.0003691290654856537	0.001052355022830052	3.520955706137798e-05	0.003712865896068052
YLR310C	-17.243190334113734	0.7015125696056418	4.147355872926371e-08	4.158335167295493e-08	1.0238060749859337e-08	1.0304452774004785e-07
YCL073C	-17.119988272120082	0.4550335823298799	4.05943353781493e-08	4.0758512687158216e-08	1.737032794136624e-08	7.767393166870702e-08
YDR054C	-16.211166402231157	4.81372501507966	0.0006797164430914087	0.0018754758356750018	5.513739536820158e-11	0.0013505907019286572
YNL201C	-17.61301258042768	0.024073276280647354	2.2427817498440262e-08	2.2433097575206232e-08	2.1555155646531858e-08	2.333173373664989e-08
YKL220C	-17.467290350564127	1.1507479585980944	5.0508287015665074e-08	5.0090000645819404e-08	3.900850340339971e-09	1.7129559822843356e-07
YOR039W	-14.889758696904392	11.270674443055322	0.09698012686392116	0.1519577881163722	2.889067020675528e-14	0.9976019659657445
YMR308C	-12.47489954648445	0.38727814537692073	4.1354004414911246e-06	4.173729751279889e-06	2.0511961872754485e-06	7.288796331413507e-06
YGL219C	-16.58313358577398	11.989889981159616	0.08931787341824793	0.1863415679233827	1.8787775088957643e-14	0.9993397962417548
YDR182W	-16.178448555228172	2.4951949822624777	1.752647189525376e-06	8.051186682129907e-07	1.5043613150271091e-09	3.78223884005561e-06
YER177W	-15.239707052613793	18.953830883830406	0.22126886851039235	0.3246977181720457	5.807141997427747e-19	0.9999999972163085
YLR117C	-17.251244848500576	1.9025000400943126	1.8567805529753802e-07	1.1816801487785196e-07	1.3496640420273608e-09	5.124961821601716e-07
YNL042W	-17.201715396841593	0.4839338777075873	3.82628658020678e-08	3.7992423051450865e-08	1.525217332101639e-08	7.483467131213601e-08
YDR165W	-16.304889657790028	0.6456352857133281	1.014006913250318e-07	1.0240515136312314e-07	2.87133493152007e-08	2.404445017359865e-07
YDL122W	-16.703718527068105	2.11590841850126	5.288739609121527e-07	2.7183701654592703e-07	1.6515419546900928e-09	1.2292506231615393e-06
YDR469W	-16.450771750453697	0.5216041624603172	8.28528532697619e-08	8.185327140077846e-08	3.032491880538396e-08	1.682593175066184e-07
YIL090W	-16.85895831060114	2.614147180314324	1.7204284927201852e-06	4.942561678264382e-07	6.306715359863109e-10	2.401446467940668e-06
YDR118W	-18.042140487691725	0.43494225908354933	1.6064120954691777e-08	1.6047956843101826e-08	7.134661379372487e-09	2.9841317198408674e-08
YHR168W	-17.08286183882663	1.4770222851663994	1.1418061720128799e-07	1.0482181204375034e-07	3.3244388309510986e-09	4.0691427579627305e-07
YKL192C	-14.42808806687499	8.005357908023635	0.04201212051335176	0.05096165060687298	1.9638291020375535e-12	0.42584609059151385
YBR295W	-17.085984721278493	1.4381529597194067	1.0476300385201352e-07	7.468914517836205e-08	3.343890190641902e-09	2.8193914208368056e-07
YBR195C	-16.90581016905415	0.9766738935299013	7.211956830014051e-08	7.386022764492259e-08	9.13784530100518e-09	2.2857479595081676e-07
YDR439W	-16.468020453518676	0.38257601009622116	7.573797114276079e-08	7.565802361205547e-08	3.7490397879153394e-08	1.3182935106287924e-07
YBR157C	-16.81262244181633	0.6424236755036821	6.133910629377831e-08	6.134268100791273e-08	1.7337144127034105e-08	1.4350636775681065e-07
YGR253C	-14.668070455002818	5.26449641120678	0.004002263662438167	0.007627324644546028	1.5645684724898006e-10	0.009774122756063746
YKL167C	-16.081029457993992	3.0138030950357235	6.666371275767156e-06	9.369520910791035e-07	6.529323472061583e-10	4.551101267731091e-06
YDL081C	-14.69169194505339	13.346174651065304	0.14229742845749713	0.1679491204939163	3.3181877831944643e-16	0.9997967641942396
YJL121C	-15.644836547632421	12.165338065185788	0.10304108554127518	0.15951241975755237	2.950880900853071e-15	0.9989905664854256
YMR131C	-14.513193313157172	1.5441021142461018	1.6376270330522847e-06	1.943432123978032e-06	4.1243582915522305e-08	8.160182465208168e-06
YCL009C	-13.931955097076935	4.835881759964263	0.0034631178446229527	0.006659489324855715	7.784603048995467e-10	0.009878738382162206
YKL190W	-14.883325394746135	8.307385164267878	0.040368693282027975	0.05710872698877689	9.995692052866101e-13	0.537733682356534
YPL234C	-15.357365653320086	9.15559774462999	0.04830050659197125	0.07016336868052275	1.5733927792841049e-13	0.760178668595943
YNL256W	-18.550182236613892	0.04349042917435184	8.80299524361845e-09	8.793637923312767e-09	8.17878314874343e-09	9.436208062623347e-09
YHR184W	-17.91633628965863	0.5868338338572027	1.96840798948181e-08	1.9649936188375614e-08	6.300756407920141e-09	4.339621693141513e-08
YER150W	-16.20434604075197	1.0189668942920767	1.5420186092694277e-07	1.4986797475099552e-07	1.7023638268258393e-08	4.7382733103675404e-07
YNL081C	-16.33434909069254	4.361017829028446	0.0002787717918910499	0.0004627809386963368	7.198629170681487e-11	0.00023607055533679682
YOL014W	-16.827710689882935	0.7581555776674461	6.613909448711809e-08	6.247364862343356e-08	1.3843173611197709e-08	1.6071122835819837e-07
YDL113C	-17.694158550039703	0.6561430657765766	2.5636607506893414e-08	2.563363948718944e-08	7.019733807745861e-09	6.078781392475162e-08
YPR144C	-16.65209294911729	0.7402921077353568	7.634879026887736e-08	7.722559732899979e-08	1.7346983615355574e-08	1.98365543822937e-07
YJR099W	-16.587241429945408	0.6512998697610749	7.797200024522367e-08	7.718123305457476e-08	2.140483945646634e-08	1.820466249339001e-07
YOR051C	-15.024196168808684	0.4423736827094215	3.3011479741722653e-07	3.281327587929971e-07	1.4391990304361108e-07	6.151111446539604e-07
YGR005C	-15.405396666633534	2.9424792447417807	1.531872181003147e-05	4.345302557712679e-06	1.666214593302073e-09	1.945029178728634e-05
YOL064C	-15.970603371119777	1.505966397614129	3.761769580293336e-07	3.2662119511676825e-07	9.63846680074154e-09	1.2838630535358936e-06
YGR059W	-16.81957601723225	1.3255556894711644	1.2508312873564324e-07	1.129046191776261e-07	5.555082986584256e-09	4.170787366007936e-07
YLR245C	-16.78497658835184	2.053277024143138	4.0948632617506843e-07	4.887169867492561e-07	1.763486092454557e-09	1.6488797816096086e-06
YFL005W	-14.103709088821416	16.782757994707055	0.20125022059053094	0.28673148365702683	1.7775623146286634e-17	0.9999999117023266
YDR064W	-13.779310179271489	31.106537220691155	0.3310287198638587	0.41456090794360556	3.1695750544829566e-27	1.0
YEL026W	-13.818882154949462	26.260131730791507	0.28821364187953313	0.3663075165964762	2.5484418355905552e-24	0.9999999999999853
YPR125W	-16.08188346013158	0.43034401642138814	1.1431220117273323e-07	1.1351887062107118e-07	5.1014222120242495e-08	2.0987840056052703e-07
YGL187C	-13.69867973119217	31.783348007817455	0.33669530836041495	0.4238623553790026	1.5852591755403933e-27	1.0
YDR403W	-17.473398812079523	0.5385676082028855	2.996182248016793e-08	2.977843648376697e-08	1.0623628514166124e-08	6.243137591544357e-08
YNL193W	-16.87915898529971	0.5724281522046951	5.55609248677861e-08	5.480569712414443e-08	1.8169328340207442e-08	1.1902325370175766e-07
YOL100W	-17.834121860790404	0.8824781278040847	2.63182010455e-08	2.6381325654489862e-08	4.198278542334006e-09	7.622797779611545e-08
YNL019C	-16.825745978997276	2.1555715458655658	4.377844307557022e-07	7.202218810636238e-07	1.4461827385995707e-09	2.1750447181072146e-06
YML121W	-16.175542916019552	4.334114626536737	0.0004973158762667284	0.000754279858628542	1.1467822137197204e-10	0.0005968644795066829
YKR093W	-15.443245367621058	0.2629282889078279	2.0305476622615953e-07	2.0347182129372344e-07	1.2747667017268762e-07	3.0288988435023503e-07
YIL010W	-15.81255610596527	0.9595163807801339	2.1446696942317226e-07	2.0225783532930478e-07	2.7492541958365028e-08	6.092998520684887e-07
YDR246W	-16.547270715550624	1.9042272638665374	3.6815075334477587e-07	3.210812724074931e-07	2.8136080727521317e-09	1.3458481587504903e-06
YNL308C	-16.508639255066356	2.3486640471667	1.0277387013934127e-06	2.8912643394231883e-07	1.2933058974463335e-09	1.3630193387918322e-06
YER024W	-18.0830374377485	0.39427597180015456	1.5151719812686918e-08	1.5149230845776506e-08	7.327676029568892e-09	2.681062724213602e-08
YER032W	-18.043108823498898	0.4921234530224509	1.6377487419898953e-08	1.644199706414603e-08	6.487283801849762e-09	3.269820423466194e-08
YJL160C	-16.855165908484906	0.6277928345299532	5.783868259089723e-08	5.8163831375306806e-08	1.7020158208046956e-08	1.3399239055291437e-07
YKL174C	-17.495221095211292	0.4069774780959364	2.7431513038991257e-08	2.7414339808361402e-08	1.291747733388944e-08	4.927950106976679e-08
YKL165C	-18.208736270717765	0.6501937797591578	1.5206166003671756e-08	1.528054914810461e-08	4.241783758227844e-09	3.602003148066596e-08
YHR117W	-15.219237854829045	1.5954939922128877	8.696791634659543e-07	4.69971442079315e-07	1.6117863845639663e-08	1.8322007329246389e-06
YJL098W	-17.62247940198793	0.6573009490927016	2.7010467053624354e-08	2.7282549458034216e-08	7.49540952061613e-09	6.454083223401038e-08
YDR372C	-13.963527894296204	5.812579913136128	0.01100650244581272	0.02085061542055947	2.472661741370286e-10	0.06297650144882246
YNL254C	-17.31809559501633	0.37303679885751434	3.228065663770841e-08	3.22860955186475e-08	1.6296347730191883e-08	5.5601243034856283e-08
YCR095W-A	-16.830282208415866	0.6169440793816934	5.921205941662823e-08	5.930759367939623e-08	1.7763491196793076e-08	1.3521246971124318e-07
YLR231C	-16.522718578017503	1.2894544530819447	1.54025106357801e-07	1.3954653512274244e-07	7.869022023253959e-09	5.071483382976857e-07
YOL139C	-13.925315506793778	29.92772555346592	0.31640044268011847	0.44248076653118557	1.2862642653828101e-25	1.0
YJL028W	-16.833259637839348	0.5304059974797977	5.726402127248741e-08	5.6201092213430344e-08	2.040560616700647e-08	1.1674112931790106e-07
YNL097C-B	-16.764162758038566	0.6986807181779275	6.580358126007972e-08	6.691745004016374e-08	1.660656479136855e-08	1.6540679918264424e-07
YFR032C-B	-16.843700725957007	0.42779890230151985	5.3146641442901955e-08	5.30331355957682e-08	2.3930804840068958e-08	9.776772109701374e-08
YOR181W	-17.32090326709404	0.6165589561628904	3.576591984619592e-08	3.6254442010434384e-08	1.088252588601984e-08	8.256784352630926e-08
YJL043W	-16.800740020255745	0.9845624323485231	8.288873936302517e-08	8.155543335051986e-08	9.987957362280377e-09	2.532098323962571e-07
YJL217W	-16.432081294734218	2.958196430065875	6.337313238345171e-06	5.315177100867244e-07	4.975710900164792e-10	2.6796515913473447e-06
YNL243W	-16.256753865201247	0.03815954685819573	8.711534909240065e-08	8.711567458350221e-08	8.175612987990532e-08	9.268641533660794e-08
YDL007W	-14.667158402801943	2.3211514584517463	6.285398432926929e-06	1.6423512469007234e-05	1.180091339830403e-08	6.074998079721533e-05
YJL103C	-17.78346096994281	0.36491861791696445	2.0220617814985168e-08	2.0204867618992423e-08	1.0370266882057629e-08	3.442954791735793e-08
YIL075C	-11.902545992642628	0.07835330776453182	6.799682004451287e-06	6.790556688119474e-06	5.951802236349655e-06	7.699019697510257e-06
YJL038C	-16.813407824702864	0.5176703813383372	5.733653838142863e-08	5.691113423482443e-08	2.1256269389055052e-08	1.1652360518586193e-07
YJL130C	-10.742365050632342	0.313986076904375	2.271817073739369e-05	2.137057429233134e-05	1.3016043001698055e-05	3.228340006094998e-05
YHR167W	-16.22976177068702	1.1324585494771489	1.7282209969641297e-07	1.7285843804747477e-07	1.3933195723593695e-08	5.866795363460558e-07
YDR423C	-17.147970125887497	0.5893072863486672	4.2518775934217045e-08	4.22636906075181e-08	1.3505232138038291e-08	9.342334808801384e-08
YDR493W	-16.61442089694245	0.7932148880649291	8.429985718741582e-08	8.282062659538903e-08	1.6469267248329916e-08	2.2246508128050735e-07
YOR297C	-16.473019309481245	2.1913535688707015	7.141886046573583e-07	3.612390772171526e-07	1.8284516381437803e-09	1.6517921313444633e-06
YKL164C	-15.919029410121565	7.2451117819109285	0.01810686335430025	0.028813093461014048	2.2057490041736624e-12	0.1036104412677333
YNL244C	-13.586081280017607	11.7502344923689	0.12548596648441973	0.1537081580656719	1.2988824327945795e-14	0.9989033148297168
YPL151C	-16.157740946736524	1.55788441489054	3.1946010277484173e-07	2.7711804957886327e-07	7.30021021810898e-09	1.1087890014122813e-06
YOR353C	-17.706338800308714	0.18744867440925908	2.0762724473848333e-08	2.079129747335103e-08	1.5007958203619975e-08	2.7806600571416043e-08
YOR022C	-18.066549169547926	0.4145599029875423	1.556354687087488e-08	1.5512220917750038e-08	7.2002588441422135e-09	2.8125112901623967e-08
YDR438W	-17.08339931038134	1.8063347639583478	1.9071094392679727e-07	1.7269283049766043e-07	1.94007982644579e-09	7.036663503694848e-07
YLR105C	-17.142481997544365	1.0751195684148	6.431090539106624e-08	6.4248938320504e-08	6.124213339390838e-09	2.1118993076306277e-07
YDR461W	-15.726907024007941	8.213744789549997	0.028969060313071726	0.03362936382515968	2.316267349985766e-13	0.13309543061544882
YOL075C	-18.14487577878097	0.46492584661540354	1.4635048129106658e-08	1.4678111479920687e-08	6.1325064006057775e-09	2.8287855698649972e-08
YOR057W	-16.24557269484758	0.5001634381240492	9.993326073682048e-08	9.993652825636135e-08	3.8696236482844945e-08	2.007468622481464e-07
YPR117W	-18.297665687649697	0.34427625785409455	1.2036595612769277e-08	1.2008058803577418e-08	6.419100004995373e-09	1.9934925578224244e-08
YPL005W	-18.300489813635778	0.2799616079970147	1.174182033035804e-08	1.1725415732115172e-08	7.112125379205552e-09	1.7865204307505015e-08
YDL054C	-16.437925904662535	3.4755311652880327	3.086226539424566e-05	7.706273956564857e-07	2.0330128955195992e-10	4.004242318391808e-06
YPL160W	-9.72848242743312	6.022457412417315	0.06283445020951868	0.11716989452235994	2.550707372772137e-05	0.877687221634938
YKR057W	-14.115005494423896	32.54443150284567	0.32957902481185314	0.3839009670634241	4.12425309946883e-29	1.0
YJR005C-A	-15.859254074945765	0.9017114325296361	1.979102942409028e-07	1.9383737676608278e-07	2.934979488068232e-08	5.676601751961835e-07
YHR187W	-16.348681884331384	0.8600065505981306	1.1486245757357934e-07	1.1480675871044599e-07	1.926957722807092e-08	3.258742507306731e-07
YNL301C	-13.800211790171671	59.015749183841116	0.39585008202957006	4.4214643246458296e-07	1.5014978778478903e-56	3.593412965682521e-07
YKR011C	-16.58181434041144	1.7702157866252335	2.9060784544416396e-07	2.2060208609433215e-07	3.333476376833446e-09	9.327273383013653e-07
YDR060W	-16.804770121970435	0.7442386345395224	6.644123717685391e-08	6.523894684047703e-08	1.4689077114541329e-08	1.671553568340024e-07
YKL024C	-13.954043748273035	13.904640349499825	0.15596130368008226	0.22459589574821678	1.049491893238548e-15	0.9999852065502408
YLR407W	-16.747118661784754	0.7332126134326707	6.954801042700051e-08	6.948950570040555e-08	1.592184278874956e-08	1.7704243118060675e-07
YKL016C	-14.996897844868	3.568540078366474	0.00010212977399759922	5.132755913565065e-06	7.466043727680338e-10	2.0401637060486144e-05
YPL225W	-14.933194010220886	16.856059048859127	0.1968945602747674	0.2447776283066118	1.9616508682712565e-18	0.9999996425701806
YJL030W	-15.999697043496054	2.359081089781528	1.6186447067817322e-06	2.6771231029033e-06	2.403529589353285e-09	8.076837738325963e-06
YDL245C	-16.565175803866424	3.135546874876073	7.934689612676851e-06	2.4900898777456995e-05	4.3640592662115007e-10	4.9072190092993606e-05
YBR202W	-12.075103387361379	0.12919786115328358	5.743059640941393e-06	5.677636005129152e-06	4.560990671302083e-06	6.950877990793345e-06
YDR069C	-17.814772934820923	0.7792858176129799	2.5069513578110914e-08	2.4747060867843805e-08	5.0801887300190276e-09	6.571994201993792e-08
YMR071C	-15.685175619358416	2.5972266956495003	5.361804903055209e-06	1.7843301198191614e-06	2.0889314425972457e-09	7.540760935769144e-06
YDL192W	-13.441243586488055	22.425753266253736	0.27222730195447664	0.36483208717238247	4.835913346134571e-21	0.9999999999966658
YFR003C	-16.447818817389617	0.7101127582981803	9.246639984393262e-08	9.266977023744055e-08	2.2361410357473972e-08	2.315262731347664e-07
YER184C	-17.792911605466344	0.6071963251738463	2.2460467414136577e-08	2.2454110226026572e-08	6.886717832872019e-09	5.061826713614057e-08
YDR090C	-16.313081395252794	3.340096467154741	1.166102799841788e-05	8.526780899692037e-07	2.9274239348126474e-10	4.341343763323213e-06
YOR245C	-16.747783313761104	1.5190558683053088	1.6286653237070616e-07	1.6845198482932975e-07	4.378427086939745e-09	6.498266125007574e-07
YKL113C	-16.060936068032973	3.0296083986418565	8.66687342590699e-06	2.813802925834616e-05	8.804218098887256e-10	6.184296509191323e-05
YMR141C	-16.86985410158448	0.40468843406410876	5.107409478918971e-08	5.118448455106591e-08	2.4232957940057555e-08	9.175387769683461e-08
YKL209C	-17.680314227903366	1.1292958040888932	3.9025715711139574e-08	3.8318764625601625e-08	3.248105444172788e-09	1.2913363466601978e-07
YBR081C	-17.592107604920585	0.6173880249769976	2.7869506741721618e-08	2.7664381962995617e-08	8.286178804132657e-09	6.304040006321778e-08
YPL222W	-17.345927069277224	0.4197929219866682	3.2116889510711696e-08	3.1961917687947833e-08	1.4674665397711411e-08	5.835468752624315e-08
YDR192C	-16.082228747495904	0.5745380115672543	1.221719703701051e-07	1.2134331434948712e-07	4.009876976616541e-08	2.6401834147825123e-07
YNL130C-A	-16.915295538631455	0.549803506590251	5.2496671522431804e-08	5.2323669913241836e-08	1.8222976777273778e-08	1.1102308080673764e-07
YJR010C-A	-16.1991642714067	1.8756719498714798	4.942698428972969e-07	5.795139471875743e-07	4.240539693255123e-09	2.1420973391980706e-06
YPL159C	-16.725190882229782	0.8726784089416405	7.912814656432054e-08	7.89235579631655e-08	1.2914628575579533e-08	2.257967994800225e-07
YPR181C	-11.207666346811676	5.543243230837061	0.026472008521789128	0.05749345790046541	6.532976105406192e-07	0.44361287531216576
YBR227C	-15.452981901290313	2.4938323509858726	4.492543716926354e-06	3.604958590914595e-07	2.3743837114520225e-09	1.6314675536494205e-06
YNL305C	-16.434609314362007	1.9227236158263517	4.840668740559654e-07	4.5688381897379416e-07	3.0923183987021865e-09	1.7981976293990133e-06
YGR184C	-17.15113037920017	0.42293434660716694	3.89303755150669e-08	3.889794966278794e-08	1.773866451206484e-08	7.131955890847624e-08
YGL101W	-16.089393134542462	2.1684809722035734	1.0222451390300283e-06	1.5205050561029505e-06	2.9878612226390074e-09	4.962994277716214e-06
YGL157W	-15.666458884363946	0.9328101544375831	2.466707331218996e-07	2.2473374035202958e-07	3.3016002226618096e-08	6.613107953549998e-07
YFR051C	-14.052486302601393	2.4964022782750424	1.7266042898571794e-05	1.355896224752802e-06	9.589737649149268e-09	6.051379059802546e-06
YNL046W	-16.660100378002227	0.5797602753652035	6.862017981560825e-08	6.874596830011487e-08	2.2388616952093907e-08	1.506553773544501e-07
YPL150W	-18.164140217086953	0.13292954789084285	1.3026751768130347e-08	1.3039388734123847e-08	1.038602572866485e-08	1.6080016374122496e-08
YOR062C	-16.868550392472372	0.5727744921473553	5.5601849700936935e-08	5.5348921117913186e-08	1.8352616071536732e-08	1.202504656771933e-07
YPL189W	-17.822501721785358	0.4792397787999095	2.0262421294747145e-08	2.040548287509693e-08	8.26832281929094e-09	4.0008682640243296e-08
YHR021C	-14.443155857975581	31.016395915536684	0.3204947514263745	0.3670398675096048	2.5701732877401044e-28	1.0
YIL018W	-13.958246686198235	28.40937008295368	0.3081791360451354	0.44891120213841973	3.348401116797516e-24	1.0
YBR132C	-17.317331279184856	0.528719745339448	3.4581732536495156e-08	3.46510053843487e-08	1.2621015221094142e-08	7.186674636592441e-08
YKR019C	-18.018207327427064	0.14401800496850856	1.5125363639902172e-08	1.5111357803384122e-08	1.1800642659947575e-08	1.8953014503691638e-08
YLR067C	-17.874379065230443	0.4386626978098346	1.9074706547114247e-08	1.901043875755903e-08	8.392195774348756e-09	3.5508402886916974e-08
YLR237W	-16.237035668623506	1.5537951021686687	3.171881310815708e-07	2.2919630474334058e-07	6.6889474790229124e-09	9.16795537566973e-07
YBR080C	-12.633066385643543	0.24632309711615324	3.349930736397348e-06	3.439555874030898e-06	2.216156870215274e-06	5.021085880263795e-06
YOR002W	-17.214245398551412	3.018047148282797	3.071432113540541e-06	7.946156502321564e-07	2.3214587630270395e-10	3.759830544586373e-06
YGR152C	-15.834660596761024	0.9908108617492765	2.1492116081980951e-07	2.134906148139299e-07	2.589371192069709e-08	6.647611442831123e-07
YBR191W	-13.982184915316976	28.174217849371797	0.30942762338192414	0.39967030922719793	3.04656407909775e-25	0.9999999999999998
YGR083C	-16.647933083987283	0.3163890258181943	6.166258077751304e-08	6.189693347731737e-08	3.4983761736245535e-08	9.906551197762482e-08
YMR094W	-17.23097685226203	0.8549629833200969	4.674832403281013e-08	4.716347083931702e-08	8.04086886969723e-09	1.3337974619362855e-07
YOL048C	-16.801637916571764	7.712233228591547	0.016020704507723207	0.035693226103193726	6.616012789359531e-13	0.17710885931447995
YNR027W	-16.777889666693937	2.369842957233015	8.680126235089857e-07	7.0845199504403e-07	1.0561739512445624e-09	2.698801102917499e-06
YPR157W	-17.003115947439056	0.6687964094343422	5.1788204338405993e-08	5.1552817048413237e-08	1.3721080126778561e-08	1.2373667910968501e-07
YHL026C	-16.408376063591987	1.4047301698793577	2.0903482341661555e-07	2.04573360522722e-07	7.436544577305185e-09	7.678563001416069e-07
YER161C	-16.467134324507427	0.9675678440364167	1.1369371618386166e-07	1.1309347678004045e-07	1.4361007864850617e-08	3.4806550883933747e-07
YKL184W	-15.903052366725388	1.544128113625547	4.1794209209021575e-07	3.7334416167728806e-07	9.706201192391666e-09	1.4890433720779747e-06
YDR481C	-16.083163577285816	1.8344463768546777	6.073930786056347e-07	4.193520430772166e-07	4.99194720646555e-09	1.8012789025979368e-06
YGR113W	-16.888894866359607	0.37081083828861044	4.952808817907237e-08	4.9544862950033736e-08	2.512358194792324e-08	8.509329073546783e-08
YMR320W	-16.853812111680583	0.5197948702268604	5.48790091112209e-08	5.3988778584335026e-08	2.0191471120076664e-08	1.1035515511748862e-07
YOL097W-A	-16.86985410158448	0.5196104522283982	5.422802844126198e-08	5.390239939688055e-08	2.0042189155568863e-08	1.1057101575904451e-07
YNL023C	-18.30206184686611	0.013149564337173946	1.1258902415771545e-08	1.126037577617461e-08	1.1018475035145302e-08	1.1505365636538775e-08
YOR192C	-16.385489872199088	5.291216061604449	0.00188705879651248	0.006983988447366668	7.516570516601685e-11	0.010644814370468197
YBL103C	-17.00619121526759	0.6845280065043216	5.235299312082681e-08	5.2035077151423223e-08	1.3343779761680737e-08	1.2686185802245275e-07
YLR116W	-16.815812653521064	0.49765800763883156	5.639450824052261e-08	5.6272183227633194e-08	2.19337615955688e-08	1.1267303848328316e-07
YGL146C	-16.81544204652235	1.372824573990404	1.2588817671859628e-07	1.1876001703600543e-07	5.147918232458406e-09	4.4593306344297e-07
YDR071C	-13.914392090818366	3.3536459603212676	0.00013576222787990298	0.0003007878792581404	4.812883823415614e-09	0.00045990237120968386
YDR539W	-16.77810072516948	1.9243971295532842	3.2716010754254487e-07	3.190306781494332e-07	2.1873253536839236e-09	1.2672463238650495e-06
YLR055C	-17.140295567450067	0.4212766690770298	3.9421572309708746e-08	3.9270769138779464e-08	1.7968799046714793e-08	7.180348634859985e-08
YNL145W	-15.930840585345122	4.9123006893118175	0.001472740847369742	4.40826731637789e-06	2.599849916343613e-11	1.4016547297585597e-05
YOL149W	-15.729014728532276	1.306913623596078	3.4131618198122224e-07	3.6477961428197747e-07	1.729985972599563e-08	1.3289913119860171e-06
YLR044C	-14.46621336128119	15.394616088992375	0.1755890621561049	0.35729015426869554	1.022212550108749e-13	0.9999998637517643
YDR110W	-17.607652875239367	1.021909410435955	3.773930059153192e-08	3.8086865525749375e-08	4.198000156819105e-09	1.2129829475138349e-07
YCL047C	-16.85031176861301	1.0314248669531179	8.015757694873464e-08	8.234691094940413e-08	8.813606959070571e-09	2.640696437614431e-07
YHL032C	-16.836977377891145	1.3524836159802403	1.1884875611729396e-07	1.1622232954969152e-07	5.2331236337070435e-09	4.335989949013933e-07
YNL236W	-17.15719326912331	0.5190848232906357	4.052245981690515e-08	4.04966162108712e-08	1.5062322814091108e-08	8.309201346236585e-08
YOL067C	-16.254096657846077	1.6360611465677288	3.3237013319519833e-07	2.7124374018573765e-07	5.810002236203191e-09	1.1060926120024653e-06
YOR363C	-17.807281744165067	0.3935563146983799	1.991892681486185e-08	1.9959243207717087e-08	9.665839010826307e-09	3.5281904867776473e-08
YJR067C	-16.721408785416116	1.0258282112315544	9.077504455075462e-08	9.095550879882694e-08	1.006920329248951e-08	2.894458949803225e-07
YDR179C	-16.7637630310426	0.7418810869893349	6.893933808091869e-08	6.902841540470011e-08	1.5473590650308e-08	1.774490541221773e-07
YGR165W	-15.62608324550929	7.328307747955442	0.018839099068432393	0.03866708774401238	4.632999909068192e-12	0.2227975942855619
YOR347C	-16.482754375342466	1.5978941530735853	2.484154750218747e-07	2.179047674502163e-07	4.961979532524749e-09	8.796276660642141e-07
YGR278W	-16.68144452102679	0.962250954116399	8.950291838353893e-08	8.930238630405866e-08	1.1638672408875147e-08	2.729509596708951e-07
YGL025C	-16.112393866810436	0.8893481469099949	1.490704123790268e-07	1.4637373166087333e-07	2.3122596055502285e-08	4.233511113531582e-07
YDR394W	-13.393666045050123	3.4479662027522853	0.0003168919336745993	0.0008939826088301752	1.3406751069086038e-08	0.001680976481952532
YDL012C	-16.464261078880355	1.972076595960529	4.773557714175558e-07	3.5397536492070514e-07	2.707633326341416e-09	1.51016201949383e-06
YMR206W	-17.16488745147288	0.28399903169583596	3.650878592774631e-08	3.655319793640054e-08	2.2003687199760458e-08	5.601091898638257e-08
YCL016C	-16.531697601626732	1.228947673597317	1.4244531766884603e-07	1.3448367979340142e-07	8.689599787569393e-09	4.7625181613123374e-07
YPL008W	-18.28542602074704	0.4473974537109625	1.2748820043437206e-08	1.2638734717215048e-08	5.476438979815405e-09	2.3846679825174417e-08
YOR290C	-16.939748978774517	0.4622238765913293	4.861702046913753e-08	4.888896593247622e-08	2.0541255742254916e-08	9.39139902750231e-08
YPR024W	-12.910231494265828	2.3573390305522706	4.601286145697792e-05	6.648815630616951e-06	5.1759688838308575e-08	2.692361775966024e-05
YDL220C	-18.008654520811618	0.7776717150600682	2.020830280391302e-08	2.0201140442313268e-08	4.18033486282427e-09	5.3459311595920043e-08
YBL061C	-17.355035257766943	1.1523493864416696	5.576083353197416e-08	5.568368254074344e-08	4.344752781269305e-09	1.9038582474071268e-07
YDR457W	-17.666746916446556	0.017990586631715905	2.1257669274698778e-08	2.125691033139856e-08	2.0633686838270643e-08	2.1891183745488185e-08
YOR206W	-14.655488424477154	10.484991821383145	0.0855332442843835	0.2091992532342854	8.876872241872707e-11	0.998927510927554
YOR119C	-16.306423173469014	1.679695727448269	3.3119938762393363e-07	2.5194882750444895e-07	5.088204421831633e-09	1.044632042816856e-06
YDR405W	-15.580363919704906	0.7823080752736629	2.315036822370058e-07	2.3436392797087509e-07	4.739593648866966e-08	6.262720396904441e-07
YKR043C	-15.578172341826557	2.5740871187207683	3.953903466686996e-06	2.1838568194901688e-06	2.4761195081934016e-09	9.48002816955179e-06
YNL279W	-17.915458175681835	0.17998990347721464	1.6844569417930177e-08	1.6843712089878583e-08	1.2322694398314296e-08	2.227793278417259e-08
YGL204C	-16.84576720152907	0.7051386369175962	6.215733532734408e-08	6.131975240296413e-08	1.5075294211309344e-08	1.5200090737340939e-07
YLR063W	-17.309002377697453	0.5299965280713298	3.4758743969239924e-08	3.497753408459852e-08	1.271062139969335e-08	7.262003001449219e-08
YBL001C	-15.817722444328664	4.657297492479562	0.0009432438839504137	0.001101145705578483	7.379257166503577e-11	0.0005321342591751599
YLR093C	-15.426904424378518	2.738081642106077	9.035252776600669e-06	2.7852869976118424e-06	2.1796628621477474e-09	1.2108849594915018e-05
YMR245W	-16.79510618934799	0.9248640024919925	7.936176636830704e-08	7.577528580155925e-08	1.1000179667482005e-08	2.2453004785615785e-07
YMR121C	-15.581552300071762	10.999288112519816	0.0819159480404799	0.11832799158158767	1.022297062165096e-14	0.9884328833960819
YPL195W	-16.27175172890675	0.031193048298260435	8.582071259622096e-08	8.579856821989086e-08	8.146736980493927e-08	9.026732638484619e-08
YIL123W	-16.25776766944253	0.9255174100950427	1.3535763355568866e-07	1.3348616358971637e-07	1.8973720080675026e-08	3.9859308099559297e-07
YKL064W	-18.51288319457015	0.01953366835383198	9.12081683229548e-09	9.120948772652378e-09	8.830842669464787e-09	9.41668924755568e-09
YNL314W	-16.529253971611254	0.8791938122781205	9.818873444871596e-08	9.799442402306982e-08	1.562974913052608e-08	2.8272501354326433e-07
YOL104C	-17.014933462481352	2.856740305691868	3.264549282572506e-06	7.361257952950884e-07	3.628520105044535e-10	3.1948444451854723e-06
YNL082W	-18.369419477509638	0.4020268008848291	1.14009671968501e-08	1.1403245576685847e-08	5.429696464817769e-09	2.0366258547472243e-08
YPL060W	-16.99154087658897	1.0041428031332615	6.932666477612842e-08	6.964000305551604e-08	8.016905351247511e-09	2.1954076814913987e-07
YHR173C	-16.86985410158448	0.5918880407189702	5.5522034714981255e-08	5.6057095821922706e-08	1.7776594451445708e-08	1.2436962289526846e-07
YKL144C	-15.666566559645416	11.48312038951698	0.0835995278952635	0.13373779908768724	5.529616787070625e-15	0.9954632113056515
YDR388W	-14.21373459070419	2.9767552876572707	4.832861564722459e-05	4.013442348355156e-06	4.518057810489997e-09	1.9203820709461534e-05
YJR112W	-16.260266537247645	0.921695897986572	1.3125511527920862e-07	1.3171353769313786e-07	1.898962030497515e-08	3.916257918565647e-07
YFL022C	-14.492159199851086	2.883638698422485	2.3562085328323735e-05	8.52734540154035e-06	4.944946534365062e-09	3.748069329806015e-05
YER059W	-17.193504601826845	0.6266265084262953	4.1193071824083135e-08	4.15696800486004e-08	1.2170109007842196e-08	9.573100249071912e-08
YKR074W	-16.3197402141748	1.8199122538207262	5.076413658871353e-07	3.9588968454682086e-07	4.083369166192887e-09	1.58460996020265e-06
YML047C	-17.203031637844816	1.9301578101380485	2.2410597875431445e-07	2.2514303714091502e-07	1.4166312427178405e-09	8.443054054584644e-07
YNR037C	-16.187175601685524	1.537085413493476	3.101179855169135e-07	2.9199439048112313e-07	7.4091826486977165e-09	1.1357233518316626e-06
YLR095C	-17.605907620564523	0.6560739533189279	2.806350735111672e-08	2.7946013073622157e-08	7.66826224983593e-09	6.624944188573078e-08
YDR538W	-16.34269765883144	1.9178248001916038	4.765987402351105e-07	3.1266953203596846e-07	3.2938509305942196e-09	1.361255290902173e-06
YDL240W	-18.08796811292339	0.2427371831229132	1.436127910767514e-08	1.4366336890651646e-08	9.355867311714782e-09	2.079248766329804e-08
YKL138C	-14.907251744830502	1.5593592990238692	1.2020212592286799e-06	1.257614561054166e-06	2.620354555701251e-08	4.870197548599237e-06
YGR240C-A	-16.793350361659378	0.5412150698801326	5.930069157694327e-08	5.8910592248338175e-08	2.0879542436138448e-08	1.2388192516981331e-07
YOR361C	-13.10056012497189	0.0953995124521883	2.054747373960363e-06	2.050060610656899e-06	1.7445442253552488e-06	2.386653913986062e-06
YGL038C	-16.232067743484734	0.6508420353600807	1.1007562652649897e-07	1.103968730770361e-07	3.058733461815343e-08	2.60564732931692e-07
YDR167W	-15.932948336944902	0.965804808167373	1.9102691850301552e-07	1.9367400042745305e-07	2.46098876135299e-08	5.957669814119811e-07
YDR473C	-17.006800411321095	0.3904150083793745	4.4270553041846604e-08	4.4351599241993164e-08	2.162006567394072e-08	7.805664040965042e-08
YGR212W	-17.351212365808152	0.6723820132312279	3.651514294488182e-08	3.61938874489381e-08	9.59944463682728e-09	8.693727644723565e-08
YLR225C	-17.049541338718683	0.6212305069298282	4.821939668137516e-08	4.7821440678847286e-08	1.4179855860081192e-08	1.0946737030546465e-07
YDR476C	-16.32453254880309	4.852937093512862	0.0007232659659217888	0.001559067284556778	3.906630318258418e-11	0.0008848051588625347
YPL176C	-17.97321823716011	0.5581313857110274	1.8179764958153342e-08	1.8276779827557074e-08	6.246000130107504e-09	3.914453318314452e-08
YFR057W	-16.85480329804048	0.5584519861854146	5.5670619244525194e-08	5.557708402415754e-08	1.903452393362791e-08	1.1888539773892716e-07
YBR103C-A	-16.82990724316258	0.5012772137007264	5.5882777612978894e-08	5.549269420117495e-08	2.1481049017237334e-08	1.1148957434985133e-07
YOL028C	-16.84279056966696	0.7903994670021925	6.601928133548504e-08	6.603487114003023e-08	1.3184361959465432e-08	1.7712573622210373e-07
YKL011C	-16.69508940023043	0.6721774206037799	7.123429131299449e-08	7.033366703480286e-08	1.85671303980416e-08	1.693102916552883e-07
YPL126W	-16.571719507797027	0.19013614887408037	6.460460821077501e-08	6.46989854000272e-08	4.6468704675831133e-08	8.686137496740684e-08
YJL127C	-16.956370495268132	0.5548515781382689	5.102530217942137e-08	5.0385831270340836e-08	1.734486203434338e-08	1.0753653801796894e-07
YER022W	-16.618660117115	0.29902347275072094	6.34564401475534e-08	6.333421978289642e-08	3.7031382014442956e-08	9.899339798623645e-08
YML115C	-17.134705460099923	0.8265934325905481	5.157795833099051e-08	5.0979483415784844e-08	9.289117167931436e-09	1.411184723616526e-07
YNR018W	-14.455280731644235	9.726325970034027	0.07248948406531318	0.1089302886042278	3.043629620275416e-13	0.9680719512697731
YNL086W	-16.44759858561993	2.4417581788412983	1.2141693171399624e-06	7.95976623948404e-07	1.270646362579229e-09	3.19569206387425e-06
YGR044C	-16.580141298379004	0.8933016588250532	9.354377400955038e-08	9.303581211935462e-08	1.4451759322010687e-08	2.7073442976824667e-07
YBL004W	-17.627849219607725	0.00946591591258978	2.2097434005378363e-08	2.2097403356946628e-08	2.1754711461619337e-08	2.244286044895935e-08
YOR335C	-13.712624835295356	0.49173137647060117	1.2396519862675388e-06	1.2365225390376195e-06	4.905195149030401e-07	2.4479234756016357e-06
YNR060W	-17.833903905914468	0.6010507005138014	2.1408320244931665e-08	2.153614614769497e-08	6.683842750088862e-09	4.828433439304118e-08
YKR071C	-15.128834472526433	2.155143463503703	2.6630623369354235e-06	1.4372023450070483e-06	7.551213504794803e-09	6.5312664855641594e-06
YGL100W	-14.940473644886152	10.318136580176931	0.07981641940259808	0.14089950293445044	2.8337948677325964e-13	0.9925261310133766
YHR024C	-16.301257203239203	3.3270269277437343	3.7010412846770537e-05	4.257648828662416e-06	3.7271276016357397e-10	1.8799644783347182e-05
YLR166C	-17.541647386891057	0.14137663067789907	2.430243822622612e-08	2.432874545538212e-08	1.9087981437291574e-08	3.038508103520652e-08
YNL138W-A	-16.648854941486917	0.6809595560468525	7.416742923181623e-08	7.393347399438134e-08	1.9145683673669853e-08	1.7950560483576867e-07
YDR194W-A	-16.84872706388049	0.48747442504666116	5.420077127217368e-08	5.419879421140942e-08	2.1582452327400382e-08	1.0721720324681354e-07
YGL134W	-17.038726163788652	0.4553807149351539	4.3930256461106154e-08	4.4168718467615344e-08	1.8816344188748813e-08	8.417483588920199e-08
YLR345W	-16.37912675983644	2.7883468115112255	2.573519091838478e-06	7.296984141077015e-07	7.470133337880981e-10	3.7699832882001952e-06
YEL009C	-14.362098742634045	2.166065061506442	6.089610691298881e-06	1.4499840503185948e-06	1.4337679175499879e-08	6.483384492574475e-06
YLR178C	-16.19563511259294	1.0642312562608762	1.6117770938205839e-07	1.5747861436199857e-07	1.5934608425581657e-08	5.115177456279179e-07
YDR494W	-16.193012053679197	1.2407788043544763	1.9425309651686656e-07	1.8065571459476403e-07	1.1814909419335596e-08	6.403985835184504e-07
YDR358W	-17.46468999899733	0.42771248663697586	2.861974812103682e-08	2.8508570222833228e-08	1.2871350755031988e-08	5.257010649397649e-08
YDR017C	-17.950822863881314	0.5541454605426934	1.8555649064784546e-08	1.860950950846625e-08	6.418085826433198e-09	3.966406667260733e-08
YOR029W	-16.809856587927044	0.8731706024893817	7.373046960618426e-08	7.168124781955718e-08	1.1806985179122835e-08	2.0446610552696877e-07
YDR237W	-14.658384980729535	3.274610443413071	5.329939894686391e-05	0.00016201450970005632	2.7411476372723827e-09	0.0002781400496110481
YBR273C	-17.406256332928734	0.2615183280745459	2.8622426698977937e-08	2.8527021665505433e-08	1.792869765596416e-08	4.236662407264715e-08
YGR169C-A	-16.18087746627205	4.909958012112805	0.001044525183057204	0.0013371246735839842	3.308713501200812e-11	0.0005319190794345225
YDR215C	-16.456840534600616	0.7436237878024181	9.416264359820644e-08	9.365028548103134e-08	2.092219835713461e-08	2.4102486989765143e-07
YGR241C	-16.297650488116034	1.8089516036409723	4.5232278049013195e-07	3.791100600294809e-07	4.262919187072159e-09	1.6052144224942534e-06
YML090W	-16.814204148621485	0.8231430341674024	7.076873124261915e-08	6.97841874800749e-08	1.2854622164663399e-08	1.9231815943966178e-07
YJR155W	-16.856181502437522	1.299601247693245	1.1348170923553102e-07	1.1041728904771182e-07	5.6249206815518535e-09	4.028817657899238e-07
YAL021C	-15.645903088218985	0.82142303041172	2.227720198774981e-07	2.239184312983676e-07	4.146445596108109e-08	6.160426641506493e-07
YBR172C	-17.428704789702152	1.0795800919015137	4.793057010991878e-08	4.7826685837911194e-08	4.5504909063462955e-09	1.5732902387025128e-07
YML108W	-16.595032572535985	2.146656852658439	6.176601688576087e-07	3.8189566922149696e-07	1.7736046351101093e-09	1.6615751294118172e-06
YGR128C	-16.32278560415689	0.7957337622131313	1.1178229437669492e-07	1.095001025802613e-07	2.18153382983859e-08	2.9336603548480217e-07
YNL143C	-16.79855237542577	0.5562734007171573	5.871420267385948e-08	5.897787398841297e-08	2.0244500853235816e-08	1.2599003596913171e-07
YNL122C	-16.404860073344736	0.894955590068947	1.1290089494499483e-07	1.1040484039772986e-07	1.7124450333330013e-08	3.211661774802529e-07
YOR374W	-14.16130589112545	1.9095747049119478	4.539181080785221e-06	2.439579401991846e-06	3.0406794062338524e-08	1.0769906960779994e-05
YBR114W	-17.9339688892007	0.7161397463380739	2.0978657696171974e-08	2.0993549083888215e-08	5.003444360305354e-09	5.272182338838604e-08
YOL141W	-17.863436517342762	0.4948799812886277	1.9895824855873452e-08	1.9714444393994182e-08	7.728984057931352e-09	3.934250573118606e-08
YOR293W	-15.256546836238341	50.4099789129445	0.3846874558925939	0.450776022588374	1.652038746529451e-41	1.0
YAL064W	-16.662855261842907	2.5952343528801243	1.9819485120826613e-06	2.009025647148641e-06	8.218483208700237e-10	4.832539341246297e-06
YJR137C	-16.27310958995875	0.9715472341834114	1.359695244488888e-07	1.2776666906771732e-07	1.694937040101288e-08	3.8749486503919285e-07
YBR082C	-14.448943365606466	11.764208040827437	0.11173132354199702	0.147689565481481	7.384459321196694e-15	0.9983555942000747
YGR092W	-16.41845479021977	1.9798502091563743	5.371294449965098e-07	4.1847355560655764e-07	2.8520206456226727e-09	1.8336638686198402e-06
YDR261C	-17.507456464919215	0.44089092908865685	2.7464901767290165e-08	2.7457227345637775e-08	1.2059514564318091e-08	5.143679383352981e-08
YBL057C	-16.22448767656968	3.962893053719902	0.00012772060551276995	5.727639030059159e-07	9.300045019830628e-11	3.0164467738227025e-06
YPL152W	-16.607206612077064	1.059786072602576	1.0485821971904144e-07	1.0747620903595683e-07	1.0726837200390184e-08	3.4990913655085933e-07
YIL077C	-17.134199011278525	0.3249359242732694	3.8147787730756586e-08	3.8140479151544365e-08	2.1200797437410273e-08	6.171548822062595e-08
YJR144W	-15.054330207066597	2.9490676246850764	1.6095360491104365e-05	4.394002301775654e-05	2.762182839375213e-09	9.747396653033249e-05
YBR259W	-17.91729501136504	0.5095886823378362	1.8661729733539524e-08	1.881832020533043e-08	7.1484825596358465e-09	3.81596932245076e-08
YNL255C	-15.390211697937756	7.201952627126065	0.01896831266320664	0.02711772085445563	2.6996318883541162e-12	0.08476459345785874
YGL170C	-17.199476700065844	1.441776397102171	9.985780437540672e-08	9.018218897800088e-08	3.1430602583054668e-09	3.4540034750064454e-07
YGR068C	-17.244432553002483	1.0742028896009872	5.689998514459606e-08	5.796993175643034e-08	5.53896501565772e-09	1.9043225259916663e-07
YDL216C	-16.83160528224178	0.8849007499517375	7.230075333791657e-08	6.977780797907181e-08	1.1282878296908012e-08	2.0016604677148044e-07
YER106W	-17.02200005371631	0.7685123123397624	5.398100708008398e-08	5.383346992133369e-08	1.138357278334021e-08	1.412715887073549e-07
YJL156C	-18.038141082470958	0.6397799550832005	1.7953489167861627e-08	1.7988729538800513e-08	5.117722099981906e-09	4.195158745828634e-08
YML065W	-17.5065781112	0.03130629736281848	2.4947472884853868e-08	2.4957410015637576e-08	2.3692057355492468e-08	2.6262323671666976e-08
YMR315W	-15.578134203323115	2.781317720913961	5.918335475154309e-06	1.039871963754385e-06	1.574989080392943e-09	5.14278116681531e-06
YMR179W	-17.853564852332767	0.34055416439982295	1.8616986131376464e-08	1.8682649227975285e-08	1.0063917715851653e-08	3.085674984846861e-08
YOR150W	-15.781776857730419	1.6083929235928736	4.978115893244523e-07	4.870234645086906e-07	9.906251550672082e-09	1.927681246198232e-06
YOL061W	-13.966209885177888	15.914151231925578	0.19445228527510064	0.36275485975746313	2.1714538586431536e-14	0.9999999517402635
YBR234C	-14.000915544115925	2.962254033562241	4.451477964997291e-05	1.0584440325020938e-06	3.809960739442856e-09	4.867790598486852e-06
YDR410C	-16.791970142418705	0.9378285055351834	7.918745980904115e-08	7.871439467792326e-08	1.0881895147449527e-08	2.3662738172602084e-07
YLL019C	-17.20896094352902	3.0148824308882247	3.48744368875077e-06	7.055939287354653e-07	2.34595163030883e-10	3.6186878401402273e-06
YEL020C	-17.50733698260663	0.6033133717306071	3.037218301015474e-08	2.9865345859282775e-08	9.230695247593427e-09	6.711630889921942e-08
YJR116W	-16.46388748278767	2.6596647920356706	2.85900867977121e-06	7.303210874703237e-07	8.572901907758783e-10	3.4314765353673927e-06
YER093C	-18.13454870234382	0.5506052672514214	1.5484560136152302e-08	1.5496787253857605e-08	5.381628443472268e-09	3.290294479962503e-08
YDR309C	-16.252956574805268	1.22948896994577	1.801037352353477e-07	1.8955802509412698e-07	1.158615586325593e-08	6.721494463078235e-07
YNL181W	-16.135734608506738	1.6565023109427237	4.267923686648091e-07	3.238667989714599e-07	6.355943684816809e-09	1.3338008917714105e-06
YGL084C	-17.0897710338988	1.3732895974455412	9.515940589508775e-08	9.474591284267828e-08	3.935693879947855e-09	3.552173057356411e-07
YJR014W	-14.319664934163667	11.709516808467033	0.11194737547182258	0.16053931290166476	1.5446718679465068e-14	0.9989251746016642
YDR392W	-16.35547230042792	0.44462644321793376	8.715181040262554e-08	8.71503824544906e-08	3.7954906548022457e-08	1.6400543364314177e-07
YNL288W	-14.68901024026236	14.202297691631786	0.1525544663352	0.26721517268714484	3.773933400729064e-15	0.9999955922553273
YLL022C	-15.360240847520982	0.7389442495396571	2.83984197615658e-07	2.6760532383189644e-07	6.2015637956379e-08	6.765964827972453e-07
YGR285C	-14.4313526616108	14.241818447286905	0.15243585491266715	0.29238627348165647	1.779286041964527e-14	0.999997805643227
YHR103W	-16.99401872742672	1.3256099926716982	9.897420309907214e-08	1.0088619582180293e-07	4.705188004703281e-09	3.7099614693314144e-07
YNL162W	-15.277756188829882	35.10611730968595	0.3378097245754029	0.39548309795838427	3.786195120618449e-31	1.0
YBR192W	-17.17709520743736	1.8397964882408882	1.9587307987261138e-07	2.3010919074188285e-07	1.6965599300152262e-09	7.951673647538017e-07
YCR052W	-16.685969712031493	0.7714410707886006	7.710361541552528e-08	7.560763873658674e-08	1.5872684073829037e-08	1.9912739718987357e-07
YIL063C	-16.30715090793929	0.6262542613850578	1.0028733957755049e-07	1.0081852398185051e-07	2.9546014856706755e-08	2.3212658076857322e-07
YLR342W	-10.601730761126218	0.3427833118352061	2.634709697114673e-05	2.6426806201805964e-05	1.5032797022957742e-05	4.199552577503667e-05
YGL137W	-13.988001577389879	0.8256256306225419	1.169786753697224e-06	1.2407543665348406e-06	2.207335208418868e-07	3.4778089245773264e-06
YOR280C	-16.19781521017356	1.960750111881881	6.538922791706925e-07	3.373852198050843e-07	3.4899453600340587e-09	1.497513731340075e-06
YKL219W	-16.85294450879954	1.1691727775494787	9.808214252252225e-08	9.401414681767681e-08	6.995049946014664e-09	3.245188201132548e-07
YKL114C	-16.10751157994055	0.8738502439212279	1.4990211028225072e-07	1.449870488150559e-07	2.3838695115270217e-08	4.1432005918509366e-07
YIR016W	-16.851861233961955	0.651807817698031	5.8876001373102225e-08	5.916121070084966e-08	1.6397319467204782e-08	1.3954542814313434e-07
YCR102C	-15.680417055985144	1.6795482774622943	6.578640437060261e-07	3.8067441125345205e-07	9.191121165100322e-09	1.562647499845894e-06
YKR059W	-13.345803250828977	20.594160431528703	0.257221525797065	0.4133274615334136	3.8271458997654915e-18	0.9999999999858264
YPR072W	-17.511056686657668	1.3315842100693984	5.925899386796914e-08	6.074145422000305e-08	2.778192115291492e-09	2.2341028406991718e-07
YNL325C	-17.814226617520745	0.5048299757112552	2.0633964753368944e-08	2.082877052070647e-08	7.986910513937173e-09	4.2041564313199664e-08
YPL174C	-17.8025731079626	0.6329954606508602	2.2598264988952887e-08	2.2563147268922458e-08	6.52994800770532e-09	5.218825542912331e-08
YLR429W	-15.229706757783061	5.213731588100092	0.0026305735586453203	5.916337190333468e-07	1.908526355107148e-11	3.2829933780413226e-06
YJL058C	-17.68902983719525	0.16120964761714632	2.105155210273722e-08	2.105716569780042e-08	1.5943509794616056e-08	2.70899323332542e-08
YGL054C	-14.555133829425541	2.5811153850675383	1.2233104134045672e-05	3.4424991981806267e-06	6.320605916597785e-09	1.4708507350291869e-05
YFR035C	-16.574491761763767	1.9673646056357612	4.6866560360133496e-07	3.22596380156337e-07	2.451717143592632e-09	1.3682892685332321e-06
YHR110W	-16.49651494196658	0.8323344278200154	9.686743609907028e-08	9.688617049219152e-08	1.7419500457294747e-08	2.693229477010216e-07
YPL022W	-18.03258683415443	0.03310465866835349	1.4743324353011164e-08	1.4749771552820516e-08	1.3960375575411179e-08	1.556589032412917e-08
YLR321C	-14.885299771930276	1.281960492425529	7.366028940143983e-07	6.453180449918342e-07	4.038330269516465e-08	2.316385042420622e-06
YAR019C	-17.43824679061909	0.030991992303792012	2.6719127925361283e-08	2.6722298584779594e-08	2.5381950062066203e-08	2.8105074664833887e-08
YDR096W	-17.767058361053188	0.5797108831839349	2.2667676032268373e-08	2.268367649276535e-08	7.394588042980792e-09	4.97047611612366e-08
YIL137C	-16.132040358244197	0.02693491011635294	9.867164449326215e-08	9.864888545780669e-08	9.433717319012545e-08	1.0307833635685418e-07
YDR274C	-16.856469617597014	0.3767360108008208	5.114127700932471e-08	5.128864038341463e-08	2.5699614542625814e-08	8.875774170162354e-08
YHR056C	-17.82266611958876	0.022576231223419667	1.818623270477878e-08	1.8189665501177985e-08	1.7522094036712525e-08	1.887240253694805e-08
YPR151C	-16.777045331568644	0.8554548641231912	7.527352063819332e-08	7.427845682276237e-08	1.265001939356988e-08	2.0988690792031542e-07
YER015W	-17.28132198486965	0.5171077505726769	3.614148286344643e-08	3.569642648766576e-08	1.3336338040071284e-08	7.303309972552416e-08
YOL041C	-15.851052064078614	0.6776251341289637	1.6235327628091852e-07	1.640981961874289e-07	4.2796663069466057e-08	3.97308892862009e-07
YOL013W-A	-16.851861233961955	0.8173550749744768	6.739868360463112e-08	6.565489579348502e-08	1.2416635148554277e-08	1.791921378568015e-07
YDR307W	-17.660623932163418	1.676319823946475	8.53525120828039e-08	7.618800113283381e-08	1.3423553415083928e-09	3.084653911723481e-07
YGR271W	-17.42102776758182	0.016825147920507023	2.7175944866195536e-08	2.7177206884834395e-08	2.6431626640530674e-08	2.7935209696709648e-08
YJL174W	-16.359764422603604	9.84695095305598	0.04964374255711492	0.09042181903657216	4.581725780055272e-14	0.9173187330618707
YJL055W	-16.17954148363131	2.6804952251867995	3.2528460622031117e-06	6.278663553418229e-06	1.2251121787254283e-09	1.5892731006001384e-05
YEL019C	-16.659307129587617	1.293962701421104	1.3121854436866889e-07	1.331387232730762e-07	6.912735600352446e-09	4.840209495724327e-07
YBR121C	-13.748162646728089	3.5261351666602576	0.00037386883304918244	3.020237575615781e-06	2.2945822901505955e-09	1.4747006290202256e-05
YPL169C	-16.629433164090372	1.6159480061643232	2.1916542732663293e-07	1.9968613181269582e-07	4.169925809956086e-09	8.042823245874685e-07
YFR032C	-16.038172266934254	1.706684981355967	4.436571924333541e-07	3.8106379352465903e-07	6.4494994121270145e-09	1.5870537293764905e-06
YCL048W	-16.305959460115247	1.333992962513322	2.049814927295747e-07	2.1675384331637903e-07	9.313581530545246e-09	7.912232069913314e-07
YPL115C	-17.06524603835058	1.0462268960612264	6.787248115935576e-08	6.603954503144778e-08	6.914809607911151e-09	2.128548014827595e-07
YGR270W	-17.099853037748474	0.6964845348723043	4.795726806192411e-08	4.725676494784692e-08	1.184786901718667e-08	1.1611913478793517e-07
YMR165C	-17.844900226097508	0.30431575707154973	1.865194906156055e-08	1.8626681024709062e-08	1.0780910069780847e-08	2.932578736247335e-08
YOL073C	-16.548753972071793	1.9323098287872067	4.284915371067795e-07	5.659244699506534e-07	2.7579366985843353e-09	1.914407281471447e-06
YKL168C	-17.764879946794082	0.6235607644220124	2.344112232760363e-08	2.334803067237783e-08	6.900906414496431e-09	5.3523990153067734e-08
YOR349W	-17.942631405830255	0.4027397843647338	1.747863498828124e-08	1.7466282126520924e-08	8.304959612539179e-09	3.120409243807381e-08
YIL037C	-18.2133357903447	0.2636066076491647	1.2680338561038758e-08	1.2731281388974646e-08	7.968234121062003e-09	1.8967176123405206e-08
YOR106W	-16.662696093969117	1.1292768675654468	1.1135503711515692e-07	1.0882923393758573e-07	9.035329172732704e-09	3.683945866066577e-07
YER060W	-16.947071327224677	0.8060993335759759	5.975330516602917e-08	6.068423320697692e-08	1.16055055476515e-08	1.6523334393540033e-07
YBL107C	-16.556952413310484	0.4099769930573815	7.035763974067658e-08	7.015728485065703e-08	3.2848818995267644e-08	1.2655929012668024e-07
YML116W	-17.59193821517036	0.4015069739330283	2.4726889277825035e-08	2.4811693386424006e-08	1.1825053011243878e-08	4.427885918662928e-08
YPL094C	-14.430178612944657	20.892243624141315	0.2446750299545563	0.37191647671823697	1.2221304485390665e-19	0.9999999999602549
YDR150W	-17.697630463030492	0.36723961338707234	2.2112482894153567e-08	2.2020784168697818e-08	1.1256565909512923e-08	3.7636282135938284e-08
YCR101C	-16.65384093825631	0.5606946819488162	6.773721448691042e-08	6.797785445487055e-08	2.3164386261809644e-08	1.4574789531842685e-07
YEL057C	-16.759506953204237	0.6083293535111741	6.299244971206479e-08	6.319395942844951e-08	1.9319826088862873e-08	1.426715638694731e-07
YOL086W-A	-15.898191560519264	3.062527059816568	8.932520940391375e-06	6.686302135866943e-07	6.64516652455878e-10	3.3550747586096854e-06
YFR009W	-13.412887615101864	10.709514589505114	0.10763841218509734	0.24733233360017695	1.0275527251943087e-09	0.999714937247511
YJL197W	-18.399718301000377	0.24975565302678787	1.0486925479611038e-08	1.0534553572265107e-08	6.76869765328754e-09	1.539414209415207e-08
YML093W	-14.391902976575492	1.1052307679158455	1.021447669128178e-06	8.906969427679873e-07	8.836390474567449e-08	2.9054375172413987e-06
YEL059C-A	-16.623200058377535	1.1081544713932299	1.114749079685949e-07	1.1100783153009148e-07	9.731984014377374e-09	3.715266120472472e-07
YBR263W	-14.528216987216366	6.7584761938670255	0.018457514158672046	2.0849195280608096e-06	2.3903563903370226e-12	1.1408325368468393e-05
YML061C	-17.962764798016707	0.3916112090790174	1.72032915699731e-08	1.7064111667584937e-08	8.29528975809328e-09	3.0086028771741695e-08
YDL098C	-16.861671060753707	0.7952509401469411	6.63756195561448e-08	6.522765899952312e-08	1.2851174411185141e-08	1.758715963586122e-07
YGR148C	-14.906131316479515	27.387788745073607	0.29260108819016295	0.37605426574939016	2.7867993631066132e-25	0.9999999999999967
YDR323C	-17.33642350872904	0.576411390695219	3.4915876924037176e-08	3.4900287592045316e-08	1.1447183225936066e-08	7.625600561455205e-08
YNR038W	-15.59560254179196	1.8144399205354635	8.034000828146808e-07	5.201296666415427e-07	8.161460400294993e-09	2.2473087882481995e-06
YJL181W	-17.83760925326422	0.6981433745668073	2.2884061259635604e-08	2.2819779449144482e-08	5.6752713221753846e-09	5.630178099356926e-08
YPR081C	-17.52762408642664	0.20196914083602463	2.4888201988930112e-08	2.4930828655623352e-08	1.7521166545604976e-08	3.405148971758314e-08
YEL027W	-15.697654267679537	14.655042735688944	0.14192526333649844	0.19211324328562118	2.6047738169560497e-17	0.9999696491555873
YKL034W	-17.99439418335642	0.5223098748106179	1.739176144074356e-08	1.756246400881303e-08	6.4862882378236534e-09	3.616359021935127e-08
YIL130W	-17.7137481135658	0.5070241054751312	2.3189940486029135e-08	2.3054871202052006e-08	8.79927861477188e-09	4.665326944378155e-08
YDR124W	-16.990624671475217	0.9253971759081075	6.408563386393963e-08	6.3445095847872e-08	9.078902417976529e-09	1.8896454860593336e-07
YGR282C	-14.900662288500099	13.636634123368205	0.13537012199897328	0.23527158527264838	2.911347796407348e-15	0.999979687142746
YCL011C	-15.208523849717293	2.591603714916389	5.560161157304587e-06	3.724671677723652e-06	3.674472744007002e-09	1.7062616491353484e-05
YPL210C	-16.052402879789227	1.412641890883973	2.9791750275958267e-07	2.402578286282582e-07	1.017559039202221e-08	9.164916082358306e-07
YKL117W	-14.799039266720866	9.260845890326015	0.05513270504742644	0.08835973959457923	3.7009650123341243e-13	0.9014094045214404
YKL204W	-17.161151240355323	0.5878514705949313	4.208019099126952e-08	4.1824002618454805e-08	1.338559499655446e-08	9.241481795189072e-08
YNL012W	-18.0184760585187	0.22408201803418623	1.5349681424310103e-08	1.5329304068053346e-08	1.0337977362609467e-08	2.1607449806895987e-08
YKL022C	-17.19385314163192	0.7750854685975608	4.551435076489627e-08	4.6031911688427146e-08	9.517996238151352e-09	1.218950453183593e-07
YDR463W	-17.065871673018393	0.5360534748221484	4.5023631713676297e-08	4.4653035953294135e-08	1.6020828725018794e-08	9.329363824987105e-08
YDL186W	-16.82408762434423	0.5916062672095992	5.884068147361996e-08	5.8641474350558006e-08	1.8617715229912145e-08	1.301337449793538e-07
YLR365W	-16.866535593894497	0.4452450990049576	5.19870994784906e-08	5.221661875806184e-08	2.2728175740069775e-08	9.833992126950011e-08
YNR033W	-17.5549562423046	0.6281470396855886	2.89343665292795e-08	2.8921992955547152e-08	8.448803819982748e-09	6.665825102336589e-08
YFL034W	-18.143373215739103	0.32624221552463567	1.3888533479210607e-08	1.391298214201481e-08	7.71150764043734e-09	2.2556593563041435e-08
YMR032W	-17.77980609882141	0.7194170094707234	2.4422994598991354e-08	2.4584673197027454e-08	5.812694853829032e-09	6.191261359009873e-08
YKL025C	-17.24961765790904	0.609150577791309	3.850039368286548e-08	3.877761785086044e-08	1.1830043503251574e-08	8.768314468349287e-08
YHR042W	-14.16238716006883	7.004166204947227	0.0255210416005974	0.06909979909794466	1.215135783264403e-09	0.6192084993179545
YKL007W	-15.258903612885844	1.0818707794033589	4.369032429714584e-07	4.169780927680545e-07	3.9696412952590536e-08	1.3732796219009465e-06
YMR178W	-16.5320632886949	2.4069237911630825	1.6959244608460959e-06	4.2041027257426173e-07	1.1947988919466892e-09	1.9520526905239683e-06
YCR035C	-14.974254724490676	1.8000203337978284	1.49551340411515e-06	1.6082264684447277e-06	1.6675897924375503e-08	6.902149596157415e-06
YJL183W	-14.064650141351377	16.537145968860095	0.20074190683658533	0.3533932964541203	1.5156885086497909e-15	0.9999999743352903
YPL119C	-17.537836955970107	0.4437562153281457	2.6787217729157205e-08	2.667894642467894e-08	1.1651857973863803e-08	5.0133125096773593e-08
YNL014W	-12.028270144605996	2.0657049201059103	4.9614528497937636e-05	1.2402534358617466e-05	2.636553300302088e-07	4.1575162293539895e-05
YIL073C	-18.11467296227893	0.20756595602566708	1.3854134305750223e-08	1.3877402465739157e-08	9.65189468682024e-09	1.9106555267537766e-08
YKL020C	-16.903438692221954	0.47917936417328894	5.10659222158309e-08	5.1015944835299245e-08	2.0682621189176943e-08	9.99056527382297e-08
YPL148C	-16.805308457864868	1.5707762474610758	1.7767046220597026e-07	1.5322741816559767e-07	3.749111016703387e-09	6.102420371569787e-07
YLR084C	-18.26144738116382	0.2696149275732158	1.2114502284641575e-08	1.2159796515452719e-08	7.522360896273545e-09	1.8263307530567824e-08
YOR174W	-15.44203292422135	1.22465283367548	4.2270304541463324e-07	4.22297474278605e-07	2.6276686339225545e-08	1.500237351401994e-06
YLR215C	-17.060214651480038	1.0009547852542406	6.490285708032632e-08	6.412239548675429e-08	7.500085390267833e-09	2.0129691456623757e-07
YMR144W	-16.7666345303667	0.7559175723415635	6.881170391595083e-08	6.955874544106048e-08	1.5077050040067116e-08	1.810691685914083e-07
YDL146W	-16.947114136878355	0.7099162299234296	5.645066983513567e-08	5.5764786660296455e-08	1.3530640146229808e-08	1.3889451203026208e-07
YMR250W	-15.861791314899873	3.310311934966096	3.2695055893492665e-05	1.3016310136732947e-06	5.043349588192586e-10	7.087026988030293e-06
YDR335W	-17.34569680809473	1.2239661983998384	6.295018427482332e-08	6.337630851045455e-08	3.927900924333789e-09	2.2418995488431282e-07
YML016C	-17.570794737425587	1.1422078900008379	4.383709668649118e-08	4.50321185018402e-08	3.5736220787531415e-09	1.534216614830962e-07
YDR393W	-17.156001622083934	0.44963936589167197	3.917167693095496e-08	3.920065334502959e-08	1.6905236142513628e-08	7.421044687674272e-08
YLR359W	-14.408414555751007	7.799973479228494	0.03581517329948914	0.07884124375608796	3.7508192904986344e-11	0.7650577079073351
YGL192W	-17.355824342936813	0.4950420492749463	3.2768927224596094e-08	3.2773749766405425e-08	1.2836885921547106e-08	6.542967340773883e-08
YJR130C	-17.740742236616626	0.6877158440764746	2.521372808971746e-08	2.4972268645787107e-08	6.360805316461138e-09	6.104374727939981e-08
YBR126W-A	-16.217779653867893	1.7570769042372576	3.847209586928933e-07	4.4286976845139085e-07	5.042836176501041e-09	1.680322929784688e-06
YAL034W-A	-16.173885342600627	0.9258423264739871	1.4413178687051657e-07	1.3990654019829323e-07	2.0379933211500183e-08	4.136209477112244e-07
YDL161W	-17.162328468891047	0.9959429094992689	5.652202825991756e-08	5.8182248815203174e-08	6.849942805041951e-09	1.8229068521570702e-07
YGR204C-A	-16.753293142560125	0.7334299433089898	6.88068904481316e-08	6.897635472616266e-08	1.5818169547009825e-08	1.7580881115573676e-07
YKL121W	-17.994320763879642	0.7740049579972931	2.0589836490106798e-08	2.0673672217488145e-08	4.287631115064737e-09	5.47159739062271e-08
YPR028W	-14.155431504311492	16.438932717346198	0.1979801288155171	0.2639830901943327	1.4060753384274773e-17	0.9999997430945502
YJR156C	-15.716310848213451	26.603970367877153	0.28077376348084143	0.4532746582377162	9.093269723394483e-23	0.9999999999999984
YEL056W	-15.631728361194474	0.7952303381310373	2.2108257537900046e-07	2.224741260220865e-07	4.39098761192032e-08	5.985874123576769e-07
YCR077C	-12.29157420871452	1.9746262326005433	3.308514553036943e-05	2.3833879334305752e-05	2.993744183493383e-07	8.696856945258436e-05
YLR393W	-15.491245806807639	2.2652604168060644	2.4584069632121754e-06	8.46416529285302e-07	4.207532037030204e-09	3.931713362875317e-06
YOR097C	-16.829868591063843	1.8714577036510383	2.5515747438463873e-07	2.0816184571637388e-07	2.212124447024006e-09	8.829036159030503e-07
YML085C	-13.45722855919412	16.168700505742507	0.19922226001937973	0.364024271303067	9.453281860499852e-15	0.9999999724888259
YMR280C	-17.73597657153114	0.36827869042687267	2.127709805404975e-08	2.1165731137947626e-08	1.0795470680477981e-08	3.621809191843822e-08
YLR256W	-17.60134439236643	0.3596590899056428	2.4445178316396447e-08	2.4199422156993318e-08	1.2564438852027283e-08	4.095184290854865e-08
YNR026C	-16.92578191156754	1.487120052666294	1.3421261202213584e-07	1.1853582366034688e-07	3.807399661917813e-09	4.625061246447032e-07
YGR133W	-16.688315138534364	1.4463533964535418	1.5702445228741648e-07	1.5316280258973925e-07	5.212824883569602e-09	5.882310110521353e-07
YMR191W	-16.800945733987447	2.211137296099008	5.399625162471583e-07	2.5289384969449705e-07	1.2611262242077791e-09	1.1488608287914175e-06
YMR267W	-16.863864059698955	1.6103652930681474	1.7994310734480303e-07	1.432015920730897e-07	3.2948813080477706e-09	5.791230223327335e-07
YHR069C	-15.627428506727282	0.699803123013752	2.0756947431786883e-07	2.0940528079158638e-07	5.171799483956432e-08	5.187734582336309e-07
YOR340C	-14.551832020814983	1.421127424693687	1.3366739915859798e-06	9.321069495400887e-07	4.387860721794474e-08	3.502413866908931e-06
YKL070W	-16.83175336234197	0.5869085005627684	5.798203245687807e-08	5.780449921705115e-08	1.8584208595406633e-08	1.2742965898303475e-07
YLR329W	-16.75723173215445	0.525228274757202	6.042691933241504e-08	6.038863877180259e-08	2.2206195344321262e-08	1.2458312315792638e-07
YDR168W	-16.23613916702125	0.583681816813426	1.0549107381068335e-07	1.0513130439451828e-07	3.395794344576308e-08	2.3125624173826393e-07
YBR120C	-15.685813228506232	0.8797948825330884	2.2649688544653637e-07	2.2495888513815124e-07	3.6140192121627505e-08	6.476955825287966e-07
YIR018W	-16.782514099985548	0.8233171075266432	7.163821488041177e-08	7.212283890031108e-08	1.326470665824196e-08	1.9882878372702852e-07
YNL141W	-15.17093843351975	1.653997473092136	1.01039721039289e-06	5.717703915311407e-07	1.5759664084522634e-08	2.3132453862841887e-06
YKL119C	-16.66642214380518	2.787475638450152	3.077102819328705e-06	4.600365704511131e-07	5.392031331777601e-10	2.220426224850269e-06
YCR073C	-17.821433512240404	0.6004734206289847	2.159412826089888e-08	2.1627458143309937e-08	6.748164838688525e-09	4.8330338592209615e-08
YJL082W	-16.67807230498218	0.9372947608389427	8.995432717611342e-08	8.890741232986714e-08	1.2223702752948874e-08	2.677381663502281e-07
YKL023C-A	-16.492878547310085	2.5739263583029053	1.7104004143150484e-06	2.2155200512440253e-06	1.0087640764674715e-09	5.478318986969127e-06
YBR001C	-18.183854153082194	0.25878108453687093	1.3064682994871083e-08	1.3104094547424795e-08	8.279031385853059e-09	1.9396591618839936e-08
YLR311C	-16.830282208415866	0.6052219368620902	5.8221936046504554e-08	5.889909600837883e-08	1.8109679237990855e-08	1.3263269852512851e-07
YKL223W	-16.851797313102708	0.8883032638615791	7.121150686363273e-08	7.128445023598049e-08	1.1136646775192993e-08	2.069952089816037e-07
YPL027W	-16.8629397805569	0.7457880173333432	6.214748775331288e-08	6.227285456536298e-08	1.387309137522692e-08	1.6038443708491602e-07
YPR066W	-16.611066642152565	1.238326617337273	1.2720949007991416e-07	1.3446620455849446e-07	7.981907252866172e-09	4.777163971466304e-07
YDR106W	-16.747454013348744	0.8589734187516449	7.829113348100741e-08	7.628100955980938e-08	1.2919109200911927e-08	2.1595011581105794e-07
YNL051W	-17.105690196062625	0.5256970801012201	4.275251612444853e-08	4.272026756025166e-08	1.5673656813339053e-08	8.82917071421593e-08
YDR456W	-17.366551705673558	0.4614395254535463	3.189761658888518e-08	3.1921548087362615e-08	1.3432303048622288e-08	6.129913344855705e-08
YPR088C	-14.29426979991804	10.805331165232262	0.09731693286939692	0.20916950617760086	8.43731014922724e-12	0.999302062651103
YGL258W-A	-16.85676800892614	0.7150221679216648	6.188122228407821e-08	6.129918886556234e-08	1.4685774193449394e-08	1.53473905507543e-07
YPL229W	-16.508709224079922	0.6654159255340912	8.314877301133545e-08	8.432935126697387e-08	2.2621623602502186e-08	2.0174659709721978e-07
YDL247W-A	-16.659735180343688	0.4225837793930165	6.360938671986667e-08	6.361599586929378e-08	2.903190256247244e-08	1.1659027363055279e-07
YDR397C	-16.676258817075706	1.017608562897378	9.660224221896195e-08	9.523502084757683e-08	1.0695470978843996e-08	3.017317325085674e-07
YMR302C	-17.603372028614814	0.32166950198854977	2.3698247702306358e-08	2.3845371959257853e-08	1.3333026623734268e-08	3.84175335251638e-08
YMR285C	-16.496027309615584	1.271938231680016	1.5255062604464747e-07	1.4739406946462909e-07	8.4051059471308e-09	5.331619013587805e-07
YHL013C	-16.458899652840756	0.8630246471501487	1.0415490225617348e-07	1.026109964016344e-07	1.71493334637112e-08	2.9169972418495393e-07
YBR034C	-14.011090753259124	3.055225894806588	0.00011139974501016788	0.00018046985145134579	8.676822846369211e-09	0.0003949040297412122
YGR140W	-17.84677463941007	0.5687543162731681	2.0759771493390662e-08	2.0845505909960502e-08	6.9587539990161065e-09	4.516180077885721e-08
YMR212C	-17.207503557664296	0.030811890452156876	3.3655042600894536e-08	3.365749457711317e-08	3.197894704497618e-08	3.5388871481962854e-08
YPR071W	-16.85511582079269	0.5872285754798746	5.7326158841931464e-08	5.4776156223375344e-08	1.7857917850071225e-08	1.1961976548349726e-07
YDR514C	-17.127955491909944	0.7987089007366506	5.008904015413629e-08	4.924315141385083e-08	9.728621786323349e-09	1.3244306837520862e-07
YDL018C	-15.34563170559086	2.8406067269932826	1.6246436785863283e-05	7.309429556540088e-07	1.5977155050012801e-09	3.5603443949738057e-06
YPL154C	-14.396344044428771	9.81817033207296	0.07420789474252931	0.143018876476766	1.8865332920068357e-12	0.9906285020030552
YKL186C	-15.535769365095986	2.908460325970973	8.58150397676459e-06	2.6559902430740446e-06	1.4285250460545554e-09	1.1213716175230103e-05
YIL104C	-16.875378496516333	1.1998040238912326	9.553532844472835e-08	9.336451015299231e-08	6.478523805862865e-09	3.2664831489875156e-07
YDR211W	-12.322846319010933	8.034830890008989	0.06812439306509592	0.1475099073861252	1.6149739054636314e-08	0.9766963447209775
YIL028W	-16.820956494914554	0.8174814638733969	6.768871756731396e-08	6.539626702808716e-08	1.2637286959244796e-08	1.7658166939956334e-07
YOR091W	-15.478269511143663	1.515175902648821	6.047339046306248e-07	5.115898231077773e-07	1.5456638713275147e-08	2.030786968078251e-06
YJL198W	-13.04085800477442	0.09551592107582699	2.1758987427788532e-06	2.1790381179302212e-06	1.8537761462362259e-06	2.5378361083592044e-06
YMR326C	-16.74713204686921	1.2237137420142616	1.1242831230585779e-07	1.1310694651475075e-07	7.121854275889766e-09	3.998370893294897e-07
YAR073W	-15.285199572369292	18.68673277669954	0.20355144024983318	0.26089798361182476	6.181717047853504e-20	0.9999999737927703
YHR090C	-15.699704911684604	1.4956542368295038	4.671230600146608e-07	5.27476204307817e-07	1.3165799366783868e-08	1.9908988516064655e-06
YBR035C	-14.456805802831878	10.007403119008044	0.0789373570098593	0.11713393691567048	2.0717969686914197e-13	0.980365113190279
YOL066C	-17.67686639478123	0.3519850112260192	2.2362410254428068e-08	2.2385032515681995e-08	1.1791708130118422e-08	3.751868288038632e-08
YER164W	-17.12842608037427	0.8678503835524761	5.2722769152444124e-08	5.2794509091358654e-08	8.72216929367207e-09	1.5072834511083443e-07
YGL010W	-16.768018942116015	1.5108237655065186	1.6756953665446442e-07	1.4826142749713668e-07	4.307360040095014e-09	5.800625000449383e-07
YDL111C	-15.90497988151874	3.8644201864240766	0.00017439801810929892	1.82834276944536e-06	1.7614880606999344e-10	8.876896925833095e-06
YMR311C	-16.322091184520815	3.865456859657392	9.152244184070333e-05	0.00017157100494088361	1.7108088722425582e-10	0.00014511799244427138
YGR161W-C	-16.735977971133963	0.517795710390772	6.183984341914992e-08	6.162611169880514e-08	2.2981825934904196e-08	1.2624377292632444e-07
YAL029C	-17.28836669147968	0.6157530365357713	3.710097363816648e-08	3.7167898958383885e-08	1.121307752861542e-08	8.451699237614221e-08
YPR165W	-13.757522982684533	43.81477888523249	0.3690811859896566	0.5106128403178778	2.559991720350492e-34	1.0
YPL087W	-15.945507925143103	12.146815448590292	0.09837857321209799	0.17199315264431794	5.279194404205176e-15	0.9992710785324284
YHR007C	-14.526157961613718	40.89466867122109	0.35651267699220707	0.6520735205680244	9.685082774691076e-25	1.0
YJR041C	-17.013858359577355	0.38830349169006484	4.410232338825271e-08	4.3869393636097553e-08	2.148930263804357e-08	7.699984616514745e-08
YKL183W	-16.45997512552347	0.8779507082459531	1.0490678638645601e-07	1.0397847019618349e-07	1.6738108876983144e-08	2.990060624738681e-07
YPL121C	-16.629227638179856	1.0977234245263776	1.0890396228967139e-07	1.1053014689032134e-07	9.875714491667615e-09	3.681669694239544e-07
YDR441C	-16.361766065726243	1.8516825701925514	4.397430552340349e-07	4.046436010771977e-07	3.715765421825104e-09	1.6143849458190934e-06
YFL063W	-16.854756909677945	0.9857630002682257	7.898948359301665e-08	7.785598437531211e-08	9.45897267510298e-09	2.4227024606178047e-07
YBL086C	-17.85818769866526	0.16347298500848578	1.7820068438958717e-08	1.7786650732971997e-08	1.3412282188729732e-08	2.29593162017731e-08
YNL061W	-14.38529019943344	14.768970826923438	0.1629855529402328	0.3534428911045963	8.372336386132467e-13	0.9999996683808648
YBL028C	-16.06769199549379	7.961382870107914	0.0243172723616507	0.03130707067373885	3.2458771401625556e-13	0.11234623388646563
YJL027C	-16.851847400794924	0.5904742670261288	5.6949545569958274e-08	5.6980570473130755e-08	1.8141815204110196e-08	1.2621707583714135e-07
YOR098C	-17.884599448407954	0.43421270164170067	1.866325487858148e-08	1.8770198982719816e-08	8.36207909929421e-09	3.4867013564166994e-08
YOR050C	-16.834340824491647	0.5513178867911015	5.737556142703801e-08	5.670709793375305e-08	1.969298043315562e-08	1.2047138523718242e-07
YDR027C	-17.03198015821654	0.6644350645688067	4.986934237368561e-08	4.981069916701827e-08	1.341250081952433e-08	1.1897836133376021e-07
YNR001C	-13.771233662622036	13.950315212333075	0.16452377315125918	0.3073926078511467	1.2792338460493042e-13	0.9999980974421347
YBR269C	-16.57851240431117	0.9629049882487417	9.902637070590129e-08	1.0063864344421422e-07	1.2946285338709155e-08	3.0851770964794083e-07
YHR072W	-16.859787745132763	1.1508727718822076	9.39386901418093e-08	8.978599767645349e-08	7.133546336879293e-09	3.065300413844824e-07
YDL157C	-14.347741078884793	11.490450522701313	0.11201125692716328	0.1361541402976423	9.622843576395092e-15	0.9968811120515545
YMR010W	-16.938066694005812	1.751466588872783	2.0684880660701262e-07	1.873073653207413e-07	2.4627932130362305e-09	7.616368306374366e-07
YJL205C	-16.48036479207147	0.9329390001672003	1.0524479125653295e-07	1.0769581125878277e-07	1.5002989740033944e-08	3.2296767943120873e-07
YPL009C	-17.218998712699616	0.6524697743432947	4.0930246375601715e-08	4.082299029360505e-08	1.1334433797090674e-08	9.626608550519065e-08
YDL088C	-17.07594418575971	0.4765128906214115	4.2943036617090694e-08	4.298409580148575e-08	1.7522308604516683e-08	8.396548802047156e-08
YCL066W	-16.608889230171172	1.3198640674836482	1.4665648412522588e-07	1.4694117779530263e-07	6.981383237089067e-09	5.378703756952455e-07
YFL046W	-16.413472857203672	1.6477878892166464	2.8281883796510357e-07	2.651853394914243e-07	4.910276365651648e-09	1.058886630054595e-06
YJR073C	-15.647587543754325	3.3378712954129384	6.608535128623547e-05	3.5611320518479443e-06	6.193436316631392e-10	1.4602047064546393e-05
YLR410W	-17.646296435568004	0.029292661689845546	2.171096393658521e-08	2.170187545774022e-08	2.0672079889575478e-08	2.2762350885687218e-08
YNL133C	-16.775747199667222	0.5248305577791732	5.922023921044917e-08	5.945402656699447e-08	2.1849782805288553e-08	1.2273239513150527e-07
YPL064C	-16.82310320625473	0.6821208463475127	6.294860301990295e-08	6.139130429280074e-08	1.596593711709801e-08	1.4863423792423507e-07
YGL250W	-16.83875555233024	0.7973467141085148	6.6837678850064e-08	6.666098248077604e-08	1.3087104461578844e-08	1.798799158000991e-07
YDR361C	-14.148250140709207	2.4880707342160036	1.600023633904092e-05	3.038239069827043e-05	1.483840080513738e-08	9.636646461742356e-05
YDR312W	-16.652138394820923	0.559904159754557	6.903247783642631e-08	6.808804323477304e-08	2.3234198659521606e-08	1.4580855028514267e-07
YHR027C	-11.751505522545996	0.1586155758511843	7.974562527225142e-06	8.019096708345725e-06	6.102300119596774e-06	1.0269994941306468e-05
YNL183C	-16.94355319119566	1.137303291577981	8.310743821043138e-08	8.486412388178318e-08	6.75787823283719e-09	2.886153496461343e-07
YCR048W	-17.07381385869776	1.7673895657860947	1.7172125798064478e-07	1.5992479553593916e-07	2.0886181536706586e-09	6.577795605288991e-07
YDL131W	-13.635692485645633	11.151553387552635	0.11057702601364884	2.024991812493122e-06	1.0074716931826257e-15	1.1338281399063746e-05
YLR286C	-16.700205686757528	0.1535350945298755	5.643522282913511e-08	5.6528430857705853e-08	4.339111282924779e-08	7.19070402387545e-08
YOR242C	-17.125641124287725	0.8308998954304568	5.188478944041597e-08	5.155887225783854e-08	9.307531166212174e-09	1.4303592534827605e-07
YFR044C	-15.152746885455398	2.1325491558101075	2.7505366707717664e-06	2.4810964902894947e-06	8.30742765824151e-09	1.1398437149769918e-05
YMR156C	-16.8636111008025	0.9943452448348458	7.853561442485305e-08	7.605178138457125e-08	9.185513798589234e-09	2.3704932183984867e-07
YDL165W	-15.235945359506514	2.1002006438637406	2.0955238494392583e-06	3.061350696565966e-06	7.94778171417165e-09	1.103002705809216e-05
YLR250W	-14.861753753874636	2.7075896977939182	1.2263842024163003e-05	1.9918322806462996e-06	3.6194099161143316e-09	9.332548134556756e-06
YNR069C	-17.386708535160125	0.4620098512273125	3.14480794236156e-08	3.126498089040688e-08	1.314219697638177e-08	6.004344986990226e-08
YNL024C	-16.78418702273555	1.607692147049257	1.7937036766630638e-07	2.0047898499209107e-07	3.6679298773695318e-09	7.574675697920849e-07
YGR295C	-16.531047532677988	2.9017508445470197	5.389090163597467e-06	3.308524922548885e-07	4.688356920112929e-10	1.652425961165591e-06
YPL093W	-11.881512309898609	6.841975802382469	0.04610334638806449	0.0960943312074016	2.0660620813240757e-08	0.8344759571087627
YMR284W	-16.433766380993987	1.1302214993541915	1.3787184504261425e-07	1.3891415903388073e-07	1.1362576646280852e-08	4.706425226714212e-07
YMR190C	-18.103397819599905	0.347386120360863	1.462110900277158e-08	1.4577931853445868e-08	7.751406429401453e-09	2.4293141819124006e-08
YOR123C	-16.733339895109367	0.6755315211567348	6.896996772080533e-08	6.78691811462692e-08	1.7771918460941396e-08	1.6403342004228437e-07
YOR149C	-17.816241909190268	0.5458052799138148	2.1337200371955357e-08	2.1237054229415748e-08	7.450791266998534e-09	4.4879486275482237e-08
YDR512C	-16.801645799664385	0.6054960875733343	6.129138532134173e-08	6.041551317612725e-08	1.8609322607637893e-08	1.3588733515317744e-07
YCL057C-A	-15.479256467218148	9.752163861844833	0.056484549145348194	0.07322226548214114	3.641360434662822e-14	0.8220382453261654
YMR086W	-18.091489322331455	0.5380675574185503	1.5924987664822606e-08	1.5991426411835308e-08	5.720701842917718e-09	3.3476762801980416e-08
YNL040W	-16.150980683284416	1.3032047189426743	2.232912686661086e-07	1.8573476476542697e-07	1.0947476083331414e-08	6.71532023339525e-07
YMR194W	-14.951864772702903	15.012262578189535	0.161091086805755	0.19352690613687948	1.6995947083230284e-17	0.9999835627063313
YNL067W-A	-16.833358393655345	0.4479059819570679	5.412141069475146e-08	5.407135157841011e-08	2.340893955833495e-08	1.02175996183674e-07
YDR281C	-16.86934942498263	0.6917066413650843	6.041390883127207e-08	5.99019098098069e-08	1.51042579655648e-08	1.4703082969807858e-07
YGL062W	-10.223816646998968	0.23830141016994497	3.738649798977789e-05	3.625443943343788e-05	2.414405720896066e-05	5.1564756342833446e-05
YMR264W	-15.44332883711577	6.565282384098985	0.011896155053731585	0.01836166588780686	7.931907123564805e-12	0.03633518071478108
YNR002C	-16.19621161721514	1.981328620502162	6.083109193574969e-07	5.090023003579767e-07	3.519530679998207e-09	2.1476540083456693e-06
YDR366C	-16.843666692403332	0.73514279291195	6.465473113157906e-08	6.31609971777689e-08	1.4410579780051758e-08	1.6125727112872829e-07
YKR069W	-17.096232415243122	0.8141881452952353	5.279851277336879e-08	5.200063576949277e-08	9.82683743745128e-09	1.4201337191822875e-07
YKL112W	-17.81828955353629	0.11969861863127566	1.8391937452678653e-08	1.839596575552924e-08	1.4997518491951033e-08	2.2239639041293303e-08
YJL100W	-18.019880524349702	0.325572006068467	1.5725432404133967e-08	1.5739582458755145e-08	8.734755440447947e-09	2.5493377455763693e-08
YOR163W	-15.785788813046365	1.3284351467746658	3.3474793685494755e-07	3.516048620504568e-07	1.574463659280447e-08	1.2908973201952093e-06
YCR017C	-17.00501340794399	0.4384465631278349	4.539986711612343e-08	4.521654880759204e-08	1.9983733649455448e-08	8.443427754534308e-08
YPL193W	-16.97516451813206	0.663429464712639	5.325689586844954e-08	5.260577547571566e-08	1.4205065258539813e-08	1.2546012206215256e-07
YCR045C	-17.006235485991766	0.838666781212177	5.9206853826709396e-08	5.855274626198349e-08	1.0354831901468596e-08	1.6368588694892128e-07
YMR215W	-15.83515634259018	0.5628160328283163	1.5612031733893757e-07	1.5494698575602872e-07	5.2483343805572816e-08	3.334252073561538e-07
YNL008C	-17.943684036298876	0.43110061215479845	1.767098936773948e-08	1.767759373049308e-08	7.92281650058677e-09	3.2721656577700845e-08
YPR139C	-16.215868424195634	2.2110467870823776	8.831585202894103e-07	4.7261812698179397e-07	2.272252305088455e-09	2.1363517676269277e-06
YOL052C-A	-16.157605789173232	1.9418095805197522	6.019344681769493e-07	6.728409218611342e-07	3.953334622701517e-09	2.4564524653948948e-06
YPL139C	-15.529254813686931	1.2798678377365797	4.0218625946063643e-07	3.6422160613796427e-07	2.154711447323218e-08	1.3190396730857992e-06
YLR401C	-16.375365242966637	1.8659818604159726	4.6272338681391264e-07	3.9214835960957653e-07	3.601723743622356e-09	1.6547432031486171e-06
YGL247W	-16.861874100658298	0.5012792790455606	5.3643887125190246e-08	5.389665904597931e-08	2.0838559625001958e-08	1.0832934934791649e-07
YOR356W	-16.62145564887831	2.2729971982896724	7.774460407283255e-07	2.5715895021767334e-07	1.3220133406829884e-09	1.1974106600348546e-06
YMR081C	-16.783302584656468	0.2895301101889377	5.3409797235441216e-08	5.362321039172868e-08	3.193480460398918e-08	8.278359563564197e-08
YOR116C	-11.365314730946194	0.0660429503138112	1.1616836044677009e-05	1.1591465383597252e-05	1.0377550982389992e-05	1.2889211228908586e-05
YNL100W	-16.528520696586185	0.7867864451008172	8.9911387077109e-08	9.045391736162034e-08	1.8183404795558985e-08	2.420103918656885e-07
YPR045C	-16.664785748559353	0.5891581063628332	6.893817877442646e-08	6.886076253296574e-08	2.196248781408804e-08	1.5257009100104572e-07
YJR023C	-16.839367316825502	0.6020208001549309	5.845968295772269e-08	5.829702880506468e-08	1.805812387466496e-08	1.3086957697165379e-07
YMR259C	-17.79676334384638	0.43257875234268456	2.0496422459268215e-08	2.0416022639286476e-08	9.135400338448631e-09	3.7808788780755613e-08
YJL053W	-15.393748283380047	1.113879461170692	3.8918265447525196e-07	4.0569262885497836e-07	3.337875652677161e-08	1.3697855223374672e-06
YDL166C	-16.24468725622208	5.493543811072128	0.002345929964140516	0.004225642941953769	1.5705556890591745e-11	0.0026657977884687626
YAL036C	-13.87222548551763	6.6698128320014405	0.022748626237624248	0.042562637967936676	1.0852092304531463e-10	0.2793871310974851
YHR089C	-14.500963622770724	9.783892710660156	0.06979344333369443	0.10594419692917996	2.2132793274473891e-13	0.9649509869351933
YPL079W	-14.363633529858616	32.058795726105096	0.33346524305169634	0.42192195716973446	6.272650381743371e-28	1.0
YIR041W	-15.935103875258191	12.164558716887061	0.09479255813264872	0.12509719090125515	6.358466242774118e-16	0.9959141280643327
YNL227C	-17.58919685916881	0.7225914045115464	3.0169919285436884e-08	2.969099252532899e-08	6.98049088167587e-09	7.495776333070059e-08
YBL006C	-16.028836196747562	1.4859705994807109	3.279633858965526e-07	2.811128412223018e-07	9.309528318756751e-09	1.0976047215753674e-06
YOL040C	-13.7796646851868	30.67539168104465	0.32472941579239034	0.40885796210021474	5.263010882623877e-27	1.0
YHR025W	-14.7426533000187	20.641673857164694	0.23896437837892892	0.39667197399401366	9.19949635319385e-19	0.9999999999635305
YLR077W	-17.606479678645684	1.055882198201954	3.991211865791018e-08	3.842361161964646e-08	3.9477235802148e-09	1.2437016419179722e-07
YOL013C	-17.628442234004254	0.7191310156074364	2.8112684624856596e-08	2.861481264163924e-08	6.765787123661425e-09	7.20794166252351e-08
YDR276C	-15.778227054769742	14.51128595260188	0.1447904736167986	0.15670126554441982	1.0060358292873422e-17	0.9998578656477536
YMR007W	-16.853812111680583	0.6557077121785673	5.912538552108491e-08	5.930259449404566e-08	1.627757779058943e-08	1.4045986359478257e-07
YLR092W	-16.458048074310483	1.3704724359161744	1.8394462180597652e-07	1.855912089269845e-07	7.502416773324458e-09	6.96390989433025e-07
YDR424C	-16.08341142263926	14.425297569779032	0.1300350335634938	0.16145720180484613	1.2038151770683326e-17	0.9998625566519893
YKR075C	-17.221831901603565	0.13959494507533077	3.3440826500229626e-08	3.348528961026628e-08	2.6352991717475196e-08	4.171410195070538e-08
YDR159W	-17.55009935129165	0.6925630222924704	3.0073195031308263e-08	3.029697963763071e-08	7.635563059764975e-09	7.437228504009641e-08
YMR116C	-13.962134784066803	25.01763157343589	0.27805864465027047	0.4527375672582443	3.6165169956167335e-21	0.9999999999999916
YHR118C	-16.384240685039188	0.5701693314486181	9.012636865228203e-08	9.027849779413763e-08	2.9997583088865295e-08	1.9594727644682674e-07
YIL027C	-16.219710084428883	2.3897865468398307	1.5417288881966567e-06	2.0656901938072502e-06	1.8137308598098283e-09	5.948382225271793e-06
YCL014W	-17.773370129588514	0.013222968770546554	1.91052417835793e-08	1.910556267051623e-08	1.8692515734274877e-08	1.9523636175771228e-08
YIL053W	-14.749619847870418	30.916682059010398	0.32185323127573223	0.4607864721529974	4.63241851072498e-26	1.0
YOL088C	-14.542141075021574	2.7646460471103804	1.7444930608129278e-05	4.9760279812086065e-06	4.9649986806775205e-09	2.1616510642591204e-05
YLL053C	-15.988802530010416	7.684321828724686	0.02186091329949016	0.030479580537432438	6.732039702208892e-13	0.10966581359001032
YDR035W	-14.377860928049996	10.629056587352968	0.09103781566730877	0.1644249605602595	4.43696696516962e-13	0.9974368092721804
YIL108W	-16.81755416557351	3.6396116352070815	3.166163042367805e-05	6.795117573719256e-06	1.4858450591655877e-10	3.080196687982172e-05
YBL067C	-17.69049571010035	0.5605950315150788	2.4123197576374442e-08	2.4281865560024104e-08	8.245883887510257e-09	5.2145190699904835e-08
YGR169C	-17.304064208882465	0.820471923375031	4.3076404016098944e-08	4.260637180594742e-08	7.910899953871057e-09	1.1716663469613232e-07
YKL010C	-17.390487518751982	0.02200595252198016	2.8013879139892176e-08	2.8022752402213055e-08	2.7019101194344733e-08	2.9047780763908157e-08
YDL128W	-15.432966500223484	3.6880423954445485	0.00014069954511918708	0.0003426162133444455	7.687629443510652e-10	0.00047351900176693875
YBR085C-A	-16.223699242597633	2.278530637981578	1.1092155387085496e-06	1.3906338784057088e-06	2.143419882747621e-09	4.306939079764183e-06
YDL076C	-16.672080386598466	1.2656034974290715	1.2642992322525524e-07	1.227360641622485e-07	7.107936317179224e-09	4.425504482953574e-07
YPL024W	-16.721207763905824	0.9404316292897081	8.508803097261215e-08	8.43768636645794e-08	1.1612379620646508e-08	2.539140266379405e-07
YPL250C	-16.436241564130597	1.624733521723406	2.5676373922219584e-07	2.3571569578791854e-07	4.959952382253639e-09	9.467727604696557e-07
YGL081W	-17.04042834290229	0.7826437949630487	5.477077134808726e-08	5.391823132303504e-08	1.0959031071171102e-08	1.4370375101000192e-07
YMR004W	-16.208024500819377	1.211259233734682	1.8941253320924554e-07	2.006043933181069e-07	1.2559981931397747e-08	7.049398571336694e-07
YPR083W	-17.47215006249533	0.3322450086879955	2.7363458668533448e-08	2.7287415036524634e-08	1.4948104703115213e-08	4.4596125063591695e-08
YGL068W	-14.882343046753887	4.584517460550683	0.0011838385316354665	0.0021577651317911265	2.693779936722569e-10	0.0017683333971192762
YFL062W	-16.68708652257301	5.700675136943776	0.004130291670556196	0.004885714100837722	7.767838850360882e-12	0.0031732597150677965
YER124C	-17.776795204242063	0.14786715363303216	1.928642919396844e-08	1.924827069775101e-08	1.492793664203047e-08	2.4281307759638996e-08
YAR007C	-14.058346800732762	13.01737817553407	0.1405032664678795	4.135016323075013e-06	2.851681863525764e-17	2.152240396944783e-05
YBR249C	-13.946782040344969	16.248569455169868	0.19689471953787183	0.3325445001562917	7.911601360519052e-16	0.9999999445389505
YBR150C	-18.26123632737361	0.2118866358468659	1.2025316672522938e-08	1.1991806537863344e-08	8.274218333026723e-09	1.6613845827110295e-08
YLR003C	-16.047663433092367	1.5766515724085504	3.8175138089303723e-07	2.9389717983021944e-07	7.821196813846741e-09	1.1818947876117148e-06
YEL022W	-16.644254360400012	0.5045833486780463	6.708425038877149e-08	6.719718039083062e-08	2.5764298555538904e-08	1.3572731865086101e-07
YOL160W	-16.851847400794924	0.5933736361887303	5.7232171904673676e-08	5.7272932362216425e-08	1.808964822518893e-08	1.2742103933118064e-07
YNL041C	-17.069375849948486	0.47541136297552794	4.3026395192121764e-08	4.3223929502299787e-08	1.765633110306209e-08	8.436595822572337e-08
YAL031C	-17.52238891695086	0.48624357294671106	2.758832100061144e-08	2.7615442173823153e-08	1.1025882101316404e-08	5.455307846558739e-08
YJR089W	-18.316506645621104	0.297123583633312	1.1584212499972886e-08	1.1594023980900705e-08	6.804104228379618e-09	1.807565542553266e-08
YDR503C	-16.629830524187838	3.9855881851344437	9.826870647951984e-05	1.4708107317722798e-06	7.311091248053754e-11	7.026750818593569e-06
YIL121W	-17.14855744799641	2.243022076231774	4.3292664107764867e-07	2.341675701237632e-07	8.661502851849942e-10	1.0491423660981002e-06
YFL027C	-17.414602079916932	0.6718520161472493	3.403696627736282e-08	3.407611257967688e-08	9.027412868827829e-09	8.187844936510237e-08
YLL014W	-16.3728908976711	3.2791981616688974	1.3444834173251472e-05	1.913374339727119e-06	3.2889926615526806e-10	7.446265005086767e-06
YLR002C	-15.623903780834736	0.6725029597668134	2.045758819083558e-07	2.0455607899186067e-07	5.410714702170622e-08	4.923295859087297e-07
YGR065C	-16.354292958619027	3.8314482929462845	5.7121920054305634e-05	8.026332171846458e-06	1.6754870312804594e-10	3.457275502471446e-05
YDL006W	-15.449729187393315	0.6235877359797553	2.3506243162652702e-07	2.3661709303864831e-07	6.987857223613724e-08	5.425728014343755e-07
YER167W	-17.93173498032482	0.5203694327715594	1.8702195800939823e-08	1.8660536341085102e-08	6.9220289906404936e-09	3.8315507566413356e-08
YNL108C	-16.74565285033239	1.0525342125154542	9.165257369471245e-08	9.265999544757472e-08	9.436143254510256e-09	3.0055346269772257e-07
YNL195C	-16.457311994767934	0.6574531488456251	8.751595345759127e-08	8.800143931455554e-08	2.4103635257040302e-08	2.0874815803619123e-07
YFL044C	-14.396210772488486	2.1551231689366754	5.7715388613511925e-06	1.1040358740940302e-06	1.3131861298452215e-08	4.77927128108976e-06
YJL191W	-13.950587912150878	40.72675051533437	0.36976033640772116	0.4527128828147066	8.171126585846741e-34	1.0
YGL032C	-16.418141607523268	0.7517833810290341	9.736472067380305e-08	9.775831701248157e-08	2.1457222237207136e-08	2.532970991464665e-07
YBR153W	-16.85327136518825	0.7821865062950664	6.603601683913777e-08	6.416199420176405e-08	1.3158491718599504e-08	1.701426762154188e-07
YML053C	-16.792092101554573	1.0428258218703848	8.800361619953512e-08	8.826429524011853e-08	9.16839527119415e-09	2.847441244805739e-07
YJR127C	-17.643701160989423	0.4396517822305083	2.4002524554052702e-08	2.3932865453971338e-08	1.0544976439421258e-08	4.473095037689307e-08
YDR373W	-16.036453580215678	2.8499061405063215	4.365413975315404e-06	1.0277522949311223e-05	1.0695333417598389e-09	2.2117109351128577e-05
YGR155W	-14.101203957231702	2.2743477113430646	9.435239210119556e-06	2.8722692292596826e-06	1.70673756014891e-08	1.3176546602575006e-05
YOR209C	-15.101906976597801	1.1773134821131597	5.729460170701768e-07	4.770102408158379e-07	3.8651195386856384e-08	1.6263567780042025e-06
YLR040C	-16.42567955384655	0.7705545180675037	1.0028547332656728e-07	9.855348961652247e-08	2.0647317681108214e-08	2.5955166980083623e-07
YBR009C	-13.625663264561082	24.20936282686475	0.2845643734727224	0.33760405700007734	4.0896337094579353e-23	0.9999999999993472
YHR158C	-18.02450056345768	0.03852200571964012	1.4870345525169483e-08	1.4872504232022462e-08	1.394886199888663e-08	1.583259750657598e-08
YLR373C	-17.608492730790005	0.66988531785697	2.781406888395225e-08	2.8070196091559238e-08	7.468481410554928e-09	6.737533902604906e-08
YOR250C	-16.388442495918554	0.9385262093704739	1.2064005883754393e-07	1.1699397214247122e-07	1.6223740866676644e-08	3.5147745496655745e-07
YPR032W	-17.48303637584577	0.04420191170386747	2.5561759235588232e-08	2.5564381392795312e-08	2.374848791991812e-08	2.7463813870999156e-08
YDR425W	-16.61917503993864	0.47005101285158474	6.701175666582274e-08	6.763156954143917e-08	2.7941733192628518e-08	1.3117807308344125e-07
YGR185C	-14.34605775628843	1.3171315886984534	1.3711600948855145e-06	1.1489744042568873e-06	6.585066190857694e-08	4.212123384987228e-06
YNL055C	-14.564319049424013	10.20996303329078	0.08053700275103562	0.13088048421825538	2.290673217840875e-13	0.9893796448713671
YOR044W	-16.87235873183161	0.6830062911383634	5.893456339791973e-08	5.9440802763091736e-08	1.52928590401993e-08	1.4466606120766817e-07
YLR371W	-16.107774541605252	7.919370152348275	0.02361142285378815	0.10806989159124221	1.278824443552148e-05	0.884821315350996
YDL020C	-17.339814399187873	0.2835589883676317	3.0681420580285394e-08	3.067313605572237e-08	1.8477489566402608e-08	4.6966854031808495e-08
YLR021W	-16.697960517595476	1.1173651852529762	1.044229437835313e-07	1.023304913184036e-07	8.863266373874333e-09	3.4319525857163025e-07
YPL241C	-16.868045715870522	0.671639416390218	5.9469861752354954e-08	5.818679688320494e-08	1.5514875399044716e-08	1.3926782869414793e-07
YBL104C	-16.727320551531378	0.5593548664228004	6.344893092324534e-08	6.35706479738219e-08	2.164839483853636e-08	1.3634234807149922e-07
YHR181W	-15.883557681410094	4.609368472720443	0.0006674765944666883	0.001298660122026146	9.109246784892657e-11	0.0008498811815081435
YKL098W	-17.182242421572283	0.601077113468796	4.110290661787031e-08	4.1374196903048454e-08	1.283624604287882e-08	9.28268243384947e-08
YER028C	-17.29650033168653	0.41157642393153293	3.34955790067644e-08	3.3387651143922815e-08	1.5597373460619422e-08	6.029106596380499e-08
YIL057C	-16.244857263599243	1.8064466096763439	4.5576242484645787e-07	5.089481325598548e-07	4.551877758725538e-09	1.8809945703328556e-06
YDR078C	-16.808238220511342	0.9316091944064018	7.836361961116324e-08	7.721501368581794e-08	1.081650093484598e-08	2.3113900049803202e-07
YJL079C	-15.920142504118486	3.0550604683025164	1.0275107556749893e-05	1.4730400343418302e-06	7.40403447147784e-10	7.049009139254757e-06
YPL011C	-17.219603500729846	0.4337409137489532	3.674016742820919e-08	3.649177397804977e-08	1.6272553615330955e-08	6.77458065911369e-08
YEL073C	-16.79985608453788	0.477780102139165	5.711165439341668e-08	5.667713380236418e-08	2.302806983993105e-08	1.1089418097140125e-07
YPL090C	-13.844341188182808	36.454277266662785	0.3523282470967563	0.488576000602141	1.8334791456758697e-29	1.0
YNL034W	-17.771366698282492	0.23354778357232356	1.958153105552742e-08	1.9672912826318583e-08	1.3036085418038137e-08	2.810863776162985e-08
YDR385W	-10.059339269363774	1.9850144329406412	0.0003087397438038347	0.0004070190615459141	3.626075441453643e-06	0.001503190190306492
YKL021C	-14.790008321791175	2.428197161682347	5.888839284281951e-06	1.0643388383743693e-06	5.813752337243038e-09	4.922494743488279e-06
YML118W	-17.382071734894254	0.9914036184026375	4.593634960004665e-08	4.577145151268596e-08	5.513488441170247e-09	1.4272402667485787e-07
YAL014C	-16.55964681790718	1.1453777492799337	1.272268682062074e-07	1.203560407207011e-07	9.700545548481758e-09	4.094169866805019e-07
YDR146C	-17.818913503441564	0.49851748278446656	2.0473753408846848e-08	2.066676969527981e-08	8.03262246186794e-09	4.141313679506725e-08
YGL194C	-16.888105261118454	4.237287368828917	0.0001255703549380189	0.0005149164374955696	7.2331079727994e-11	0.0004774828074797765
YNL214W	-16.66658461244586	1.3830988206448676	1.4688141335877255e-07	1.3440579558387425e-07	5.847653721788744e-09	5.066445838127118e-07
YLR285C-A	-16.894500043847785	0.5553961637226525	5.390234632229842e-08	5.362825032118058e-08	1.8435351180044875e-08	1.1450233363930755e-07
YLR126C	-16.73971666071955	0.7639714276355702	7.170039382678146e-08	7.172192874422493e-08	1.5265888196658055e-08	1.8802735045013604e-07
YKR004C	-17.249473535129056	0.5833748543654396	3.8612815917421213e-08	3.8161131785510316e-08	1.2344712982167735e-08	8.390533247810942e-08
YFR006W	-16.121276859740448	2.0288608809244777	7.825883215981842e-07	3.685428537417304e-07	3.3405912738998985e-09	1.6474190157949016e-06
YBL033C	-16.894606459850166	1.5754031269382154	1.5909628689096552e-07	1.5083857141584857e-07	3.4285429262224682e-09	5.927948796700749e-07
YDR057W	-17.836312405846186	0.4556391346884044	1.9766133899642457e-08	1.9894970702066356e-08	8.471555393050341e-09	3.792970193585687e-08
YNL197C	-16.82038102886216	0.8436129205718432	6.928058877712305e-08	6.95949944225556e-08	1.2302122765360221e-08	1.942215011616443e-07
YNL127W	-17.885907208540814	0.50299359021261	1.931797234934724e-08	1.930525290888258e-08	7.444960886225021e-09	3.885885450377583e-08
YDR245W	-15.85904380578104	7.831469412936597	0.024324063704647125	1.0898796045919958e-06	9.890991086612324e-14	6.383964382610995e-06
YKL140W	-16.130039403165213	1.4313049488960399	2.720645714053757e-07	2.1755708633798067e-07	9.065045340829843e-09	8.314909093355368e-07
YBL058W	-15.738561068785911	3.9996848178711217	0.00015976137170943427	3.326422881003326e-07	1.1121972695542826e-10	1.7177237693985049e-06
YJL185C	-16.928981713303784	0.8076843356760093	6.157588425063204e-08	6.149734018840253e-08	1.1756186717618935e-08	1.6738744653644703e-07
YDL028C	-17.545109649909847	0.4894684055086335	2.699898006945262e-08	2.7079768887686023e-08	1.0729511479252713e-08	5.373677070348542e-08
YPL026C	-16.88990061290022	0.5153887478140476	5.283499313376327e-08	5.284647318627005e-08	1.9797764201820625e-08	1.0798431796491877e-07
YHR207C	-17.830948249052	0.17145347067792374	1.833246070574488e-08	1.830126853165782e-08	1.3599164394161319e-08	2.3904771492753547e-08
YPR082C	-15.021281178728897	3.908294458873891	0.00040008260787191525	0.00043307308841807664	5.830956311894931e-10	0.00036899922953262127
YBR104W	-16.63891819401104	2.7567489023214558	2.411207236719569e-06	5.923615826353387e-06	6.87003866661844e-10	1.4104798729975278e-05
YCL058C	-16.362999286117685	1.898005962226052	4.6581216167336913e-07	5.395181800814078e-07	3.480672301414106e-09	1.945998368320003e-06
YOR388C	-15.672752456994912	8.800375294288433	0.04252010106100483	0.08197773202526872	8.958226931142528e-13	0.8328375043589026
YBR187W	-15.940016339992125	5.702757028032721	0.003974752180902445	1.626385879558236e-06	5.5679441219831105e-12	8.709267459711522e-06
YOR046C	-13.76122754551143	1.2804335449681934	2.3869652343166167e-06	2.2590103309024593e-06	1.2980261272319065e-07	8.293455187648726e-06
YJL136C	-14.195486967663966	29.38012801132185	0.31955030938700574	0.36372469082380937	5.294126646040872e-27	0.9999999999999998
YLR341W	-17.45773416969385	0.4393058642849706	2.8872404191340724e-08	2.8795753062454167e-08	1.2698491226771348e-08	5.3804780740284634e-08
YGL190C	-16.549951086600032	1.22053946465467	1.362518030798336e-07	1.3817918467786354e-07	8.736622856929733e-09	4.882480814060792e-07
YIL150C	-17.545643438287883	0.9300955013935872	3.686023220672704e-08	3.6978813776293705e-08	5.1947490398333785e-09	1.1078555169801252e-07
YOR382W	-16.125628009766643	2.221203056549035	1.2079730082490282e-06	5.211227607851661e-07	2.462522653632656e-09	2.39771287890016e-06
YPL213W	-16.2774388301561	1.6614830506522476	3.378626600108151e-07	2.624094060871399e-07	5.41308203508227e-09	1.0801183830735857e-06
YBR143C	-13.761090041728677	6.0699782403892595	0.016329524941017325	0.03184669445507746	4.3709738454149415e-10	0.15350958475890936
YDR390C	-17.52476215207642	0.7914145692384869	3.38487876516286e-08	3.3385682352819745e-08	6.655132888684249e-09	8.959387012412533e-08
YFR010W	-14.143732548641493	6.009989467274251	0.011568689751880589	0.02928232654318699	4.422423271229603e-10	0.1299544271085847
YDL167C	-17.572775203145994	0.019538121988795745	2.335183603325789e-08	2.3351925260904977e-08	2.260906866585968e-08	2.4109329037084535e-08
YMR103C	-16.81225945348777	0.6302736147440915	6.104103964653644e-08	6.085493333937415e-08	1.7693902838320656e-08	1.4057861714388484e-07
YOL038W	-14.965509636888966	6.12636164642256	0.01018830381948163	0.01660855370205549	3.2141511368818184e-11	0.033615664966162896
YHR185C	-16.663573742284626	1.3256512873040898	1.403764164731188e-07	1.4297849536649958e-07	6.561137845663378e-09	5.240323477527975e-07
YNL263C	-15.447647233822137	3.6788290509979524	0.00011279761307026571	0.0002667458694023279	6.591296999321601e-10	0.00033111091066293576
YDL058W	-17.67368463426172	0.40533127345638786	2.2905953126120276e-08	2.2880217363163196e-08	1.0828451223754803e-08	4.1006981644757716e-08
YDR480W	-16.356486687939835	0.44931722669082796	8.71829784659647e-08	8.709758446534581e-08	3.759793942615866e-08	1.647537460454698e-07
YLR016C	-16.743250849184534	1.290636603067179	1.197108058111906e-07	1.2510528293955327e-07	6.417501173149585e-09	4.5373916182034565e-07
YPR008W	-17.62500872650051	0.7948575650710823	2.9793006920631676e-08	3.0218782227882545e-08	5.978686120927453e-09	8.129935700936795e-08
YGR173W	-13.804934138498721	5.1961192332420385	0.006554528639119102	0.012353508346528971	7.541747618626584e-10	0.0263083760065649
YPL025C	-16.849079105283437	0.5419415456393167	5.559094201849222e-08	5.558176915065186e-08	1.9707075305814178e-08	1.169007460640502e-07
YDL133W	-17.256394455639366	0.6102913008646037	3.872745107888844e-08	3.858200459398373e-08	1.1728095446166179e-08	8.733945016033854e-08
YHR098C	-11.180235195913339	3.0580172190421187	0.0014593808133663876	0.0026061102833832466	4.330869353477241e-06	0.00744808029671441
YGL200C	-13.789798249353408	14.286439000760451	0.1741818060381455	0.2353761250988171	7.037409191836005e-16	0.9999932469069802
YLR363W-A	-16.20818596219104	6.510771427157453	0.009419524924490153	7.1221508705062e-07	8.154941860858904e-13	4.0534689554867445e-06
YIL095W	-17.504758826465334	0.3398198853121139	2.6530160148135585e-08	2.6465941895379412e-08	1.4281594116375233e-08	4.365907135469011e-08
YPR145C-A	-16.76985322674662	0.3983191592440568	5.635568789282707e-08	5.638368253182637e-08	2.7046411467392335e-08	1.002190846825735e-07
YOR064C	-16.740965846890305	1.0653610420130468	9.704432523261811e-08	9.125660769685673e-08	9.219263467095348e-09	2.9653405840417604e-07
YBR184W	-17.479672396694497	0.19476577446529544	2.6086493335188187e-08	2.6097969079264092e-08	1.8589321904951272e-08	3.527029893702716e-08
YLR370C	-15.060181013084003	8.679935201951007	0.044959434798627955	0.06392758602008876	4.794598274587584e-13	0.6598194861076211
YJL146W	-17.115772982848995	0.7943849715646678	5.007328207239426e-08	5.048388814932199e-08	9.96906328622353e-09	1.358682283472354e-07
YLR061W	-14.288527824720587	8.885266107406599	0.05570881454443277	0.0730751403473996	5.697477162772765e-13	0.7896253813595454
YIL162W	-16.448078579029954	0.6003757490674994	8.464174129686253e-08	8.618142459354774e-08	2.6778262011094415e-08	1.9320359972589905e-07
YLR065C	-15.578250567524448	8.037895792005763	0.03114211678438917	0.04338133822143663	7.165853695767259e-13	0.2884753411863705
YHR064C	-13.876160853143302	10.78185479481996	0.09687211910702916	1.7847848062906394e-06	1.6392150410219641e-15	1.0003736107337181e-05
YHR082C	-17.531639770452585	2.1610323334834485	2.2812722963097803e-07	3.216195592781077e-07	7.100304565792996e-10	1.133947505842225e-06
YLR396C	-17.659088327120827	0.7379738462512245	2.811191495960524e-08	2.8100214243832432e-08	6.353817738067955e-09	7.201953041207066e-08
YPL039W	-17.167419846541435	0.20812973434561113	3.578489714263692e-08	3.577843002703481e-08	2.4857186378446382e-08	4.929777380195837e-08
YMR018W	-17.411566467046924	0.43870111767887066	3.02853202824338e-08	3.018622932954115e-08	1.332110475791554e-08	5.637033769086365e-08
YAL010C	-17.218166340310546	0.32521754316068124	3.52072289374349e-08	3.5075473373450775e-08	1.948427568060501e-08	5.6771245240089816e-08
YBR171W	-14.1806260104142	6.467055297059102	0.017624004467110776	0.026346730692990983	3.8895604775400727e-11	0.09106079476133673
YBR085W	-15.927798736339538	5.38335114746198	0.002669584410020774	1.6762387033413018e-06	1.0376687441388203e-11	8.978335173149927e-06
YOR352W	-17.29938836502768	0.4070181451181475	3.332303538071486e-08	3.332303950717495e-08	1.5700550319327763e-08	5.990479284231507e-08
YNR017W	-15.562991482810686	1.770805413846597	8.514394364746498e-07	6.568875730898976e-07	9.303222791204442e-09	2.7444533343528672e-06
YLR118C	-16.253923916382703	2.788352403103657	3.5676922482560187e-06	7.628724307322893e-06	9.507808955802162e-10	1.749997499907147e-05
YDR181C	-17.208292621676065	0.6971234899157763	4.261908481048174e-08	4.276827543842735e-08	1.066656736883401e-08	1.0546403274645356e-07
YDL171C	-11.015176841647898	0.49099738846731356	1.8534102685123184e-05	1.905130397657572e-05	8.623583736308934e-06	3.429175607701182e-05
YIR003W	-18.065588456077222	0.24696696195261594	1.4698764152505244e-08	1.470586655101933e-08	9.501270126155517e-09	2.1403063307984396e-08
YKL090W	-17.079395880028443	0.6599587308400477	4.7431119253333014e-08	4.742006657585201e-08	1.2886099645438954e-08	1.1275917696477701e-07
YML042W	-16.02870896187342	0.8261214451218153	1.5488399027876044e-07	1.5171226154467027e-07	2.794752638140948e-08	4.177946037589017e-07
YEL015W	-16.01826310903671	1.0918285955110467	1.9723727809367156e-07	2.0290502515569118e-07	1.8370213735296348e-08	6.740141016073734e-07
YOR021C	-15.736872279238723	3.05218311395127	1.794486864135422e-05	6.466598126091197e-07	7.718211354152266e-10	3.2542544475654444e-06
YNR057C	-16.852873804259417	1.002771697063597	7.966061369432792e-08	7.833940398021063e-08	9.185801653746672e-09	2.460351150356237e-07
YHL022C	-16.375925331312104	1.5642083734689616	2.693081390146534e-07	1.9993009029552143e-07	5.7072338829019455e-09	7.98410994458098e-07
YER182W	-15.96752783309128	1.3723603386114775	3.0434962488637144e-07	2.472196336687699e-07	1.1818971667721688e-08	9.260733390955895e-07
YOR183W	-16.851797313102708	0.5909550851847464	5.7190865804990916e-08	5.686026567822261e-08	1.811121760549943e-08	1.2596493195740557e-07
YDR217C	-17.966145492894412	0.6987979887965055	2.018016196229394e-08	2.002892229724556e-08	4.979781826363354e-09	4.9397955900684324e-08
YIL078W	-10.841016586412662	0.2023934526200015	2.003330378212126e-05	2.0170385372479755e-05	1.4217934861092255e-05	2.7455825009303106e-05
YHR162W	-16.02347688873961	7.075592539633873	0.015645981757346102	0.019165082224968315	1.4730906522531478e-12	0.033031213903722975
YMR117C	-15.65461501832142	1.2412601534482197	3.4236092506636193e-07	3.3140736555618274e-07	2.0508988843997814e-08	1.1840699168514193e-06
YNR008W	-17.6668397545225	0.45419888351538484	2.343415330573795e-08	2.3553287649492415e-08	1.005991025604387e-08	4.482832904872252e-08
YPL220W	-13.777749262904036	31.468034722830104	0.3275782902309355	0.45426321668336495	1.5981360129468983e-26	1.0
YHR012W	-16.081631597183133	0.5963567238014316	1.2256926376938752e-07	1.238158056478419e-07	3.8849464652361974e-08	2.7634921428899654e-07
YGL159W	-16.71907088523656	0.5374023176583307	6.353651291877833e-08	6.312143260971022e-08	2.259226084524456e-08	1.320318226652462e-07
YDL243C	-16.98813440596203	1.1485352684340933	7.989929503182175e-08	8.189419547885906e-08	6.345015381518067e-09	2.801871944996678e-07
YOR326W	-10.167232970380793	0.4005390735459746	4.1538535254631e-05	4.312975000531301e-05	2.1822869818851276e-05	7.43659781330306e-05
YJL092W	-16.71713049962382	0.7294014187103881	7.233896875040797e-08	7.06087791604531e-08	1.6433023356844406e-08	1.7877586907952518e-07
YDR037W	-11.954689059298472	4.030682209222033	0.0036422981626192496	3.115129759878577e-06	3.2453944662253854e-09	1.4030388518269478e-05
YPL052W	-16.780052828974277	1.0200184298210426	8.622566201820065e-08	8.39301939869431e-08	9.540307707643417e-09	2.651516769047434e-07
YDR285W	-18.030923746606987	0.4842859865761982	1.6599377937739207e-08	1.6611038827606433e-08	6.6572655997448156e-09	3.2752369533535435e-08
YKL038W	-17.82823304930278	0.22208405353294966	1.8617504669860276e-08	1.853469519971257e-08	1.2549896164573613e-08	2.6049479178737105e-08
YMR240C	-16.787624290046736	0.2818604880059997	5.312920248607911e-08	5.309080679887997e-08	3.2113769282246295e-08	8.102694411586161e-08
YHL029C	-17.451530220242404	0.5411343576473268	3.064889090447332e-08	3.0498152458979766e-08	1.0812716532557491e-08	6.413668166689128e-08
YGR078C	-16.228427258138964	1.4741495343614834	2.620816210542233e-07	2.797871397391557e-07	7.961621416460369e-09	1.0559761955063344e-06
YPR040W	-16.184010123376723	1.3121192354802027	2.296462123694379e-07	2.049428175117873e-07	1.067888621379757e-08	7.530702313556869e-07
YJR131W	-17.149006078173244	1.3451179548469008	9.247702659068677e-08	8.255087676927177e-08	3.868933392074972e-09	3.0694341664016683e-07
YNL289W	-15.4347762711197	3.2805925281564448	5.208885887536603e-05	7.990232789268244e-05	1.1190825459912722e-09	0.00012950298369970414
YOR095C	-15.531265529855572	14.166984715813374	0.1476506937389545	0.215536651175341	2.3685047111716406e-16	0.9999768758518611
YER171W	-15.536570226927507	0.39819789867051725	1.9478376137258707e-07	1.9439603282990343e-07	9.315109315612888e-08	3.459094143263649e-07
YDR407C	-17.56525808404804	0.014156783576186402	2.3520704904759815e-08	2.352605795225216e-08	2.2982207360948026e-08	2.407737209140996e-08
YOR254C	-15.504550715116421	1.5015987761069096	5.533894644813685e-07	4.738116297252023e-07	1.5323935922624468e-08	1.8769691960918034e-06
YPR121W	-15.927140505934203	1.4040272584064053	3.1923815994673596e-07	2.7710577450749364e-07	1.1752707555854185e-08	1.0509178095955712e-06
YLR124W	-16.85081644521486	0.5933704871374075	5.7506654236635405e-08	5.6609188729583876e-08	1.79884444198102e-08	1.253903751189551e-07
YNL033W	-16.825745978997276	1.6295736107437482	1.7523137049693844e-07	1.9149569236611557e-07	3.3768020431721654e-09	7.324264375479606e-07
YGR258C	-18.056660738155898	0.24449928946295335	1.4783657131144335e-08	1.48219842565599e-08	9.621702274244019e-09	2.149918982555246e-08
YMR001C	-14.793086865590523	17.06538038824586	0.19249151631825476	0.4261417773408399	1.1502984727271324e-12	0.9999999959061501
YGR248W	-16.637249905289337	0.9460768690336095	9.334713680933375e-08	9.219278340748995e-08	1.2512464530553174e-08	2.787088025746494e-07
YLR149C-A	-16.373600104089547	1.2637202938118668	1.718863813565851e-07	1.7260198308949373e-07	9.688026159133172e-09	6.204607106877157e-07
YAL016W	-15.121463316442897	3.1376887449568693	2.822949728929294e-05	9.097726122755122e-07	1.1726321289393872e-09	4.598711426588496e-06
YBL044W	-16.851847400794924	0.775682567420906	6.508869981686872e-08	6.492323447057148e-08	1.3402592237757013e-08	1.7198178122487109e-07
YLR083C	-15.115192266160376	24.042756293923226	0.2635734998892793	0.5484758992396114	2.8118570621105812e-15	0.9999999999999909
YPL235W	-13.618908340119743	28.237375677628144	0.3171378429390246	0.5510004892855577	3.509989526650578e-20	1.0
YOR096W	-13.772181698042187	37.978681261562414	0.3671183113624435	0.4717225279788908	4.030484172063881e-31	1.0
YJL123C	-16.74151758840233	0.33286715947325884	5.690995386378376e-08	5.666049841657934e-08	3.0989886752450646e-08	9.264455436134049e-08
YGR276C	-17.432373736862047	0.32596657508891247	2.8303588334387327e-08	2.8333552966771808e-08	1.571614678217622e-08	4.5904993341675e-08
YDL030W	-17.118798178221553	0.7129699638097089	4.702944225093974e-08	4.7187146658502846e-08	1.1351792237097389e-08	1.1797026746549732e-07
YOR136W	-13.812620432211771	8.135172391245064	0.04870855739242588	0.08901243576262029	1.9331598379295183e-11	0.8591771810807293
YLR332W	-16.20500048800821	0.6740690263587273	1.1447397862067444e-07	1.1465491554420251e-07	3.0183290170264964e-08	2.763564719990311e-07
YDR495C	-18.02223098882787	0.3785534492915396	1.5941589110325472e-08	1.598178205837267e-08	7.981420186473672e-09	2.7713635993996114e-08
YLL029W	-15.460147472339669	1.039856477007389	3.320596650091967e-07	3.1194516775854535e-07	3.43848449431778e-08	9.943557855718575e-07
YHR039C	-12.261579679420903	2.053581434595724	3.577385651604626e-05	5.53014201273254e-06	1.2652616463370904e-07	2.0413708810618885e-05
YDR501W	-17.109375346751406	0.5538547230144547	4.3113582535515336e-08	4.282729897769803e-08	1.4829453826925011e-08	9.107359463615068e-08
YNR045W	-17.29254878465943	0.6396361978537554	3.759815897115642e-08	3.7885681391375974e-08	1.0778082620320892e-08	8.840002741180331e-08
YIL065C	-15.56124064401338	3.1847481260701374	1.6132800577434733e-05	3.9622639746054994e-05	1.0202560447177507e-09	6.092450563798067e-05
YKL094W	-15.722231768254643	2.9932122150183673	8.632314539093506e-06	4.6868937414436655e-07	8.144182306878781e-10	2.311109893375987e-06
YLR233C	-16.96944942267983	0.6759630478232693	5.424237684120055e-08	5.319109896499478e-08	1.3978977438635706e-08	1.2823356929165497e-07
YHR210C	-16.615944980200567	0.9384981174335015	9.50826102174331e-08	9.436814999193772e-08	1.2962013136381266e-08	2.8418200869199444e-07
YGL067W	-17.19984792755784	1.2760608370794195	7.689138199251726e-08	7.587385210270079e-08	4.146651874554677e-09	2.743280906646676e-07
YGR046W	-17.0125157599621	1.7875839421643025	2.0158504737744482e-07	1.6452257407854302e-07	2.1296035887298433e-09	6.822546796007423e-07
YPR018W	-17.648672075557243	0.5960033146961934	2.5822756402298835e-08	2.5830416553412878e-08	8.111118381514916e-09	5.76300593634543e-08
YBL060W	-17.659556648920244	0.3240047021210393	2.2544806574514935e-08	2.2534076377565515e-08	1.2549690765386368e-08	3.642043452488234e-08
YPR074C	-14.74002183800003	8.061776312324895	0.03943701613901991	1.0903485550488442e-06	1.5068674649658126e-13	6.604233721477573e-06
YER056C	-16.034127523941407	1.4190330515944665	2.8674613118847335e-07	2.9032976130645764e-07	1.0536857126511386e-08	1.1149715271086196e-06
YLR142W	-16.58339679028066	0.9869189795653699	1.0236184982988371e-07	1.0295446200752325e-07	1.2403783912499715e-08	3.209263153062369e-07
YOL011W	-17.3867029618348	0.25401803609228435	2.892587784075666e-08	2.9046381773194173e-08	1.8517425464605386e-08	4.270916282296115e-08
YPR111W	-17.642482231422747	0.2654035392095882	2.2572428484839547e-08	2.2554340288518494e-08	1.406626678121396e-08	3.3681148290968275e-08
YDR043C	-16.85573073745107	0.6150325586586725	5.7619299000854736e-08	5.783529274749786e-08	1.7388835440889663e-08	1.3166039490926054e-07
YCL025C	-13.65471825081586	7.784493140279991	0.043389811266418124	1.2087341134032655e-06	5.639369485906888e-13	7.148969246616195e-06
YGL249W	-18.07815016430068	0.30338695016960693	1.4817669241528041e-08	1.4748506743123384e-08	8.551057011466103e-09	2.318929949255861e-08
YGL208W	-16.225892209223076	1.6519879455785955	3.6719306181170943e-07	2.2887147561737144e-07	5.638886669242189e-09	9.364615437157945e-07
YML023C	-17.93691491509597	0.2865419343799478	1.696906061982547e-08	1.689994122541243e-08	1.0120277556196435e-08	2.597783544912087e-08
YDR177W	-14.98085807347634	12.562854884320956	0.11732170159012628	0.17453902589255607	2.5674957977102164e-15	0.9996352663335
YDL055C	-14.118976575330818	7.500671927296243	0.03499254461473568	0.06330959255003332	2.805354699805302e-11	0.5938181110756524
YBR182C-A	-16.848658920404688	0.680082139262722	6.103398714651597e-08	6.032817171500797e-08	1.568384507312402e-08	1.4614683305436233e-07
YGR096W	-16.30764554048872	2.0720851756311096	6.963014235839989e-07	6.682918103168201e-07	2.755902794047769e-09	2.6627690866675463e-06
YOR362C	-13.573996360771345	7.762797789580426	0.04205370177977711	0.07320904876400874	2.2499444894047776e-11	0.7304052473941812
YDR191W	-17.069661355716363	0.80490338058271	5.420656038281836e-08	5.311885118482992e-08	1.0247062082886114e-08	1.4401449815044717e-07
YKR070W	-17.00800943272114	0.8739780116607606	6.078148818147121e-08	5.964446016742528e-08	9.72594041209173e-09	1.7101153249508964e-07
YOR033C	-17.848371645705996	0.32558945529539046	1.8758669274257132e-08	1.8687988025505487e-08	1.037408725149376e-08	3.0263920490434875e-08
YDR098C	-14.591815494329422	4.631156103782916	0.001683311375927837	1.0362039152022172e-05	1.6688150828665925e-10	3.5912540628675614e-05
YPR103W	-13.735982837978737	10.399893674186053	0.0971709381955298	2.0691981095321387e-05	6.038812440724215e-15	4.212385812256031e-05
YBR054W	-15.6810490235446	14.50911665698105	0.14167029314527307	1.906470828101441e-05	5.314521388207676e-19	3.380979182169873e-05
YAL051W	-17.773531769890525	0.5211085426711018	2.190756493923365e-08	2.186741419994201e-08	8.098631934291969e-09	4.493744266067628e-08
YML126C	-14.527402986751623	2.451354105432807	9.16914205672424e-06	2.4013758930949716e-06	8.301213129771542e-09	1.1494094388252533e-05
YBR056W	-16.605614881344792	1.2184320448504256	1.3121799465050525e-07	1.2424067903152443e-07	8.211821375800423e-09	4.38313429792749e-07
YGR268C	-16.398746732528508	1.6249414898577133	2.7092906611946056e-07	3.0582958737248657e-07	5.242237297350845e-09	1.1582814379632356e-06
YGL124C	-17.813815849695658	0.442935862446047	2.0087560483643385e-08	2.0235025803843882e-08	8.847433723458074e-09	3.7991215005401474e-08
YOL113W	-17.597031831706047	0.6529176214710422	2.7836190041357085e-08	2.8135621712319318e-08	7.776939795775747e-09	6.642550901066084e-08
YIL025C	-16.84605898892258	0.7175102334058794	6.211948087879644e-08	6.215071454594323e-08	1.4800067048423024e-08	1.5611560095451513e-07
YOL117W	-16.740549615214334	0.5683394514407552	6.351997005310166e-08	6.296128312163356e-08	2.1050168125676264e-08	1.3630377066631218e-07
YDR486C	-16.025416307086545	0.9169652929920667	1.6716430892485985e-07	1.683367445109642e-07	2.4311304435935018e-08	5.002100590441623e-07
YMR231W	-17.610441998717945	0.017987944294062603	2.2484754892545993e-08	2.2488142403600176e-08	2.1828889232938922e-08	2.3159691790897504e-08
YOL123W	-15.75900634491043	7.671405044731178	0.02112860949203519	0.06207314971578429	1.4731072050381076e-11	0.5647565781291282
YER078W-A	-16.831186231131852	0.751127147228502	6.448030660035073e-08	6.492370572645332e-08	1.4229256734504374e-08	1.6821670852496913e-07
YNR061C	-16.655478161200136	0.7134433664628952	7.47749120344564e-08	7.455068733633833e-08	1.7986692078865635e-08	1.8614675938133622e-07
YAL019W	-17.406151420386962	0.4017195989475323	2.9879333862027875e-08	2.9897387586375254e-08	1.4243489491422375e-08	5.3406306644512326e-08
YDL155W	-16.050633367115736	4.54115021235037	0.0003942710392003369	0.0016286180093459809	1.2887117693100093e-10	0.0015756690920658305
YLR036C	-16.732915422901698	1.3182468876176279	1.26795976748708e-07	1.1866861171956323e-07	6.1057114993866365e-09	4.3644478776842216e-07
YFR048W	-17.277595749845915	0.6165728810932515	3.8116325281153446e-08	3.794089460472271e-08	1.1375132087452085e-08	8.647976876678513e-08
YOL024W	-16.86985410158448	0.509256367278276	5.374578324839935e-08	5.343002977014582e-08	2.0337032893843345e-08	1.0826708001060079e-07
YCL004W	-17.481296867998736	0.6753312059056887	3.21153125780956e-08	3.2150009634706556e-08	8.423901680975759e-09	7.770073744897151e-08
YDL178W	-16.05929510609056	3.1364239103178893	9.141209838729657e-06	1.9528723174974407e-06	5.972554494581093e-10	9.856824485758361e-06
YOL140W	-15.53738801244688	1.2367339819126342	3.8072624403659074e-07	3.626688242406917e-07	2.31866903083289e-08	1.2931660588187114e-06
YGL115W	-14.588178586790674	4.4761426515666285	0.0009793464452326113	1.1474968588307067e-05	2.3624524781951305e-10	4.089647726726874e-05
YBR287W	-16.343488498846256	0.8279686436561623	1.1360002638531803e-07	1.1327518765547172e-07	2.047333232220423e-08	3.1409809478632415e-07
YCL048W-A	-15.938054917868412	1.3852692074296187	3.1087075292467697e-07	3.037170368722708e-07	1.220760279827417e-08	1.140868696968111e-06
YML078W	-13.97213187140842	27.84092125964943	0.30956609565606485	0.41078312948458073	1.0373569651739651e-24	0.9999999999999996
YOL148C	-17.720528599421215	0.7351638457793874	2.642578588913884e-08	2.637653721431589e-08	6.0028984425906735e-09	6.741578677894073e-08
YBR165W	-16.861998314977228	0.5952013884406595	5.697822939833773e-08	5.657781268089439e-08	1.7819217629333438e-08	1.2603288668168628e-07
YPR129W	-16.015927013032325	1.3554674049594952	2.768987461091769e-07	2.56574195391102e-07	1.1784654642879925e-08	9.585845659847114e-07
YOR084W	-17.034313534700033	1.3564215207602401	1.0101568214902026e-07	9.889960771255393e-08	4.286697241276186e-09	3.6767310050889234e-07
YIL106W	-15.66442182982537	5.596022912101238	0.0038601124187070852	0.00815453192152186	3.7710172636379895e-11	0.00980966359299748
YGR045C	-16.85511582079269	0.48040649789192647	5.357738897090159e-08	5.361653455847487e-08	2.167936544583875e-08	1.0522441572513425e-07
YPL255W	-17.03559517759348	0.3703329628205025	4.2849929975501095e-08	4.2745379688116585e-08	2.1699752999042313e-08	7.333788953086702e-08
YGL205W	-16.316641192586033	17.441243751574525	0.17358412204389478	0.42163342135872794	5.176338839073706e-13	0.9999999953357002
YML081W	-17.804344136930723	0.5498796266277316	2.147653901142513e-08	2.1550482619855924e-08	7.496147556163046e-09	4.576200297302601e-08
YOR276W	-14.477366345942555	35.85903125642677	0.3454897865185414	0.44251695580366873	1.940236157890903e-30	1.0
YOL032W	-16.74728304132512	0.5845564247459648	6.352168945604999e-08	6.320426165975023e-08	2.035797702675383e-08	1.3929887955851242e-07
YHR172W	-17.528979973191966	0.5426905452613441	2.7957892524813025e-08	2.8258814366018274e-08	9.981274449766435e-09	5.9508793529764876e-08
YGR263C	-16.999180244915607	1.1216371130720022	7.784861603681943e-08	7.701890100349762e-08	6.535426165523385e-09	2.593996099892101e-07
YNL049C	-18.21703259014683	0.042950071829481684	1.2267533772592808e-08	1.2269950554040339e-08	1.1422463421128555e-08	1.3155183322042843e-08
YHR013C	-14.378065424164744	2.257400649747847	7.50229723543476e-06	3.553561171617501e-06	1.3650763644719554e-08	1.5583408962550236e-05
YOR117W	-13.479101280239048	6.483396410479721	0.02274805032202943	0.045898632704871746	3.742648770298551e-10	0.32316816379648244
YGL004C	-16.148884786111722	0.81228401259285	1.3606019822518015e-07	1.3137091203204259e-07	2.5224213558137216e-08	3.5665347836830895e-07
YKL042W	-16.433471386576258	1.0733208921342727	1.3129787631219704e-07	1.307782841647208e-07	1.2502606745225637e-08	4.3007353557631153e-07
YDR016C	-16.572734449823457	0.8589991449194974	9.187216295246791e-08	9.191982310820859e-08	1.5448443837845074e-08	2.611066012841163e-07
YCL005W-A	-16.027479980396294	3.1819031729259017	1.444061816618462e-05	2.0006070728734817e-05	6.018286135762774e-10	2.7171174202888786e-05
YKR090W	-17.87689441753244	0.3817137122830671	1.8701600873034644e-08	1.8527346319714375e-08	9.193216781084698e-09	3.225477481794417e-08
YNL290W	-15.301547379998011	2.6460185597201953	7.788255175779487e-06	1.1282841061918494e-06	2.5871538706607202e-09	5.48600156012881e-06
YOR165W	-15.540616168299676	1.149302914694357	3.459151085350534e-07	3.639054691464424e-07	2.7197404950890418e-08	1.253757307845388e-06
YOR223W	-16.68150471225927	1.3856155736667775	1.516473329693844e-07	1.3528184105760116e-07	5.74982520200904e-09	5.112175255407615e-07
YDR315C	-16.835575765021332	1.2322479458482236	1.0193728548890786e-07	9.990297600181192e-08	6.377644115266756e-09	3.5471490180393625e-07
YJR141W	-16.871282039233122	0.5673430928349462	5.546057264924672e-08	5.520985899058256e-08	1.850085032350146e-08	1.194048003552158e-07
YER099C	-14.978539174532854	6.5663921173811755	0.013603949280060972	0.02666030806510587	2.367476713132899e-11	0.09589270794202741
YKL061W	-16.665414386713366	1.109856344787394	1.0661228316109915e-07	1.0601141005632286e-07	9.28708998519329e-09	3.5463665018182555e-07
YMR092C	-15.193185795339742	13.601580602875897	0.1380097975546558	0.303212379167509	7.612810645221231e-13	0.9999947906431025
YPR116W	-16.83467839925359	1.2024927664954819	9.686605521974171e-08	1.0015253214528009e-07	6.743677113659136e-09	3.510302676087573e-07
YMR247C	-17.85305499846507	0.24018024245947395	1.8187003606560562e-08	1.8144353232903336e-08	1.1874036400076902e-08	2.615775757896203e-08
YPR025C	-16.531894233129407	0.6149258576293986	8.070276774837462e-08	7.96757379245161e-08	2.3995646463319834e-08	1.8108503134739732e-07
YKL145W	-13.674869290677817	1.848673877467249	5.992079910940993e-06	5.688951449210407e-06	6.028582410928782e-08	2.444463064814657e-05
YKL029C	-13.875372822986902	4.559365972098013	0.0024568110554208868	2.5464289323549854e-06	2.948855639685156e-10	1.3212632746492414e-05
YNL160W	-15.70634039298673	1.613836022481662	5.866335024937372e-07	5.025773362417823e-07	1.0559835300098248e-08	2.043789248472194e-06
YOL007C	-17.184273037965596	0.2246141927639996	3.537108289139244e-08	3.530977331238717e-08	2.3787280000551425e-08	4.9805016058322976e-08
YDR252W	-16.79682916186792	0.9295637130376903	7.906282855618657e-08	7.786215503650914e-08	1.0977523983957985e-08	2.3300814153078438e-07
YGR121C	-16.238257540965407	12.892726805868197	0.10855936978800537	0.23229363087974733	2.3518473527209448e-14	0.9999257882627723
YOL034W	-17.801316345875605	0.023904304166509287	1.8579276067975564e-08	1.8582810731986968e-08	1.7861146043226027e-08	1.9321779916103258e-08
YIL083C	-15.771514278277008	6.797991575077101	0.013967050999658852	0.02706314226842851	8.830385784978731e-12	0.09721488098383381
YJR148W	-14.149731076796526	1.7965656129935301	3.550047023595532e-06	1.6950446466799422e-06	3.4389589506850226e-08	7.057615324517759e-06
YAL049C	-16.199939782695566	0.7764766330541654	1.2504974120548187e-07	1.2379418082533132e-07	2.562490067121869e-08	3.276365164297057e-07
YBR275C	-18.078082255547272	0.013330026327225129	1.4086130036372944e-08	1.4087264855207057e-08	1.3780522023683322e-08	1.4398005022367423e-08
YHL036W	-17.084902226496325	1.9683360627622313	2.820285626379143e-07	2.1441537016646447e-07	1.48322884478382e-09	9.012328310196111e-07
YNL327W	-17.494874110351503	0.322110117389269	2.6555989710619594e-08	2.655834883546775e-08	1.4850248171008463e-08	4.280714841349601e-08
YOR266W	-17.18075969382444	0.9155003888577136	5.2298143344696364e-08	5.2567097521348294e-08	7.664049499119944e-09	1.5578418555369741e-07
YLR185W	-15.91487112323446	15.360089746431667	0.15098586295995634	0.1801653240634069	3.157207416289287e-18	0.9999752197756129
YBR050C	-16.89881260148175	0.791438630680514	6.439133859107745e-08	6.148821156394096e-08	1.2366190841774834e-08	1.6418813760373095e-07
YDR097C	-16.620881507065135	0.8534150255931969	8.869093780398917e-08	8.57472092096973e-08	1.477718585062708e-08	2.4122678255569435e-07
YPL264C	-16.73636788166985	4.531796897564374	0.0002580915711235621	6.718952596916059e-07	2.2019566032227387e-11	3.6412198495686554e-06
YLR424W	-16.884196461987088	1.339769135916439	1.1304113885999452e-07	9.735916071328507e-08	5.000163280065477e-09	3.5935010908816144e-07
YMR093W	-15.659028844159549	2.109918707875639	1.4810695529054685e-06	8.055607941915682e-07	4.805985740344095e-09	3.7181716592453364e-06
YOR207C	-10.107992218320943	0.2420341485263271	4.1962959333303154e-05	4.193367911218059e-05	2.7633683865073922e-05	6.016406823521333e-05
YKR078W	-17.86548386047869	0.5118502302068502	1.977237876860888e-08	1.9847585007169317e-08	7.500633401463133e-09	4.037130691417011e-08
YMR175W-A	-16.88565750527121	0.5315840105952209	5.417831860213879e-08	5.3402492794465204e-08	1.93428118249398e-08	1.1109034686161026e-07
YLR144C	-17.77649480147484	0.6468673083680021	2.3709006604045608e-08	2.343563578117586e-08	6.564407035084468e-09	5.502234981817906e-08
YLR048W	-13.544064675146002	37.451219610548755	0.3562923539300687	0.5107334106908569	1.8481183978801859e-29	1.0
YNL317W	-17.109390121267282	0.7315688163866235	4.934633198086201e-08	4.852388966558544e-08	1.1139206196062036e-08	1.2362840366235648e-07
YHR205W	-15.506318659355001	15.517261891364374	0.16629089627148466	0.39697033495670264	1.51910764685798e-10	0.9999999146249585
YAL022C	-16.824209834791674	0.4155210895031191	5.3721221367718724e-08	5.3788054977118066e-08	2.490014526184439e-08	9.770067266005478e-08
YBL049W	-16.50692467335537	1.6448363160009856	2.5532839676574283e-07	2.7637510377609236e-07	4.5415838554952395e-09	1.0524599069833118e-06
YBR257W	-16.279957863670646	0.9822810125399727	1.3637772966871073e-07	1.3564722024149555e-07	1.6823473526137893e-08	4.2000359166661197e-07
YDL119C	-16.806714558836376	1.0284587048610074	8.488216576034219e-08	8.508875792565989e-08	9.236172006613322e-09	2.717921622616574e-07
YGR081C	-15.815459151469623	1.6709968610935304	5.292318764478303e-07	2.986922387397694e-07	7.974001475847176e-09	1.2091812448416938e-06
YHR157W	-16.685430919104675	1.3225304971487448	1.328576928928613e-07	1.3579316687743158e-07	6.4386519786573924e-09	4.983157301335212e-07
YDR412W	-16.10308360048728	0.9159415024164339	1.5376044264239229e-07	1.5376071243024886e-07	2.2466499952790627e-08	4.553245318683213e-07
YGR177C	-17.09997201433835	1.1861622124840978	7.540102115170859e-08	7.536021270414852e-08	5.313235870103879e-09	2.621178309268334e-07
YBR300C	-16.866535593894497	0.5914744253098019	5.6123741953461837e-08	5.638391756105526e-08	1.7881663368519997e-08	1.2517146884515852e-07
YGL006W	-17.78685761281777	0.025674955762317996	1.8846216188092813e-08	1.8854230450602872e-08	1.8068567300576198e-08	1.966030269533054e-08
YKR058W	-18.040029295160622	0.14577578778914987	1.47704198248035e-08	1.478629365322329e-08	1.1509896958337843e-08	1.859326194305623e-08
YER178W	-13.595990270297262	2.0784165370102246	1.0840284614031068e-05	2.4930502459539375e-06	3.5234262000047084e-08	1.0430095690495853e-05
YMR142C	-14.278815301405485	45.86062709753727	0.381483772210694	0.5024235437437591	3.2350291578268273e-36	1.0
YLR307C-A	-16.78347512883991	1.0437049800415164	8.670506279523226e-08	8.883683896043619e-08	9.234376180981688e-09	2.866661084625526e-07
YNL156C	-16.317984464280727	7.274799851426425	0.015287701279598517	0.028443343976869925	1.6658467653596789e-12	0.10101475426887555
YIL135C	-17.549950153065566	0.32703568481505096	2.5110717481962357e-08	2.5201731299922465e-08	1.3948243402065138e-08	4.090604017018972e-08
YPR141C	-17.91720585939109	0.5594313018342633	1.946356603197952e-08	1.934815621760347e-08	6.591726758274688e-09	4.148821397034269e-08
YIL023C	-16.964538714245265	1.6781937346472493	1.6582542065231723e-07	1.812305490085589e-07	2.720575358597316e-09	6.98429818860039e-07
YBR059C	-17.762425462286757	0.575668980455821	2.2691167888363263e-08	2.2759856210598884e-08	7.485472709595453e-09	4.9651662390216225e-08
YOL026C	-16.819347460107366	0.9375551381260145	7.677881358024925e-08	7.688722459711728e-08	1.059278609459469e-08	2.3151920354317898e-07
YBR093C	-15.985554087551646	6.456664990114593	0.009036085687973597	2.748577357049476e-07	8.231161897227196e-13	1.5427130859235183e-06
YGR159C	-15.933484383881277	0.7688878526436822	1.5770971459622943e-07	1.564826133170617e-07	3.34969510291387e-08	4.0809999834838433e-07
YFR026C	-16.866762964848732	0.4482547764884113	5.227324758028247e-08	5.2268816043147684e-08	2.2610680370898248e-08	9.873420161236672e-08
YKL173W	-17.792648650175764	0.041293997807381466	1.87526627774356e-08	1.8754815960109237e-08	1.7507404959076787e-08	2.0054995002275695e-08
YLR056W	-14.248759958799566	23.584106290817978	0.26992418982621647	0.45013086031049027	5.831184523055285e-20	0.999999999999901
YOR065W	-13.770273634124534	19.453480768767633	0.2447370298502818	0.37640846344953977	4.6097105943899025e-18	0.9999999997884881
YDL137W	-14.21537659751739	19.12936502478861	0.23627702223179933	0.30873558000054846	2.6500225334811846e-19	0.9999999976858274
YLR096W	-17.525238716473908	0.029152919954128168	2.4490667635818983e-08	2.4494671966917246e-08	2.333773500921427e-08	2.5685739734107073e-08
YLL050C	-13.953195554212654	37.588470689077496	0.3568445787129782	0.4441212945443102	1.2543346772968326e-31	1.0
YPL280W	-16.081407143975213	11.656797784309704	0.08420960548319348	0.12076306536321493	1.7345312275289579e-15	0.992765117964079
YIL046W	-17.413049861694873	0.9638995820624339	4.2351708280348616e-08	4.371079570447425e-08	5.610474959737541e-09	1.3413962282795635e-07
YPR086W	-14.961265317507424	11.112308819922161	0.09091075993084607	0.16453013857377358	9.152426001769308e-14	0.9981109918093038
YMR174C	-16.748685134131648	0.7960677353259346	7.332449345757103e-08	7.273007367738334e-08	1.4332502433392517e-08	1.959215824187276e-07
YKL092C	-17.63723902966811	0.5254666218881463	2.504637436780657e-08	2.5071683202711928e-08	9.214810534067825e-09	5.178172924973655e-08
YOR196C	-15.251066936974167	4.562921329490925	0.000826059342380409	6.858582935843366e-07	6.684532705511906e-11	3.6783583164338844e-06
YJL116C	-16.271093452852057	1.2811442540716567	1.9111305884368311e-07	1.935614301307783e-07	1.0409153102562781e-08	7.016666177795662e-07
YJL171C	-16.001638637179695	0.8702146636373667	1.676670542515242e-07	1.6599054566848516e-07	2.692189543703325e-08	4.767650329250574e-07
YLR301W	-15.731964463870808	22.555234828268876	0.2458123954514034	0.3606882106912795	1.3283054037909717e-21	0.99999999999145
YGR157W	-17.723960103737028	0.024551510682995173	2.007407885132523e-08	2.0077650322712526e-08	1.9277128676506937e-08	2.0897985972462114e-08
YAL009W	-16.68230705212882	1.3200261464137522	1.335165355874021e-07	1.3940663126566755e-07	6.499172662720767e-09	5.09523997231616e-07
YNL087W	-17.841602654830425	0.03880610277936043	1.7864286169393357e-08	1.7857236357727803e-08	1.6739419852267673e-08	1.9018947677682655e-08
YOL057W	-17.235114772419166	0.2987277389318567	3.4206704894202334e-08	3.4190351796842546e-08	2.0001324483001006e-08	5.344170915277011e-08
YER062C	-15.035972362683607	13.24823398894195	0.1356920324060427	0.20176802818633438	1.4638069806653436e-15	0.9999195676185637
YPR098C	-16.47979845097214	1.1645094151353466	1.3703861873296048e-07	1.3853963901399744e-07	1.027541484137997e-08	4.774027905865563e-07
YBR058C-A	-16.452348115279875	2.5347220636097316	1.6867567512739682e-06	2.109193282422529e-06	1.1202566381172498e-09	5.402227440852866e-06
YHR057C	-16.42973410180346	1.2179449504803082	1.5632348487257067e-07	1.5164220750987044e-07	9.856258324353782e-09	5.355879171223846e-07
YMR026C	-16.95783072108425	1.549777430713175	1.404105883337163e-07	1.1620311268971583e-07	3.2913813598218134e-09	4.6229873249144387e-07
YOR186W	-16.51541877854541	0.7664810106290705	8.930651177213725e-08	8.994311446576004e-08	1.9025620104748494e-08	2.3627618471715815e-07
YDL037C	-16.2659675649127	1.092621932606486	1.6174415860709688e-07	1.50183798010379e-07	1.4146733524741755e-08	4.955497268501594e-07
YER112W	-16.02944050248405	4.28592896816236	0.0003330098509475402	1.3200975021387905e-06	6.959981288899938e-11	6.784787100093374e-06
YIR028W	-16.64721798446479	1.4220683954738456	1.5764849959245997e-07	1.7361681308446482e-07	5.71801910813137e-09	6.468973666521389e-07
YCL012C	-16.59993474373985	0.81490657966153	8.511005754541585e-08	8.57399081184715e-08	1.6122740418318144e-08	2.3446430189682677e-07
YMR275C	-16.79308292554306	0.5892962740061596	6.0407278017032e-08	6.01587148431728e-08	1.9240925946389484e-08	1.329701336139551e-07
YER007C-A	-15.00451419621204	7.0536946926725035	0.0194017111282024	0.029112561562574503	5.79553153294817e-12	0.10659519857919625
YFR028C	-16.14276602854916	1.2861703626054306	2.314899049310499e-07	2.2120575655707667e-07	1.173689307973466e-08	8.060029709077816e-07
YGR233C	-16.751091666935466	0.6300074870809879	6.477154357246928e-08	6.489006740751544e-08	1.885621023738535e-08	1.4998423586701904e-07
YNL104C	-14.12322928853355	30.035122689564	0.32219318953119636	0.6146149458837438	1.3090491769290733e-17	1.0
YOR010C	-16.27011963484327	1.0965846134340362	1.5882487229645386e-07	1.4860407690792242e-07	1.3971512787627965e-08	4.90572751026146e-07
YKL056C	-14.85789236447563	11.580752335052141	0.10308580511792291	1.1735423440845309e-06	1.4568212643317567e-16	6.118976403011242e-06
YDL177C	-16.838929053418525	1.0663226471290963	8.828323221007378e-08	8.497947940549562e-08	8.388496517895111e-09	2.77676118765231e-07
YDR529C	-14.47468886641691	7.473250090302412	0.031335794766793185	0.038714155367340214	4.15846405739222e-12	0.21880913248086667
YHR034C	-15.834271866429118	0.6155289413696895	1.607589008106019e-07	1.5852328930749272e-07	4.792206540096375e-08	3.5952107713722783e-07
YBL046W	-17.00096205742082	0.5494342284507251	4.826837581735509e-08	4.7949108449677466e-08	1.6722340810744982e-08	1.0166748767259007e-07
YPR179C	-17.878356219335913	0.30719530075671664	1.8045028588331247e-08	1.8029606920754165e-08	1.0371821755640595e-08	2.849542051554947e-08
YDL007C-A	-16.815584505581484	1.2722719276444723	1.0977775745957288e-07	1.1246428170446194e-07	6.140088614722493e-09	4.0528671472075107e-07
YDR010C	-16.840427627693117	0.6638567705796828	6.050078009100857e-08	6.042233131982647e-08	1.627703302891451e-08	1.4426790927985767e-07
YMR197C	-16.128759438485943	0.7221304655110987	1.2870781236368447e-07	1.2877460983903754e-07	3.0198217968948315e-08	3.2565926105460195e-07
YDR250C	-16.85198861416646	0.5846458535780096	5.652417825907943e-08	5.6895562125195124e-08	1.833148375524971e-08	1.253522426718148e-07
YNL220W	-14.099161933548002	3.872225348909014	0.0005705629724945682	1.4418338867334548e-05	1.2503828445470007e-09	5.481974751455699e-05
YMR025W	-16.683438876171934	0.6597159045592729	7.096295046349433e-08	7.048570623854083e-08	1.917413144186319e-08	1.6764842542514505e-07
YGL064C	-16.905285948561144	0.7417940199917535	5.975555420725559e-08	5.978384804943307e-08	1.3417610482871152e-08	1.5364482290214812e-07
YDL001W	-15.964251408608815	0.982878952879165	1.8632079683949138e-07	1.9299168682774364e-07	2.32645725976202e-08	6.01487806060392e-07
YIL067C	-17.971344249229134	0.369828188526422	1.6873869589886507e-08	1.6784147116981775e-08	8.529812152460384e-09	2.8797131999498344e-08
YAR050W	-16.891621165654925	0.5292488110281757	5.307458637480793e-08	5.3172770667120286e-08	1.933459601397439e-08	1.1038053781692932e-07
YDR541C	-16.75422393219995	0.3701450896188042	5.6759701202978754e-08	5.666484222813898e-08	2.877693083939365e-08	9.725389635841699e-08
YLL059C	-16.86555472600665	0.619334763583394	5.692750478988815e-08	5.7150596807579804e-08	1.706356224140825e-08	1.3039241357676142e-07
YOR100C	-16.555589155273267	2.272071976073057	7.68163526974776e-07	1.4818409111084912e-06	1.5944928660447047e-09	4.333594599735052e-06
YKL175W	-16.724358644155274	1.3800590318936092	1.4841910856397227e-07	1.3680439800653875e-07	5.608831707964819e-09	5.141705427719337e-07
YBR265W	-16.103856901689852	3.8605140194705654	0.0001378810060731907	0.00025625139198665904	2.4419878910105406e-10	0.00026219678979813024
YPR133C	-15.896276211650529	1.640188440838717	4.547171014055939e-07	2.6094869807055933e-07	7.688323045581383e-09	1.0434218451967992e-06
YLR432W	-13.158151533783167	2.393446024948306	4.074905789237687e-05	3.2261660282705484e-06	2.990981658132366e-08	1.3503285262699338e-05
YMR070W	-17.062159036308714	0.3093170880752279	4.0784514618655926e-08	4.079041790440082e-08	2.337801830985685e-08	6.46464020127236e-08
YAL005C	-13.872697328764117	20.00950119364211	0.24733059092786208	4.045481960500254e-05	1.131000255593773e-22	7.349685672587234e-05
YOL063C	-18.360418588134763	0.342854509249246	1.1235340183376932e-08	1.126398761113698e-08	6.042777441778811e-09	1.865813237338991e-08
YNL130C	-15.996694290567374	3.8007483805672178	0.00012387574259182767	4.5579941194835606e-07	1.4471259973861055e-10	2.3914031408661925e-06
YLL036C	-16.256783370693668	1.1386338071903745	1.6620082986273914e-07	1.5028015801371146e-07	1.3063006630977917e-08	5.041563240518738e-07
YCR066W	-17.2416661880641	0.44076099761038723	3.5798591790256475e-08	3.5825291245490796e-08	1.5745639041031684e-08	6.708298842744729e-08
YGR163W	-15.49780226453113	10.7965354481371	0.07679942106001048	0.14310134230278032	6.446867310707287e-14	0.9946941163306838
YLR333C	-14.492303660118706	24.503726811817394	0.2771175153317411	0.33281888864619025	1.2680961594019945e-23	0.9999999999992308
YCL038C	-17.136954546637554	1.8436314786526469	1.9345569255011016e-07	2.716920053517892e-07	1.765357974978159e-09	8.864056918444873e-07
YER105C	-17.475630851994723	0.025234792135484907	2.5744077401985002e-08	2.5737622672919813e-08	2.4683243759767075e-08	2.6818847776189306e-08
YEL045C	-16.83195592872724	0.7917212718190728	6.663303099991244e-08	6.665412943157407e-08	1.3282172868296468e-08	1.7876316484496104e-07
YMR074C	-15.730636227752965	6.283087879364333	0.008593605500786958	0.011398427782177289	7.14981325801242e-12	0.012130363124686586
YER027C	-16.09198992698728	0.7789756439292668	1.41193206795467e-07	1.396316720816714e-07	2.853510515884711e-08	3.7153711278753355e-07
YDR040C	-16.271978423211095	1.8483063948648408	4.5496377574578575e-07	3.76148319858761e-07	4.051384471869749e-09	1.5836152048568537e-06
YML012W	-13.58653876846911	13.406622786080778	0.15913481277467437	0.2211366987712246	3.4458409250002333e-15	0.99997485185224
YJR031C	-18.39454257615651	0.5742642356389709	1.2059552588940896e-08	1.2105057456736695e-08	3.991148274491584e-09	2.637584420225587e-08
YJL141C	-17.38202803889797	0.7931400187975431	3.885788414371358e-08	3.846108080598782e-08	7.64469785643543e-09	1.0323839307971694e-07
YMR033W	-15.22316698352479	3.1197092133773925	2.4996497281981505e-05	1.46889014777929e-06	1.2257474690932162e-09	7.477356715421807e-06
YHR047C	-15.430862617483582	0.5889209683524734	2.369447513104124e-07	2.3724094829073474e-07	7.55346451800105e-08	5.258028060250187e-07
YLR357W	-17.41766882361226	1.0968391779040387	5.039467934338241e-08	5.0387572672661034e-08	4.49556169947602e-09	1.6769455154114228e-07
YHR067W	-16.799112250221498	1.038634469148285	8.84332515019438e-08	8.591213394125683e-08	9.136823514485338e-09	2.7571680959015247e-07
YBL072C	-14.732436707455419	55.652453553646474	0.395868750472434	0.5288759288584395	1.6368879730102235e-42	1.0
YDL019C	-18.08469798422557	0.32673771877794144	1.4782687663556099e-08	1.4760802607178388e-08	8.175124103342197e-09	2.3951711335409535e-08
YJL138C	-13.60017443046054	29.524726964731485	0.31916012729700804	0.5183380792256141	8.032853452460886e-23	1.0
YDR420W	-18.07361577075133	0.31768390950919	1.4924029704201035e-08	1.4849084627725221e-08	8.373215038186962e-09	2.3787939870206142e-08
YGL104C	-16.663160416786198	2.0225781669764444	4.1631064852927745e-07	4.0753160892831244e-07	2.088137647153186e-09	1.652142459572653e-06
YOL129W	-16.31107505910839	6.340684163732123	0.00721720285205083	0.010529612453898187	3.962039703793669e-12	0.0102312291137922
YBL013W	-16.871415434660577	1.617082268129096	1.7938757922169335e-07	1.816890967638185e-07	3.3015599551544762e-09	6.961264327691126e-07
YLR030W	-16.837472108331696	0.6677190803891313	6.10970095701017e-08	6.072040702494878e-08	1.6221719824606504e-08	1.4545895265890292e-07
YKL189W	-16.79143335809313	1.1288346612208824	9.693703947493676e-08	9.652641257201117e-08	7.964064863995144e-09	3.2659637861088706e-07
YNL136W	-17.090256113246852	0.5285509903459888	4.321609717182755e-08	4.3401163162790185e-08	1.582942519103976e-08	8.99338304590098e-08
YHL038C	-17.335104185033543	0.7601421858320629	3.903796440697274e-08	3.93605559673175e-08	8.470066724375236e-09	1.0276930422815363e-07
YOR060C	-16.728875356821646	0.8729019040502483	7.909669069409707e-08	7.975093159394654e-08	1.2916400056904102e-08	2.2917209782066104e-07
YIL158W	-16.673833341011033	0.7449476678562178	7.578282718274092e-08	7.584420817485934e-08	1.6844429585671045e-08	1.9559316263789318e-07
YDL159W	-16.127423391554842	1.222936001220876	2.0559083692954377e-07	2.07304434924606e-07	1.322619371183731e-08	7.34875017686363e-07
YDR259C	-16.995167962996476	0.5006034589489772	4.718972402488532e-08	4.711044380169309e-08	1.8243737916731874e-08	9.462962661851638e-08
YOR187W	-13.445276508698226	3.883765291915092	0.0006382235437194286	1.8804050182861147e-05	2.286876354081232e-09	6.868016855938895e-05
YCR093W	-16.001984606679983	0.020399141172003858	1.1232248364898932e-07	1.1233636809374854e-07	1.0860584839504568e-07	1.1614471737320738e-07
YOR013W	-16.794005899086898	1.0841842381200284	9.320007836615864e-08	9.148170966788941e-08	8.534190284496994e-09	3.021638278902758e-07
YBR076W	-17.192480698134005	0.9420945907456829	5.340252937894656e-08	5.26095012090363e-08	7.217801976986656e-09	1.5844731070611798e-07
YJR055W	-16.746258519263193	0.9792648714594652	8.667659763078211e-08	8.614636303560718e-08	1.0639615865338688e-08	2.6674576575995983e-07
YNR004W	-16.69875592886163	0.7698547152284256	7.527116225449432e-08	7.53520763491513e-08	1.5770265212067546e-08	1.987654077952782e-07
YKL129C	-17.439128114617418	0.03986601620733316	2.6716913972382788e-08	2.6706910493675918e-08	2.4990499285459312e-08	2.8492818786108915e-08
YDR102C	-16.868550392472372	0.6134078788356555	5.643874805322057e-08	5.697190775605017e-08	1.7196393713036107e-08	1.293818289599546e-07
YLR287C-A	-14.8258703266263	30.26515551649928	0.31604153509275357	0.3458020250871405	3.3784618827093547e-28	0.9999999999999998
YMR101C	-16.995658365450055	0.846221875917576	5.9060548988141314e-08	5.9468268068187025e-08	1.0335685502186053e-08	1.6704415122122533e-07
YDR497C	-15.254423562518424	10.94246152761949	0.08457514015251293	7.740884963153413e-07	3.6444588674051237e-16	4.736219051125522e-06
YML094W	-15.727124316189657	1.7034726813586634	6.234632712729928e-07	7.14037363595396e-07	9.069278796295246e-09	2.7097135809335165e-06
YKR020W	-16.158684154412896	1.8553755534375573	6.316183595106068e-07	6.171782475233495e-07	4.578912196777201e-09	2.260828582723368e-06
YBR086C	-16.600913729643437	0.42041665991615323	6.749899516920148e-08	6.711847107586334e-08	3.0797019862330055e-08	1.2247021514498242e-07
YKL104C	-11.786906573638772	10.289445639080848	0.13207082780242455	0.26103144214829616	8.060852368795962e-09	0.9997749332793618
YNL045W	-16.330885022144486	12.861623199588097	0.10069554543382127	0.2644261427801795	6.634799087334722e-13	0.999961175420751
YLR335W	-17.13483101054699	0.2926048364073652	3.788053760675719e-08	3.7733023244664086e-08	2.2335421080384667e-08	5.848807610349378e-08
YOR132W	-17.27630698755891	0.8469275128883892	4.4386590502186856e-08	4.513238835850688e-08	7.807996269678052e-09	1.2700037900971955e-07
YHL047C	-16.906514054070414	0.3907689071689097	4.908166458933599e-08	4.902321359503171e-08	2.3886787638380204e-08	8.63407856505765e-08
YDR305C	-16.66119613203844	2.3943538592131284	1.049737042858704e-06	7.213112353911003e-07	1.1270586382882415e-09	2.816425309780823e-06
YCL068C	-16.62937673940249	1.5968109122409004	2.152232213338299e-07	2.217686072984966e-07	4.348134871538743e-09	8.485948669478945e-07
YHR048W	-17.181047580300202	1.0079391466784051	5.7652604484599864e-08	5.7546200790113507e-08	6.5810488951916605e-09	1.8160882300679632e-07
YHR018C	-15.190701206120847	2.4606343036235385	5.900797470313197e-06	1.1464287878721467e-06	4.080258670363431e-09	5.648664296995081e-06
YLL033W	-16.863746340292693	0.5345004134617729	5.499021508205355e-08	5.476203584565717e-08	1.969343385787397e-08	1.1429165812389859e-07
YPL187W	-15.993118764971568	3.5084504615717975	3.720643052118191e-05	2.8013255895329634e-06	3.1912166503260105e-10	1.093800828485858e-05
YOR355W	-16.912685986470734	0.6138280132473211	5.3957608320793215e-08	5.465220316864426e-08	1.647487953421339e-08	1.2424674420277112e-07
YBR261C	-14.69470272232975	9.062154308365109	0.052583002542406415	9.916640151194556e-07	2.0257645446726726e-14	5.4846978955241735e-06
YGR082W	-13.679083491683924	7.622594264952616	0.040164360742273315	0.05687717502091088	1.1034510755102695e-11	0.5198771440327729
YPL031C	-15.114837428446846	1.0765009694909944	4.787387229771946e-07	5.113242931476677e-07	4.689719798670166e-08	1.6931651945433489e-06
YPL104W	-17.621045517553995	0.49858994297002185	2.5157066893104885e-08	2.5204680770707947e-08	9.796817177542987e-09	5.052069343530583e-08
YBL042C	-16.61008772067069	3.0215876171946285	6.116130486077905e-06	6.680977290889067e-07	3.9465173258184507e-10	3.4481199708559707e-06
YBR109W-A	-16.844359544826858	0.9453874878120359	7.567275572749205e-08	7.387387914107603e-08	1.0137217709166485e-08	2.2224480455953267e-07
YKL041W	-16.467552494891407	0.837952289314477	1.0237405327455552e-07	9.994078805878073e-08	1.7742638560695368e-08	2.7868782700497703e-07
YLR104W	-16.730260999313742	0.8728812248922031	8.015791377179356e-08	7.950603179904594e-08	1.289895370796569e-08	2.2820856820278744e-07
YLR344W	-13.738794812737252	48.89870948310674	0.39580498580236534	0.4709051807148041	2.0367536164305276e-39	1.0
YKR065C	-16.16606763807866	2.3082295571620586	1.2682965055215291e-06	9.352216078686414e-07	2.1230536479241124e-09	3.816303225559693e-06
YNL322C	-16.333059653705988	1.3159778104077406	1.9098048759695018e-07	2.0022984665311734e-07	9.296899410554212e-09	7.298552165335747e-07
YGL080W	-16.152035635977157	7.505014712133763	0.018129987442992785	0.02490556810931618	6.796833246230905e-13	0.06216898926149825
YJL023C	-17.171814619571506	0.556512386972351	4.0666606206226135e-08	4.0718127614584526e-08	1.3957375594721565e-08	8.708583562893485e-08
YPR060C	-15.54600068504149	0.7942455279525628	2.457531974951694e-07	2.405640039074392e-07	4.779622442020029e-08	6.461689494945521e-07
YPR145W	-14.264062014707816	0.686283903817626	8.040564539189467e-07	8.44738930410953e-07	2.1038932537086287e-07	2.0929233106308582e-06
YGL048C	-13.381373777644695	3.4136042553584445	0.00035132089235763024	1.5453376407577866e-05	5.381331017553191e-09	5.9642270541113345e-05
YBR162W-A	-15.928006508497473	5.331304949469141	0.002399619572902177	1.20701415007178e-06	1.0340222372257791e-11	6.226364226586497e-06
YGR021W	-16.64324214454355	1.475704320552549	1.7941372016171755e-07	1.618782716585833e-07	5.1711599262721985e-09	6.287586481813896e-07
YHR166C	-17.006984655637282	0.774893828562862	5.5800372397847646e-08	5.5751807471145795e-08	1.1505765843541092e-08	1.4780793381769492e-07
YIL129C	-17.01475481849846	0.13567431235991206	4.131790504428146e-08	4.1177598559603544e-08	3.26332451592978e-08	5.0993103310141565e-08
YDR411C	-15.532708500171067	2.932133528651608	9.806493981654468e-06	7.607924681854581e-07	1.1690214771812647e-09	3.755188107289414e-06
YNL103W	-17.32402714718117	1.0465827597867634	5.294478492605293e-08	5.1005697691060836e-08	5.335047574859468e-09	1.6441739878556016e-07
YIL096C	-16.621851959186444	0.6543242351141124	7.543409944877293e-08	7.462634246863096e-08	2.0552440115795868e-08	1.7654322429241469e-07
YHR155W	-18.41124754014234	0.22388905342849158	1.0388009711829829e-08	1.0350469100325602e-08	6.982244924436056e-09	1.4584357758157014e-08
YGR129W	-16.482654082029313	1.0485317589955574	1.2068253632070934e-07	1.212943477674768e-07	1.2397465346397096e-08	3.929954254992291e-07
YPR010C-A	-14.821501543884734	9.666279047549041	0.06406563310453582	0.07584884958641788	6.794825292983492e-14	0.8472710178014605
YPL041C	-16.786053506563604	0.5953830829967108	6.23469763849291e-08	6.117992473020792e-08	1.9237770682380555e-08	1.3640706211264056e-07
YMR012W	-13.646335303194773	0.09755933660849674	1.1903010011493105e-06	1.186203254552365e-06	1.005899950509135e-06	1.3861544115953082e-06
YLR150W	-15.40034390400322	11.62593937035256	0.09306661345015266	1.3001246282757887e-06	9.551689329779746e-17	6.8977510614186084e-06
YPL081W	-13.442645086129415	26.792157566992703	0.30532838653363115	0.4093390672216307	9.078509707168751e-24	0.9999999999999987
YGL006W-A	-16.746450176834315	0.5931293780022926	6.359805080317585e-08	6.361531651192428e-08	2.0108424797213536e-08	1.4152725129530346e-07
YPR124W	-17.306389886413655	0.5147034726286569	3.4707739145978745e-08	3.478720181710856e-08	1.3068529330738728e-08	7.100293472104437e-08
YOR267C	-14.967640480107347	5.74696712542738	0.006078200525492443	3.6103621189119034e-07	7.1588883191235585e-12	1.987905340039688e-06
YGL162W	-16.493681593922886	2.4192081474101177	1.2086112573614527e-06	2.304308524064829e-06	1.339980486172251e-09	6.440759427662287e-06
YLR114C	-18.17405803109503	0.3868096264254999	1.3791714826334658e-08	1.3788447114297302e-08	6.768643783325061e-09	2.4149362191522434e-08
YML006C	-18.13925282299968	0.48825887408234697	1.4949009876694582e-08	1.4919248196564857e-08	5.9302312136488284e-09	2.9536267431272992e-08
YOR078W	-16.21325530550601	1.736055832473086	4.3163084403848515e-07	2.807246325818474e-07	5.0437343261439234e-09	1.177672187239468e-06
YOR014W	-16.853605023345864	0.9189240693926662	7.270238225530897e-08	7.263343650610042e-08	1.053941968101285e-08	2.1538680699333333e-07
YIL155C	-15.665331340970424	3.077074071047103	1.2438677388877553e-05	6.949758072484134e-06	1.1836350762062228e-09	3.206813681867558e-05
YDR468C	-15.261691004162257	1.6358044843000312	8.294388589697237e-07	7.15120257977143e-07	1.568040235186739e-08	2.9362515528549135e-06
YLR108C	-17.035156610502582	0.8253283368804438	5.721642840045596e-08	5.5482933063460764e-08	1.0228631261825979e-08	1.5271544292324436e-07
YNL216W	-17.91401444377769	0.46279146470875576	1.8447311507996406e-08	1.8456941184264708e-08	7.746454976424366e-09	3.5456452921402296e-08
YHL035C	-18.323820174141275	0.3830454265412908	1.1871321475913798e-08	1.1843057604579388e-08	5.859847983122281e-09	2.0649744932952728e-08
YML068W	-16.987532013118454	1.3603200616219078	1.1062615521132942e-07	9.748287230138254e-08	4.424564985958259e-09	3.6481955152425756e-07
YMR274C	-16.812532177785016	1.5578674845668448	1.700439868405328e-07	1.5954521091457984e-07	3.8309441168754185e-09	6.285752093848349e-07
YPR182W	-15.580356481187847	0.9384501520335411	2.658652905936444e-07	2.6725014471453477e-07	3.662363539348964e-08	8.052322487239462e-07
YGR220C	-15.216209661835093	4.834905249695189	0.0016731094802552502	0.0032058593341306417	1.571630612790099e-10	0.0029245462688808153
YJR036C	-18.12581355835644	0.39632221849844007	1.4527184008580158e-08	1.4520503446238247e-08	6.992807452660533e-09	2.5741896369866664e-08
YHR135C	-15.126427108954159	20.361571551326115	0.2264613419448726	0.45206813584454303	2.2198426869156178e-16	0.9999999999797595
YJL104W	-16.19528992709202	1.564163915819664	3.1009164384232416e-07	3.058724884866641e-07	7.046132481417352e-09	1.1950596119586655e-06
YHR066W	-15.746694363923963	1.2996068957849112	3.331791258102916e-07	3.2913541286102755e-07	1.7059115154890457e-08	1.209232131122851e-06
YCR073W-A	-16.4786919145201	3.1894205873166275	1.0046872652823844e-05	2.4236096864458715e-06	3.671775691397771e-10	9.949195164320544e-06
YPL137C	-17.09108223250294	0.14604464170048537	3.813745206420618e-08	3.8195208802056814e-08	2.9716772868144463e-08	4.8047404249473474e-08
YBR296C	-16.238645192636596	5.010779218821511	0.0008598210666857709	1.3833045070570234e-06	1.6395843742039546e-11	8.028523392333676e-06
YIL008W	-15.964711187939228	3.348305243051762	1.866277816841862e-05	2.459968963143786e-06	4.3155012509931075e-10	9.689032951034567e-06
YOR261C	-13.741182658073013	4.9297480408066985	0.004219519625882973	0.008689675936885015	9.774547036896507e-10	0.015178644314702743
YFR031C	-16.774049099659535	0.24254356434608762	5.362515946716979e-08	5.3424186440660065e-08	3.480820176010352e-08	7.727851664535856e-08
YBR241C	-16.192929585777875	6.0583998338319915	0.004556906005232698	0.01550507066277523	2.544759827053779e-11	0.03396605175028779
YGR002C	-17.06077449650293	0.6060947731550551	4.712107823547175e-08	4.682978857701503e-08	1.4374947618477342e-08	1.0558281467245616e-07
YNL192W	-17.31780777668719	0.3775710623980454	3.245970800699186e-08	3.231689054797805e-08	1.6179789108022958e-08	5.5999381641432014e-08
YJL065C	-16.726324791984354	0.9118701528565905	8.182075198021359e-08	8.247127889609389e-08	1.2145357597074277e-08	2.435873706909328e-07
YKR005C	-17.147404154261295	0.5731645519941131	4.2135217411752714e-08	4.187352082227707e-08	1.3864861781945499e-08	9.104552810987825e-08
YDL193W	-15.051226679011235	1.6315575154976623	1.073582398645588e-06	1.1531911086544375e-06	2.0215713994648325e-08	4.723563371207911e-06
YEL059W	-16.855165908484906	0.4180316317852944	5.191304478406735e-08	5.222866981821972e-08	2.4057642263862864e-08	9.517782899469928e-08
YDR021W	-15.774428721103304	2.067346949761271	1.1700199841718055e-06	1.1760814194761078e-06	4.79691638851389e-09	4.95589283233638e-06
YBR239C	-17.28640856427299	0.6924166676633071	3.930889041945776e-08	3.94909864903956e-08	9.941803573243461e-09	9.70037883853426e-08
YOR386W	-17.524090070270887	0.6964356643082589	3.097076796526058e-08	3.080400461449991e-08	7.743682627079019e-09	7.562921787361075e-08
YDR034W-B	-16.0746927239459	2.2453463294562477	1.2646780655867396e-06	1.4039705602853918e-06	2.6081757474549103e-09	4.477213169630433e-06
YHR077C	-16.739079679225327	0.7212131722761841	6.930217025602789e-08	6.96513824135633e-08	1.6389846415406574e-08	1.7580966978369288e-07
YNR010W	-16.301519217748847	0.9574665541910193	1.3316702320382855e-07	1.297004055473505e-07	1.715263514833527e-08	3.9479218645947677e-07
YDR229W	-16.322651465693326	0.7266476612917311	1.054899977569528e-07	1.06668474931402e-07	2.4691708396855982e-08	2.7089667287674524e-07
YGR164W	-16.866535593894497	0.5011402504000699	5.3784651099375586e-08	5.346435727025686e-08	2.0696541084297635e-08	1.0736955058659624e-07
YDR317W	-17.266988214477152	0.7762914161974168	4.271623848883953e-08	4.281195745463261e-08	8.829192886553176e-09	1.135231904282436e-07
YPL097W	-17.12641474519549	0.9527957264785261	5.934451954675257e-08	5.7255421244107044e-08	7.59895939419289e-09	1.7409344289675668e-07
YNL128W	-17.067655758823804	1.7021588450174179	1.595763248654788e-07	1.2898310139510035e-07	2.3021176028653375e-09	5.330195956810408e-07
YJL170C	-16.868045715870522	0.8495726782002512	6.886614215432545e-08	6.7791432629742e-08	1.1677958972263063e-08	1.9108852890447897e-07
YKR084C	-17.28564975913578	0.47263131714943063	3.47870459986857e-08	3.477114204446702e-08	1.428768591080187e-08	6.764824832270988e-08
YFR050C	-14.791623499340131	3.668986895260987	0.0001192178259925109	2.032341674827424e-06	6.643135132616038e-10	1.0270037950155642e-05
YDL073W	-18.228589032653673	0.23189165771300185	1.2481830673704924e-08	1.2447665241557398e-08	8.274870338336224e-09	1.7738887557253676e-08
YDL124W	-15.594756205879802	1.0108865149177613	2.802782858228549e-07	2.8819583831798166e-07	3.215249049322233e-08	9.149596868138622e-07
YGR014W	-17.726950345481583	0.4483462158205582	2.2261271576868583e-08	2.2094004379791962e-08	9.564749841960169e-09	4.171911237488889e-08
YOL003C	-17.060386193051073	1.2891741596541586	9.22832463425994e-08	8.548896300419787e-08	4.636604813224104e-09	3.11128021233851e-07
YHR011W	-16.699814983317268	1.3132075555531024	1.3099982518429374e-07	1.2769955507781656e-07	6.404283191569056e-09	4.687214715279343e-07
YJL180C	-16.8574692674094	1.1010660883986765	8.605691593826747e-08	8.737866351695963e-08	7.789837940663124e-09	2.910476904030721e-07
YGL105W	-13.924780586975613	9.526625985178901	0.07366903000724562	1.5351901167024098e-06	1.6092742612275473e-14	8.300901010812645e-06
YMR269W	-16.550468614347466	0.48101891228144406	7.30076149053571e-08	7.280415352288836e-08	2.9393349849150357e-08	1.4295311337634082e-07
YDL139C	-16.662696093969117	0.9502995396862458	9.243567262157404e-08	9.084647595055426e-08	1.213192121402989e-08	2.756733298158339e-07
YOR243C	-14.454368637388326	1.893015633843675	3.0953823756073694e-06	2.2765615278938407e-06	2.439388117458933e-08	1.0399870984796764e-05
YDL236W	-15.281558336683501	5.8050535787021795	0.005713067382049784	0.01199196055094094	4.403528713086703e-11	0.019258007690804352
YOL091W	-17.673018564201612	0.47479181762762945	2.396820190016633e-08	2.361677412245976e-08	9.664620408153624e-09	4.6050721214500116e-08
YGR143W	-17.87248595918318	1.1379212161221215	3.291157275098048e-08	3.2851554674881096e-08	2.6567910405334897e-09	1.1164635624813857e-07
YIR018C-A	-16.77295203148313	0.588949677379058	6.088920725103675e-08	6.166621907488302e-08	1.96804872282055e-08	1.364949663347825e-07
YLR288C	-17.181668423604407	0.9526486495955175	5.390558813930499e-08	5.4419482033728005e-08	7.203191559534432e-09	1.6570263790874877e-07
YDL110C	-16.1450454211961	0.7954018197990504	1.316356978815306e-07	1.3392340772596756e-07	2.6306409993159702e-08	3.6110665178269784e-07
YDR014W	-17.861391815408552	0.8092922202488722	2.3984858678064198e-08	2.4090144544867124e-08	4.60907438766596e-09	6.55472298451603e-08
YJL128C	-16.2702314702412	0.6356652755424342	1.0483061031146264e-07	1.0552698350124593e-07	3.0217000388016494e-08	2.4536566200658575e-07
YLR134W	-14.366344599381774	23.228917416047285	0.26491235496357085	0.5157044702511173	1.063447527965295e-16	0.9999999999999545
YJL084C	-17.542253232903732	0.8848698762409503	3.5131589240445626e-08	3.56342846003614e-08	5.614952159523184e-09	1.031920722944748e-07
YMR263W	-16.449168715779507	1.1669351813860165	1.4127423695770697e-07	1.4356037727549317e-07	1.0552865670721539e-08	4.951532284852682e-07
YKR007W	-16.61832884616959	1.2253803734797453	1.2708843151041976e-07	1.2837843297656254e-07	8.078690347398958e-09	4.542660051342122e-07
YIL056W	-17.58661736643333	0.35330050879116737	2.4595124572598183e-08	2.4511465298976425e-08	1.2877500793755107e-08	4.1174339015376124e-08
YOR320C	-17.186371359909373	1.9140177803530891	2.2000747981706194e-07	2.0473276217710593e-07	1.4746242053666208e-09	8.104874847737065e-07
YOR042W	-16.389375002320577	2.12722053547371	7.283248220765221e-07	3.059017311034464e-07	2.1597977948476777e-09	1.3999869022705161e-06
YDR070C	-16.05068174193073	3.0757797685625183	8.571647219153119e-06	1.8957013387809397e-06	6.33897010939599e-10	7.591641916902856e-06
YKL193C	-14.923398876978537	0.8867218702453088	4.794196771201729e-07	5.039508224073095e-07	7.745942640581693e-08	1.4734808417088721e-06
YDR163W	-16.66702895389679	0.8966844759873827	8.647036033360646e-08	8.658364745515054e-08	1.3213284728517793e-08	2.5318499692716445e-07
YBR244W	-15.981167160491877	1.872071618189029	7.118717214923897e-07	4.1188822097995255e-07	5.0716405274317495e-09	1.7830478517547978e-06
YLR300W	-14.951833293009967	12.021145639189326	0.10905724271203426	0.21807474443777966	1.4934209297504874e-13	0.9998145857811221
YGR103W	-14.251262131213663	10.354701511391129	0.0842944308208024	0.1977730088570809	2.5099603560837573e-11	0.9985855896190089
YDL134C	-14.990030799593297	32.17194370406575	0.3267972277884919	0.5281043827224431	8.257433085346672e-25	1.0
YIR012W	-14.917884183473872	2.306114504498489	4.754264201751402e-06	2.029305297852914e-06	7.3408482428621954e-09	9.57681882125719e-06
YOL016C	-15.193152858942268	0.7884605815458952	3.402299290542181e-07	3.481304626401561e-07	6.919359043816653e-08	9.354053831154524e-07
YHL019C	-18.011775864645443	0.2949803241488315	1.5741112428767242e-08	1.572117669281577e-08	9.265129182077359e-09	2.445224687006321e-08
YBR011C	-14.388628795576734	8.39328230536944	0.04728289387591539	0.07972991136199714	3.678825668074614e-12	0.8114520593693045
YKL079W	-17.21514474364156	0.6985742754144689	4.2745780113664814e-08	4.261222652590226e-08	1.0580272704121032e-08	1.0522838030071506e-07
YLR325C	-13.796181908031214	37.1294244618139	0.343324690467212	0.40146591022368716	2.7407670070311834e-32	1.0
YPR022C	-17.96198712990079	0.4352326449735633	1.7379845806788487e-08	1.739223842848061e-08	7.731759455735064e-09	3.23471035285607e-08
YMR261C	-13.468080206840751	0.22591151635444967	1.4574796311603329e-06	1.450675990858555e-06	9.753976576169257e-07	2.049505915055989e-06
YCR030C	-14.771136114192613	4.129573627483256	0.0005982612149948899	8.13099091920993e-07	2.3024064202691627e-10	4.289981169131591e-06
YCR033W	-18.110123331506458	0.6423449956663477	1.6513378430656152e-08	1.6683140785749465e-08	4.7276309653022714e-09	3.896182012114271e-08
YEL008W	-16.81187138650492	0.7603322212409565	6.608759793256461e-08	6.633609920042158e-08	1.4271172882301286e-08	1.7305288030626914e-07
YLR195C	-15.361716473177493	15.724419669919174	0.1693839700387196	0.31896214288593977	1.392402658697573e-15	0.9999997456236985
YFR027W	-16.720165436978988	1.4890445885375783	1.5957310485678955e-07	1.6802825266691482e-07	4.728816280982818e-09	6.419040180391341e-07
YHL043W	-16.047057546697744	0.6438209696595321	1.292038964551732e-07	1.2872200746793547e-07	3.6773703739046964e-08	2.992482454453251e-07
YJR138W	-17.490877831668698	0.33399420772051214	2.6803375116336795e-08	2.6787990089182727e-08	1.4628612584344077e-08	4.38713782315452e-08
YPL010W	-14.353752363161403	8.447200797356071	0.049310389410107756	0.06921764268889684	1.5892674452049349e-12	0.7232948998630032
YKR041W	-16.82573981247768	0.9275523755599989	7.565855066085223e-08	7.310806365106436e-08	1.0589483962712711e-08	2.1675974350397397e-07
YBR160W	-14.50261300919483	3.3686805223227383	7.382099047370603e-05	0.00024033326501163903	2.8766399162093457e-09	0.00038927895558813066
YGL026C	-13.683694037442548	26.924230078036285	0.3102924788786839	0.6087760995505198	3.2871386074749897e-14	1.0
YGR234W	-14.318989201602745	1.5955198671813495	2.3087736079139133e-06	1.1337136080322805e-06	3.995652248248313e-08	4.416607147714968e-06
YER144C	-18.007607157000876	0.40712932827383075	1.6343377569877133e-08	1.639777535179836e-08	7.726395375467161e-09	2.947131816308275e-08
YLR054C	-17.97884191627307	0.5016175573450853	1.762182024967229e-08	1.7624322391702842e-08	6.810586044199276e-09	3.5444270614388674e-08
YNL076W	-17.79515340024298	0.369485930549216	2.0058658588473557e-08	2.0007537265731948e-08	1.017292675888781e-08	3.4305730269745923e-08
YGL066W	-17.617592085175403	0.659114181379221	2.750922238115923e-08	2.7704903944468452e-08	7.541338065893308e-09	6.587662912141663e-08
YEL070W	-15.833374599657672	19.171019924772924	0.20540200878731718	0.40513914186967986	7.096410513473223e-17	0.9999999995932716
YGR286C	-15.833508009171764	6.5603969574675585	0.01197554704204655	0.022717664966214496	1.2013927479247757e-11	0.06673758773340768
YMR084W	-16.42905883795973	0.8566307285307823	1.0522825753657572e-07	1.0345131546201758e-07	1.775834184790917e-08	2.9135666558040594e-07
YLR227C	-17.159851054450684	0.6846090918456007	4.4649223207166504e-08	4.4506588534570815e-08	1.1429087455307388e-08	1.0844963501428273e-07
YLR049C	-17.28077737279162	0.5399482423699784	3.597637113431925e-08	3.6199172019139934e-08	1.2862199812219409e-08	7.606194547233967e-08
YLR353W	-17.9053993574569	0.5045595825092234	1.91256509150454e-08	1.8986075870026268e-08	7.29417800617413e-09	3.829911973693562e-08
YER019C-A	-15.863537506775883	3.218258433335966	2.2126405075413663e-05	8.212612087764195e-07	5.326545358592381e-10	4.192030833407436e-06
YPR095C	-17.941088258282235	0.6653842736787403	2.028128303613909e-08	2.01085625855604e-08	5.400974202968085e-09	4.806009235954526e-08
YJR075W	-14.190678398715319	4.564733997361005	0.0017914491213297417	1.607339185229852e-05	3.184668361570628e-10	5.581082529505363e-05
YKR095W-A	-16.38159614151735	1.9327727311426677	4.844706129726954e-07	5.373186997739359e-07	3.2072693823785177e-09	1.9461083659555972e-06
YLL043W	-17.56360033111669	0.6562836703485863	2.9077664273302065e-08	2.9234091815704085e-08	8.00528669662548e-09	6.935434332106241e-08
YDR379C-A	-16.701994515032112	0.9293240947399622	8.70669132189213e-08	8.600914251495384e-08	1.2092267131704472e-08	2.5761424023065e-07
YER101C	-17.161674724885216	1.182892874675738	7.112201807681319e-08	7.194304090214821e-08	5.041315918559984e-09	2.4979919356802115e-07
YKL044W	-16.808552878814936	1.1797793005570043	1.0068509613940375e-07	1.0103773684998804e-07	7.1995454196524935e-09	3.504378392941251e-07
YDL229W	-13.848316254175371	36.91448477015025	0.3527873845053658	0.661689255915624	2.600856832721067e-20	1.0
YKR083C	-16.660778537356947	0.7727208537240398	7.792857761418258e-08	7.772352773598187e-08	1.6243283207711867e-08	2.0488670577699173e-07
YHL034C	-14.284401432968663	7.812470708989531	0.037651789366762646	1.871154518578629e-05	5.742339793009107e-13	4.499159279332638e-05
YKL150W	-14.413834542742917	2.4715924533251377	1.2220198207797895e-05	4.580626137076756e-06	9.428617217512396e-09	2.0258291275511355e-05
YNL102W	-17.47776334072951	0.03887271413857331	2.568989139850538e-08	2.5693340081956638e-08	2.4082755258586515e-08	2.7368275138702547e-08
YPL249C	-18.075031493725675	0.24951449453286362	1.4570709660978129e-08	1.4569725340474827e-08	9.36887088584911e-09	2.128235404050398e-08
YMR246W	-12.203058439431699	4.640246132822189	0.00737968169680516	5.530220496629486e-07	3.8509448661124943e-10	2.628629557350863e-06
YDR120C	-16.128084258912352	2.840050915893112	4.906338895475576e-06	7.898245906046153e-07	8.49635767607909e-10	3.983377262258706e-06
YBR278W	-16.55967403039611	0.9938246493873355	1.0414216007114566e-07	1.0487982516242475e-07	1.2518346041407743e-08	3.2767970722810097e-07
YBL102W	-16.163017283187585	4.292597237104067	0.0003359170899389461	1.3090432860398747e-06	6.14572859808806e-11	6.7609867017924985e-06
YGL158W	-16.255869252237247	0.9672299652508526	1.389835005794506e-07	1.2949529424930545e-07	1.7368695845337856e-08	3.9159766620589173e-07
YFL017W-A	-16.38710117214285	2.9452563021721554	5.7940259353764296e-06	7.040034170343956e-06	6.127330860254805e-10	1.2233405793724155e-05
YDR446W	-16.65926837294792	0.9010817418260638	8.727415759903258e-08	8.712621031650227e-08	1.3201204852349261e-08	2.551672104736597e-07
YPR106W	-17.45672643170947	0.3474631990318881	2.776201353362481e-08	2.7840082619227926e-08	1.4796915804883851e-08	4.6385735696982153e-08
YOR197W	-14.800084873052766	6.522251074439374	0.013260441269637702	4.836226107298593e-07	1.9999409631492223e-12	2.713896958134118e-06
YML052W	-16.181834191848978	5.884838159342801	0.004425354541897051	0.009073360730176968	1.3557255251760963e-11	0.010531320956897244
YML113W	-16.791011542744656	0.4410560911876748	5.631869098794336e-08	5.6221127379203285e-08	2.46808317106456e-08	1.0532702559135981e-07
YGR235C	-15.10032551634613	1.6882694166084347	1.0176652055863519e-06	1.4605341435452532e-06	1.7734529625464942e-08	5.686865492062226e-06
YOL078W	-18.109392706691125	0.24061100238881197	1.4025991891415159e-08	1.4052553002775246e-08	9.189638181321948e-09	2.0280699421326008e-08
YDR288W	-16.71910368152858	1.072121229464182	9.577999929451787e-08	9.718937235300799e-08	9.382490337212967e-09	3.1872608429748716e-07
YDR386W	-17.14063643372465	0.5805874747217956	4.299131947921847e-08	4.2620424236442375e-08	1.38402858846394e-08	9.35601107572557e-08
YLR188W	-17.048131352982438	1.6255125661369376	1.4695779530013412e-07	1.4298386610626682e-07	2.71454117071081e-09	5.645556593826706e-07
YDL064W	-15.016459646657678	7.301119409232595	0.02214086902847164	0.03242620471641815	3.6041678037503342e-12	0.13727834833022
YLR240W	-17.234785664645827	0.025728218507536992	3.275930881325007e-08	3.274703288906607e-08	3.137960422583245e-08	3.414994497992403e-08
YBR053C	-16.73094936695341	1.927586213287784	3.47177398070307e-07	2.4262188628080105e-07	2.2253505602186375e-09	1.046685678006655e-06
YIL116W	-15.301031314790434	0.5653332651638161	2.648114982357127e-07	2.6565136850260954e-07	8.932498919748878e-08	5.737461770541253e-07
YFL036W	-16.34696754249417	0.009764920024942282	7.953984627730198e-08	7.954676829240126e-08	7.827554810010382e-08	8.082978589727974e-08
YDR151C	-16.966964798288956	0.7452036545544174	5.6810558267818434e-08	5.630397222691343e-08	1.2529458874438638e-08	1.4509151301187817e-07
YMR309C	-14.018736081089811	1.129923645825512	1.5932569983217716e-06	1.5607616240028643e-06	1.3000098774223523e-07	5.369668684985884e-06
YDL174C	-12.385228325737627	6.83219338577552	0.03983290598507663	2.464106664426533e-06	1.0436628928271669e-11	1.331811046201407e-05
YJL037W	-16.851520007455093	0.876342674141094	6.964215482860655e-08	6.998628216152969e-08	1.1329258820417995e-08	2.010356377515013e-07
YML026C	-14.107780864907182	32.44798061191951	0.3280155191781833	0.41573896409258676	2.4180773452677333e-28	1.0
YDR378C	-15.490619358615005	2.947989151616255	2.0081646954140084e-05	1.7787468812700677e-05	1.5307598954267895e-09	3.2639879475656496e-05
YDR428C	-16.807459566793824	1.2583310712303108	1.128714503526206e-07	1.0438192955336814e-07	6.270328035849471e-09	3.7439444248347447e-07
YOR213C	-16.33424315515113	0.9982432467717326	1.3184011005439182e-07	1.2890377600473254e-07	1.547090590842857e-08	4.0180034189985644e-07
YDR029W	-16.779846050449834	0.7007283640601655	6.567700181786946e-08	6.599565270707917e-08	1.6293177952276506e-08	1.6338230820560754e-07
YMR139W	-16.356271920748625	1.34193782273835	1.9730444524592032e-07	2.049724866329832e-07	8.723284050972573e-09	7.512016882511957e-07
YBR112C	-16.8366617112122	0.37222656651629454	5.2584989363238245e-08	5.216067710273375e-08	2.6377668092786467e-08	8.970450890580276e-08
YMR189W	-14.985510340390446	0.044473696197653144	3.106857794213669e-07	3.1068426870105036e-07	2.88471864216569e-07	3.339237968837393e-07
YIL117C	-16.86611427823007	0.6295183636277364	5.754965945481685e-08	5.745655528926975e-08	1.6770166826286388e-08	1.3250797119117927e-07
YDR194C	-14.705901117072427	1.6868835411074754	1.6168364745644787e-06	2.3228633558142722e-06	2.7756766968185605e-08	1.0444129247750872e-05
YDR062W	-13.313273987755748	9.812784595329799	0.09166311688802685	1.6105606279954374e-06	1.5552452275904652e-14	9.29475336321442e-06
YDR213W	-17.756781028373354	0.38380323121102017	2.096646900503244e-08	2.09135836322253e-08	1.0330927945762386e-08	3.651880966067289e-08
YCR100C	-16.776486674928293	1.3334005751106057	1.2633082028175673e-07	1.021974693773183e-07	5.556546452948832e-09	3.7415730500984753e-07
YGR145W	-16.379425316635007	0.8435074719534145	1.0998173579326327e-07	1.091557994079569e-07	1.9174881425430285e-08	3.0549451679767823e-07
YLL057C	-16.61095176004963	1.0683198086256487	1.0755520689462776e-07	1.0434914132791084e-07	1.0448082797188575e-08	3.39894171762231e-07
YOR168W	-12.211051913263146	0.19003052621776964	5.063494984675847e-06	5.1046480884740794e-06	3.665098949497059e-06	6.852730884272114e-06
YHR096C	-14.03909507228782	2.571252537650145	1.802537346755389e-05	1.049405968347729e-05	1.4300183789664866e-08	4.54551466690229e-05
YDL223C	-17.280707038714155	0.8083625043917096	4.3857047587937935e-08	4.24929339116762e-08	8.207678461697628e-09	1.1502190709261347e-07
YKL005C	-18.109241095161252	0.3285641840844373	1.4368040840716718e-08	1.4407426048520517e-08	7.948812615276458e-09	2.3429018964035812e-08
YBR221C	-13.524668682986158	12.80316582632323	0.1456284519595174	0.2515614551355683	9.015169945688864e-14	0.9999767832418878
YLR151C	-16.913160387449153	1.118424185243261	8.267564675798983e-08	8.533846568324707e-08	7.185944916548657e-09	2.8732419709638217e-07
YFL001W	-16.72152510322556	2.714524527945595	2.070221622585087e-06	3.9514607426109106e-07	5.792126841616809e-10	1.9604431617971563e-06
YLR281C	-16.81180426352583	0.61316370544192	6.01388334682542e-08	6.029974361836887e-08	1.8225633354117333e-08	1.3688111870760158e-07
YNL275W	-17.91942167128653	0.3039348740133577	1.7352955369310788e-08	1.7289334198185074e-08	1.0012978271176455e-08	2.7216032108781127e-08
YPL023C	-16.72250181587222	1.639080153929655	2.0107703586938733e-07	1.9614987081573505e-07	3.6763211579519076e-09	7.869314946283903e-07
YNR023W	-17.283899532814033	0.5804040607134804	3.6925648421583044e-08	3.687117065126116e-08	1.1985450781353375e-08	8.089738966352245e-08
YGL198W	-16.40667846006616	1.4390462632728944	2.023178397930691e-07	2.118619189462623e-07	7.024523319367731e-09	8.030138762289479e-07
YGR041W	-17.62221508591827	0.732387276074092	2.9159209888658132e-08	2.9015537894129916e-08	6.6533982604082975e-09	7.395507913723669e-08
YPR159W	-14.68714955380092	2.9071214067389155	2.50810067735708e-05	4.657977009134267e-06	3.740169048599447e-09	2.29562222714557e-05
YLR050C	-15.891199329948703	9.667874543319156	0.055987235601701574	1.6784034854117056e-06	2.8806637608868235e-15	7.685707642906275e-06
YDR454C	-15.474586060322308	13.907512547809207	0.1391892478249371	0.19017292741838968	1.530401946601673e-16	0.9999341590589006
YGR010W	-15.899028122768142	1.5918468880181271	4.308653055414578e-07	5.517239662263491e-07	9.26351687132757e-09	2.0564029269115385e-06
YJL155C	-17.271609349271586	0.4312795445813653	3.4450396385036264e-08	3.463778784205919e-08	1.552135679468865e-08	6.414178107382797e-08
YLR367W	-14.250424296937835	23.729272148146197	0.27492221541308776	0.3398442550891705	8.527649307949739e-23	0.999999999998423
YDR534C	-16.017492708321498	1.534823773176568	3.6498153463621617e-07	2.3198349382823888e-07	8.287360203818458e-09	9.051286549170748e-07
YPR192W	-15.916783531306264	13.58872843713587	0.12292007555664203	0.21023343086424115	7.282193283347687e-16	0.9999437016959226
YHR199C-A	-16.676794994528592	0.709718584485704	7.454389616568771e-08	7.341780354325537e-08	1.7776427597812657e-08	1.831903073335567e-07
YDR324C	-15.940029880927979	0.03363347921864913	1.195790274194659e-07	1.19557470751337e-07	1.1305293324308807e-07	1.2628078626036407e-07
YCR003W	-15.689835532489452	2.369951966815455	2.7121960061271098e-06	8.876643950844907e-07	2.9389692427078487e-09	4.126334004318023e-06
YMR194C-A	-16.855165908484906	0.6516055098667781	5.89558390863484e-08	5.9033301152651355e-08	1.6365726648933406e-08	1.3932923078617488e-07
YGL015C	-16.799956973198988	0.5474140938657152	5.871702549970059e-08	5.876516008763835e-08	2.0549407202505376e-08	1.244352485419455e-07
YLL042C	-16.7500093479255	0.6751186911438236	6.618815118594115e-08	6.589359432980722e-08	1.7395793188097747e-08	1.5844975556725739e-07
YPL051W	-16.72337462729118	2.3402974372093315	8.719799069943045e-07	1.174802684538856e-06	1.1840127027196848e-09	3.3084792531590607e-06
YOL166W-A	-16.515139517396875	1.2392454043601375	1.434922965548799e-07	1.4490984920614058e-07	8.754883143382598e-09	5.152527236912724e-07
YLR306W	-16.69266692452291	1.3737947002143922	1.3978843757573148e-07	1.2991713564511736e-07	5.78557273919966e-09	4.87514742056225e-07
YDR161W	-16.72425161315985	0.49564486302504485	6.136701071933634e-08	6.170623689620562e-08	2.4135794730713406e-08	1.2326448150837473e-07
YMR147W	-17.114650447730313	1.6037180214249223	1.3357579803484435e-07	1.401521583561579e-07	2.646194008581538e-09	5.324391026351165e-07
YDL176W	-17.882360697469977	0.7070941571355368	2.2122926498135433e-08	2.2030398251910706e-08	5.353552450486608e-09	5.4881775347859344e-08
YDR178W	-15.80675318156973	3.648825515443212	0.00011222486941793584	3.763119940251487e-06	3.057664354288337e-10	1.4838459247455478e-05
YDR527W	-16.7029061482979	0.6647885155932132	6.908066892682296e-08	6.953198332433554e-08	1.86679129344195e-08	1.6631989764290157e-07
YKR060W	-15.048161303429152	1.8980192384412502	1.667882052166566e-06	1.1539964892922085e-06	1.2498342677901043e-08	4.988149599040659e-06
YMR056C	-16.041803589491977	2.321916621756349	1.5495553555895977e-06	2.8925281169247344e-06	2.503584263562262e-09	9.149016572259066e-06
YLR018C	-15.784253921353594	1.113365895193561	2.5331282411851697e-07	2.325760053993996e-07	2.177671045197092e-08	7.681365384698217e-07
YHR022C	-16.868550392472372	0.9990087963652415	7.890306525765214e-08	7.440211733628687e-08	9.012322813615324e-09	2.312958671520615e-07
YMR037C	-17.801142644858174	0.5783051969167764	2.172304050128314e-08	2.198325051650866e-08	7.176642590160292e-09	4.815091021630573e-08
YGL011C	-13.690985592701692	3.200641554600107	0.00014480078894866535	9.33823891999468e-06	5.099063893832862e-09	3.762315826087839e-05
YDR077W	-16.169154585492635	1.6616857036995358	3.7163422196214564e-07	4.4514700068662297e-07	6.2588225318245495e-09	1.6565540393014677e-06
YDR524C-B	-16.112086895293743	4.431636723100577	0.00031567140804303676	0.0005148588364861288	7.36970247616071e-11	0.0002176991457868198
YLR043C	-14.353951329257326	22.099271424049203	0.25047975929967614	0.31074861286340666	6.200373077119691e-22	0.9999999999586162
YMR295C	-15.258318867556936	5.349331559605956	0.003670093080794665	0.005681068411448086	5.853994656780978e-11	0.005078702407056923
YOR092W	-16.365875945158024	2.6952986363464513	3.3999158508328646e-06	8.341800783906907e-07	9.028867688023927e-10	4.144655850807756e-06
YDR311W	-14.862267829093254	6.731707495625279	0.01542051809478913	3.578369802970314e-05	5.218688991759206e-12	0.00010140404127731678
YJR056C	-16.731614987272025	0.9058991866132649	8.161360844855786e-08	8.167866951985106e-08	1.22005232252168e-08	2.4028425269318153e-07
YIL084C	-16.172801596484334	0.3035956583284525	9.940139642739296e-08	9.916179686266636e-08	5.7458336570066003e-08	1.5600189641572897e-07
YGL151W	-17.50141472397918	0.2947157311315884	2.6202796957966464e-08	2.6185686224292187e-08	1.5441430407358e-08	4.0697895935548765e-08
YKL125W	-17.6304108025586	0.8408148340391595	3.1042783674844836e-08	3.139699909314522e-08	5.5275488911094744e-09	8.787940673067933e-08
YLR073C	-16.74320102613345	0.7149462931799911	6.790800157787508e-08	6.920281153696221e-08	1.6510615293282883e-08	1.7368962373206125e-07
YOR004W	-16.04531224273633	1.8917497078590337	6.21668525757585e-07	4.887847216580268e-07	4.730278474685422e-09	2.0891482019372317e-06
YDR471W	-13.98978159423241	50.90361977900437	0.4008152259803581	3.1610321846154953e-07	9.529511801173874e-50	4.3783945783090496e-07
YHR125W	-16.866535593894497	0.428785701366117	5.16537329073742e-08	5.1869173311988464e-08	2.3368593537570544e-08	9.578129377515931e-08
YPR137W	-16.357345494042605	0.9568207769676511	1.2462047072119492e-07	1.2137504415747718e-07	1.6188948003110742e-08	3.6842414966198825e-07
YKL063C	-16.503724676579424	2.875221132205747	3.622054352074037e-06	5.957057388356492e-07	5.501793373094359e-10	2.944236455611954e-06
YBR083W	-17.190123595319875	0.47286008306361477	3.795904126179215e-08	3.8297505422482763e-08	1.572582361665583e-08	7.451349243821439e-08
YML072C	-13.170165069496944	0.19788486966419172	1.9518545134352097e-06	1.935090039648235e-06	1.3721068555968988e-06	2.623537245149441e-06
YOR003W	-17.1785085829695	0.989616752436941	5.640073048824105e-08	5.5813133267868853e-08	6.778160375114872e-09	1.736090707341957e-07
YDR345C	-14.352233646911555	2.6956080246551837	2.0580742983449205e-05	9.32560591756226e-06	8.278834985207087e-09	4.111003784622041e-05
YJR072C	-13.895056396207293	2.8619744973270187	4.689137831274232e-05	9.372045421286589e-06	8.527200219652639e-09	3.965750414117057e-05
YKR024C	-16.910392091588804	0.04040818857792975	4.53146779265919e-08	4.531738313770976e-08	4.2368436693382414e-08	4.838931732701443e-08
YDR188W	-13.69967865059989	7.4234320288304945	0.03547530826911694	3.710610632714579e-05	3.157825755161619e-12	9.542708656144342e-05
YHL042W	-15.926485094497165	1.735537746572015	5.825429224868269e-07	2.9480454789429357e-07	6.450275825950863e-09	1.2175321886643528e-06
YLR200W	-15.853329018362983	6.192335532969858	0.006147697854528558	0.009244906042862351	6.5461238755894205e-12	0.007507123792296604
YNR077C	-16.574106083739736	0.70664289159648	8.082347516625995e-08	8.138042963138416e-08	1.9821302933095587e-08	2.0266655025228596e-07
YDL107W	-17.13673166769948	0.5397387098958668	4.144168723577612e-08	4.176915928458623e-08	1.4860150086147686e-08	8.766488572835444e-08
YDR139C	-16.218473917099985	3.4662251468460776	3.428729623518526e-05	3.9294835862620255e-05	3.140510334009585e-10	3.777347221985454e-05
YFL023W	-17.927922950323392	0.1681759571403763	1.6542028396127864e-08	1.659519936642857e-08	1.2405763694368362e-08	2.157312068033053e-08
YBR246W	-17.11975533360308	0.8664355297157774	5.290713841823859e-08	5.34681348533795e-08	8.830881234276179e-09	1.527444151637563e-07
YMR038C	-14.925127384814187	2.1833154962376837	3.768885133110417e-06	1.3632205341375203e-06	8.531593820457175e-09	6.246577593723273e-06
YGL141W	-17.29335675793955	0.7232153322291774	4.017112760660544e-08	4.015852787667613e-08	9.395637866436222e-09	1.0156812773173413e-07
YGR034W	-14.330087904448375	32.94275403981115	0.33294176527175373	0.40435548319316295	4.83644857067046e-29	1.0
YDR302W	-16.711301845331747	3.3701616054828873	3.258126832976106e-05	2.7735729231143452e-05	2.381720813553958e-10	3.4951451110978885e-05
YLR260W	-17.113335967072274	0.8564662026252571	5.331817877705238e-08	5.366708389909237e-08	9.047096233707205e-09	1.5226746736654853e-07
YOR307C	-16.894664761138102	9.064891549051508	0.034893945993201045	0.08169160757870424	2.7970690096795374e-13	0.8299196822266613
YAL003W	-14.61630343108227	10.437461390042332	0.08686635529396916	0.1233406069619452	7.93029681625467e-14	0.9881502750221001
YLL045C	-13.887186526649385	58.770885550012906	0.40117650337350164	0.5774318771970048	2.261543004598598e-42	1.0
YJL051W	-18.145678656314686	0.4266762718813109	1.4361073681311895e-08	1.4420322252445576e-08	6.5255148570045746e-09	2.6561278846566253e-08
YGR266W	-17.038358826387395	0.5727468190591207	4.717233232739378e-08	4.677261241200464e-08	1.5501330192790235e-08	1.0165209729334293e-07
YGL155W	-17.34558732641088	0.6549033645444614	3.6524207238979665e-08	3.633178566713668e-08	9.978030411369885e-09	8.605367313171024e-08
YLR403W	-17.61767257112004	0.5334297391647536	2.565221046350127e-08	2.574676777878518e-08	9.282401301544398e-09	5.368137968809851e-08
YDR082W	-17.20327746601177	0.8177737503133099	4.628978938846514e-08	4.6832062901560196e-08	8.777243788411762e-09	1.2834583765214726e-07
YOR066W	-17.556219520826545	0.59776218435304	2.8345816996792712e-08	2.8366048402415906e-08	8.871041622678454e-09	6.339514670756436e-08
YER137C	-16.871506289717928	0.5525301063498046	5.490784478914754e-08	5.464522077709977e-08	1.8919908177081205e-08	1.1620397123408862e-07
YNL306W	-15.665986613320639	2.4312786837354277	3.767972458808662e-06	6.156613686201895e-07	2.543187428356332e-09	2.9189899931530092e-06
YCL026C-A	-15.784961100588388	7.3335286945746745	0.01904123025285854	1.1044768820372368e-06	2.5180974900572034e-13	5.757373882973981e-06
YER089C	-15.661588071693386	13.178182796714374	0.11807045685978351	0.24551386950317275	2.182103970108254e-14	0.9999662587806185
YNL025C	-16.09886926676809	1.7943218144171371	5.1073609223084e-07	4.008646743309498e-07	5.266237058662673e-09	1.7045289066861134e-06
YIR006C	-16.579426393445104	0.513554346537031	7.192024697419838e-08	7.13087131011308e-08	2.6931816726102252e-08	1.4493587868455128e-07
YHR199C	-16.73771192799248	1.124213001225778	1.0035519360307365e-07	9.6920660737794e-08	8.376832861901498e-09	3.257965796763856e-07
YPL258C	-16.051316121586552	1.5892239247155515	3.749575394357246e-07	3.0163688021612295e-07	7.651071178857242e-09	1.2250017546527523e-06
YML013W	-15.830167595829336	1.3993018609196137	3.501949289706757e-07	2.6799421874461243e-07	1.2762538620300599e-08	1.0050289732761248e-06
YOR317W	-12.522717576773358	1.3871885984426031	9.252653464518422e-06	4.149108989911981e-06	3.1981117145263134e-07	1.3229368423727419e-05
YGL210W	-14.87308494801364	2.79767271793688	1.393927322240814e-05	3.032337959257685e-05	4.038367329371511e-09	7.41038050124178e-05
YPL273W	-16.05204580534408	2.5091963076936694	2.1790154875270266e-06	9.964450305919015e-07	1.6746017568804171e-09	4.5429572818727835e-06
YDL227C	-17.645375154585764	0.22466387830802992	2.225337352836083e-08	2.2269050407514392e-08	1.5004146014919195e-08	3.142031802115813e-08
YNL177C	-15.680437269308824	2.1622498551014266	1.6930589314679086e-06	8.538438349248201e-07	4.298752022035124e-09	3.8951759217317185e-06
YMR158C-A	-16.845004435069114	0.4545724814405289	5.358128165723157e-08	5.3560454872799144e-08	2.286891116765239e-08	1.0195811743054933e-07
YLR439W	-14.263621922969106	1.3869122102371712	1.6581658203211152e-06	1.7002420474133887e-06	6.627133643582405e-08	6.567462977039985e-06
YPL240C	-13.963900698895669	14.812479481206491	0.17742998856263356	0.37839015346887633	1.5863886098649445e-11	0.9999998268680608
YAL069W	-16.8488517343292	0.745081060728403	6.387522144839974e-08	6.356998289385075e-08	1.4136812300342032e-08	1.6402942467212215e-07
YEL042W	-14.782406575404094	5.833170847619849	0.008951267597841284	4.351785048525908e-06	1.4371012670565501e-11	2.2051373058509292e-05
YDR510W	-14.657962783670156	21.684831903180985	0.25287059364383924	0.29835019284320685	7.60184907682257e-22	0.9999999998767954
YPL092W	-16.97906710026362	1.144980704482108	8.295571472589706e-08	7.877111785521735e-08	6.381591469873007e-09	2.6800564127475085e-07
YOR275C	-17.788872117461125	0.4199826963071637	2.056584968741613e-08	2.052778597627121e-08	9.420282203031208e-09	3.748370208781268e-08
YPL007C	-17.808081638178194	0.2651362906142206	1.9127262312339734e-08	1.9105847478505568e-08	1.1924798526408983e-08	2.851628803573142e-08
YNL316C	-17.213851900677383	0.4097785469613577	3.622900791273042e-08	3.634858271961432e-08	1.7025071416687206e-08	6.555105604654772e-08
YPL165C	-17.462584310815856	0.2225219510562708	2.665105395839913e-08	2.6720988104207735e-08	1.8077006993858153e-08	3.757602172905522e-08
YBR140C	-18.15054801612203	0.01832189797818327	1.310272644116934e-08	1.3103572159896982e-08	1.2712413238190425e-08	1.3501858748431208e-08
YBR055C	-17.02050378187485	0.38023238903617923	4.346331089341784e-08	4.350084183422215e-08	2.1660015453912557e-08	7.557976559704789e-08
YGR097W	-16.895230946605082	0.5863147174574206	5.457660985655591e-08	5.4583300322192536e-08	1.752394057450597e-08	1.204896029273323e-07
YJL011C	-15.883667808849351	1.4703448444395477	3.6227309294872054e-07	3.650655750380612e-07	1.1229903360046264e-08	1.4031819476506613e-06
YLR438C-A	-15.950975261534749	3.195041244868937	1.6627866300161017e-05	2.3285776776742214e-05	6.424037879955444e-10	3.1742709095662175e-05
YER149C	-17.05793619510294	0.40440198352265405	4.254059669660779e-08	4.232474794509187e-08	2.006161927426173e-08	7.579012746981384e-08
YPL131W	-14.006351199737038	33.34502344658244	0.33550421950594295	0.5054143111676586	1.7514628048860369e-26	1.0
YLR249W	-9.699535382890828	0.27981313023985593	6.399937395484351e-05	6.204184004986443e-05	3.815948042186255e-05	9.368112667121995e-05
YPL128C	-16.890478131412948	0.8793867641671589	6.819985607627801e-08	6.830531679649533e-08	1.0887712376945661e-08	1.9707197015954146e-07
YKR032W	-16.782451457017288	2.249594367118118	5.315513642650169e-07	7.422812942719609e-07	1.2808333685310758e-09	2.2867970362695014e-06
YHL007C	-18.55655750042277	0.026453235486513522	8.73472135206149e-09	8.73255884345893e-09	8.357787132379144e-09	9.117363124443786e-09
YBR126C	-14.280177687012111	0.718115330479343	8.023451895002453e-07	8.488078685966834e-07	1.9618345617285657e-07	2.1660620606889778e-06
YOR304C-A	-16.470439258432435	0.6192367128048932	8.526790305864113e-08	8.501290915833224e-08	2.5361017927550152e-08	1.9411992891995356e-07
YJR044C	-16.286039741470816	9.899501624259406	0.050543098441259864	0.07178680432258096	1.6059299173281773e-14	0.805958432020597
YBR078W	-14.495230404697578	2.743856342901061	1.7364071457104175e-05	1.7967912452221333e-06	4.618562795158759e-09	8.641749587397174e-06
YAL028W	-16.691403918296785	1.5004076371779151	1.8090502576115895e-07	1.6107043340167357e-07	4.742393393566052e-09	6.278850879254723e-07
YJL091C	-16.570815888125054	3.4137271814680417	1.368122199823169e-05	5.222063356865103e-07	1.9229292920735411e-10	2.7712157695247235e-06
YEL017W	-16.855865642800183	1.2670922618049556	1.057533259625793e-07	1.0345737150019896e-07	5.912068396744879e-09	3.7289927763688956e-07
YER053C	-15.992287896014004	3.575864120457341	4.4605247659247626e-05	1.3857749139010847e-06	2.709870186525871e-10	7.141413937264686e-06
YMR277W	-17.13645323960482	0.8505337423891843	5.182880928805505e-08	5.209698685662331e-08	8.926958730945599e-09	1.471355425071127e-07
YNL115C	-17.769975274882	0.5794239477619022	2.2831481741744365e-08	2.267584301746729e-08	7.390229073250318e-09	4.97207491946678e-08
YDR202C	-17.013265880545788	0.7402392852499678	5.367246794504557e-08	5.378482707223639e-08	1.2089443105969962e-08	1.38220697174683e-07
YHR128W	-14.400982655680108	17.836122635081857	0.2053414211756772	0.2962621052690689	2.328518108042728e-18	0.999999980722558
YFR011C	-16.311207434956287	1.021848732151221	1.3729165518173918e-07	1.3885925728768944e-07	1.5325504173635933e-08	4.4200788603619793e-07
YDL067C	-15.478936777298442	23.3722998019897	0.25748642559455587	0.285177498056623	1.0844801377094772e-23	0.9999999999691489
YDR542W	-15.346884720282814	14.93645348565838	0.15337422251023541	0.19223430410577497	1.599935614605583e-17	0.9999791179029377
YJL178C	-15.534417558236965	1.0604382780961754	3.127275487481002e-07	3.1123792098363464e-07	3.122038314646923e-08	1.0136900700974496e-06
YDR079W	-16.47218024997781	0.6709637098869643	8.731450924304616e-08	8.79718871328394e-08	2.327486638699703e-08	2.116209825627816e-07
YGR273C	-16.809303934126348	0.5377781606640453	5.736583107859227e-08	5.792085079258699e-08	2.0683492138419436e-08	1.2133893709359506e-07
YMR199W	-17.473298403413338	0.28591414017219136	2.669983350140065e-08	2.6870592282104126e-08	1.6113361067566954e-08	4.127619749043062e-08
YGL077C	-13.83562390223342	3.90392087589316	0.00082776641647413	2.4668149435417914e-06	1.0098553827952178e-09	1.2457984227820803e-05
YGR050C	-16.87432344271727	0.5091886086017053	5.3786938935185106e-08	5.333882088228654e-08	2.028163150186244e-08	1.0812417511654458e-07
YJL213W	-16.133829302293435	2.2261399810141804	1.0656044016734884e-06	5.058908492627923e-07	2.4138113152034254e-09	2.3527419850363543e-06
YGR250C	-17.862755898001325	0.7108662049534438	2.2686394277364746e-08	2.2505020423642213e-08	5.42577238628942e-09	5.6253010045138185e-08
YDR406W	-13.2310335349255	0.07377209441139368	1.7973268296772972e-06	1.7994037639309308e-06	1.5894039183299615e-06	2.026000327516957e-06
YIL152W	-16.841731336805225	0.8129000369210958	6.801017965820725e-08	6.733794779917852e-08	1.2718301477960853e-08	1.839793835948674e-07
YMR315W-A	-16.486461544315517	1.0264028028602383	1.1658716467418495e-07	1.1728362882901553e-07	1.2786732502001218e-08	3.74353331491099e-07
YNL257C	-18.27074641966574	0.27090462487945133	1.2043132882672196e-08	1.2055547740685127e-08	7.440149330816039e-09	1.814051598701058e-08
YGL012W	-13.799726451522657	0.6195279651321264	1.2370295556512548e-06	1.2619934635241663e-06	3.710488160933497e-07	2.9055006383934866e-06
YNL123W	-16.69416087547941	0.9764099597717689	9.195848222816174e-08	9.161621539753062e-08	1.1314329918572679e-08	2.836564131882965e-07
YOL089C	-17.901242618806265	0.27299656250774157	1.7490271124645713e-08	1.744907547746308e-08	1.0729034319749102e-08	2.6328605418391478e-08
YMR126C	-17.221831901603565	0.39904303885072034	3.587940431431303e-08	3.592264833170481e-08	1.7201942038763754e-08	6.393362928735133e-08
YHR165C	-17.34734046582271	0.01522073134212052	2.9257120755508847e-08	2.9254736486392168e-08	2.8528049034170482e-08	2.999223600077644e-08
YDR270W	-18.098568497917952	0.46651607590846345	1.5432742529291642e-08	1.5386994798115453e-08	6.406383727962842e-09	2.9706123138633873e-08
YLR023C	-17.389783087747475	0.7080134163682211	3.6212529527397256e-08	3.6021461272380564e-08	8.748006164723608e-09	8.974808208619676e-08
YFL049W	-17.261170456339826	0.26138742363876355	3.3012292332087425e-08	3.292564230884133e-08	2.0706533559826787e-08	4.888931146776333e-08
YAR014C	-17.568591475800332	1.2968566701045907	5.435096337657688e-08	5.360962030604154e-08	2.77129854976128e-09	1.9508416835714737e-07
YBR036C	-15.16214295721984	4.389658147375697	0.0007306837493055943	1.1458184657373107e-05	1.7980143640935935e-10	4.264294374169643e-05
YKL075C	-15.68670779919992	1.0817086921017263	2.755659564496558e-07	2.831111765471367e-07	2.611156549573356e-08	9.378818727503029e-07
YGR095C	-15.85386344619583	4.258398757081634	0.0004630656021521513	0.0006267868556234402	1.562757068315751e-10	0.0004446382214701407
YDL002C	-16.141638526773733	1.1269960750670014	1.90344967725323e-07	1.869859405670005e-07	1.5326174797589934e-08	6.326530711863529e-07
YFL002C	-15.932820280323723	1.778817031507445	6.072655313677971e-07	4.2890945206635007e-07	6.324493450704289e-09	1.8395700361453827e-06
YMR185W	-18.049315036005993	0.31773081333584907	1.5130472387618167e-08	1.5247197632451372e-08	8.59598200170229e-09	2.443699722755898e-08
YCL008C	-15.755504734415082	1.6657957786318935	5.746396419647629e-07	5.34619189243933e-07	9.252748470114224e-09	2.1731738580059365e-06
YJL149W	-17.586122703208076	0.7211538208297044	2.9835882228274776e-08	2.9889755181895405e-08	7.034810088470259e-09	7.544587336171031e-08
YCR024C-A	-15.680096484481309	30.983534244219314	0.30372098299356615	0.32841977220894086	2.6403033639872475e-29	0.9999999999999998
YFL030W	-16.483044996589143	1.1754392763726218	1.3829274192067128e-07	1.4025661671751917e-07	1.005978551495555e-08	4.854428552243825e-07
YLR120C	-17.156803463331727	0.3801239222158906	3.8040681460815004e-08	3.802999729258174e-08	1.8926512924343935e-08	6.609839100370105e-08
YGL176C	-17.999548631626368	0.31040126829141473	1.6019404276131645e-08	1.5978884633060877e-08	9.139644031567575e-09	2.5363797512739764e-08
YKL185W	-17.768316153226607	0.5947756731561755	2.3119307826848667e-08	2.28607020990768e-08	7.204179461127685e-09	5.088293252767068e-08
YGL193C	-16.628022942598164	1.0616264637315027	1.0478730084916005e-07	1.0456840289883414e-07	1.0438568937863554e-08	3.408313436504445e-07
YOL166C	-16.846644121826813	0.8694441819473522	7.040515922413618e-08	7.051865080409178e-08	1.154689872926902e-08	2.019898753052689e-07
YGL196W	-16.913927626076457	2.144904955113082	4.2065996350859165e-07	2.8120701090900603e-07	1.29751716241954e-09	1.229714190601394e-06
YNR058W	-16.648818162554363	1.3811628865873704	1.507820351620827e-07	1.5847315515787603e-07	6.0915582501950854e-09	5.883677285105929e-07
YNL209W	-13.759204810217126	33.625712759945	0.34095048413308066	0.6408024113230112	3.9151073470171175e-19	1.0
YGL195W	-12.422950464716633	0.16475250901219324	4.0861569421759175e-06	4.050771239708468e-06	3.0542560183663977e-06	5.226869696139848e-06
YER107C	-15.958545393988244	1.5366589778271724	3.770784336400995e-07	4.510675933190157e-07	9.504110348588562e-09	1.6860885076074365e-06
YIL085C	-16.69059696811817	0.9504310919260445	8.679522523336693e-08	8.856527200339796e-08	1.1795553196131824e-08	2.6896282165103626e-07
YER083C	-16.453414713753574	0.7030656337199299	9.128305520232991e-08	9.179060389185644e-08	2.2521223066771927e-08	2.2783437431466483e-07
YPL034W	-16.837109120003134	0.6056011273304437	5.869204456414388e-08	5.841962788351437e-08	1.7975240564321782e-08	1.3155720324895231e-07
YKR105C	-17.165339872088936	0.9677612650899337	5.677940038551321e-08	5.6435331618606536e-08	7.153069808952995e-09	1.73747236212809e-07
YML051W	-16.71759610696718	1.3321708266356567	1.3479274947478642e-07	1.3365873316237558e-07	6.136754447671659e-09	4.933931509129044e-07
YOL006C	-15.820304103815216	1.319041210306235	3.209327815356091e-07	2.648645508915595e-07	1.4902449610950718e-08	9.671301596689433e-07
YJL099W	-17.83727406452161	0.3504351692818751	1.9077141922623833e-08	1.903905542144733e-08	1.0064129809132087e-08	3.184125879843095e-08
YJL063C	-16.03958405558042	1.4801637938211334	3.125245034137021e-07	2.702331690734685e-07	9.255147591766416e-09	1.053431479233347e-06
YDL201W	-14.532863520777736	1.9897006641842931	3.3004517611156465e-06	5.6542826552914984e-06	2.0153520946539882e-08	2.2269813418786635e-05
YPL168W	-17.20812045447454	0.6955700834979972	4.3263141105089535e-08	4.2659598902335884e-08	1.068382838986037e-08	1.0497983167886657e-07
YOL110W	-16.709712886099425	1.3276242118064265	1.303365147510193e-07	1.2753842996885705e-07	6.192166454211949e-09	4.7104750520947705e-07
YAR070C	-16.806560683435947	0.7692456536789475	6.81106025117909e-08	6.75428084116344e-08	1.4172781791377559e-08	1.7805398036697427e-07
YGR232W	-15.698173489531454	1.3493688198453944	3.729376795781674e-07	3.616136928333386e-07	1.6427403929612295e-08	1.3473420687379655e-06
YHR019C	-13.522611226487426	4.728234056052433	0.0037154019587632746	6.096308484674618e-06	3.4599113269703886e-10	2.914269086202346e-05
YBR228W	-16.619354507151712	0.5327968667636481	6.989432480258795e-08	6.966338936130229e-08	2.517305696490438e-08	1.450288768728965e-07
YDR292C	-16.67640710110682	1.2957691173178192	1.3301387830060374e-07	1.3773802996140911e-07	6.817626640081416e-09	4.994966417096802e-07
YLR206W	-16.293904268088937	1.5786040896717592	3.1312742309941125e-07	2.2180582146026114e-07	6.048290272147275e-09	8.922216575485764e-07
YLR430W	-17.53100652743231	0.02297186324779683	2.4341808253149166e-08	2.4349823855309597e-08	2.344064277825979e-08	2.5279920513696905e-08
YOR035C	-17.756814799788827	0.3975640779585888	2.116953621744087e-08	2.1003335750402695e-08	1.0092938971456633e-08	3.730612270903739e-08
YOR099W	-14.51575964009062	14.086513108307381	0.1468232711027	0.27782697427028863	1.0497399111740332e-14	0.9999962282551195
YBL059C-A	-15.973307379835388	2.3318366884612454	1.8505559827718455e-06	2.1510151424512724e-06	2.5416829737222032e-09	6.525677267462315e-06
YFR054C	-16.86523188478239	0.519896437917308	5.392624309005196e-08	5.419027047116857e-08	2.012556368975988e-08	1.1122789316268766e-07
YLR384C	-11.953104484660072	0.12150631553308551	6.479222152922444e-06	6.483907499845502e-06	5.27466981225471e-06	7.851592366390253e-06
YGL244W	-16.375371105176583	12.56034146835126	0.09984709854526312	0.22981677598771819	6.906898858640443e-14	0.9998825408518525
YIL017C	-18.515323386215826	0.013394578585387656	9.099589444994101e-09	9.097797385563992e-09	8.898732364279304e-09	9.299444007013077e-09
YMR146C	-14.845421809420442	2.4169030370020557	6.684512103489052e-06	3.561856427567183e-06	6.883975742751093e-09	1.611084690411922e-05
YIR034C	-15.060382315736915	3.1262058613823367	2.7604358912943662e-05	1.9490215316710273e-06	1.4554504060938976e-09	9.794601146996556e-06
YHR127W	-16.318677030962846	1.8548857143177033	4.4679382923203844e-07	5.568434992168207e-07	3.916663380341088e-09	2.0006862667903204e-06
YGR199W	-17.971195777522354	0.8049883016640607	2.1530066782886556e-08	2.157988826416098e-08	4.1645356002884325e-09	5.8545640333821565e-08
YKL065C	-15.25049083437696	3.541593288989753	0.00010888464453695157	2.0044159493571747e-06	5.600636403642284e-10	9.637259821084406e-06
YGR052W	-16.460318705264584	0.486497036918444	7.979541537879221e-08	7.972002376338231e-08	3.182783836702934e-08	1.574841726373269e-07
YJL106W	-17.274265722874773	0.3659393998149869	3.371713376078441e-08	3.365018567152216e-08	1.723673352002046e-08	5.7452434373082315e-08
YNL163C	-17.578688219474117	0.4630764734546755	2.587578879054293e-08	2.5846965090819195e-08	1.0835559248594085e-08	4.97157570309109e-08
YLR440C	-17.85700672653293	0.429931451854477	1.924022797402173e-08	1.922664698483979e-08	8.644931973359087e-09	3.551805836593506e-08
YML001W	-14.458942213642514	12.555109565487358	0.12418692898467408	0.18346980859631534	4.556267996518479e-15	0.9997620987586564
YCL026C-B	-16.027692759897747	5.684437595803932	0.0028753760376778368	9.661233399785336e-07	4.7651717823705304e-12	5.178527530458982e-06
YNL070W	-16.03946127523632	5.224143902566358	0.002059845487952112	0.002238223223900998	2.1976698318486454e-11	0.0008568464729421492
YGL231C	-16.310614032388187	1.1126131826016556	1.5635146250653857e-07	1.5325068218135543e-07	1.3229412991842192e-08	5.143276295096075e-07
YPL020C	-17.677028476007038	0.6544336660764103	2.610191733909883e-08	2.594802970322715e-08	7.153650677282706e-09	6.134258218460669e-08
YGL039W	-15.705897779022761	1.231947303026515	3.2233070285236556e-07	2.85216486225784e-07	1.943747122820085e-08	1.0060328266595772e-06
YGR132C	-13.820265432915404	3.7528633359514405	0.0005256070269441518	0.0010145370493858333	3.647932421206471e-09	0.0014054297241295152
YJR153W	-16.42116904611683	0.8489584888574284	1.0630672363420409e-07	1.0539867970941344e-07	1.8226439516923014e-08	2.9642988661824636e-07
YHR071W	-16.362436204923853	1.474989863526358	2.313385692787923e-07	1.950410674410118e-07	6.775286738464089e-09	7.603056645379564e-07
YOR147W	-17.70756449625442	0.7190436027639809	2.6698365918373046e-08	2.6305564171703863e-08	6.237621668520134e-09	6.612844344280998e-08
YMR257C	-18.280305744607887	0.32750333383492314	1.2091866658253217e-08	1.2139449324175892e-08	6.71070942055788e-09	1.9710813061178123e-08
YDR319C	-16.695072300027462	2.9986036272313727	6.854456356693467e-06	1.044926572354913e-05	4.412981530618429e-10	2.0050800966284186e-05
YLR304C	-11.965492815573453	0.07498810063774303	6.373870820392179e-06	6.393582035429763e-06	5.634673535873246e-06	7.212986953341104e-06
YJR122W	-17.103968125441682	1.0350785447483348	6.283693185973604e-08	6.115943357015272e-08	6.7196509319272935e-09	1.948590028599838e-07
YDR056C	-16.458143172924594	4.942508269668741	0.0010873220170650947	4.395586518281882e-07	1.149093201025411e-11	2.346808818375757e-06
YGR149W	-16.63608585480759	4.835394802582524	0.0006795451974214362	0.002065756749413722	4.501004205054417e-11	0.0017929034460025565
YOR040W	-16.798447916030256	1.1958274152845092	1.0277667929104152e-07	9.918443818861102e-08	7.029181089089972e-09	3.458436699192268e-07
YML112W	-15.951034103542751	1.4577892986635235	3.520077735137588e-07	2.6717742960179105e-07	1.0373242365516507e-08	1.0320531249234305e-06
YPL130W	-16.8629397805569	0.7556704064580583	6.27156363701618e-08	6.31045568870068e-08	1.3681791476389401e-08	1.6417919679925174e-07
YOL159C-A	-16.85315110990703	0.5196495853936898	5.485658590099472e-08	5.4891939845093066e-08	2.039540413719143e-08	1.1272145018536927e-07
YGR144W	-15.977797032065409	24.75910460279018	0.255392955898741	0.42573602914537007	5.564786977051039e-22	0.9999999999999358
YML014W	-16.72219886714518	1.1164165049149106	1.0127574630957783e-07	1.0118858922025748e-07	8.69558131854056e-09	3.398824826139012e-07
YCR009C	-13.496924047948779	4.766736996753476	0.004551554881504744	0.007013665516737424	1.223084140451259e-09	0.010860751241622413
YML129C	-15.966708610759452	4.244759224089185	0.00020921029984066349	0.000379347293162019	1.1634379051593501e-10	0.0001846119944082736
YGR139W	-16.846985200093314	0.6976964777834819	6.165447460759603e-08	6.131617437099812e-08	1.5277204788433237e-08	1.5116686469749762e-07
YOR144C	-17.825029218577768	0.2763397640972204	1.883508895619516e-08	1.8825867407316035e-08	1.1505016185204212e-08	2.8532304579367212e-08
YPL135W	-16.028469389211025	10.729522359674085	0.06972863153368121	0.09865116741740056	7.218199779328101e-15	0.9645579627469286
YKL128C	-16.35087077065762	1.5116238762004026	2.5212965609475836e-07	2.0033218450136847e-07	6.418729562057609e-09	7.905360008392644e-07
YJL109C	-13.514492174094995	0.053665809142759806	1.3540886310913642e-06	1.3527723695525463e-06	1.2366366321569068e-06	1.4754333800511066e-06
YDR279W	-17.146074538447266	0.5342489541374799	4.1409330567304025e-08	4.12440511302706e-08	1.4842813934916883e-08	8.606965329133922e-08
YKR076W	-15.65511628348868	1.860238142785862	9.675587526530937e-07	9.168449086979879e-07	7.561028603151052e-09	3.783136028797197e-06
YDR484W	-16.740528911709774	0.7977258658218888	7.251908909199071e-08	7.362171372944979e-08	1.4428850289540093e-08	1.98569266075182e-07
YLR139C	-17.857364194199164	0.37764809159255747	1.88072644883557e-08	1.8844749817066553e-08	9.431730907769788e-09	3.2632424831999906e-08
YER100W	-16.094474811901094	9.701849569587557	0.0531148162919425	0.08567433615986718	5.93901390116127e-14	0.8939085479548802
YPL208W	-17.395776858721348	0.3439365708535272	2.9616244553188384e-08	2.954535572476486e-08	1.5818421218005235e-08	4.901623992276669e-08
YJR058C	-16.65224519394613	1.8581112854375028	3.1957363687506053e-07	3.628069276760672e-07	2.7744155044812797e-09	1.3260835727706408e-06
YDL063C	-17.851743306405098	0.4866349895284845	1.9963589615356645e-08	1.9888542444269856e-08	7.932952146574757e-09	3.933126586707277e-08
YMR002W	-16.043188336095028	2.747330119709089	3.9060919820079415e-06	7.035283601453402e-07	1.0568670996522012e-09	3.398419779920841e-06
YCR022C	-16.83031624196954	0.43928757511559957	5.382361979585115e-08	5.39657207300696e-08	2.3798776599366047e-08	1.0083173805163046e-07
YDR162C	-16.24111116737984	0.8250943475530109	1.2394819064938243e-07	1.248423687103404e-07	2.278777075840897e-08	3.4539419675651257e-07
YDR371W	-17.351096302177012	0.5295898322096342	3.3566265685719095e-08	3.353641265321281e-08	1.2194841700672663e-08	6.963908228287719e-08
YLR273C	-17.943626921209926	0.37834122157530353	1.7286435499207394e-08	1.7308439142805645e-08	8.647593118726555e-09	3.000581980267171e-08
YML087C	-16.825255870492384	2.060026574360153	3.994128746452819e-07	5.774791189140136e-07	1.6918477062014843e-09	1.8157234995336706e-06
YBL023C	-12.732668551464284	0.2815488437988557	3.0741423239492663e-06	3.172820272331346e-06	1.9058565649422632e-06	4.871336881199568e-06
YBR189W	-13.871669517110787	35.23906821304714	0.33600429777521573	0.45816416150959066	2.1048860248853428e-29	1.0
YMR035W	-16.642812996121577	2.0107516371587475	4.201030048539207e-07	3.049023429674886e-07	2.124491836820156e-09	1.3242215546536062e-06
YBL039C	-12.224547942060964	12.335100635933543	0.1635151421566219	0.312893641392014	6.379892369008183e-11	0.9999918526493347
YGR174C	-16.447749943233433	0.8017079078645789	9.889994412537818e-08	9.77066748212795e-08	1.911207864458644e-08	2.637637354129073e-07
YDL130W-A	-15.994849102623247	5.029300411398561	0.002052381428952258	4.937529783556628e-06	2.0268201630366712e-11	1.5703394802510232e-05
YGL140C	-17.991257783222665	0.2957690313759054	1.6105131300953946e-08	1.605192776836932e-08	9.444933767761688e-09	2.4991545420587285e-08
YLR109W	-14.418503195696031	13.1866626447477	0.14202371441697953	0.19187381281219487	1.3304924130708988e-15	0.9999024902158572
YDR174W	-14.869136408445412	12.356006533008088	0.11798806564238198	0.1799111207020092	5.792602140370129e-15	0.999639444524498
YOR328W	-17.896927064147533	0.30068584764446227	1.7589580308303783e-08	1.766875013789072e-08	1.0295647350015269e-08	2.7686814501058282e-08
YLR175W	-14.17653561599691	4.896164309598506	0.0036949990447908976	3.1430174586467484e-06	1.2502826821480447e-10	1.6384258734807814e-05
YDR346C	-15.10591465803118	1.08286324216075	4.849310228823262e-07	4.993482345878963e-07	4.650431265083249e-08	1.6565346613119614e-06
YEL003W	-16.249056008914323	5.0980449696313626	0.001748164117069554	0.001877380722696188	2.3934747191309025e-11	0.0007881162605828399
YKL166C	-15.246107486899929	0.6713412887133043	2.978529632749481e-07	3.0129265020213726e-07	7.94377894469031e-08	7.262800829568295e-07
YOL152W	-17.310278392361198	1.1514955541581866	6.078273464979226e-08	5.736648321826764e-08	4.541650100147664e-09	1.9591390818317376e-07
YEL065W	-14.685617829535841	4.6710983810987745	0.001886841827483513	9.965493123062425e-07	9.337142147840166e-11	5.398752950804247e-06
YDR348C	-16.763804422830418	1.5957389356005631	1.890642421631751e-07	1.7383386959081418e-07	3.7788534381932995e-09	6.89439745114066e-07
YMR067C	-16.30971098518856	1.4142213868313167	2.1891212692422428e-07	1.7195766386050027e-07	7.723087681011795e-09	6.502731029106346e-07
YNL004W	-16.47715703080101	2.882258605071391	7.796479314006343e-06	1.4136028555066426e-05	7.129858387072815e-10	3.5818164405555116e-05
YDR086C	-14.068159567433396	43.999770609143056	0.37620975935930573	0.4272843631002267	5.135113717470166e-37	1.0
YAL032C	-15.778176071436247	0.7525337629585015	1.8876347866467096e-07	1.8324699524187334e-07	4.044622669598094e-08	4.734760356013878e-07
YPR118W	-16.02590540737654	2.501843793993871	2.6292418170721195e-06	5.74982888934703e-07	1.6386004645487703e-09	2.785171615931956e-06
YHR061C	-16.60569362401364	0.815292985197174	8.467715538853367e-08	8.5760354380835e-08	1.606180642597242e-08	2.3509850391728745e-07
YJR008W	-16.959516319119558	2.4419602199501274	8.222511603847432e-07	1.6275703221526942e-06	8.072570988660849e-10	4.0728854976649325e-06
YDL044C	-16.25782260184606	0.38099939747532974	9.366803861401386e-08	9.33449338721828e-08	4.640899910575599e-08	1.6234682060322306e-07
YDR083W	-14.83422676969458	0.6394143621893777	4.3894596305693106e-07	4.376426862131406e-07	1.253470168562672e-07	1.0168667145324882e-06
YGL179C	-17.67895196347054	0.21350849564231103	2.1451605147884365e-08	2.1477883453690277e-08	1.4772366629834012e-08	2.982020222749818e-08
YDL143W	-13.908616922454895	9.946259353702118	0.0869111206765945	0.17649421260026218	1.599805101365113e-11	0.9968683938662422
YMR001C-A	-16.625643204803765	0.4792770245338888	6.724005959618002e-08	6.753759063445375e-08	2.7364017364039866e-08	1.3242496578262313e-07
YJR129C	-17.06778643429496	1.2100455874625253	7.974584653455945e-08	7.617559297170423e-08	5.2347340153595196e-09	2.671667963939157e-07
YER147C	-17.930451883811457	0.2903600964981342	1.7052915114442932e-08	1.7022048610828996e-08	1.0122060708691176e-08	2.6298626974499563e-08
YGR106C	-15.026855772398632	2.612220047105052	9.273363132015569e-06	3.2593694687203925e-06	4.002266861316611e-09	1.4346022076048342e-05
YDR125C	-16.906727615242545	0.8663601710559725	6.556555126939371e-08	6.544729247798606e-08	1.0883496329071795e-08	1.8638354282599412e-07
YBL064C	-13.984894279981019	3.502653996746657	0.00024917660147422995	0.00048003367897664877	4.088590191969239e-09	0.0007151437343950339
YDR170C	-12.408719124615144	0.09612147193765128	4.101920166089254e-06	4.10821224502252e-06	3.4916117187550707e-06	4.788835833259639e-06
YJL145W	-15.306798965693089	9.386508214092517	0.054619485520637626	0.09546520734157175	3.316808791783342e-13	0.9266857974751815
YOL056W	-16.415352369914018	1.0608493253358173	1.272575239643044e-07	1.2946334717859728e-07	1.2950785583811596e-08	4.217804331940991e-07
YOR228C	-16.80706733432524	1.3068742591497133	1.215402875313558e-07	1.0743141951754308e-07	5.764960394366653e-09	3.9305388641648785e-07
YGR026W	-16.02367705679424	5.500373053017413	0.002430519538348884	0.0057065557042557035	2.5016521012446783e-11	0.005081402580973016
YKL017C	-17.83406696361706	0.380119417924415	1.9350229889337255e-08	1.9315937253549524e-08	9.614839295109358e-09	3.355766434829427e-08
YJR092W	-17.97100299110096	0.5812259213049097	1.8588370500301138e-08	1.8478116123432357e-08	6.0097110634977656e-09	4.0522137468095855e-08
YER073W	-14.010682001194438	2.5222398755214424	1.624241848852471e-05	9.01298926770249e-06	1.4952048786503135e-08	3.9460533149845756e-05
YHR107C	-13.503854332558332	14.794565898552216	0.18756057310424323	6.389061725564529e-07	6.129918138188666e-19	3.5204880026255473e-06
YNL246W	-15.969296521515572	1.125828394411234	2.1466052046267698e-07	2.1647280713229622e-07	1.8178145098704126e-08	7.3150736468743e-07
YNL332W	-15.368575147215578	16.637285428621347	0.17397412231522708	0.2760148097598511	1.028666145991219e-17	0.9999997794097184
YGL130W	-15.471114741006387	8.226559744483826	0.03382967168582156	0.07577266478748111	4.9006378058399835e-12	0.7531137071629403
YPL253C	-17.914878014963307	0.7279576919414087	2.1701529665899197e-08	2.1507035863273854e-08	4.995780025861851e-09	5.4536119913650395e-08
YIL094C	-13.566268124480485	16.23341984650809	0.20302849679651205	0.33917963420047326	1.2758401720633446e-15	0.9999999567216539
YLR199C	-15.975143162934911	1.2638859940193863	2.6234596968703404e-07	2.522766109845001e-07	1.4397472236766955e-08	9.096067955222997e-07
YGR211W	-13.970289230616983	17.05335739750005	0.2139616780907626	0.38938400608039453	6.528245484034043e-15	0.9999999942060307
YML009C	-15.740843543398297	10.84779172601659	0.07528170399574537	0.08810863371686448	4.005448911010345e-15	0.9453079001103644
YOR224C	-13.660231035327525	14.176494335172672	0.1704418444396707	0.21730236268297906	4.457535630290883e-16	0.9999878184877886
YBR131W	-17.851762643761305	0.6090543410317294	2.109735081390389e-08	2.124451264246009e-08	6.479580916516623e-09	4.8010836400488274e-08
YMR220W	-16.775603036127706	2.9964328534732454	4.959744685754678e-06	2.624454328617808e-07	3.0790976392566947e-10	1.3120391980232828e-06
YNL107W	-15.486910560918842	2.065382345229964	1.5436796606379836e-06	2.29141598458731e-06	6.54390411569225e-09	8.243670414887671e-06
YJL087C	-18.28596796294076	0.3144956662579898	1.1966722309675341e-08	1.202321437517762e-08	6.817278999176246e-09	1.918500178445544e-08
YKL108W	-17.641331457657344	0.40388882289222167	2.36224921234488e-08	2.3618621065553004e-08	1.1203867379330361e-08	4.225539188426073e-08
YNR021W	-15.85378971913522	2.426925707014278	2.165980680588488e-06	1.8551215203458954e-06	2.4705820684695147e-09	8.1466572226905e-06
YER126C	-14.42052321960473	32.682386056816675	0.329889233743428	0.4807553756941298	7.703346674143263e-27	1.0
YLR173W	-18.05618409091474	0.25423636171278563	1.4871550024006788e-08	1.4866849303454533e-08	9.473184555545387e-09	2.1864945537966642e-08
YBR276C	-18.290036003928236	0.31043732788876555	1.1957965398772615e-08	1.1957440664955334e-08	6.835124561203466e-09	1.8980107317141632e-08
YDR227W	-18.120712636992522	0.343779235118596	1.437140254996216e-08	1.4288239126653532e-08	7.655300246035158e-09	2.3682993149901454e-08
YCR059C	-15.612821918178453	2.7702271760230266	5.369521162804004e-06	1.2200688212917265e-06	1.5988669738113582e-09	5.955948974846796e-06
YCL033C	-16.28796205136385	1.3497470903067512	2.10305070857121e-07	2.1536578777415666e-07	9.181380228195312e-09	7.940823311505977e-07
YPR055W	-17.23094306821511	0.4746741258162844	3.649425130557188e-08	3.6668797260427235e-08	1.501758737132107e-08	7.147494786724232e-08
YHR010W	-13.900679048130042	44.19722607644968	0.3860999484803987	5.329122373284361e-06	7.774474153955179e-44	2.471798229350167e-06
YGR035C	-16.66284909532331	0.5126109456304869	6.610011605245286e-08	6.616527107683085e-08	2.495788765246283e-08	1.3477994519559325e-07
YIL120W	-17.91682560223235	0.5810697762904569	1.956912157359749e-08	1.955010316895883e-08	6.3518205154350656e-09	4.2886630126397936e-08
YLR042C	-16.501441612469335	0.853440145494652	9.757706974498784e-08	9.806894560499089e-08	1.6719568965971717e-08	2.7708852660895126e-07
YHR079C-A	-16.527215292728926	1.2883005842929547	1.559247175377953e-07	1.4837814963120643e-07	7.946398762488776e-09	5.394342373394998e-07
YBR063C	-17.083123558092467	0.4470663069315156	4.208769249841062e-08	4.203719487883695e-08	1.823427934224322e-08	7.93131760341422e-08
YGR009C	-17.72982543924516	0.733092137416858	2.620914559925177e-08	2.611319507371072e-08	5.974675896301047e-09	6.664305697197862e-08
YLR039C	-18.099997353617056	0.2133649152086656	1.4107231062432247e-08	1.4097613647048749e-08	9.701599446631082e-09	1.9568179578639058e-08
YDL209C	-16.94389461210156	0.3205883003311193	4.6006815684786394e-08	4.608902108303803e-08	2.5829101836939847e-08	7.415922939780752e-08
YML127W	-16.946365704535495	1.406978096643352	1.1494539091121404e-07	1.0302437768299125e-07	4.239562123543248e-09	3.914092517265394e-07
YCR085W	-16.809856587927044	0.6956980181838798	6.352923542220044e-08	6.347270474704805e-08	1.590739724616139e-08	1.561985983716078e-07
YER125W	-14.402539047245936	19.177801419522027	0.2302980360983808	0.502680083386078	1.3182406456921122e-10	0.9999999999617772
YOR354C	-16.657836515290185	0.8437115340579239	8.375376375370234e-08	8.235459222857823e-08	1.4490649335750264e-08	2.3039699251383397e-07
YHR045W	-17.98974175508991	0.32803260897021674	1.6311207211774307e-08	1.6235576683730214e-08	8.965619195698504e-09	2.6379868072799702e-08
YBR270C	-18.043944314566744	0.2710063089094313	1.5074374960568072e-08	1.512080587362875e-08	9.332713014601453e-09	2.2762563986234378e-08
YCR032W	-18.149288847162808	0.19478043088972072	1.3368443060440176e-08	1.3369325524208226e-08	9.518701162554548e-09	1.8066731083458486e-08
YKL154W	-16.37355620090348	1.8100613574448439	3.77703011188123e-07	2.731400093416572e-07	3.820428911881205e-09	1.161922310935413e-06
YBR209W	-16.85676800892614	0.3690260293155203	5.119318460553433e-08	5.109787422491564e-08	2.6020185047844878e-08	8.75623801669945e-08
YKR010C	-18.097624988026638	0.18971084019847917	1.4048056355955657e-08	1.4060161150235415e-08	1.0107418653755801e-08	1.8861094178972016e-08
YAL064W-B	-16.85315110990703	0.49192748346303067	5.425140656072289e-08	5.412984173478459e-08	2.1347005251125864e-08	1.0769658384302324e-07
YMR194C-B	-16.829953631525115	0.6072102932050532	5.920723506846288e-08	5.898174199798872e-08	1.8056417820964126e-08	1.3311052695963084e-07
YFL060C	-16.705586886608927	2.0911227833055204	4.635770612448808e-07	6.202835263106116e-07	1.8062280788755584e-09	2.014397798040249e-06
YLR272C	-17.887972294812045	0.3121366006439871	1.7811215078518633e-08	1.7888727910318238e-08	1.0194413822822422e-08	2.8467046062758455e-08
YGL103W	-14.139128024785533	9.708756789986241	0.07497735321720037	0.10050833871932183	2.301887980436689e-13	0.9564705766007817
YGR246C	-13.925285572223585	13.54985141318099	0.154611477423515	7.207323567504779e-07	5.830558084771727e-18	4.362309184258366e-06
YAL008W	-16.796623844821426	1.5858057300064445	1.7986487019154473e-07	1.4574788229103246e-07	3.6610409551786104e-09	5.857146839255695e-07
YPL021W	-16.862584697338008	0.5960976356108048	5.627940153125034e-08	5.667606906837458e-08	1.7799454721575392e-08	1.2638499408919398e-07
YHR197W	-15.716215832851232	0.8515531504212278	2.121857688798223e-07	2.0765980306413429e-07	3.6379727282625885e-08	5.806918520337424e-07
YJR060W	-16.788356308498606	0.27319023139208537	5.290214891427893e-08	5.310165106943583e-08	3.2639436452273995e-08	8.014684636610663e-08
YOR306C	-17.028618217060995	1.4468577197252548	1.1888207167917807e-07	1.1213016270795927e-07	3.7147182419292765e-09	4.287120786639442e-07
YPL156C	-16.660730934375152	0.7723245934638004	7.798602002299492e-08	7.760957119573151e-08	1.6254679255869055e-08	2.04511212883226e-07
YKL159C	-16.691518645232264	1.6117126459791153	1.9948967800084806e-07	2.203221254425713e-07	3.997603685072871e-09	8.344721811725905e-07
YNL090W	-16.661094711926836	3.091478709930077	4.699399422296352e-06	1.143451538323674e-05	3.8142567616013406e-10	1.849480673468449e-05
YGL119W	-15.528334226467633	9.296329601030346	0.050610140351547823	0.11660901630236671	2.1865914874303285e-12	0.9624819010451375
YKL106W	-16.198915014589858	7.413428646408895	0.01797850485066697	0.04223301677882303	4.389977967165979e-12	0.2730690681903545
YBR109C	-14.470614228900741	3.13299065476131	6.697561859394422e-05	9.249579819220664e-05	3.4707770919564657e-09	0.00015678457271114843
