Gene_name	param0	param1	prior_mean	post_mean	post_lower_95	post_upper_95
YGR095C	-16.504589104785687	2.2084832481707592	7.487474701278243e-07	1.0766825418014379e-06	1.834925269519044e-09	3.3142699979521227e-06
YDR359C	-18.696726483781227	0.3304099303213949	8.04530397909945e-09	8.012039873047687e-09	4.403933132322261e-09	1.305959661092211e-08
YMR295C	-12.666201336593938	2.59341639856043	0.0001028390912702118	0.00013274874143703367	5.972663024782285e-08	0.00037444614817334725
YIR020C	-17.55851088277354	0.3376603742545302	2.4981368768197528e-08	2.505408871597737e-08	1.3582406321962533e-08	4.122783434694406e-08
YNL076W	-17.995553274294203	0.31944953969784834	1.6057492587768746e-08	1.6096071130317693e-08	9.040533896621875e-09	2.5859667553176774e-08
YPL179W	-13.765078989316814	1.1257566520966806	2.0113883610083123e-06	2.019652673109068e-06	1.683713999778191e-07	6.9343046607418384e-06
YGR171C	-18.123154279653086	0.23258685001491639	1.3849925822958197e-08	1.3831121104315779e-08	9.181056281148226e-09	1.9733870457814242e-08
YHR200W	-12.395603156816785	0.7028310290517534	5.3070013121126264e-06	4.744254752905669e-06	1.2515860485932843e-06	1.124251973407523e-05
YLL035W	-18.206059280554605	0.49363859693988604	1.4053577069898961e-08	1.3996765334511654e-08	5.498078590964893e-09	2.7894641063336158e-08
YGL021W	-18.113737346539843	0.11334466124469102	1.3673700571596354e-08	1.3680041235999025e-08	1.1278510234334653e-08	1.6375643001959405e-08
YBR029C	-13.810097154085222	11.350641267292447	0.11253069991406339	3.1710067840007666e-05	1.2958358815634893e-15	6.554923792142581e-05
YFR024C-A	-12.24107344919407	1.490281244299534	1.5038865293243327e-05	1.2095237767695293e-05	4.6647164254266907e-07	4.3513722754536824e-05
YDR244W	-16.424962409037967	1.4912282289875387	2.2405454361144295e-07	2.2388935730172068e-07	6.34503192428691e-09	8.695914273558244e-07
YDR336W	-18.121202726842007	0.3633823956112939	1.4441177801962185e-08	1.440885375519014e-08	7.4166724023348316e-09	2.4513714955491637e-08
YER133W	-11.408876396418188	3.7879696669682232	0.0038438117391416103	0.005435957317937273	6.619084761789124e-08	0.012105129378781356
YAR019C	-17.460744006698356	0.511593399207434	2.995800562823472e-08	2.977724410823461e-08	1.1256760040515317e-08	6.058666067530816e-08
YDR365C	-16.295300707971315	0.6027845120646823	1.0048212376549395e-07	1.006336917057483e-07	3.110506066169573e-08	2.262075922568285e-07
YOR178C	-18.601396875420456	0.2605674862906856	8.667636263539282e-09	8.63285653016657e-09	5.434827289138202e-09	1.2808080527066002e-08
YNL277W-A	-17.618058155750028	0.24529603583464837	2.3025013191320682e-08	2.2994735326466585e-08	1.4905114308275408e-08	3.3392068608231404e-08
YPR196W	-17.30266173392824	0.8131889006278342	4.1920802384990356e-08	4.2590480914550235e-08	8.028014399165058e-09	1.1654422991922027e-07
YMR268C	-17.956258133949582	0.5548262454995736	1.851895647341656e-08	1.8541728051051646e-08	6.381801410820923e-09	3.956328403866688e-08
YGR201C	-17.350696936010486	1.5542021968664483	9.612810078651652e-08	9.777573616217483e-08	2.261348834156506e-09	3.767805530304143e-07
YMR114C	-18.22175471790701	0.3445196848072351	1.2956042791982548e-08	1.2947356817620325e-08	6.922579513800184e-09	2.1503887814584745e-08
YOR298C-A	-11.131490265012824	9.088373103969019	0.11524006979288798	0.14277519297346344	1.5975866974685034e-11	0.9914165878953805
YDR384C	-14.454082122066163	4.057208693034582	0.0004984264897044154	0.0012291990592835143	1.1214181718691417e-09	0.0013782573330712248
YGR164W	-17.43865895014546	0.32474350841842137	2.819209327562112e-08	2.812518107312098e-08	1.564100025165462e-08	4.550212826620284e-08
YBR074W	-17.970201248587678	0.43269053717913114	1.7283355761732465e-08	1.722121912287625e-08	7.69531448311813e-09	3.192662751186993e-08
YCR015C	-17.8442316316004	0.5626796557584229	2.0751744125425923e-08	2.0852964454871555e-08	7.0529512178819265e-09	4.490828132427674e-08
YHR072W	-13.681943082826317	0.11095268413415461	1.1474439848446982e-06	1.147592497120162e-06	9.505427686847001e-07	1.3688196894017357e-06
YER005W	-17.83974054746154	0.5201547323715227	2.0358402557689588e-08	2.0468597394301917e-08	7.598031605542212e-09	4.206269800668357e-08
YJR112W	-17.206443536176216	1.0221058668896543	5.6546572412190464e-08	5.654523575135387e-08	6.257989071531655e-09	1.8005158344752774e-07
YER091C-A	-15.384176361659181	2.3525813120067394	3.0387097628783218e-06	1.5313519663443717e-06	4.169379258291913e-09	6.477419455625274e-06
YOR057W	-18.105441775177447	0.6796699391953703	1.7198702490556218e-08	1.727775987278652e-08	4.480753113576435e-09	4.192393643561598e-08
YHR017W	-17.682606048526345	0.32249081935250806	2.1941752091106e-08	2.203102561050789e-08	1.230071992236178e-08	3.55389637222234e-08
YPL195W	-17.97008638575148	0.1478226963432752	1.583947592152795e-08	1.5864870859714577e-08	1.2305131267888548e-08	2.0012208622403374e-08
YLR084C	-18.485812827763716	0.46910557964450816	1.0484233277286004e-08	1.0454103352751972e-08	4.327717805064812e-09	2.0239046316550425e-08
YLR118C	-17.382311779300785	5.947989084572057	0.003483587426310032	0.004865267190376225	2.4888281563120466e-12	0.00264489000701157
YLL029W	-17.155881167732282	0.08633235136224073	3.555318810861657e-08	3.555476414618664e-08	3.072979914566711e-08	4.0823591432922716e-08
YGL090W	-18.250959354184438	0.2503299162207898	1.2261716232308662e-08	1.2226044294785533e-08	7.84692772369177e-09	1.788012429854719e-08
YIL051C	-11.598628494474676	2.7054466879911327	0.0003187251581948737	1.7481131872025077e-05	6.980376233380212e-08	6.523007927522177e-05
YOR132W	-16.80155134767933	16.461100842205536	0.15342358114346943	0.34118835619061444	1.0371528836045342e-15	0.9999999005830272
YDL169C	-17.83602352556131	0.24310412313265387	1.8408584399680668e-08	1.8482602994467763e-08	1.2029291668896305e-08	2.6766201033180472e-08
YGL002W	-16.508361443870804	2.8688075162240683	4.723061286989069e-06	8.680390344018707e-07	5.716269236348976e-10	3.916476326580527e-06
YDR032C	-11.74817070180229	2.9501652390784145	0.0004917708773598279	4.9217163519555755e-06	2.8987369372295702e-08	2.0413316761916114e-05
YJL023C	-18.07940936623431	0.3218669056263274	1.4846202243116522e-08	1.4815741973008136e-08	8.284587245049846e-09	2.388656290211943e-08
YGL117W	-17.004857501707143	1.4314639059602974	1.0960175448202507e-07	1.0810979796567522e-07	3.883859260964678e-09	4.127007099630893e-07
YNR068C	-17.774175881285323	0.28163534070250124	1.9930760279427508e-08	1.985498985869672e-08	1.2005431178963398e-08	3.032339115882264e-08
YDL088C	-18.024577293083844	0.9847627502244172	2.4111581705704398e-08	2.4130992103085422e-08	2.9411150535949194e-09	7.496433390283714e-08
YJR094C	-17.577565395004918	0.5414458506474975	2.7169965495922302e-08	2.6850344787365888e-08	9.519177341440241e-09	5.642396539362613e-08
YPL188W	-14.584793947165005	14.688620972929149	0.16186915190446072	0.2914636692166005	4.289718626252403e-15	0.9999986326820882
YNR055C	-13.941076544056111	10.791546064055249	0.1061105503402865	0.2207141080682002	2.4733209497808236e-11	0.9994959694442154
YER139C	-13.150836318608478	7.562508755511903	0.04682605678780117	0.06674205613951772	2.8765012955002003e-11	0.6557833435423709
YKR078W	-17.71505888163751	0.37734818205478526	2.181759735092449e-08	2.1737248554015132e-08	1.0879483465207054e-08	3.764979323505488e-08
YKL221W	-16.726077146166922	0.5976694474169943	6.54611248698181e-08	6.491745741877321e-08	2.0330676749998098e-08	1.449672856002971e-07
YNL182C	-17.565294132183176	0.31474058998492394	2.4793661567549163e-08	2.4721066560205514e-08	1.4016491415684007e-08	3.9476626453312125e-08
YBL078C	-11.207676323881012	3.145328964831321	0.0012252371573292216	0.0014707369789293896	1.0550051121080405e-07	0.003135149806591793
YOR039W	-11.29317596623964	3.869457798090653	0.004080801520485878	0.006263162102223889	5.52742478833071e-08	0.014019956470394404
YJR135C	-17.77459849902602	0.45716936379110057	2.1184155159084642e-08	2.1180336482824814e-08	8.988162308313939e-09	4.044581291906023e-08
YKR099W	-17.77920554517636	0.41713826127933795	2.065724697749491e-08	2.072708948888433e-08	9.562819900995667e-09	3.772178895861943e-08
YMR112C	-16.714523744104504	1.9905105956771036	3.552601468138113e-07	2.261955571124171e-07	1.999737796229932e-09	9.931126516974176e-07
YDR412W	-14.168024097679288	3.2723874301262392	0.00013593590730177338	2.9964905986617784e-06	2.4085992595133537e-09	1.4124306440964876e-05
YOR286W	-15.855447885690362	1.6775277430373283	5.262914544744365e-07	5.845415111420972e-07	8.301176919742688e-09	2.225682055183333e-06
YLR345W	-15.412869114782504	0.8616929467934568	2.964042395755146e-07	2.9325971523731327e-07	4.905501232150052e-08	8.34198468342657e-07
YKR074W	-17.042809893487124	1.0553585656718298	6.950023423496986e-08	6.918023469511714e-08	6.977842854302112e-09	2.2470632955929763e-07
YMR001C	-9.131279070476873	0.756317178136905	0.00014512098194720898	0.00015797463781210615	3.726233045694865e-05	0.0004017047654687267
YDL045C	-15.52447715705143	2.4661852219551763	4.880238957753504e-06	1.151712624578257e-06	2.9763560859161018e-09	5.499018398088676e-06
YBR079C	-13.404059380897658	0.1978954727257784	1.542427340074067e-06	1.5469651565082621e-06	1.0949065551445875e-06	2.102225878465593e-06
YOL056W	-17.69988388152428	0.24801717842084733	2.1225186859372787e-08	2.120226969085769e-08	1.3672718385732707e-08	3.090643795793312e-08
YPR161C	-17.896029987336938	0.19368386321273842	1.72337383100029e-08	1.7217935902711776e-08	1.2288117749044692e-08	2.3231961460040435e-08
YKL009W	-12.273180785138672	12.050236496536407	0.15474365297410972	0.22261316372515333	1.5547668637636212e-13	0.9999263288564733
YOR342C	-16.346607089541926	0.7425289101768711	1.0410977912651561e-07	1.035474505046395e-07	2.3319366693611824e-08	2.654583264279436e-07
YBL054W	-17.79331369573351	0.2824920041865503	1.939846032589284e-08	1.9488436957884188e-08	1.1761256472042284e-08	2.9790495403032785e-08
YML119W	-18.11571654677841	0.1703227620564498	1.3779846054649057e-08	1.3763266863578915e-08	1.0248197533452486e-08	1.7947514279008487e-08
YLR363W-A	-13.791126986086008	14.932269190004519	0.1815967680900508	5.125789248566612e-07	3.615266789501127e-19	2.8628670094380886e-06
YKR080W	-12.469731625104894	0.9810228483787465	6.2503169706919595e-06	6.14955546577192e-06	7.856191716374751e-07	1.86044878270908e-05
YGR122C-A	-17.11266513796813	2.5821096110234696	8.428154028390267e-07	3.7655882856718053e-07	5.096331964809428e-10	1.6692139047147792e-06
YFL019C	-17.633436391589335	0.39018683788716113	2.373584556579985e-08	2.368552685510141e-08	1.1550598060378736e-08	4.167076546109569e-08
YOR241W	-17.392266845571562	0.5499749732053842	3.297285547833791e-08	3.250090476281584e-08	1.1307086208221199e-08	6.898769334162944e-08
YJR154W	-17.942615816828898	0.6491422437296654	1.9967606599780106e-08	1.9846648769216744e-08	5.533146314711987e-09	4.6677967260338073e-08
YFR048W	-16.404418816372477	0.5107831286185072	8.608193795306032e-08	8.559935315058325e-08	3.241518144570305e-08	1.7400202873355536e-07
YCR032W	-18.473825954883928	0.2956037152131437	9.928027662783169e-09	9.903653382494434e-09	5.8282060707164825e-09	1.5413202848487305e-08
YBR286W	-15.520502006454032	0.5865163534975081	2.1698320639737154e-07	2.169462572525585e-07	6.939690174276223e-08	4.797154180287945e-07
YBL014C	-18.69037705615569	0.30836847520265287	8.0027704374515e-09	8.007547661530491e-09	4.5957875951222875e-09	1.2675240488436814e-08
YBL071C-B	-17.582294778891942	0.4854623499088206	2.5920550535789486e-08	2.60193692536485e-08	1.0406209733140533e-08	5.1355011123654276e-08
YHR169W	-11.86924440827074	0.8173963529654077	9.925580843170525e-06	1.0030537968908846e-05	1.9459815576343493e-06	2.6446718947214215e-05
YDL134C	-10.906677682331926	5.2422011803289985	0.024700924896434034	0.03895494819250821	2.847885857085011e-08	0.23573987402988675
YKL067W	-13.61479613093338	1.0704065527399766	2.1948373472411234e-06	1.8869302148250298e-06	2.0304594665061492e-07	6.011249669710658e-06
YHR188C	-17.82635867175936	0.9639736000786715	2.840069087358715e-08	2.8738815173016966e-08	3.7049223554197684e-09	8.805678484833011e-08
YOR190W	-17.890443742501652	1.0160701463346946	2.7604195682296232e-08	2.8255421530250406e-08	3.184104300035488e-09	8.952035885184326e-08
YAL018C	-16.969332695815815	14.962049920982054	0.13144216837427994	3.4318089668994026e-07	3.367802923843352e-20	1.7456650365705964e-06
YML078W	-11.150670019612287	5.250744724351143	0.022159864922398284	0.029370742617559575	6.313729764800016e-09	0.13591741865942322
YGL007C-A	-17.32372868910256	0.35236398574271655	3.195130277070319e-08	3.185040754320117e-08	1.6765899735042113e-08	5.341201193556688e-08
YOR017W	-18.434739006735022	0.43893878523658963	1.0793798639695083e-08	1.0857265177138042e-08	4.786434329183008e-09	2.02846238953192e-08
YPL262W	-12.02689555505726	0.2593627041064317	6.181310543698091e-06	6.096676963142641e-06	3.869995075430799e-06	8.971764408567544e-06
YER143W	-16.632986103731078	0.9390456103795898	9.299428509362327e-08	9.33188242971866e-08	1.2750659947375359e-08	2.8131752433751976e-07
YLR211C	-16.67685440333384	0.8412809384095532	8.245036029320214e-08	8.132807065639885e-08	1.431328260945095e-08	2.2760145908972218e-07
YPL117C	-11.939612316987175	0.7679983274284342	8.966018428683188e-06	8.548512448848394e-06	1.8702731900361053e-06	2.181670751545827e-05
YFL002C	-15.082132527376368	1.3752313361570487	7.421152140211634e-07	6.168036372189073e-07	2.8763903393699687e-08	2.3353058661568843e-06
YIL143C	-11.513984452431894	0.04906696948962109	9.996956928793408e-06	9.9962124111878e-06	9.21111490422719e-06	1.0822210887984937e-05
YGL119W	-15.67482794780967	13.537885416590484	0.12802944288468265	0.26270807652053324	2.353363823932789e-14	0.9999848935216841
YDR267C	-14.029877373178303	0.893662954903689	1.1811399462164784e-06	1.2353629785615568e-06	1.8742044646133218e-07	3.632762848637903e-06
YOL070C	-17.713731472501372	0.37853511927258554	2.1649988099049877e-08	2.1780164776999717e-08	1.0872664604997352e-08	3.7773410975655326e-08
YNL042W	-17.81419007945164	0.39283257832871255	1.965152606987952e-08	1.9803254978964662e-08	9.604689881506167e-09	3.4975323568602485e-08
YDL051W	-13.043871750146488	11.32547913469558	0.12965517918057962	0.19425860654703692	2.8080153271926043e-13	0.9995892413726103
YOR390W	-16.775379702558844	30.197107589383005	0.30005662007157063	0.4531569649903424	5.1197087008320917e-26	1.0
YKL112W	-17.89505092496342	0.29865630702149054	1.7656934641812755e-08	1.7686336276490554e-08	1.0344531080765801e-08	2.7633146385810895e-08
YJL134W	-16.218460307450137	2.406939416581466	1.5119179008333945e-06	5.330330751035586e-07	1.634856131423998e-09	2.570218563444872e-06
YOR133W	-9.081941228033381	1.7963181164991422	0.0005519971760475601	0.0007190442176532266	1.5511739042029266e-05	0.002724183084664305
YHR202W	-17.95733952176392	0.6000274107733757	1.9359687311948433e-08	1.899316804048707e-08	5.9176675822376955e-09	4.252404329954172e-08
YHR076W	-15.900032421829517	0.8911918734264941	1.8325275996491098e-07	1.8599901174694085e-07	2.875122700182689e-08	5.4181036656239e-07
YER003C	-13.778009541035269	4.079449978864622	0.0009443411674360867	0.002646561679705525	4.015338638635555e-09	0.00417406286254015
YDR060W	-16.847757406158912	0.5623417761820168	5.626876258200686e-08	5.6041998996318023e-08	1.902924432671017e-08	1.2027039809165677e-07
YPR009W	-17.37851626848437	0.6510008297749367	3.467461464961232e-08	3.501805868371862e-08	9.7068769780265e-09	8.256115793773678e-08
YIL094C	-12.199326383758441	6.171789729895337	0.02836995935724885	0.04977322261747899	1.7233183749176086e-09	0.3737425236259647
YOR061W	-12.801062173785747	0.9552021574277562	4.3987306643245985e-06	4.460642842649926e-06	5.890093227599351e-07	1.3539057721085626e-05
YLR030W	-18.101678770843996	0.2577989310849377	1.423276202992037e-08	1.4221300081324836e-08	8.998918907250151e-09	2.101517118774958e-08
YMR298W	-15.246030784787715	5.689439076867599	0.004584945257766729	1.0450948772791601e-06	8.840927951357884e-12	5.788530780219779e-06
YDL214C	-18.722563335432774	0.4704323892091301	8.220879960261457e-09	8.259854670156195e-09	3.410496629614263e-09	1.6031364164392108e-08
YNR022C	-17.495972487370587	0.37264646146946867	2.7027275037377876e-08	2.7023289488116966e-08	1.3657695519240341e-08	4.651092391665317e-08
YCR024C	-15.710845810354792	1.375574673894828	3.8213837968184474e-07	3.1484443199619276e-07	1.5129272098184985e-08	1.1767178613845468e-06
YDL189W	-17.892548662371105	0.18926159822242566	1.7204189450854466e-08	1.726319664655119e-08	1.241723843680279e-08	2.314416998248366e-08
YJL217W	-16.981496671906775	1.9724617602015004	3.160178311645922e-07	2.0781056075417024e-07	1.6131714250328967e-09	8.951779895348422e-07
YHR035W	-18.800338152440368	0.36989749648017467	7.344672948174494e-09	7.324938498716623e-09	3.7227380472354814e-09	1.2563603538149515e-08
YJR125C	-17.525092585558873	0.608190635660921	2.9463244154753703e-08	2.9422576986029838e-08	8.995712161591047e-09	6.646521864784606e-08
YHR088W	-11.950108700330881	14.773717888893213	0.2097830138084689	2.146031790091062e-06	2.61840564681941e-18	1.0120445428383896e-05
YGR289C	-18.196157901308602	1.76439506602487	5.80696006497307e-08	5.6310225973002425e-08	6.851738887081086e-10	2.2230829277772803e-07
YOR367W	-15.825548525543988	1.8849282606992022	7.162563864763213e-07	4.7186621419163467e-07	5.782583890749897e-09	2.053630218154146e-06
YDR176W	-18.174323535372373	0.5132111380664639	1.4750529925133547e-08	1.4587713232950243e-08	5.495375799295645e-09	2.9710898557024603e-08
YIL152W	-16.953401426661863	0.9892824152823556	7.001381449995717e-08	7.045939535490512e-08	8.507489911108376e-09	2.193934296145845e-07
YIR012W	-14.764905055552797	1.722680164668886	1.608017788608885e-06	1.408649884932175e-06	2.275108983362253e-08	6.009734630549961e-06
YER036C	-10.110751960478362	4.528701058755271	0.017957959028755115	0.032287225966661136	8.856162350502002e-07	0.1705903383857311
YFL042C	-18.410524421015857	0.44426418837533993	1.121095241251334e-08	1.1148415656313905e-08	4.860939346249859e-09	2.0964474570727244e-08
YDR207C	-17.86176349840111	0.2821215693295884	1.8279455081457353e-08	1.8194535905025616e-08	1.0994799214595209e-08	2.7802635999229138e-08
YGL062W	-10.435289256406529	0.04775660368083298	2.9407404364775047e-05	2.9391983827958005e-05	2.7142514889583266e-05	3.1752875355849746e-05
YGL116W	-14.852757793098997	1.0743242065009246	6.272123558942018e-07	5.354658157131259e-07	5.8191757650194595e-08	1.7057414830074065e-06
YPR069C	-12.54381217758141	4.9253530705419495	0.008098788597275378	0.01415210132209212	3.6084190444846773e-09	0.035877648881658154
YJL131C	-17.655689167201622	0.34225257956287763	2.2835998611830297e-08	2.2789448732987833e-08	1.2238458324946506e-08	3.7734318077085856e-08
YBL042C	-17.564838522805935	2.0132888431467184	1.9314830820373825e-07	1.5053813163353066e-07	8.550605968084724e-10	6.151656631062553e-07
YOR205C	-18.282555322505637	0.19525956780736087	1.1687357652579271e-08	1.1701499632904883e-08	8.32450024078739e-09	1.5825033876100496e-08
YOR252W	-15.184813648426777	11.210220686351578	0.09108266548690545	0.1261253426855205	9.57263721477703e-15	0.9932778449175497
YGR082W	-11.311718294332374	4.809349969350281	0.014127478871621203	0.01839231837704746	9.904584424034598e-09	0.05814836602439482
YER055C	-13.9497843693543	0.7124928084301996	1.1274426435383589e-06	9.988818781909252e-07	2.5727645928899584e-07	2.400926263431097e-06
YAL047C	-18.565070539590074	0.6132367036457167	1.043054498860502e-08	1.0443018547152692e-08	3.15333748796874e-09	2.3711652695120436e-08
YMR148W	-15.35520126134447	6.014677262390817	0.007690575906799609	0.010387671104673889	1.653310818565133e-11	0.01121109216741798
YDR232W	-13.593367761209217	2.8893754661922046	7.515713995117498e-05	4.153656957587519e-06	9.205307893185184e-09	1.9105321630795863e-05
YJR160C	-17.465665906544878	6.698284630613067	0.006386986177389093	0.00780890445612852	5.336578781240654e-13	0.003682487021352204
YDR439W	-17.55377551784563	0.32142148229298184	2.4920324448264078e-08	2.504432827576082e-08	1.4016694065924244e-08	4.0333748647727175e-08
YFL017C	-17.507977872614852	0.6706838995319706	3.080588745918585e-08	3.116038302157328e-08	8.256192719632174e-09	7.491788816903072e-08
YKL072W	-17.42346378525776	0.7290435283359572	3.517096222677447e-08	3.532692690791516e-08	8.161147113612594e-09	8.972231482249725e-08
YDR302W	-14.908555922790535	2.7260483258742405	1.3766847607074431e-05	2.3544127489219357e-05	4.311649752841196e-09	6.073579505200911e-05
YHR037W	-13.610262098810333	0.5671491156438495	1.4477693991195792e-06	1.438386204167503e-06	4.830224320233174e-07	3.104151280466384e-06
YHR107C	-10.902397595710633	2.449908799099262	0.000416132357999446	4.713952499269483e-06	1.1626942876588196e-07	1.6826086932151284e-05
YHR175W	-16.49576794857507	1.247024419845264	1.5003870473075409e-07	1.4333298622954932e-07	8.742579018217064e-09	5.122944209145904e-07
YHR105W	-16.861620405304116	0.906937219886649	7.183496181505377e-08	7.148470027569719e-08	1.0679378607962797e-08	2.1043377896772766e-07
YKL104C	-8.401782741996564	1.2022152468905007	0.00044526054945911986	0.0005153216402623391	4.4003922073822365e-05	0.0017586288434848062
YJR040W	-16.023967498426778	0.6928999646157521	1.3995597513558036e-07	1.390291265174908e-07	3.5067857157959896e-08	3.411906233334819e-07
YDR165W	-17.970097816164476	0.3517660368232846	1.664496333927992e-08	1.6695268971062567e-08	8.798008335460508e-09	2.798897365061645e-08
YPL008W	-18.40318057366398	0.41227501935132255	1.107820979154478e-08	1.10702905106854e-08	5.1616060574740346e-09	2.00242412252067e-08
YGL088W	-17.593055874452098	0.3482421588759922	2.4107002047064644e-08	2.4297118845458095e-08	1.289457549804164e-08	4.052590596707254e-08
YPR063C	-16.793009966605446	0.5560381283362905	5.9197834805210787e-08	5.946102470356074e-08	2.04011826080808e-08	1.270929518443532e-07
YOR151C	-8.392517468594585	1.3490842092122888	0.000548516718367429	0.0006885170424982494	4.8922197643281844e-05	0.002439367135945294
YEL036C	-12.084987331466388	6.1727857107842885	0.02857745652579955	0.05889231154166778	6.7648394862152955e-09	0.48643846065981616
YPR079W	-17.55601580277375	0.9103832701927573	3.607177903576246e-08	3.584313937458747e-08	5.302853714402605e-09	1.0568128393330182e-07
YMR009W	-16.6730879829201	0.38981378702964914	6.180686649004429e-08	6.179704582625873e-08	3.017689878143216e-08	1.0866706551454799e-07
YMR026C	-18.08740585390928	0.7277152722760186	1.819452242633897e-08	1.813243233563367e-08	4.210703481702002e-09	4.5982821447436904e-08
YPL211W	-10.884048486529489	7.61624533400912	0.08875302119692842	0.10581825344437266	2.502726848395096e-10	0.9273217425486463
YGL163C	-12.97182102174788	0.6779836892343141	2.9479342131949155e-06	3.024370170472266e-06	7.83986558486364e-07	7.302619767897004e-06
YCL054W	-12.418079888718191	0.10027253909245182	4.06338449161706e-06	4.065300059291063e-06	3.4297331960048002e-06	4.769350893208436e-06
YIL002C	-10.998179683018813	0.4983420429496923	1.892917757109144e-05	2.0672442741446682e-05	8.4682149685718e-06	3.974561163694503e-05
YMR018W	-18.121088502805783	0.42372955113941535	1.483084959362282e-08	1.4756826427389755e-08	6.715909236581276e-09	2.707252401827933e-08
YDL067C	-13.322730862470914	11.096111098341515	0.12114925026133497	0.13233699811756336	3.183264131422258e-14	0.9960640792806348
YHR182W	-18.81299971826315	0.31322944715293455	7.115173524089279e-09	7.090697585363541e-09	4.0330123479063085e-09	1.1296749084854235e-08
YLR426W	-17.733602654648116	1.0179824693863624	3.3316761268033656e-08	3.3248885602824986e-08	3.7191279679450063e-09	1.0556441046429994e-07
YKR086W	-17.723671779553975	0.7643734265610589	2.6845829592343867e-08	2.6671612580612042e-08	5.689131177500734e-09	6.982227312942204e-08
YNR070W	-18.403146422956475	0.41609608763492445	1.1156932709568579e-08	1.10998725031494e-08	5.132824628958404e-09	2.0177793844384517e-08
YDR378C	-14.552080497575796	0.882123911301518	6.911856997968738e-07	7.141204987818793e-07	1.1249916395831296e-07	2.069266840876169e-06
YDL097C	-11.116408690687374	2.2592458951767163	0.00018264322698056143	3.090922805794721e-05	3.5000278633569454e-07	0.00011255883614178728
YMR099C	-13.18954921373456	1.3894049264149868	4.8169488301131355e-06	2.7150299782472103e-06	1.694545294042255e-07	9.435626902013139e-06
YBR024W	-16.31337792089557	4.370299588711824	0.00028622401775240655	6.25992636251409e-07	4.1102049719690094e-11	3.325170074182911e-06
YPR141C	-17.61525627454916	0.7670359071590029	3.0263260152412886e-08	3.0034170402761246e-08	6.336095463776572e-09	7.902437254792635e-08
YGR273C	-17.227442791679046	1.5681688404470275	1.0847478620034251e-07	1.1601575097282816e-07	2.4998756128929454e-09	4.4273434480578443e-07
YJL221C	-13.525170338741143	0.27600482461649745	1.3892694029087873e-06	1.3891076561576813e-06	8.490147095074055e-07	2.1050858527941322e-06
YLR021W	-17.264672971295063	0.29694895440328195	3.30817512466831e-08	3.319590592538433e-08	1.9485043924710076e-08	5.1758472331726515e-08
YGL258W-A	-17.726285530829905	0.5188464087741601	2.3096138462127278e-08	2.288526793308561e-08	8.522128544218236e-09	4.693687933281424e-08
YML129C	-14.536184646706667	7.029396922207039	0.022610075759811502	0.026396477119957424	6.059843278598063e-12	0.07821078092921921
YOL159C-A	-14.378104312397179	0.6014623823114855	6.942311977054009e-07	6.85455736250962e-07	2.1223664870194588e-07	1.5397208765030738e-06
YBR076W	-17.92092626843891	0.6560785871012196	2.0455955980721306e-08	2.0407239040352622e-08	5.596065432862756e-09	4.8347572347284904e-08
YJL112W	-18.26129915072756	0.7647848629728589	1.5655587634417502e-08	1.57098046596395e-08	3.333166442668977e-09	4.121436307215201e-08
YOR095C	-14.859806424407859	7.62803432849862	0.02783116137345454	0.04812802153944106	4.504185044246906e-12	0.3677038949645732
YDR324C	-12.159741870033892	0.3843581510547082	5.61335418230596e-06	5.363308190269806e-06	2.706980789507937e-06	9.176730773621557e-06
YOL039W	-12.648515313297091	8.754342707433388	0.07612880278388957	0.09460760754941247	3.65592327256138e-12	0.9257060233479656
YOR266W	-18.179239638299755	0.4679943506225006	1.4187806524098695e-08	1.4204476800690235e-08	5.8955162327128375e-09	2.749104354821936e-08
YJL172W	-15.31822717297923	3.005214931853098	1.8160313828120194e-05	8.378573260824483e-05	2.654114413918509e-09	0.0002166958844450034
YPL069C	-16.786730557208053	2.451951900483593	9.735247164215335e-07	4.5586045998085e-07	8.796539675115283e-10	2.02407316457694e-06
YGR003W	-18.898478694923092	0.46410723982706287	6.911930666292276e-09	6.905745440956984e-09	2.888116504834659e-09	1.329628157006512e-08
YKL021C	-15.686236866132228	0.9134477374096941	2.3436646652128456e-07	2.289083928282785e-07	3.402622417750954e-08	6.7405214091829e-07
YNL208W	-15.316512185491726	12.081920027082882	0.10366048716546475	0.15373418627608737	3.206683476819548e-15	0.9987752351549719
YBR053C	-17.922115041867933	0.22087957661153199	1.6823686944442925e-08	1.6869230785748953e-08	1.144391650789093e-08	2.3668295034007445e-08
YKL174C	-15.02639846258621	2.180407764331772	2.8498027111299683e-06	2.113771269493158e-06	8.512834940864775e-09	1.0175381850044004e-05
YOR237W	-15.494193835959729	1.3196065191798951	4.204880169984825e-07	4.054206671892758e-07	2.102467224878083e-08	1.496807747188618e-06
YBR169C	-12.098123182809056	1.0640029515039124	9.899369160748028e-06	3.2325760933595657e-06	6.204983121787628e-07	8.03199518769141e-06
YBR242W	-17.332230539054713	1.1661361738904017	6.034311625825223e-08	5.827511686494913e-08	4.353223847524792e-09	2.0070249422428986e-07
YML013W	-17.61080823730385	0.8775858968552455	3.329810702958127e-08	3.276345193462332e-08	5.2912335064640914e-09	9.414356698847125e-08
YJR137C	-14.591430288092804	0.07151795141309127	4.615195015997831e-07	4.610282219475862e-07	4.0882006802685974e-07	5.172102997176498e-07
YMR149W	-17.14713138501333	0.43629889092872126	3.917167007762868e-08	3.930831599999505e-08	1.74342776646607e-08	7.32465072454736e-08
YJR005W	-17.10369320249533	0.249968559798754	3.835533834212004e-08	3.8504573314457805e-08	2.4739055856739076e-08	5.6281281078319115e-08
YLR001C	-18.37712012089191	0.7288174239125036	1.3703094824563003e-08	1.359958104880004e-08	3.1459021516153315e-09	3.4519548776410585e-08
YLR164W	-16.785158453269965	0.9034380318732059	7.779301188972829e-08	7.716570570949295e-08	1.1611359484986423e-08	2.2650907241325528e-07
YDR349C	-18.163488736253335	0.14628421469547048	1.305215330797052e-08	1.3071880907322174e-08	1.016697529084468e-08	1.6447530521345965e-08
YKL208W	-17.312146945850095	0.5536793214069361	3.5821829191472344e-08	3.5311580372413167e-08	1.2175796372186024e-08	7.526503365398087e-08
YJR056C	-17.166245681343703	1.0191757735918245	5.91124963173344e-08	5.898123406416696e-08	6.5568623343727165e-09	1.874529595154473e-07
YPR049C	-18.006579170608298	0.3180777173202635	1.5930587156466046e-08	1.591439067993845e-08	8.966183442068291e-09	2.551851373809944e-08
YCR038C	-18.696163794572335	0.6546013450265675	9.450787422247853e-09	9.403488602214553e-09	2.586501183141033e-09	2.2261317369385948e-08
YML063W	-9.969348935345758	26.484428566826526	0.3522645530977261	0.486591513767523	5.165822951785973e-21	1.0
YJL070C	-18.13325425984744	0.5397975489811291	1.5391977347900147e-08	1.5409985540839244e-08	5.480520103309381e-09	3.233763826524144e-08
YHR042W	-12.248279220898391	0.44498047760675646	5.264483162431609e-06	5.876143433176143e-06	2.4825938575148514e-06	1.1256615522012305e-05
YBR272C	-17.477596476289314	0.6044287223098178	3.101502644030581e-08	3.078549319841925e-08	9.49189597853597e-09	6.926908583873422e-08
YMR314W	-11.18522665530413	10.014865528539394	0.13296188511177834	1.179245835166517e-06	3.638829273098206e-14	6.7472480340351476e-06
YMR160W	-18.18696174996962	0.3757911459739124	1.3527886367611128e-08	1.3558508934089183e-08	6.808289997635281e-09	2.3426452457500027e-08
YDR500C	-11.521212030137528	11.476925124566137	0.15880808053871803	0.18481513284695777	1.4594300579633238e-13	0.999699836766857
YAL026C	-10.370506270171015	0.13934472699060094	3.160705414155006e-05	3.023833189301949e-05	2.3952527703169756e-05	3.7496131770069074e-05
YML114C	-17.847094448713456	0.7721494480211243	2.4068489270691204e-08	2.386874851481325e-08	4.976751617858352e-09	6.30456222990754e-08
YIL129C	-10.921118758757936	0.7541417712435042	2.379664828160473e-05	2.375013435635283e-05	8.208504245434765e-06	4.820338849260517e-05
YCL049C	-18.15564090342827	0.18040171600598973	1.3242643604612917e-08	1.3247199718374559e-08	9.685034260098534e-09	1.7533102442334728e-08
YLR295C	-15.77837929257016	1.895025192559124	8.154286406361568e-07	9.634573657562024e-07	6.295069768609768e-09	3.548672498340468e-06
YDR227W	-18.742803260823116	0.46607992814154736	8.009814233484768e-09	8.057574258968462e-09	3.3611596001616434e-09	1.5540017678594666e-08
YBL034C	-18.402399622537764	0.21085584623735867	1.0406559133664954e-08	1.041502536631755e-08	7.199530577159495e-09	1.441189610620479e-08
YBR283C	-13.433835298507754	1.2044921671665587	3.054655926874995e-06	2.1409475047264083e-06	1.8806176225913617e-07	7.0461620656593215e-06
YLR036C	-17.501630513922414	0.7701503252635221	3.422538016279139e-08	3.3574017082972696e-08	7.044876721520045e-09	8.844168053486843e-08
YLR194C	-17.701985362717956	0.33120327659989623	2.179453434129287e-08	2.1667467934658037e-08	1.1892796170421044e-08	3.5359535159566e-08
YKR049C	-14.371365488005674	5.429985751941843	0.005688632951010383	9.914698420022003e-06	4.052523763011038e-11	2.989048340421633e-05
YPL178W	-12.460867163755163	0.8321593991240327	5.475467273426594e-06	5.271205868562975e-06	9.819400520635322e-07	1.4347565046014222e-05
YMR071C	-12.45373773865226	2.014974999163697	3.123996594513149e-05	9.670353910803376e-06	1.2430895751840233e-07	3.826465071545092e-05
YHR216W	-13.13333811616844	1.2168949195115744	4.283970274206596e-06	2.50597592752872e-06	2.3547595779287296e-07	8.022261306086739e-06
YLR335W	-18.702983038115185	0.2652245176317351	7.828988859673822e-09	7.80963902444863e-09	4.872335920344623e-09	1.1659756537928213e-08
YLL036C	-17.935442747512703	0.5661509075315949	1.9000684596774937e-08	1.9034759842404846e-08	6.395655990790395e-09	4.111624893976451e-08
YKL172W	-16.049680843302617	0.44335095620279824	1.1731041483161462e-07	1.1812160480107377e-07	5.1602954425009085e-08	2.2188781619711614e-07
YGL071W	-18.4817131414356	0.3713181672003148	1.0116731653913823e-08	1.0078318420171221e-08	5.104657304551671e-09	1.731829940680204e-08
YBR063C	-18.17209117832767	0.3226123466592276	1.3558436238017525e-08	1.3505290628117352e-08	7.538118109981475e-09	2.178767105385192e-08
YMR278W	-17.84604551677416	0.462709069494704	1.9877708360401902e-08	1.9752276302384667e-08	8.292403973279036e-09	3.797315476808282e-08
YNL177C	-15.86704964303585	1.286691653888985	3.0676418012415417e-07	2.880296152195362e-07	1.5449786390612338e-08	1.0497485438117529e-06
YKR091W	-17.716697410557522	0.3644138428398905	2.15790873404986e-08	2.160037106896609e-08	1.109547604076407e-08	3.67976175509966e-08
YKR065C	-16.476403858753606	1.985843963985989	5.191704208886596e-07	4.5176616281956386e-07	2.656585073841818e-09	1.792307769865566e-06
YMR141C	-17.654231546440265	0.24092178953987967	2.214895211264842e-08	2.215528812730678e-08	1.447939328413105e-08	3.1975069957084814e-08
YBL009W	-18.648458534030347	0.41298529384958876	8.647949748582319e-09	8.667892059257534e-09	4.0341689105735785e-09	1.5697360710367467e-08
YMR116C	-11.419291498133086	5.171687200679095	0.019782712927595095	0.029202974243101216	1.1706139374930719e-08	0.13651916751442075
YPR056W	-13.068604964807443	8.712791324810096	0.07081328490247316	0.11963911527932852	1.830219385621468e-11	0.966265137744795
YLL028W	-13.94525626551417	1.7194371966833881	3.729704827724839e-06	6.651566517994549e-07	3.351951564575229e-08	2.3007453138851145e-06
YCL029C	-15.919795011280208	2.6358054336403733	4.224153944912743e-06	5.051276721642911e-07	1.3713928328133274e-09	2.4564640581763632e-06
YKL085W	-11.492475229018007	0.4525346054272129	1.1299449867025388e-05	1.1289099119916003e-05	4.901243679574998e-06	2.116207876708984e-05
YLR447C	-11.000373867836013	1.371875651002825	4.302859237564388e-05	1.44452325028168e-05	1.3053671084216335e-06	4.4832849115671825e-05
YMR276W	-14.995468114234379	0.8533131602683227	4.4152395885237244e-07	4.549367059468588e-07	7.62247228326587e-08	1.2959089987095048e-06
YDL231C	-17.922274805206094	0.24179914779142134	1.6940943791346845e-08	1.6951581818444375e-08	1.1058949473750446e-08	2.4501688183536925e-08
YHR136C	-17.744154101347654	0.6717050553757553	2.4432991474278816e-08	2.4636916720060902e-08	6.508479891466323e-09	5.932126303201586e-08
YPL158C	-19.09293945553231	0.315096369418743	5.360419231013018e-09	5.3639610891042174e-09	3.0389128402227035e-09	8.568944037763175e-09
YDR317W	-17.900016992113656	0.2135252276492915	1.716959227619922e-08	1.721929615678168e-08	1.1842156383759877e-08	2.390645640619159e-08
YMR205C	-11.634288699330634	0.06275441836471372	8.881579882604788e-06	8.876387573625297e-06	7.990763634300518e-06	9.821179672384682e-06
YDR407C	-18.1823849994043	0.3223153272672469	1.3425184266095169e-08	1.337121908102105e-08	7.46842071698557e-09	2.1565139221789138e-08
YJL043W	-17.27933404943264	0.2859376941212886	3.261928120411814e-08	3.2612436970570765e-08	1.9552768093516694e-08	5.0090508867632614e-08
YML027W	-17.05260784166689	0.8030650905650208	5.540191685190776e-08	5.392198441308854e-08	1.0454937524557568e-08	1.4605177989627805e-07
YML002W	-18.388177577399752	0.2311956638971217	1.0623861310905007e-08	1.0610076084147873e-08	7.062362262591209e-09	1.510501719538523e-08
YPL131W	-10.332907026568998	11.127033558423122	0.18109270823444668	0.25618660134958204	1.1993029877957457e-11	0.9999448052019001
YPR032W	-18.272168989315965	0.5688489035904151	1.3622027819347308e-08	1.362833968571766e-08	4.546921195350197e-09	2.9518363754376284e-08
YOL158C	-13.255677542300825	6.404225091526885	0.023258719926805914	0.05564516987537681	3.01534379914457e-09	0.4450984744982652
YBR108W	-18.672899622551036	0.2601965761724185	8.06216648898879e-09	8.03318738515016e-09	5.060773651261312e-09	1.1912015779694568e-08
YLR079W	-17.50924384978584	0.6433025711896189	3.038584394351778e-08	3.053922349585739e-08	8.626015554198138e-09	7.146041389957359e-08
YER115C	-17.05274124803777	0.8377169894498436	5.573344971635679e-08	5.5870588377092046e-08	9.89975365295667e-09	1.5600368360976455e-07
YDR345C	-14.703800709955383	1.4466899499361388	1.1321138695437214e-06	1.4403380371302227e-06	3.979316862768865e-08	5.8393529381536184e-06
YCL014W	-18.472214988571928	0.4422848660448652	1.058138804812922e-08	1.0454105204903926e-08	4.581802541516575e-09	1.96045723951678e-08
YCL043C	-13.740875194963289	1.274101657787788	2.398876708422174e-06	1.6438107916672044e-06	1.2311796143998178e-07	5.606865775805576e-06
YMR292W	-14.477759601832938	24.255099492476496	0.2810416507598127	0.3451656677854201	3.5287750560313634e-23	0.9999999999992963
YER182W	-15.87617530545044	1.3274381401072728	3.1483660082424536e-07	2.582526808601979e-07	1.3926093600340327e-08	9.480211195718568e-07
YKR032W	-16.45391455024305	1.7788359472644422	3.4119471439182495e-07	3.6858224096026257e-07	3.842317602121817e-09	1.3875873347215893e-06
YDL036C	-17.522931882755934	1.4531957252087913	7.169301586445726e-08	6.823988774289307e-08	2.237206269174105e-09	2.611801149022442e-07
YPL213W	-17.0206175649409	0.9579930676689689	6.350853678535672e-08	6.361381401453427e-08	8.36216859754486e-09	1.9398523865538617e-07
YNL023C	-18.319744477827903	0.09287819764748731	1.1113723159318042e-08	1.110993165794077e-08	9.49475947319179e-09	1.2888077817722554e-08
YJL078C	-18.980197407531655	0.24317607520043732	5.868798610180332e-09	5.88481189445904e-09	3.829228300850234e-09	8.522377151781604e-09
YER128W	-17.128317816875047	0.8050048106672043	5.1475234178840734e-08	5.042094808907832e-08	9.686601842664225e-09	1.370629559199388e-07
YGR075C	-17.216367614769247	0.5291865344876174	3.849777324550828e-08	3.8308022056822367e-08	1.3951100078907214e-08	7.94279923475301e-08
YOR150W	-12.748829976649128	1.896898510840506	1.7026879449314492e-05	7.5632176405176315e-06	1.1674703080565791e-07	3.017152012190038e-05
YER060W-A	-16.53326988696876	4.958561473913184	0.0006604561775948365	1.0375739459807624e-06	1.2735190416332155e-11	5.615611390807608e-06
YBR191W-A	-14.363822763313644	2.641869403825553	2.1879771898268782e-05	1.9792488267504793e-05	7.586299581551026e-09	4.770613860408157e-05
YDR173C	-17.68407025059509	0.2948017088555153	2.1874102424369423e-08	2.1815416217148878e-08	1.2855676940406152e-08	3.390837951231492e-08
YGL111W	-17.926049421767807	0.4602930293232694	1.8096869563031288e-08	1.823482105202268e-08	7.690999247917566e-09	3.496620667194316e-08
YLR199C	-17.110065682551927	0.24052489710599964	3.8226178241037577e-08	3.817160780340038e-08	2.4966756829479363e-08	5.50625679231534e-08
YHL001W	-12.306436435313069	29.32074887541056	0.3458206019006004	0.4166255305043344	1.808250167513481e-25	1.0
YGL061C	-16.549641077061956	2.233917614971485	7.7259367762536e-07	4.6673302014555583e-07	1.6177502757573405e-09	2.0522890975865754e-06
YKR106W	-17.33544429111584	10.304848721129654	0.0502597202028876	0.12413184852177767	7.810734769184121e-14	0.9802162397622728
YGL236C	-17.988714028881937	0.42348484358555044	1.6891529222446822e-08	1.684034877400634e-08	7.669539882976692e-09	3.0891827482078205e-08
YLR371W	-10.651504774949851	7.210429204434171	0.07376215914183093	0.1682839138995238	3.931599559786482e-05	0.9779871798784013
YER178W	-11.57630173436423	0.7168450839881332	1.2113017219363446e-05	8.666851126707748e-06	2.5442711252592176e-06	1.9025553030816506e-05
YPL233W	-16.490970084670103	1.306363140390455	1.655442652634781e-07	1.586573576803577e-07	7.998019741596856e-09	5.808502836698331e-07
YDL104C	-17.941372247446402	0.5840268067379853	1.8789175056829548e-08	1.915333347833425e-08	6.179208700380887e-09	4.2168030929965176e-08
YIL022W	-11.151902698556066	0.4199670149056966	1.5657550284290482e-05	1.568748589591489e-05	7.332071754718088e-06	2.8189629633003942e-05
YFR015C	-11.599041573900601	0.38566630987658695	9.87546065197963e-06	1.000771701483326e-05	4.980386373998914e-06	1.7281297272941915e-05
YLR341W	-18.14568787940602	0.6835910405187214	1.6528843920369157e-08	1.6586704428392204e-08	4.271654002586818e-09	4.035379687208001e-08
YNL062C	-15.45849872085905	1.8685354784170214	1.0754127210810746e-06	6.818008816227097e-07	8.655570236838126e-09	3.0095429283855635e-06
YDR073W	-17.28090790888468	1.0463268192776265	5.330656790538825e-08	5.385320283396476e-08	5.581810369458117e-09	1.7390433558490642e-07
YPL143W	-12.307287344571657	9.54276646782088	0.09943479188469745	0.12236357386745376	1.5223562632334778e-12	0.9849951356881617
YPL032C	-18.170368910393286	0.46734503604550554	1.423225529146538e-08	1.4325203215297181e-08	5.954402897699466e-09	2.768567313127878e-08
YPL087W	-16.134049094741336	12.693776718230243	0.10224081356112281	0.18425807490620305	2.0817792942274687e-15	0.9996834241249521
YGR192C	-11.77168975993204	6.325003762138562	0.03657514473835707	0.0591472675976394	1.8815561606540415e-09	0.5048239381448207
YJR152W	-14.63280643221601	0.49119339225238656	4.947835100527405e-07	4.764149264481076e-07	1.9166325060183715e-07	9.347611547218624e-07
YDR017C	-18.445917404192137	0.06317475388851757	9.757809586535626e-09	9.77011076348256e-09	8.787472318507059e-09	1.0817525597731575e-08
YBR231C	-18.0905816296517	0.1492885706005317	1.4025226610653118e-08	1.4066210196349818e-08	1.0879398037376874e-08	1.777903052200555e-08
YDR194C	-17.377039668493076	0.23262969727755717	2.9167798428492893e-08	2.917781588541794e-08	1.9366767006699603e-08	4.1633024881364973e-08
YGR010W	-12.40015860021317	7.233564072480481	0.05117434347676916	0.08510159977130008	4.771100293077723e-10	0.7998728178471513
YDR174W	-12.053342400170502	26.103291576384965	0.3170813139050305	0.45412594849744664	7.489463521453276e-22	0.9999999999999993
YDR024W	-17.627592481433517	0.49409797472885947	2.496741154603175e-08	2.493160337649006e-08	9.789578954252899e-09	4.970348366635723e-08
YPL037C	-11.307402663064702	15.348503452741564	0.23656603890379502	0.29271424019572256	1.2141400108780868e-15	0.9999998338583237
YPL221W	-17.28663087415857	0.42301423569939606	3.398526324961225e-08	3.397759223163607e-08	1.5488760898911558e-08	6.229003176690389e-08
YDR130C	-17.32831388964491	0.5958820286953747	3.566220886203056e-08	3.559868944965229e-08	1.1176279697403077e-08	7.937656254335272e-08
YCR051W	-16.756149686750128	0.664684942790677	6.64505500242117e-08	6.563923587270501e-08	1.7665362400611167e-08	1.5683293244869347e-07
YJR098C	-18.08375006149158	0.3795438144248721	1.4976038402125385e-08	1.505019942363582e-08	7.497520287543689e-09	2.6134192595053033e-08
YFL040W	-16.801532924066983	2.2301205180863	5.801385377476923e-07	7.188412444329573e-07	1.3208080181604293e-09	2.6513398916071396e-06
YLR110C	-15.433713152954576	1.4813974570471222	5.930280781440178e-07	4.919027989139316e-07	1.696872914725908e-08	1.925294737029646e-06
YOL106W	-17.60419157589144	0.37198874059960213	2.4170600860730347e-08	2.424234101261209e-08	1.2262805475263746e-08	4.1695251491531824e-08
YBL056W	-16.128491324377087	0.37641551648491667	1.06451889757764e-07	1.0626067422050593e-07	5.3281239974587525e-08	1.8382137338839596e-07
YMR132C	-17.02070501457724	0.5518914870009516	4.711217419309843e-08	4.720265977238876e-08	1.6343590290641627e-08	1.0043587952976504e-07
YLL014W	-15.306598728981905	2.1718400803638187	2.3095277035796495e-06	1.4171415404272295e-06	6.1488492124891824e-09	6.007786859691355e-06
YBR035C	-11.18595477652793	14.73569743679584	0.22150931904148838	0.3086019488646291	1.0920801543685582e-14	0.9999997552567601
YKL091C	-14.500937591242243	1.3138388050621292	1.1771105303385235e-06	1.0954066602990972e-06	5.743180467389862e-08	4.047097963450033e-06
YER006W	-13.664901441597019	1.1342052833589191	2.1712200365702805e-06	1.5275131305594561e-06	1.6492999815585012e-07	4.771230708762188e-06
YGR093W	-18.525991785333595	0.24462840832243724	9.27407530051964e-09	9.271962269999004e-09	6.0163306956007825e-09	1.3454150422896001e-08
YOR243C	-14.873005992348178	0.22304173301348296	3.573785483946129e-07	3.5638024119664256e-07	2.4074078513509653e-07	5.016330518169907e-07
YDR392W	-11.844056692666479	4.819129536221703	0.010141285187496069	0.017914117494123645	1.211189249140087e-08	0.05739934407294502
YPR162C	-17.736382723051925	0.22058589093123493	2.0292269669248716e-08	2.031334868133905e-08	1.3791150813843352e-08	2.8495296666175683e-08
YHR208W	-10.81012339458625	3.7238682462807677	0.00471279605073552	0.007609335654082415	2.3000352223397375e-07	0.02035033658009893
YAL049C	-16.499399501707508	1.743742090758483	3.1597123282119025e-07	2.5000988146026525e-07	3.814199842636558e-09	1.0431033480969288e-06
YIL067C	-16.661828537174138	2.774447296115055	2.365408045023331e-06	1.3101991037239186e-06	6.241571603282211e-10	6.280258549247751e-06
YDL081C	-11.850419941526477	8.156525959966347	0.07380695343170499	0.09289926638955479	2.1785652805591257e-11	0.9031228368350825
YLR414C	-17.261446270736037	1.1122770072299506	5.8384067192262755e-08	5.7278594667929355e-08	5.078642945784525e-09	1.9134906335029592e-07
YDR189W	-13.617066910582205	9.043952389342113	0.06983372830160484	5.372405281601335e-05	2.2973225319679473e-13	0.0001269451603809542
YBR274W	-15.561473328817508	1.7858787064982586	8.396118168533217e-07	5.969564097099754e-07	9.010280531142617e-09	2.560659560369357e-06
YDR098C	-16.218208344152067	2.6702572462662997	3.1896526396564416e-06	1.5107236890695554e-06	1.114389015216227e-09	6.244364003266961e-06
YBR042C	-17.062905530595295	2.0550112121568107	3.3216631329178105e-07	3.390760934724375e-07	1.3317801617472576e-09	1.2442354974890239e-06
YMR056C	-14.717705253909068	7.221482975378577	0.023340347230612922	0.043496773790172784	1.2781604193930286e-11	0.2919901653971476
YBR140C	-18.00539501685939	0.4511947278039491	1.6742559958326126e-08	1.6743820420326716e-08	7.201054957311024e-09	3.172744761250572e-08
YMR230W-A	-16.84226350311014	1.807981559986896	2.276752620014917e-07	2.0943248187388076e-07	2.448228289376013e-09	8.598026766634682e-07
YJL102W	-18.055437693249537	0.9361513483942441	2.2488082406814793e-08	2.2116045801353865e-08	3.0798978328777793e-09	6.630609881977951e-08
YOR249C	-18.521527502923114	0.4255053560231162	9.912414699870829e-09	9.895806221742076e-09	4.486694545211319e-09	1.819230391577483e-08
YKL193C	-16.952769167754873	1.1386611910667699	8.244489977851653e-08	8.392151080195598e-08	6.6809585304071366e-09	2.855696213740569e-07
YCR006C	-17.5244113774906	0.7162472004387451	3.182236850910722e-08	3.168594054638208e-08	7.543250851447596e-09	7.960330366002062e-08
YHR132W-A	-14.407696752045874	5.825441306177024	0.008090536777222742	0.012197808245061099	5.7445250108642914e-11	0.017258607283298703
YLR361C-A	-17.693003945279038	0.15767245187303897	2.0938805074650152e-08	2.0961447526039573e-08	1.5972943990570742e-08	2.6826096107203166e-08
YPL265W	-14.947414063027233	1.668539446429249	1.2885858287263626e-06	1.203173173297918e-06	2.116868661499512e-08	5.207804984967927e-06
YAL003W	-12.739405249180843	1.98736197541289	1.9295175243438935e-05	3.104005609404261e-05	1.363284001529356e-07	0.00011769310407606677
YJR044C	-14.375456859700487	5.375101510670193	0.005513601364511372	0.007860976172143163	1.237126038473421e-10	0.008791761143616267
YDL115C	-15.717135133331745	2.419201652161566	2.969322718658885e-06	9.006682450552491e-07	2.62397965431708e-09	4.217063048301329e-06
YLR218C	-17.247066993158064	1.9317277345666495	2.1265877584565877e-07	1.6024288021710813e-07	1.3272643375587534e-09	6.750072302054605e-07
YOR319W	-16.14250122903554	3.4994452725946994	4.046967378266104e-05	6.794685565522372e-05	3.5497539099650974e-10	7.861316937671783e-05
YKL129C	-17.022734718783745	0.08114574745742004	4.0598781010351204e-08	4.0600052675746874e-08	3.540734777863486e-08	4.6241751372313975e-08
YJL069C	-16.355365174521417	0.3316751301154255	8.3618426287112e-08	8.336874014146686e-08	4.5709529691160696e-08	1.3611421367176092e-07
YJL082W	-12.248404423728923	0.18012486180538198	4.89122942797337e-06	4.87725533342305e-06	3.5688546064604434e-06	6.451182010342476e-06
YOR337W	-15.763333635514705	0.12381936655434171	1.4377315864662185e-07	1.436935100126123e-07	1.1630936992910595e-07	1.7479441092413942e-07
YJR159W	-15.85136647871054	23.647768648174225	0.25085978298564643	0.36032194743106627	1.293549919374185e-22	0.9999999999980898
YOL058W	-12.201981026185374	7.540749024912384	0.05601903751122646	0.10236139142924232	5.224724358749718e-10	0.8974408423551975
YGR103W	-12.667539681417972	7.928139057812037	0.05855678826394219	0.1266015181123521	1.8383588886731302e-09	0.9553601447725272
YDR091C	-10.806422088055976	8.886202478002666	0.11702516306865783	0.21132179746293286	1.21137985305203e-08	0.9980311881734125
YDR132C	-17.753676114015384	0.8776328869829806	2.8518433885343655e-08	2.8550678840680225e-08	4.592894453780573e-09	8.219146968699354e-08
YDR538W	-15.776577970981586	0.993360517959221	2.327167716683687e-07	2.2271957123537273e-07	2.7197031732246283e-08	6.918727337716888e-07
YLR367W	-11.556937092850555	21.801120483669525	0.300368843158667	0.36266886600670234	3.0329949418960395e-20	0.9999999999961908
YBR177C	-17.329878223471447	2.366097316367938	4.248399105799593e-07	1.6635593245736023e-07	5.694281023145201e-10	7.752987875436648e-07
YNL022C	-15.715308314532146	0.4558431379021684	1.651577823377398e-07	1.6645546948040048e-07	7.077957835373854e-08	3.175771149225892e-07
YDR013W	-13.669126270390686	15.881532840092827	0.19877696772757886	0.272070925193565	8.333461935169676e-17	0.9999996515134371
YDR411C	-17.552294593036045	0.7256569675163352	3.060900946341437e-08	3.095103196089496e-08	7.214768611729193e-09	7.834856175253032e-08
YLR370C	-11.100751871738746	5.563881822569674	0.029600791171203317	0.037390112764525175	3.967920784925706e-09	0.21744279526036694
YJL060W	-14.565231510060537	1.8203094458841098	2.415660414222644e-06	2.5553634310018242e-06	2.4858686769842236e-08	1.130454560355988e-05
YMR159C	-17.005605212988435	2.015290645860025	2.958344588453315e-07	1.9303515768576345e-07	1.4528918831555917e-09	8.47686151265747e-07
YHL035C	-18.217037896561074	0.2662813344027733	1.2721226114459893e-08	1.2695705888924904e-08	7.907237652292769e-09	1.8980252129991522e-08
YGR134W	-18.567314790351652	0.3228374175936681	9.107466492300153e-09	9.098437569878106e-09	5.077885584642625e-09	1.4680066166844676e-08
YDL212W	-13.305439939424966	3.183864929853062	0.00016661070430803134	3.0386068842644644e-06	5.624057688518858e-09	1.4008137819616935e-05
YIL031W	-18.37259776445439	0.5491662222484559	1.2202945995866858e-08	1.2198920718286783e-08	4.25165844848615e-09	2.5871661808670957e-08
YJL062W	-18.053215236396632	2.0988284418092	1.3249574321648086e-07	1.193939831746426e-07	4.572853563432751e-10	4.5755947453868175e-07
YML077W	-14.04729496442537	11.139986979754756	0.10582976865603114	0.1423219170501433	3.3232572310723e-14	0.9969052607726311
YGR122W	-17.943807657103157	0.48480067697517504	1.82122484675774e-08	1.8114037098402403e-08	7.251457712534696e-09	3.573613232626442e-08
YJR108W	-17.7038812660548	1.4048518527335534	5.2631097800953115e-08	5.3925023767593505e-08	2.026287215495259e-09	2.0327909231144196e-07
YGL064C	-17.832947081454172	0.33879827100839793	1.9012099173843798e-08	1.9059972475754823e-08	1.0303312922439026e-08	3.140878779695459e-08
YKR029C	-18.70324361947582	0.2685419526544546	7.839350241774374e-09	7.814634618656657e-09	4.844531410696737e-09	1.1720441728442209e-08
YGR180C	-12.752151540299517	2.9775822467396122	0.0002014118355436756	0.00041522086572451806	4.332500488232818e-08	0.000977240070253001
YLR137W	-17.896799256320215	0.3913970231184042	1.824420782345474e-08	1.8212330505892397e-08	8.864070352469444e-09	3.208606622739401e-08
YMR057C	-16.786621163127116	0.8742221390792823	7.637746645994513e-08	7.466888902804758e-08	1.213122236908478e-08	2.140726554115683e-07
YCL017C	-11.807705427397147	2.5246327850011543	0.00015547202977043634	0.0003618874245204381	3.671963785300749e-07	0.001132523506804579
YCR054C	-17.725658645381323	0.2134585583321952	2.0488470503979663e-08	2.049774322678885e-08	1.409942279040904e-08	2.8457090185367496e-08
YJR118C	-17.004165468119886	0.6632634468761375	5.1087929342919635e-08	5.127332061176793e-08	1.3832130810694267e-08	1.2235921275607915e-07
YHR102W	-18.33798391430623	0.2447980309836538	1.1172874941771266e-08	1.119216163007203e-08	7.2615829743232105e-09	1.6241574144989826e-08
YHR025W	-13.967984349402238	12.664146129520924	0.13278513282351648	0.2350992692887253	5.10857687899722e-14	0.9999539088769825
YJL116C	-16.1232852291077	2.3247352489178494	1.4705803317998433e-06	7.430021336975359e-07	2.1324550372278623e-09	3.420862902196772e-06
YOR217W	-17.867521900298875	0.7048299643049514	2.2383409079512807e-08	2.22506295939663e-08	5.447712649059944e-09	5.524515402172105e-08
YNL032W	-15.651751425081736	2.6245114268256837	3.778711906566297e-06	2.2225736420524085e-06	2.1260935719201757e-09	9.64843813994235e-06
YOL019W-A	-16.12407559016078	1.6082355148878384	3.587657319789375e-07	3.114747877210647e-07	6.964548249659283e-09	1.2539096229764119e-06
YDR505C	-18.264899986847873	0.14653514427650466	1.1819579366696326e-08	1.1811777481555171e-08	9.182694968465113e-09	1.4867482794902018e-08
YDR363W-A	-13.160697202890285	3.439926067049488	0.00045421691589694256	0.0005557409962530349	7.87458833037858e-09	0.0007672923951075635
YDL091C	-17.721583795348984	2.196827497520786	2.9965898866294776e-07	2.4383360146401727e-07	5.46079534563241e-10	8.179339810005042e-07
YDR216W	-17.864855032116743	0.26472618388778196	1.8034363348072435e-08	1.8054273516135012e-08	1.1274257341743334e-08	2.693569469716151e-08
YNL002C	-14.151652473746205	0.9218469967312849	1.0984052228709553e-06	1.1160060343976719e-06	1.5799812058831877e-07	3.342811337889006e-06
YGR024C	-13.7992183708056	7.876766660668304	0.04539917469063125	0.06750504690764535	9.716786004277189e-12	0.6755277050891094
YMR017W	-18.216172317152946	0.4929587405952849	1.390540542220409e-08	1.3850449166143259e-08	5.448852712162102e-09	2.7583128672622237e-08
YLR104W	-17.03491422219026	0.4485032384562048	4.426401583191901e-08	4.421795274145711e-08	1.9117032504454256e-08	8.360668114941736e-08
YNL113W	-11.341262143564515	1.926344296497687	7.623374833460466e-05	9.319299306066771e-05	6.253144280882606e-07	0.00034909947455010403
YGL025C	-17.570687843567562	0.10478172671741008	2.348987179071713e-08	2.3524661307355757e-08	1.9688763372602546e-08	2.7792675600736573e-08
YPL263C	-15.610837432665855	0.8338630204071169	2.3618414928800555e-07	2.3589988620657026e-07	4.218596626984338e-08	6.572771381875966e-07
YDR028C	-17.075440333654974	0.3955687184581556	4.1473545679827355e-08	4.147916974287661e-08	2.0002615480430785e-08	7.349783728335624e-08
YDR142C	-16.922944623399367	2.653531270252208	1.2626674234420437e-06	1.060911557540869e-06	5.783019058268574e-10	4.028527901702535e-06
YBR147W	-16.934549329563147	2.280073161028664	6.547167656074575e-07	8.964866241680709e-07	1.061802566786933e-09	2.499722477046136e-06
YER054C	-18.128826194756535	0.2931327113343045	1.3970071788091802e-08	1.3976594186931874e-08	8.266793697601702e-09	2.167508543211755e-08
YML105C	-13.569798806442984	1.7240823056893033	5.290629570320957e-06	4.298772177618961e-06	7.540928332210076e-08	1.7722546506509034e-05
YNL221C	-18.736391689068974	0.33587666736796273	7.800812780446653e-09	7.711373027077473e-09	4.194740565495491e-09	1.2658189732758653e-08
YNL272C	-18.277512002740828	0.510809363958663	1.3121736052649499e-08	1.3150310558137149e-08	4.980302145878518e-09	2.673616319122451e-08
YDR133C	-16.988946277059718	0.3754349068078552	4.4929248992296786e-08	4.491242345429344e-08	2.255917121371306e-08	7.757892605168745e-08
YDR194W-A	-17.112619633430718	1.0748157023086473	6.611637892538212e-08	6.546006217800088e-08	6.302161372607744e-09	2.1488011621313435e-07
YPR118W	-17.68213923721209	0.5422505627790488	2.43156376255192e-08	2.4231407329375486e-08	8.570070676515579e-09	5.1021228182589047e-08
YLR002C	-14.152384197449416	0.25988900523210295	7.37449313721137e-07	7.36952057535482e-07	4.648475637944479e-07	1.091685036373892e-06
YGR050C	-17.77710690465114	0.1909511711447639	1.941023355797251e-08	1.938129676416329e-08	1.3898007282379295e-08	2.604852776611869e-08
YPR005C	-17.995683430687627	0.3134841778437167	1.6072986158519566e-08	1.6067393274153794e-08	9.133162812377708e-09	2.5616911104038604e-08
YGL210W	-10.884207186399133	4.550431161795271	0.014093452452112501	0.018008933789234585	2.9170544110165423e-08	0.06003791389293157
YPL278C	-16.772111608174733	1.8077254937376406	2.536374477076448e-07	2.808502824171216e-07	2.6655292203177704e-09	1.0500747024660086e-06
YIR018W	-17.361834011267042	0.3691475313408883	3.080068646989531e-08	3.086079476827714e-08	1.5699149389170024e-08	5.2882668664014146e-08
YBL022C	-11.887314741144062	0.18682870607163737	6.985111230203156e-06	7.0636084567301074e-06	5.1076001862636e-06	9.427064791856626e-06
YHR012W	-16.45540106109633	0.4722886146913606	7.949095334011162e-08	7.977036825929448e-08	3.2792866351597134e-08	1.5509020054327696e-07
YJL031C	-16.856272511294215	0.14239317712621063	4.82816960736414e-08	4.828643332196793e-08	3.781710702041617e-08	6.041424890532851e-08
YHR069C	-13.359945243243553	0.9481469357033154	2.4607118867229504e-06	2.5880555006868296e-06	3.391389855226948e-07	7.947667685028541e-06
YLR357W	-14.187649705077044	0.3498241827073276	7.307326730066979e-07	7.401575069860408e-07	3.9028790201130693e-07	1.2406345908711178e-06
YHL019C	-17.957845051388126	0.6706603790458883	1.9835119558451966e-08	1.9894197250907368e-08	5.270937642901455e-09	4.787690560111591e-08
YHL017W	-17.110354058903745	2.9825961673022894	2.046173065747825e-06	6.063352542796775e-07	2.640718447308817e-10	2.9215405483127055e-06
YDL117W	-17.650386591813863	0.21132494416263153	2.2152276300756466e-08	2.2091859169309986e-08	1.5255178905907e-08	3.057440103001722e-08
YNL175C	-17.127344768808094	0.09020610942624434	3.65757864964605e-08	3.65978956584253e-08	3.1422845414659596e-08	4.2273589486010865e-08
YPL243W	-17.374824682244203	1.5694830159285729	9.77211675535552e-08	8.445154170971153e-08	2.120450931898179e-09	3.368649143056205e-07
YNL254C	-18.123589303687318	0.38787125498545016	1.4596190308802136e-08	1.451007015639106e-08	7.110994322596118e-09	2.5459534143321715e-08
YDR265W	-18.34057318916252	0.5122693490189343	1.2301591323449355e-08	1.2351428227398297e-08	4.660897557226544e-09	2.514195089709576e-08
YNR012W	-15.691184452975856	2.4391455824071255	2.7086649606034554e-06	1.0537801557730818e-06	2.666437373108959e-09	5.0209735810836e-06
YMR076C	-17.781632299470353	0.2295006221007484	1.943230177952789e-08	1.9453070553533227e-08	1.2989133836656017e-08	2.7636956622364092e-08
YHR116W	-17.055865327355555	0.7737183808666681	5.309009621613605e-08	5.280134381620943e-08	1.0964483012222637e-08	1.3961680511087283e-07
YHL014C	-15.88206735172657	1.8040602939340205	6.411813321000576e-07	5.679872160436165e-07	6.492817465349554e-09	2.364675923806907e-06
YIL008W	-13.684284098207124	1.2862052432651045	2.548170143821084e-06	2.280297456015146e-06	1.343677128991865e-07	8.189974922398251e-06
YNL017C	-17.430718336247942	0.4998754649757301	3.066168223988053e-08	3.049662523698618e-08	1.182564048256311e-08	6.124148577383972e-08
YLR284C	-16.900933284888147	1.6350037136307367	1.778573617474437e-07	1.5611566761365706e-07	3.0800957549958368e-09	6.271688239095096e-07
YPR120C	-17.718931217293125	1.3854817122355947	5.299672662575797e-08	5.326431037254639e-08	2.0652811979428503e-09	1.9879429919345915e-07
YFR033C	-16.566107310231878	0.6455921565840722	7.827880313411025e-08	7.876322985083292e-08	2.2091266023545763e-08	1.8496517595386745e-07
YIL070C	-14.274705343174853	1.0706298062775395	1.1041954267208385e-06	1.1345445054574989e-06	1.0913131713848826e-07	3.7399838193698028e-06
YGL012W	-12.103126350470982	0.23402449633239486	5.687826408011668e-06	5.755195179765573e-06	3.8053419420515976e-06	8.233389562930417e-06
YKR062W	-14.205609513527586	2.0695664815793595	5.919892818662513e-06	3.867739897704605e-06	2.29464385265929e-08	1.703753693940279e-05
YHR125W	-17.4158652150008	0.3371113191445207	2.8844696977163744e-08	2.8911643223520484e-08	1.568750373397156e-08	4.7531720763453965e-08
YOR230W	-13.120238087075402	4.976529788416308	0.007306529788841626	0.014195930226114508	3.5688691379892912e-09	0.037191339047483195
YGR210C	-14.369054653115152	8.791631099194353	0.05610127950170925	0.10778032719690168	6.842444940116081e-12	0.9423466882656061
YOL018C	-16.293156563065118	0.49465557562442813	9.628622618272463e-08	9.487421376035058e-08	3.720407792103007e-08	1.893884021835881e-07
YJL136C	-12.180379884543933	35.57283256439864	0.3671879479891848	0.41949296002109054	2.5667137735135602e-30	1.0
YJL007C	-17.103525064180708	0.94048020978392	5.805848945542149e-08	5.6881041814985987e-08	7.88655661808079e-09	1.706660320507848e-07
YBR227C	-15.937208834865439	0.46862191369812	1.3397754081241107e-07	1.3219511525009177e-07	5.50197293453957e-08	2.551689197461374e-07
YGR072W	-18.080526415961636	0.2596481379818832	1.4539400894968916e-08	1.4534224896599069e-08	9.167159179814882e-09	2.153870109676216e-08
YGR251W	-17.30573012781037	0.23623928277880102	3.137774194240448e-08	3.135458559908222e-08	2.0667293673898705e-08	4.495953560041607e-08
YDR120C	-13.592362540418387	0.38396870557495544	1.340744760836295e-06	1.3366725668035347e-06	6.618155334329322e-07	2.329245525088622e-06
YOR083W	-17.096037674223176	0.26681171553609384	3.894084939297854e-08	3.896647518779812e-08	2.4237606092233267e-08	5.830553112016143e-08
YBR278W	-17.44901377075525	0.6093323216216563	3.171905789070926e-08	3.180221186111193e-08	9.688571467674844e-09	7.192378384621626e-08
YDR014W	-18.786719803779256	0.40803187451204936	7.570946174652883e-09	7.533946226871226e-09	3.542012846791892e-09	1.3559549378809853e-08
YER145C-A	-17.28309835842169	0.6264151370270715	3.755808863311136e-08	3.7920796628114576e-08	1.11198793895595e-08	8.723392669296004e-08
YMR028W	-17.4853542614373	0.9609550169170992	4.012785285878798e-08	4.02917319322431e-08	5.236414471543688e-09	1.232278760826168e-07
YNL159C	-17.294369029689683	1.2675631716202256	6.952958778884951e-08	6.832882789951401e-08	3.8258171758419e-09	2.461349000517399e-07
YKR076W	-16.190069336437723	1.8182834043877003	4.7032558854899603e-07	5.0928292725553e-07	4.715776002963526e-09	2.0095646365970242e-06
YIL086C	-17.56510705337218	0.42724524431813116	2.594411428011017e-08	2.5736706049297923e-08	1.1634655556637168e-08	4.741369030835433e-08
YBR296C-A	-16.806700816604412	4.180334634429364	0.00014969993058609732	8.545072363797821e-07	4.0460155779987045e-11	4.23654457922962e-06
YER094C	-10.83171264005882	3.6902730133833876	0.004661597913945916	0.005860379687889907	9.608358160754963e-08	0.013612814919575968
YAR042W	-17.40609708843926	0.46749471131233683	3.089761813036505e-08	3.061333798248604e-08	1.2745321562548224e-08	5.911284797907869e-08
YBR028C	-16.503078302867785	2.4656598238640703	1.3717526749270352e-06	4.369330959201651e-06	1.3006978378376667e-09	1.3831380060638795e-05
YDR337W	-15.526282480911457	4.061182998071618	0.0002606856272031137	1.687558130445965e-06	1.6932202414452057e-10	8.748211605680449e-06
YIR011C	-16.87096569546788	0.35793074252031465	5.0389944024193596e-08	5.02084133665076e-08	2.6126340115481452e-08	8.481824507411335e-08
YIL045W	-18.104888191440246	0.45049707966442326	1.5169475802189876e-08	1.5175697104581748e-08	6.531293894022862e-09	2.8752032233912524e-08
YDR050C	-11.603502601378702	19.349501138541786	0.2793247112453599	0.3787532326792376	9.841260541829687e-18	0.9999999999076314
YDR488C	-18.5264717354084	0.25648813173385354	9.29856879836441e-09	9.29623885722334e-09	5.897153654862573e-09	1.37123589077975e-08
YER149C	-17.641700548822833	0.4687833741747436	2.4263718293487414e-08	2.4290942467743813e-08	1.0071233004661442e-08	4.701406738159173e-08
YJL127C	-14.411681351521972	0.4323381019273856	6.023578031378651e-07	6.000302519596082e-07	2.692285688269691e-07	1.1095338395390278e-06
YIL162W	-14.694594607238239	0.5922472645703855	4.89264368188214e-07	4.974660491854272e-07	1.5716377592334638e-07	1.107133673836129e-06
YER045C	-18.24140867994806	0.6787584375857366	1.5207071835034654e-08	1.4968986515999176e-08	3.904248250416454e-09	3.6223268021411457e-08
YNR010W	-16.747144111163784	0.7853839543533601	7.35889527451116e-08	7.223160889298053e-08	1.4609609690531015e-08	1.9282182075236877e-07
YGR141W	-17.16931634989391	2.349459889655153	5.960737562109973e-07	2.6783858968638744e-07	7.138051875797412e-10	1.2109589914045596e-06
YJL163C	-17.783414121477968	1.0470535595631245	3.2818251597028685e-08	3.260780487506794e-08	3.373026213076941e-09	1.0533978591922026e-07
YCR066W	-18.091046786173088	0.4423694947501333	1.5336026601409603e-08	1.5333488023868484e-08	6.716296797782749e-09	2.876597523318055e-08
YIL142W	-10.690942197158572	1.0313940371056092	3.913650477932999e-05	3.000383187230607e-05	4.521422451211572e-06	8.462236149883773e-05
YLL012W	-17.193536496598377	1.4414611981178906	9.540340354508568e-08	9.613351638674456e-08	3.1853967299127112e-09	3.6535937889786043e-07
YDR274C	-17.62907957308284	0.30718878106593533	2.3193243319835845e-08	2.3133633119567627e-08	1.3308195664081145e-08	3.6561995063141696e-08
YER057C	-15.110054397716292	13.816931387405226	0.13712950592105527	0.17759502943844793	1.3301410306889201e-16	0.9998999936504601
YBR112C	-17.137552205204834	0.257670443876793	3.726180019448762e-08	3.72711768516884e-08	2.3594892008843586e-08	5.5077852300923805e-08
YOL088C	-17.529998303850284	0.7034718707088876	3.097687045597216e-08	3.121744253018502e-08	7.660530780676966e-09	7.751362343351674e-08
YNL225C	-18.1153764675882	0.32916503763216165	1.428388021368915e-08	1.4323408997069137e-08	7.892380847089138e-09	2.330871744093566e-08
YDR169C	-17.75575673106227	0.2500403268596103	2.0063949867828788e-08	2.0062431032277285e-08	1.2886775527508154e-08	2.9336032449852706e-08
YKR035C	-15.468922051281831	1.6717610238917442	7.820017967770855e-07	4.051748867406024e-07	1.1171918451068963e-08	1.6312230616116472e-06
YDL079C	-17.358915759476936	1.4253256502979832	7.802218119329438e-08	7.770126651778882e-08	2.7598559486797804e-09	2.9543035701806675e-07
YJL218W	-16.599350900353734	0.8321444419451868	8.740442639510147e-08	8.604185340657058e-08	1.563857472707585e-08	2.3812346446847922e-07
YMR038C	-13.710852486395149	0.8225028919417957	1.5563372819344648e-06	1.4966774628896726e-06	2.836042513804912e-07	4.075512892203295e-06
YML017W	-14.124808725472528	1.9937049676805365	5.763888299054636e-06	1.3451829624955188e-06	2.3405952193066972e-08	5.618550894426241e-06
YLR033W	-16.662348567356226	1.1433899447049822	1.1034088384049675e-07	1.1220644569838631e-07	8.847026342907915e-09	3.8269624179579653e-07
YLR417W	-17.956458024412264	0.3773001982419536	1.7038742183695594e-08	1.7076896692731395e-08	8.546814433830541e-09	2.957263595822307e-08
YNL146C-A	-17.544170783709838	0.35106559613149385	2.56462282902542e-08	2.5530325509337804e-08	1.3477785843608073e-08	4.275396457947609e-08
YDR223W	-18.301488379475764	0.21458027016855208	1.1542926578895843e-08	1.1526863340964575e-08	7.912605816574747e-09	1.6029183101835806e-08
YFL048C	-17.337130804085014	1.5480456837811867	9.511014871598337e-08	9.075019317291337e-08	2.2984235604663323e-09	3.5713655180248136e-07
YDR535C	-17.195801261223956	1.109434378124063	6.34927096686971e-08	6.05222744316336e-08	5.4390697503275385e-09	2.0160038611296836e-07
YOL163W	-17.62433725431851	1.0024759206724825	3.738777497052508e-08	3.6356000093279654e-08	4.248997346176525e-09	1.1406140154289181e-07
YCL028W	-14.135603053401562	1.305418220499082	1.7113699815099235e-06	2.2825671157207837e-06	9.02841942164189e-08	8.848833746602022e-06
YGR211W	-12.21163345986947	0.3416560016266476	5.272945555132627e-06	5.498599307590281e-06	2.9274089960539612e-06	9.162172409053722e-06
YHR197W	-18.47081900640564	0.40764179007773316	1.0284412723644449e-08	1.0333033957263351e-08	4.860971240348481e-09	1.858492543825105e-08
YER131W	-12.412304160717165	21.404049629851627	0.2804373511987592	9.690899689215947e-06	5.191917451493949e-24	1.1366746992458328e-05
YJL089W	-18.469572584895054	0.24798776041967643	9.855599486704692e-09	9.819993089783587e-09	6.330412273802827e-09	1.4319529418790848e-08
YGL197W	-17.431964249954895	0.07856919948113344	2.696472709435379e-08	2.6960529184838985e-08	2.361915463034346e-08	3.058223781245149e-08
YDL160C	-11.667026124597166	1.4210760062684948	2.330237874575794e-05	4.1126839715543544e-05	1.4317323358388507e-06	0.00014839358187186558
YML108W	-16.21888177294108	0.6640655240251451	1.1181612984740067e-07	1.1244024204320907e-07	3.0294228392450435e-08	2.684051416382845e-07
YIL135C	-16.50299856543365	0.731527813052969	8.85044945807475e-08	8.914708306817181e-08	2.042847928043931e-08	2.27226075238855e-07
YCL047C	-17.562820787884398	1.162097880752273	4.6403085856601084e-08	4.6565441513966594e-08	3.4862800877897087e-09	1.600960150528625e-07
YBR020W	-15.22333976756722	3.066834499647191	2.897994464454944e-05	1.5464871997259256e-06	1.373942402332716e-09	7.898086060017927e-06
YOL057W	-17.91983042225997	0.2744828890068825	1.717933964208997e-08	1.7132913651637333e-08	1.0505729729794288e-08	2.590693722936732e-08
YKL045W	-13.976291606894799	14.529769509143222	0.17205871046201748	0.33098145366353104	1.4284557775544902e-13	0.9999993955251095
YDL042C	-16.527276614918215	0.7149820341532777	8.680488501323596e-08	8.605205776339513e-08	2.0512064503359062e-08	2.160567975507953e-07
YHR214C-E	-16.703168179717018	0.7160261885265672	7.219445370236227e-08	7.200816902745297e-08	1.7154490591727694e-08	1.8089832534122703e-07
YBR117C	-13.883656151819148	1.853028969002708	4.908138369133063e-06	3.296922067248998e-06	4.633603336638928e-08	1.4250705980638953e-05
YLL013C	-16.384810003256412	0.2515097505117856	7.884522310942648e-08	7.90585487017046e-08	5.0639462971309995e-08	1.1583657110784e-07
YBR141C	-17.60815346030808	0.22560311249100007	2.3187981498720717e-08	2.3111994066981586e-08	1.5543495412696886e-08	3.265050926304916e-08
YHR014W	-17.478384527342264	0.7668425539798069	3.459802169306775e-08	3.439162544183917e-08	7.258879338896444e-09	9.036489418520472e-08
YHR086W	-17.41836804387726	1.070744753175638	4.828192676729916e-08	4.8318546465970114e-08	4.6812290110581815e-09	1.5830465546088538e-07
YEL009C	-16.501814080832396	0.7996587437678535	9.254844350078231e-08	9.354893816563454e-08	1.8260895455185977e-08	2.5290729537489095e-07
YIL001W	-18.069043611024377	0.35686133759424565	1.5202572181619964e-08	1.5147297422789337e-08	7.898137342815143e-09	2.5550972936354172e-08
YOR174W	-17.60554522062825	0.12793561669130674	2.27609037804037e-08	2.2780625746816062e-08	1.8306772085747944e-08	2.788155665005411e-08
YDR014W-A	-17.81893648055206	1.2320250419449852	4.065404876445902e-08	3.7787876245863635e-08	2.3911575748611957e-09	1.3421240803557775e-07
YGR147C	-17.97982366312585	0.2427394487950303	1.602789056352343e-08	1.600128777772142e-08	1.042030145453529e-08	2.3158259618094028e-08
YBL024W	-12.53933660549678	0.30051788474229413	3.7446141960453323e-06	3.6377020444502676e-06	2.138684908049174e-06	5.652169280774522e-06
YML130C	-16.2919525366678	2.1536325098685514	9.059636506495453e-07	4.859324213887467e-07	2.3821116470544986e-09	2.235124428700799e-06
YNL209W	-9.799633034964197	4.150951167161747	0.014320687459387197	0.025126756220937102	2.1126009287938713e-06	0.11558527796117447
YDR197W	-17.616847907303004	0.7623683762730418	3.020082730700301e-08	2.9741898439025812e-08	6.359242002883203e-09	7.781912371182057e-08
YML090W	-17.632890158442883	0.6919365680868531	2.808021833673102e-08	2.791466659720198e-08	7.036123462226503e-09	6.854424773232452e-08
YBR136W	-15.957061426518472	0.09015044999757578	1.1816016313031269e-07	1.1791428137594085e-07	1.0126752368364914e-07	1.361920195497202e-07
YBR120C	-16.973695611894932	1.2394050218610353	8.999888996101112e-08	9.063158213572221e-08	5.522384355502298e-09	3.2261113514225997e-07
YGL041W-A	-17.793769096134334	0.471752712956454	2.0971526568398622e-08	2.0915980478176112e-08	8.60828738320839e-09	4.064022274804737e-08
YMR087W	-16.384846663794583	2.653735588472091	2.361876903921615e-06	6.222474163952721e-07	9.211937696713843e-10	3.041318152368848e-06
YBR032W	-17.575849541572957	0.9861466534942642	3.827571462494767e-08	3.772201875176256e-08	4.588999677100655e-09	1.1731450836829038e-07
YOR288C	-17.62702118636748	0.4854412942293815	2.50525723903276e-08	2.4865612389667877e-08	9.943650062476424e-09	4.9068865417944487e-08
YIL109C	-10.278297271689505	0.05266237696593746	3.4431321142069205e-05	3.44178257721378e-05	3.151784922837691e-05	3.747353745402225e-05
YOR109W	-15.94029363308159	1.9377849826504903	7.267480455607221e-07	8.377498478203551e-07	5.133022459877053e-09	3.898040791424814e-06
YMR315W	-16.073211048374056	2.643378103324805	3.1822565309260913e-06	7.63976064864758e-07	1.2637890733838547e-09	3.6989195774900255e-06
YGR222W	-17.85105156373988	0.5945413507492923	2.0937134606540898e-08	2.1091078147297572e-08	6.647327225546344e-09	4.6958408227838284e-08
YBL045C	-16.355709482585503	1.854063454911555	4.7267791366474544e-07	3.1248048845759936e-07	3.6580133728903334e-09	1.3445492373563493e-06
YBR279W	-15.272388654376252	3.853135704869721	0.00031419275851302147	7.946341628928336e-07	2.608913751772163e-10	4.172996229432728e-06
YHR193C	-11.967328386549477	3.066400162385279	0.0004875074960171949	0.0007327469340505556	6.120139152907217e-08	0.0015516508246684905
YLR018C	-17.19175998555597	0.8640364504238343	5.0133223330736645e-08	4.9090338789833984e-08	8.215714878706415e-09	1.3943610032830573e-07
YOL066C	-17.324098217294654	0.5716169719558656	3.539284512797779e-08	3.525614947631616e-08	1.1691685913553337e-08	7.66659112864639e-08
YMR058W	-13.415706063949026	0.28279462039765757	1.5493297881516248e-06	1.5480233235682812e-06	9.345911349655993e-07	2.365327734330909e-06
YOR163W	-15.979992750676454	3.9450886719976257	0.00012642998313909117	0.0002502184947094551	2.0946737214537328e-10	0.00019353497666366136
YAL034C	-16.322221134899287	1.3485856864281103	2.0198788754834455e-07	2.086464629982083e-07	8.908314234675921e-09	7.708338827105738e-07
YIL083C	-14.531775042059005	7.45522780355708	0.0306694349104633	0.05660998116295622	1.816459666429279e-11	0.49662414234029345
YDL112W	-18.59368844661453	0.48320097870415163	9.478704397046206e-09	9.441418860269372e-09	3.796029807388255e-09	1.8580380825647516e-08
YJL171C	-14.087373011593579	18.443261939122632	0.21389630638767082	0.3885499655753394	1.1938437954078795e-16	0.9999999991736981
YER188C-A	-17.607531968730605	0.42228802375765623	2.4740980664989748e-08	2.465421915095259e-08	1.1258068263750515e-08	4.516771805744439e-08
YIL004C	-14.784195388442592	2.182392734054179	4.049553841175779e-06	1.3577108623641866e-06	9.56695771408396e-09	6.117065058343168e-06
YMR030W-A	-17.598720843664474	0.28713461711339106	2.3751956452585337e-08	2.3700140860281673e-08	1.4178961293663512e-08	3.646714602468651e-08
YMR067C	-18.01659087837192	0.42208761613037915	1.630988255354672e-08	1.635991661660528e-08	7.475869252281719e-09	2.9953412443772085e-08
YMR190C	-18.141577363386155	0.15174472359145963	1.3375488762920743e-08	1.3370857063705595e-08	1.0296777318641719e-08	1.696343802552064e-08
YNL195C	-18.216443769394523	0.4650700559569308	1.367235790108492e-08	1.3662398216519844e-08	5.7033524149697304e-09	2.634033949315953e-08
YAR007C	-11.660857681353216	0.19809121063970714	8.815101592477052e-06	8.823845387711903e-06	6.252080730363621e-06	1.1966113823440199e-05
YJL137C	-17.67442887112788	0.8606345130285252	3.0792328222561574e-08	3.028130100226705e-08	5.105760624434551e-09	8.581173098653271e-08
YDR101C	-14.019351606465486	2.8065514074141404	3.5126167363450656e-05	4.900173351357391e-06	7.813088034107923e-09	2.3043617390362087e-05
YMR228W	-17.081005974782734	1.315955453932028	8.50788075543561e-08	9.164021062161532e-08	4.382239333763096e-09	3.3541966681702106e-07
YJR153W	-15.783626958139346	0.5624012925570203	1.627026667973457e-07	1.6324315189849363e-07	5.529645493272083e-08	3.511343656879041e-07
YIL092W	-18.734275147079593	0.19987652309709544	7.436459972250806e-09	7.45372589126946e-09	5.25868537086776e-09	1.0149867279237087e-08
YIL118W	-11.909817537810293	10.599568602024277	0.13284708737388487	0.18812513460391056	1.7472870639016869e-12	0.9992578643255985
YOR080W	-18.762387581599747	0.40583378657326225	7.77569010971131e-09	7.711026041322617e-09	3.6424141226854363e-09	1.3834446620049632e-08
YER135C	-17.709949810517124	0.36404116715282525	2.170679862056312e-08	2.1745723044081755e-08	1.1177453801179696e-08	3.7024070696898757e-08
YIL066C	-10.970446835556638	0.09930208017537735	1.7286232502139832e-05	1.7372690921611613e-05	1.4684395752933888e-05	2.0345117392034132e-05
YDR476C	-14.731241707509023	13.741928353279235	0.15096894043655326	0.2113843464931795	7.155886948557954e-16	0.9999675748049708
YDR263C	-18.02100080332543	0.6508895629612299	1.855719919236715e-08	1.8443874305012203e-08	5.111918664908287e-09	4.350845174859705e-08
YLR087C	-15.71059083002269	0.19240585526258844	1.5313392620183027e-07	1.5318499251137028e-07	1.0952732884173886e-07	2.063313726701073e-07
YGL263W	-17.680465620703167	0.9647223582103311	3.308315573712365e-08	3.338804333399331e-08	4.288196223366873e-09	1.0232872567800256e-07
YPL046C	-17.343043788882774	0.3244214757755068	3.093736978610444e-08	3.096626042177886e-08	1.722841785482016e-08	5.009312672227096e-08
YIL084C	-14.001089255246322	0.5175216511453475	9.418306757669523e-07	9.55058655533113e-07	3.557342465050836e-07	1.958833270389792e-06
YIL117C	-18.113585516611188	0.25030462504139517	1.3984521806925069e-08	1.4025270994383546e-08	9.00281730634264e-09	2.051224436341698e-08
YHL021C	-15.454836798283347	2.6942399381062017	6.637671508111065e-06	3.718191978873334e-06	2.451884722789149e-09	1.711592046911597e-05
YGR240C-A	-17.621066552813268	0.2586227306394293	2.3022512466260314e-08	2.3002751901115995e-08	1.4538118465641558e-08	3.402891560761084e-08
YHR050W-A	-16.843603517620927	1.021480586622351	8.161698881121677e-08	8.043320060669189e-08	8.975147909166372e-09	2.556005919982619e-07
YOL054W	-17.253231444389662	0.5116912144319316	3.6555284822289503e-08	3.66244016401219e-08	1.383915246186723e-08	7.450970691886371e-08
YJR078W	-17.821777902420713	0.38418015089440666	1.960703300866252e-08	1.9588852510528393e-08	9.66886052739292e-09	3.4220875721069575e-08
YMR032W	-18.021594881626648	0.26805253856865274	1.5404001335162117e-08	1.544952875743628e-08	9.590126087326154e-09	2.3164196707685242e-08
YMR182W-A	-17.398039701737567	0.3921992155647113	3.010861815672628e-08	3.0028842000523426e-08	1.4586148353812604e-08	5.2971407448405305e-08
YMR210W	-17.161394875646643	1.2517625036889817	7.793939182667484e-08	7.637549718921951e-08	4.485110172869574e-09	2.7340670894069365e-07
YBR201W	-15.976561989861645	1.1604988987496454	2.293313711306099e-07	2.2238462786424935e-07	1.701355493715078e-08	7.643071322615559e-07
YKL020C	-18.60253588107748	0.6528039868670039	1.043684706698931e-08	1.0313014032041513e-08	2.845805001550828e-09	2.437418845543565e-08
YGR247W	-16.387012060958064	2.1421108200928556	7.311020186938423e-07	3.5655408314989247e-07	2.1480693160088617e-09	1.6202743256257383e-06
YKL018W	-12.271514259214152	1.7593805122245048	2.4726007581640417e-05	1.2009365917242849e-05	2.621440072170904e-07	4.567360299908115e-05
YLR270W	-11.728552763576724	3.5863722714838224	0.0016443124627040647	0.003280213375212202	6.842891991385728e-08	0.0069465213459847
YDR297W	-13.293928130843549	5.269067421741909	0.008182317773333643	1.3230727578325504e-06	8.538054379302488e-11	6.94514220317332e-06
YKL124W	-16.014240453635416	1.4017648267626068	2.983861083309774e-07	2.929100469696561e-07	1.105819740852212e-08	1.1105765757995079e-06
YLL018C	-10.125688291730464	0.26502527940016096	4.1660712649344055e-05	4.046021789045901e-05	2.5508116166960695e-05	5.994869985048747e-05
YPR113W	-13.249828750072036	7.996149685510211	0.05527479416333772	0.07781874731206835	1.3769802871345004e-11	0.7898151917918437
YNR033W	-18.598559148486807	0.3241469986080747	8.826946179893074e-09	8.822090201952259e-09	4.911092289117803e-09	1.4266540615722576e-08
YDR083W	-16.824992996779606	0.4092431165133283	5.347540882336878e-08	5.359719234862009e-08	2.5139179451655714e-08	9.655892384051874e-08
YBL108C-A	-14.664928319275484	13.291692203736915	0.13469522634932068	0.14903806786712356	1.9613668069781899e-16	0.9995518281259848
YDR272W	-17.19505925988137	0.8286014555634705	4.689918707725848e-08	4.798304688421859e-08	8.704679001325843e-09	1.3294034919412435e-07
YFL024C	-16.513278646766544	0.32394379789318706	7.124458623240408e-08	7.101563560474227e-08	3.9532025053592963e-08	1.1482181404525978e-07
YNL258C	-18.480932714731303	0.4113931081648933	1.0181672166832694e-08	1.0241053151918386e-08	4.782425122334972e-09	1.849949752909273e-08
YNL130C-A	-17.641288416570156	0.2296507990908887	2.2404210705523865e-08	2.2381604703580752e-08	1.4937017326914102e-08	3.179717093875659e-08
YKL142W	-13.926782103248977	2.1594208156803436	8.214703138098464e-06	2.6605391922731635e-06	2.2644524026694686e-08	1.1578874122494121e-05
YLR344W	-12.191359404948296	26.783035526305344	0.3283049261267598	0.3920662727261689	6.309848632188377e-24	0.9999999999999987
YLR285W	-16.85347772610198	0.8857846137655976	6.997764881037295e-08	7.086306013320384e-08	1.1148293773836679e-08	2.0521071977191326e-07
YIL071C	-17.34265868888992	0.31594553661453106	3.0813075864014575e-08	3.088650910540183e-08	1.7468205093121466e-08	4.9393593314356014e-08
YDL204W	-17.465209083286886	0.4142231937018531	2.8668339691017778e-08	2.8332700356972808e-08	1.315332124982286e-08	5.1389771238496965e-08
YPL204W	-12.929307614250272	0.13044241536624696	2.44833056011038e-06	2.4325508159541998e-06	1.9472334778789474e-06	2.987722035410745e-06
YDR182W	-17.75575133505567	0.12893900180609527	1.9644883293013738e-08	1.9606002027500143e-08	1.5727557146328202e-08	2.4037486710079484e-08
YHR177W	-18.241358710446498	0.33486940185917813	1.265219600157192e-08	1.265120142642215e-08	6.893114383874733e-09	2.0743221905049222e-08
YAL016W	-11.76404282013477	1.1206426198602772	1.5114951659936072e-05	5.033394345476364e-06	8.464274375866829e-07	1.3038394959012642e-05
YOR059C	-17.356947271845407	0.699552724445014	3.667485009658283e-08	3.696664252796123e-08	9.156461130193064e-09	9.13610351458594e-08
YDL025C	-13.309518864895788	2.3512110168830884	2.790450529397122e-05	2.075036707764027e-06	2.4439315152963383e-08	8.618202573760488e-06
YMR126C	-16.98593645206069	1.669307800295175	1.7083423955316516e-07	1.8856037353422028e-07	2.7093794846978107e-09	6.992859483597888e-07
YFL018C	-10.814963792946353	0.2676882873592928	2.0868771478263855e-05	2.0795806058003693e-05	1.3016175292055862e-05	3.094732804765492e-05
YJL036W	-10.860749191037891	11.008225599763618	0.16105555015390366	0.26698939629579826	5.5538033241501194e-11	0.9999373729344873
YLR168C	-15.153084631420777	7.23578180401316	0.020862395597866266	0.03451209308669587	4.924546951485634e-12	0.16549126047163384
YGL105W	-13.01009940311719	1.8971150447845957	1.3248053978447494e-05	3.6005327781514395e-06	8.10575796326105e-08	1.4212625867295502e-05
YAL039C	-16.570289709846243	1.8684570444400248	3.650695949194764e-07	2.4219194199018175e-07	2.8563149655655357e-09	1.0415511518815987e-06
YOR159C	-15.120934072526277	1.1013087410696938	4.837417649436337e-07	5.052382198909451e-07	4.444455608636142e-08	1.688450556309475e-06
YLR035C	-18.921699619117994	0.35724519167297225	6.482357954663769e-09	6.456682059911302e-09	3.3647003434902808e-09	1.0898773002136072e-08
YJR021C	-17.338619507493554	1.4382720990005697	8.570317983776618e-08	7.819852170265958e-08	2.75064489400602e-09	2.988435907284332e-07
YPR154W	-16.527943632413503	3.294552817765173	1.4334324063851539e-05	1.0889410685143207e-06	2.6740449002203063e-10	5.058100797005604e-06
YGR054W	-13.016645611344709	0.5693155481910737	2.5971002158459124e-06	2.6174558202603497e-06	8.745937307886528e-07	5.655509298927491e-06
YJL058C	-17.57099336176629	2.2175726519980987	2.446393553763564e-07	2.4583497026023044e-07	6.092321981049485e-10	9.205203731483364e-07
YOR167C	-10.8953162289044	11.175587393139738	0.16974266249842543	0.18583403008936009	3.5993057329194266e-13	0.9996727994776785
YDR543C	-17.460456521942383	0.8206442151885156	3.6607291167993906e-08	3.659219225061574e-08	6.772556991182628e-09	1.0075983485063309e-07
YLR027C	-13.221917920273834	1.2124795960763157	3.7494910281789767e-06	4.0548390567534256e-06	2.5962703640790195e-07	1.4517738835758716e-05
YHR184W	-17.893464350571726	0.5056417998096739	1.9328825501586628e-08	1.9238714015809896e-08	7.368613512149689e-09	3.885924599091942e-08
YDL148C	-18.044994693504982	0.12335297961813091	1.4623695809842716e-08	1.4670929661410276e-08	1.1885983628328457e-08	1.7831829117178136e-08
YPL042C	-13.953207881150727	0.7450683730019492	1.1542525213563088e-06	1.1688906226278812e-06	2.579568382084512e-07	3.0288365095252992e-06
YBL041W	-12.319943100673251	9.359531032604785	0.1006046226016602	0.14209075717780517	7.04148721262775e-12	0.9909297324374975
YGL100W	-12.538989459274442	3.6318915599257737	0.0011143928966310707	0.002145825919572088	2.4912054588110353e-08	0.003995562231548331
YDR080W	-17.585635078744367	0.45522087855931864	2.5587132836837333e-08	2.5552841026679297e-08	1.0892561638424721e-08	4.8666749753932185e-08
YNL316C	-17.819782035768135	0.39491048649038246	1.9754042449048974e-08	1.9714531711067107e-08	9.518508269422676e-09	3.4899258266057585e-08
YNL069C	-12.040213977984374	45.50909709215891	0.39570465024837215	6.39521757105371e-06	2.3817115094759503e-44	3.296029570684543e-06
YML021C	-17.682184663954963	0.34077233073685315	2.2321390464418964e-08	2.2180717096594034e-08	1.1947508651656755e-08	3.6658287261205776e-08
YOR180C	-17.212999117437853	1.0227663253977979	5.66302061241137e-08	5.669314017701089e-08	6.220513252615155e-09	1.8083601053794007e-07
YLR392C	-18.091221537172665	0.2580326275117997	1.4376951272554685e-08	1.4372402725706584e-08	9.09377196257571e-09	2.124424204826031e-08
YJR057W	-17.01445358138239	2.1043481619544115	3.8944858023293027e-07	3.385331097213672e-07	1.2804790166722397e-09	1.2916224121199446e-06
YHR045W	-17.792121583396643	1.2465649164541763	4.1308464470966886e-08	4.03458581568827e-08	2.4075136097048564e-09	1.439881377761708e-07
YOR206W	-12.783921881044941	6.789193292791735	0.03752068947825671	0.08204184635583209	1.4135303482121124e-08	0.733626110663564
YIL122W	-16.46852926005608	0.763279090081606	9.396170311552973e-08	9.40527195906252e-08	2.0044367349771375e-08	2.463219028233863e-07
YKL222C	-18.670842761167428	0.17644623678788895	7.908714671485182e-09	7.90850765989811e-09	5.823450367299355e-09	1.0406061971452047e-08
YDR250C	-17.51122380000829	0.4848523445368034	2.7728261066179534e-08	2.791817101179188e-08	1.1175247541780774e-08	5.508244337232697e-08
YMR020W	-18.191256543149343	0.20798220188721164	1.28689229652911e-08	1.2851902574938997e-08	8.931221235780528e-09	1.7704162993308618e-08
YGR169C-A	-15.707818723510124	0.7692502886005971	2.0234519737165527e-07	2.0307569912140931e-07	4.252353372072056e-08	5.355519185649569e-07
YDL244W	-14.072721072873671	125.08613891077734	0.45544668977966707	0.6679028510656143	1.647977323433222e-79	1.0
YKR094C	-11.583388264342782	19.892926109006318	0.2801574509427899	0.3387787615686009	4.832221380642009e-19	0.9999999998855087
YOL134C	-17.471956239075503	2.690215052666842	8.024420136367655e-07	2.454378510421199e-07	2.910484602124195e-10	1.1261902578385351e-06
YKR028W	-17.51960933571622	0.2943462090572621	2.5638472787786092e-08	2.571358555862515e-08	1.517223969927769e-08	3.993984806181192e-08
YLR208W	-10.643545900385059	2.4543591082122953	0.0004346119110944763	5.2496587336094385e-06	1.3213351034999841e-07	1.8920217624322983e-05
YOL006C	-13.147168879332591	0.28170210704142623	2.0312390982730257e-06	1.9616738308228276e-06	1.196867209116505e-06	2.9723605550313735e-06
YKR036C	-18.70444667386341	0.7351956426318048	9.861679131364261e-09	9.845199074177048e-09	2.2440269560625573e-09	2.5145037877802828e-08
YML037C	-18.185158973204075	0.33946280381434873	1.338608892956809e-08	1.3403554429808564e-08	7.236657304873125e-09	2.2108627279115736e-08
YJL003W	-13.799862392414932	6.958221205448457	0.02635351283295212	0.034760954354046594	1.832822914990322e-11	0.1700079243591888
YLR052W	-15.625132741632976	26.298523854512485	0.27685251753555834	0.40882569851557227	9.662282749470649e-24	0.9999999999999913
YOR219C	-18.15045052073487	0.5158323328063028	1.5034867349537274e-08	1.4954884151522432e-08	5.603906942271755e-09	3.0559950076998704e-08
YOR339C	-15.737038723419525	0.8036745418416862	2.0048457659523012e-07	2.0099061201393012e-07	3.892508770264918e-08	5.448587623855825e-07
YJR046W	-18.069037258705926	0.7864921217059856	1.9507844633538592e-08	1.9316630764730976e-08	3.893149398802041e-09	5.163525129201552e-08
YPL259C	-12.469871529291547	4.329498840170212	0.004030654778235331	0.008580717631077513	2.08362115721384e-08	0.01997410023069501
YDL165W	-11.914383246673376	9.289667114449461	0.10125600156158476	0.13952790777078564	7.47190803771335e-12	0.9904835876644138
YML036W	-17.05914301797106	0.6321897992784284	4.746182679625141e-08	4.762190440531535e-08	1.3779492353329256e-08	1.1028201731855387e-07
YLR408C	-17.176490072241855	0.5122232002202987	3.9819256915286455e-08	3.9535445210272775e-08	1.4929918191573854e-08	8.045720150322211e-08
YML075C	-15.518798238576844	12.52529776929234	0.10172882964715091	0.3160905276337329	1.2723068536059336e-06	0.9999814901920377
YMR115W	-18.128030673594317	0.8488416297462991	1.9446109943255545e-08	1.9190269583629896e-08	3.3120341039723718e-09	5.3991838083017884e-08
YOR147W	-18.449965966899022	1.2003862570477428	1.9986079574116546e-08	1.965246355621388e-08	1.3429456849529602e-09	6.875883829675161e-08
YOR216C	-18.17271283451641	0.45485210485553873	1.4183886275850492e-08	1.420079853993198e-08	6.0593927973048174e-09	2.7039881444335532e-08
YGR260W	-13.043058355332457	2.111887442022438	1.915919836214032e-05	5.470893057718347e-05	1.2581191479445774e-07	0.000205947360885052
YMR130W	-17.39782652165099	2.3255207898517614	4.145537570344447e-07	2.542539158160703e-07	5.97593428385784e-10	1.0586789353755181e-06
YHR028C	-18.219728635443012	0.5878885643287146	1.4651240706274215e-08	1.4535877595880992e-08	4.6482061950410895e-09	3.215580471949991e-08
YCR018C-A	-16.2822431353788	0.6795036120084255	1.062157677983143e-07	1.069810027470925e-07	2.775076359785554e-08	2.595065022220067e-07
YOR302W	-14.383172342489113	6.51683215239287	0.01617171330046124	0.017800545020288872	1.3616946011501816e-11	0.02971496002664522
YGR280C	-14.214843674760184	1.3266072093291237	1.625559376866612e-06	1.2416782329856771e-06	7.235769965003792e-08	4.493701214899084e-06
YGR065C	-13.603055633598112	2.2420077052968264	1.7421434374332962e-05	1.042205144157684e-05	3.8101978588095696e-08	4.438077969729957e-05
YBR096W	-16.607322063290617	2.710588987767169	2.4926949361364563e-06	1.1627012896018182e-06	7.035941161629047e-10	4.589968412056122e-06
YLR260W	-16.44579686846277	0.5541981445867645	8.405745794232459e-08	8.428728615721518e-08	2.898329047387197e-08	1.7994518616876904e-07
YLR184W	-17.56765608558721	0.2205726122769557	2.398265432794265e-08	2.403792628418317e-08	1.6320511116836427e-08	3.37080921199157e-08
YLR384C	-12.19791178583632	0.05322806898103233	5.043703970742929e-06	5.049341804662535e-06	4.619522705178622e-06	5.503156845561184e-06
YDR304C	-15.041098703798477	0.6559962708034354	3.593594880797473e-07	3.6455315442601636e-07	9.979084624133367e-08	8.646342133813803e-07
YER082C	-12.215838308759837	0.7839147230303471	6.7134332201294e-06	7.495680423590643e-06	1.4906622579153463e-06	1.9751778926932724e-05
YJR031C	-18.433585899206214	0.4516646720617962	1.0869698155575726e-08	1.0933416945612701e-08	4.695983567204148e-09	2.0752200034807403e-08
YNL186W	-18.714127186475658	0.33249226976594604	7.879269636845044e-09	7.877703331541442e-09	4.313150563192243e-09	1.28783109655968e-08
YBL015W	-12.451396171753865	6.760907995451592	0.04007204742830722	0.07606596643424758	2.7528394736374015e-09	0.6948613019403191
YER007W	-18.294604931573254	0.4694299618775184	1.2727401937212779e-08	1.2660799621748938e-08	5.236818284099282e-09	2.4535114556613792e-08
YDL196W	-17.615704325836255	0.3702563235402288	2.3970739325736783e-08	2.3952340163824646e-08	1.2164270315317587e-08	4.11007967703592e-08
YCR012W	-12.307998280383751	4.175183874351562	0.003747673922057182	6.558560248716928e-06	2.2834658237920674e-09	2.971089856313147e-05
YLL027W	-16.11950471819086	2.098191192758273	8.94941566223697e-07	6.0266753843206e-07	3.1128038780561456e-09	2.59275664140723e-06
YGR233C	-17.18237283129651	0.3562013314450471	3.6717743000951356e-08	3.676863680846304e-08	1.9200847959846634e-08	6.198122319507206e-08
YOR271C	-14.196167298120551	3.494473386831	0.0002352982434749408	9.669886117158642e-06	2.003585113982476e-09	3.8726491897900194e-05
YDL171C	-10.960220436231745	0.022121360878537222	1.7386316886861247e-05	1.7386616031042352e-05	1.676170621925533e-05	1.8025772509537046e-05
YOR028C	-17.646768110332182	1.175700386497216	4.2222028271286873e-08	4.220149907669513e-08	3.1169919027121145e-09	1.4580401309038815e-07
YKL002W	-12.484191557109577	0.7973855202061378	5.221836439007193e-06	4.457752600318212e-06	9.690969543230024e-07	1.135769848417105e-05
YJL148W	-16.958621947088382	0.7570069146160378	5.742048433697506e-08	5.755713339414806e-08	1.2421071927295748e-08	1.5007040791881572e-07
YNL322C	-17.006235928632073	0.27873705801969956	4.27756576573815e-08	4.277878474684494e-08	2.6010942581910022e-08	6.507512732885082e-08
YJL046W	-17.634057347772746	0.644728539762423	2.691926383119759e-08	2.6988944805343186e-08	7.59599591365783e-09	6.322305173015216e-08
YBR123C	-18.05240922219759	0.6870564953911502	1.8296162114547782e-08	1.8298303994675704e-08	4.6677309147492485e-09	4.469853431423346e-08
YHR052W	-16.763475718756077	0.9714526109337106	8.549665083874771e-08	8.408131720816726e-08	1.0609873741595331e-08	2.5925053581829606e-07
YGL250W	-17.498717925039223	0.689409898014289	3.1732120001707567e-08	3.185794644057812e-08	8.079984320018006e-09	7.797562730089452e-08
YNL101W	-15.542273723281093	1.0841336952751213	3.2084101144938043e-07	3.395070818557516e-07	3.025840983801121e-08	1.1303406679359846e-06
YOR006C	-16.767700914869188	0.26243045194067016	5.409731665426121e-08	5.4005200920803055e-08	3.388716233657733e-08	8.031800567087901e-08
YDR507C	-16.584985651098528	0.4135622026581238	6.853311839483907e-08	6.824968190727343e-08	3.173192424086857e-08	1.2362486170383342e-07
YLR324W	-16.133822407334215	2.2904518099631996	1.4621253635014604e-06	7.211008503169308e-07	2.2331342057213265e-09	3.2964314483422234e-06
YCL039W	-17.105585368314628	0.24846362603539057	3.8515863644472984e-08	3.839406748730499e-08	2.4733817512506843e-08	5.601385623999046e-08
YPL145C	-10.972759584329603	7.885737127853216	0.08941564504357387	0.14469196802627912	2.124544954053352e-09	0.9787240415384929
YCR053W	-13.261271532349335	3.6078786768377236	0.00048524015604895263	0.0016050577955517076	1.830094578041153e-08	0.003099367870045894
YER088C	-18.741815781836472	0.3960028673494011	7.793222472205193e-09	7.843787001900155e-09	3.778797079675422e-09	1.3904701641485417e-08
YMR166C	-15.687430410290242	3.2239191863153436	2.8201893174319244e-05	4.382245124521064e-06	7.773062863952867e-10	1.903668245754314e-05
YLR103C	-14.324924488399981	0.7347624620295254	7.808365997561043e-07	7.164424284233193e-07	1.7258393100140173e-07	1.776445184492396e-06
YER175C	-17.536782210686347	0.24943597520472618	2.4991158357768273e-08	2.496983166011997e-08	1.605740777728573e-08	3.6481194663748785e-08
YGR071C	-18.693059928341377	0.18213573510773018	7.724504642536096e-09	7.740585191045884e-09	5.642389459685241e-09	1.0270028751315034e-08
YCL048W-A	-14.828989123278868	18.201816586230663	0.208917751628127	8.62700628933872e-06	4.835186193172554e-22	1.0645165094845034e-05
YER155C	-17.44802551689731	0.10605691680395404	2.657037696724272e-08	2.6594040704380554e-08	2.2211512311465715e-08	3.148026165307834e-08
YER156C	-14.391671523620014	1.1149618348491444	1.0723968414815545e-06	1.1798048134280666e-06	9.222980547220927e-08	4.057783942294358e-06
YEL067C	-17.758620979490793	0.5083406732133924	2.1730770614714416e-08	2.2043864143603503e-08	8.394939325978412e-09	4.4666345434278046e-08
YER111C	-17.939390548643992	0.22946381914209252	1.6649010461267983e-08	1.6613993545110158e-08	1.1090049476072606e-08	2.3602086057893474e-08
YHR111W	-17.165294669445707	0.8935938600681504	5.284194430218059e-08	5.1977489247914695e-08	8.04604928623542e-09	1.5130865619061237e-07
YKR063C	-17.36270674396014	0.22422665796574773	2.9501767984395682e-08	2.952855247199832e-08	1.9912653482032368e-08	4.162439217567884e-08
YOL116W	-16.718093335505678	1.1586843322215108	1.0204200921933613e-07	1.093774554804401e-07	8.174601623363368e-09	3.760445114460785e-07
YNL267W	-16.069825860155966	0.2480925959174401	1.0838136703636503e-07	1.0823911297216754e-07	6.97792295727889e-08	1.5783391844068925e-07
YBR222C	-13.311675133468222	0.5223689213695603	1.9058131645094752e-06	1.88344055702095e-06	6.991071724997172e-07	3.8628592873205276e-06
YKL029C	-11.895627841929079	0.10637150159824306	6.8550189752254805e-06	6.8508772656939435e-06	5.720456414085759e-06	8.11042146153406e-06
YOR348C	-13.910062953008444	1.1560468037329235	1.7962732656010454e-06	1.6751783731446682e-06	1.3711172409268118e-07	5.7531765405644105e-06
YGL019W	-11.683791329961375	1.8731682707599033	5.18459610082363e-05	1.6989795466187264e-05	3.5363233898007835e-07	6.336332218196903e-05
YDL183C	-17.455460169113344	1.2981131330719207	6.460785230102072e-08	5.996927340822492e-08	3.09682830316207e-09	2.1844580589065936e-07
YMR192W	-18.495231589848977	0.7768168199241322	1.2245464882447471e-08	1.2521727804009295e-08	2.5830093250745872e-09	3.318643503963597e-08
YBR143C	-11.003179390966531	1.7507904845598106	7.409046429961716e-05	0.00012333654332693256	1.9745756230337647e-06	0.0004628032826188439
YOL065C	-17.801391194142475	0.3760246833181952	1.9980191297574863e-08	1.9923529348456168e-08	1.0001405961807758e-08	3.443999253771419e-08
YJL087C	-18.44625130266008	0.4195980207668007	1.0685267989072337e-08	1.0644474085631059e-08	4.884755624165372e-09	1.942511735792571e-08
YDR259C	-16.623277761734194	0.6510539517218691	7.515020776757062e-08	7.438533274016825e-08	2.063407504683294e-08	1.7534954358645687e-07
YBR233W-A	-16.49979645129583	0.8532719919732297	9.667276971542253e-08	9.839337259457347e-08	1.6774623462634886e-08	2.782268009282678e-07
YCR001W	-17.57752742908719	0.4850776303040498	2.598251889869744e-08	2.6128343649189825e-08	1.0454439447446668e-08	5.1567809676360835e-08
YFR029W	-17.537051100975937	9.52529382235189	0.03314609219299328	0.11495323748175983	1.099902725118872e-12	0.9543331958460033
YCL037C	-15.278803752928932	0.8437729046158298	3.270698145985134e-07	3.1400595317868803e-07	5.668916805366145e-08	8.680760061687202e-07
YBR104W	-15.202613104157487	2.665029440709653	7.131148194766121e-06	1.9446929561138424e-05	3.696375922468085e-09	5.618909364426669e-05
YGR213C	-17.450022324098377	1.0061424090666242	4.346570619420685e-08	4.376395303791161e-08	5.035762616057973e-09	1.3792387842593093e-07
YHR206W	-12.815095592283749	2.997957983120273	0.00017636451040291655	2.483228402660668e-05	2.6166200588844935e-08	9.420382545301245e-05
YLR020C	-16.08230784371785	3.162957095937456	9.661490753392647e-06	4.707762387092844e-06	6.244451026183574e-10	2.1492961771457214e-05
YDR423C	-17.943894921562737	0.5971527282163835	1.9036112428389797e-08	1.9209507554670337e-08	6.020466768742668e-09	4.2855918194253994e-08
YKL225W	-17.475239608430407	0.8698339271053852	3.7358334273583857e-08	3.7575109157283386e-08	6.1544801388302204e-09	1.0749885275262412e-07
YIR007W	-17.669230833759634	0.305083356865431	2.1961689828347197e-08	2.220733285310162e-08	1.283510121114145e-08	3.50017505690471e-08
YGL202W	-13.260425614492258	0.32004164109998573	1.8216170577447006e-06	1.7989581732268158e-06	1.01542955236733e-06	2.8776026855466887e-06
YMR120C	-10.055222571682814	1.941421010387145	0.0003123704822291182	0.00043083849248289475	6.497894810513226e-06	0.0015902618552598746
YJL139C	-16.838094871019116	0.642401064762018	5.982646848611225e-08	5.984748412131529e-08	1.691911427497577e-08	1.4003575318615294e-07
YOR092W	-16.95634312292254	1.9837241419241884	3.095273696038296e-07	2.682836021679527e-07	1.654943597443292e-09	1.1087978984677836e-06
YER134C	-15.420753258739703	3.577800019117001	0.00014601679352470786	4.288031522616975e-06	4.950643462758162e-10	1.7070997925784302e-05
YLR257W	-16.975262540979152	0.7918331815672469	5.8267014749362147e-08	5.812154451887892e-08	1.15359219373041e-08	1.5610683469588817e-07
YGR183C	-14.715037817711115	12.271098276486972	0.11467837984733709	0.13449858254525573	1.2068549522087101e-15	0.9980466931230703
YNL016W	-12.330122461565177	4.6356317270103276	0.006780520834011637	0.013654656587519316	1.7582739606061777e-08	0.03837854320969197
YOR022C	-17.501917082809946	0.1846837188099391	2.5521919982764745e-08	2.548328635504269e-08	1.8490462370971646e-08	3.393869584327179e-08
YMR236W	-14.301673827570037	3.5677934905276643	0.0003443842749503921	1.4891434628042012e-06	1.094465488899937e-09	7.453472048028929e-06
YAL054C	-12.642037834500067	0.2611246677393235	3.3485250077942335e-06	3.3248189676378215e-06	2.0954145463325006e-06	4.924555122921177e-06
YDR254W	-17.86672570916648	0.4884602177038831	1.9700014065231154e-08	1.9592115383398212e-08	7.785466990596276e-09	3.8802185641498e-08
YLL046C	-17.46088486699677	0.7536160824893071	3.444189363753103e-08	3.4695678924564386e-08	7.558775927594045e-09	9.020208836410172e-08
YDL030W	-17.967113979270785	0.23724139957581442	1.6183210161394115e-08	1.6187673870380945e-08	1.065360324323319e-08	2.3243508520293937e-08
YKL137W	-15.977020546569245	1.194744984267093	2.33491030246467e-07	2.3805088278386244e-07	1.616492830446117e-08	8.313311733852327e-07
YNL137C	-17.838003762409194	0.24324163286879508	1.8457583608157607e-08	1.8446639155918106e-08	1.200277907317829e-08	2.6719293246030824e-08
YLR320W	-17.600149092752822	0.11294862620046991	2.2885753677879152e-08	2.285843887830348e-08	1.8861815027158657e-08	2.7345492988878275e-08
YJR122W	-18.514213448122014	0.27724068680924774	9.472500235659612e-09	9.461849893982983e-09	5.769339870719572e-09	1.4363062857255256e-08
YPL094C	-13.432712469156238	5.397311320547819	0.009787854018269246	0.015528546145622128	5.861546622004989e-10	0.037010433955358225
YDR286C	-16.847454795374638	1.2037631384692333	9.667265452943033e-08	1.0007393834539232e-07	6.656963236017206e-09	3.5065777334218454e-07
YPR174C	-17.268347202095306	1.591338862964075	1.0753980682187274e-07	1.1240392145737389e-07	2.3099426586831453e-09	4.3491931370505506e-07
YDR397C	-13.790606049581536	5.11280805797694	0.00586690247483198	1.413954634679039e-06	8.340648613924444e-11	7.485408571446541e-06
YPL066W	-17.634872019168093	1.2144031484987128	4.538330102994049e-08	4.548955878254109e-08	2.970708604672658e-09	1.6018469999802244e-07
YBR258C	-17.74407754101498	0.4277117685235613	2.1619351271619203e-08	2.1558041066613847e-08	9.733928950345764e-09	3.9755926729946026e-08
YLR383W	-15.038432773807424	0.09225971788956265	2.958899785028263e-07	2.954252920405039e-07	2.527695815136482e-07	3.423079941010229e-07
YGR121W-A	-17.68994086409743	0.2204793103165399	2.130439812015425e-08	2.1269462682948926e-08	1.444417932540194e-08	2.982359850727737e-08
YDR143C	-18.52265765626084	0.23009503043004506	9.276864981165573e-09	9.271206130752165e-09	6.182618144716229e-09	1.3180495648887726e-08
YHR064C	-13.288702331767988	0.22713180325719054	1.7328022188328851e-06	1.7366074704167072e-06	1.1646916975179455e-06	2.457978290435186e-06
YML005W	-18.05358576312296	0.8093190903044909	2.019591758334897e-08	1.99608972377477e-08	3.807922862841577e-09	5.436937463725152e-08
YPL020C	-18.175493777530342	0.27743751638882486	1.3327269394642603e-08	1.3276723437759508e-08	8.092625723157338e-09	2.0160050724135206e-08
YGR275W	-17.632586321059485	0.5484120611907007	2.5599200197695446e-08	2.556626444116882e-08	8.922365811060604e-09	5.4206337614360654e-08
YCL001W-B	-17.56648511392354	0.44327926500427334	2.60855907915046e-08	2.591416041404545e-08	1.1323641870002185e-08	4.867911118009788e-08
YDR448W	-13.364537673668517	0.5431207840844653	1.8358898426769833e-06	1.7982861895581487e-06	6.396797853044121e-07	3.766449729781192e-06
YGR051C	-16.59398890868119	1.4765787110507598	1.7846523176378702e-07	1.5963423475816396e-07	5.3733699843114824e-09	6.205503242252421e-07
YCR048W	-16.631971799194567	0.841911478511349	8.539627963599298e-08	8.497708269326783e-08	1.4954800297132868e-08	2.3765487567784533e-07
YNL046W	-17.459634910680457	0.1780645347531394	2.6591570191089398e-08	2.656140648386288e-08	1.950042260275481e-08	3.503178517504718e-08
YOR086C	-17.197201075520702	0.8859072984863602	4.975053871695873e-08	4.992076402527255e-08	7.89274129362014e-09	1.4431666140540677e-07
YBR162C	-15.257662257562467	2.0722196825645867	2.1007293356902872e-06	1.9814446743537166e-06	8.138992180069523e-09	8.894343349717845e-06
YIL033C	-11.669727671943244	6.616077370556924	0.04656273499068005	0.07649572294652586	2.9810564279732558e-09	0.7037089864370162
YGL093W	-18.74392121927753	0.5029017658911543	8.232277632291834e-09	8.211871974515986e-09	3.1622517125820297e-09	1.65402272335082e-08
YLR276C	-12.743107730669132	13.934893518880394	0.18084884241034296	1.2067066992839147e-06	7.651830173454744e-18	7.4552156028614925e-06
YBR138C	-17.786459735355443	0.3804357403491218	2.037213324257661e-08	2.0267254208722375e-08	1.0078395238076447e-08	3.523361485385606e-08
YEL005C	-17.033284959231374	0.5888375378416721	4.751066798549748e-08	4.75599455203869e-08	1.5186726417313225e-08	1.052894419555658e-07
YEL037C	-16.09131375351439	0.8816994625784552	1.5094240754329357e-07	1.5123446380819387e-07	2.4051007478554908e-08	4.3680821812904383e-07
YPL119C	-16.197573325910476	1.7277816085759379	3.919227809284583e-07	3.5294804154767724e-07	5.354962215051602e-09	1.4783949133043817e-06
YNL334C	-16.960656996460735	4.312160663526401	0.00026204430142650183	0.00023759347525404708	3.912316852623357e-11	9.915848391475243e-05
YKL106W	-16.28568709350015	2.1950191664575183	8.219946363408807e-07	2.029161115068071e-06	2.4267687392831252e-09	6.587477106538684e-06
YDL105W	-17.160105743788286	0.41215250800892755	3.814434828013703e-08	3.839466602326531e-08	1.7895053296469912e-08	6.944095037613644e-08
YBR150C	-18.04703505976881	0.16294778227304973	1.4691581488341773e-08	1.4721852855349868e-08	1.1110901093924465e-08	1.8986963075864226e-08
YGR007W	-17.817554789472474	0.5078303131223001	2.0575422095874266e-08	2.0796645944687833e-08	7.92758305533761e-09	4.2143220978602455e-08
YOR050C	-17.727761112845606	0.2902404046892965	2.0928192225851246e-08	2.085010123942827e-08	1.2398867272695595e-08	3.221639298584887e-08
YKR013W	-17.308666065212442	1.1519040140879984	5.83928594477641e-08	5.8710443948234134e-08	4.562703542339145e-09	2.0075150596503777e-07
YJL071W	-18.070733863621122	0.13613349313713283	1.4329064163573496e-08	1.4321698971999954e-08	1.1340488371294384e-08	1.7747574934753182e-08
YPL080C	-17.657335259246743	0.39592761514402997	2.3135505632900514e-08	2.319642341001283e-08	1.1178699631212743e-08	4.112366962889514e-08
YBR255W	-18.33063478650815	0.28162239125577615	1.1343544769089077e-08	1.1384014884656049e-08	6.882084375693906e-09	1.7382070209026498e-08
YJL033W	-10.349198017946899	0.1839160425858638	3.2577907924663155e-05	3.248675827344168e-05	2.368710181177454e-05	4.3086650069616105e-05
YMR251W-A	-15.719969936247205	1.473398433911542	4.534609784496476e-07	3.706056312590103e-07	1.291499081709158e-08	1.445327877335306e-06
YMR134W	-14.787426045885647	1.2265077350622133	8.2734232936002e-07	7.526420575166316e-07	4.9822416797986776e-08	2.666795165886841e-06
YPL170W	-15.193538203829073	1.9930145762983444	1.7823966551710485e-06	9.548097304567836e-07	9.056224140026772e-09	4.212181719399706e-06
YLR390W-A	-16.01172254874195	4.779697768124864	0.0007674925673759479	1.4485206790978883e-06	2.876486880736384e-11	7.5808981511207635e-06
YIL032C	-17.53314383036281	0.34503497247331616	2.579219930664062e-08	2.5762689806287467e-08	1.3763217042897742e-08	4.280213656990545e-08
YGR215W	-15.33708185800874	4.107001774471634	0.0002548710682999672	0.0004923433665117731	2.9180221074531247e-10	0.0003278581338478404
YPL071C	-17.2498204106168	0.27901647183550143	3.358979696002204e-08	3.3523079480160026e-08	2.036925680648059e-08	5.100741908576674e-08
YMR015C	-11.889006325713988	4.660477547360085	0.008527469551612623	0.018159239730419843	5.1914104839235404e-08	0.06289349395990007
YDL055C	-11.524525925627083	9.14721579353287	0.11154374091696002	0.17262770611332262	9.399655225633519e-11	0.9959230283640794
YEL008W	-17.698352969594403	0.33360669583341385	2.1686670689585915e-08	2.176457406832808e-08	1.1888931734355515e-08	3.562865315564968e-08
YBR001C	-14.362338887113717	0.8701185232049151	8.439732921169769e-07	8.930090546648812e-07	1.410487160475662e-07	2.5999492396985158e-06
YGL234W	-10.673522187394108	0.06482522324928075	2.3193713232848354e-05	2.3216598409089017e-05	2.0825166855904745e-05	2.577023580789571e-05
YPL097W	-17.620683512334786	0.5727995305502792	2.5990480628443466e-08	2.621350749462001e-08	8.666203916702534e-09	5.7048431813317956e-08
YHR163W	-16.940248006831958	0.7413051116498008	5.751858469653864e-08	5.78702354514346e-08	1.2982434187916214e-08	1.4877547213949354e-07
YLL009C	-14.81533648788986	6.245198362161022	0.010520471403836749	0.013450045722401697	1.5837935077622885e-11	0.01708142966340511
YBR048W	-11.938245404214237	18.841422689080687	0.26554762481993044	0.3347338455946442	3.2154023960485978e-18	0.9999999993575142
YNL222W	-11.32743475672846	10.315063211787262	0.1381566684950564	1.7945430936093107e-06	2.0932710760771405e-14	9.554246572616934e-06
YPL048W	-14.344732799444452	1.111478042298892	1.0779296709239437e-06	1.1647915837322728e-06	9.634894548846423e-08	3.978594687264515e-06
YPL115C	-18.469999681627947	0.45290170489012904	1.0527893524928538e-08	1.0548009826272407e-08	4.515582580079342e-09	2.003636044112785e-08
YPR183W	-11.821917768386763	8.826012515094375	0.09222503956727965	0.13957141918724295	3.531946822357585e-11	0.9865131579627701
YIR032C	-17.313928312615595	0.5408693307113931	3.5003873432502986e-08	3.486634589994902e-08	1.2391741383580976e-08	7.318496143959941e-08
YDL084W	-10.792904255941673	4.500879320149882	0.01376874892693702	4.776373320389335e-05	7.08235759981997e-09	0.00014053178665497632
YKL141W	-14.76489746123202	1.6622268293470943	1.5231629027012459e-06	1.362402346146791e-06	2.499671893302052e-08	5.575689114020837e-06
YOR119C	-14.809899856679246	0.1183449487471683	3.730261557033827e-07	3.7233149809116254e-07	3.0433355623269203e-07	4.491160361474182e-07
YDL052C	-16.44254218974033	2.910142870910322	3.6932712276382086e-06	8.785413445056964e-07	5.699319069607688e-10	4.2527745084787375e-06
YGL231C	-16.48676719643931	0.9080648226319724	1.034883499237204e-07	1.0448639259139833e-07	1.5529853927249684e-08	3.0804094922656697e-07
YML111W	-15.65140515361504	0.12771466936372827	1.6044904051677369e-07	1.6069351573407751e-07	1.2917413343018765e-07	1.965917272807006e-07
YBL033C	-16.259250099647893	1.9386304620247305	4.896424132146304e-07	4.148564399579579e-07	3.5128396880038636e-09	1.7709538643918e-06
YJL053W	-15.480620254057564	1.7085330289292904	8.263656213715449e-07	1.1668545460471165e-06	1.182770149834736e-08	4.448516462236709e-06
YOL061W	-10.561904806928348	3.7347204380370718	0.00557670990728819	0.009603191346444597	5.449899646254485e-07	0.02869271187964547
YML026C	-10.935044070990395	23.693609489169116	0.3223622825626342	0.3966879046799289	4.549855021935118e-21	0.9999999999999343
YBR230W-A	-17.32026077678251	0.6575668637987104	3.7399775966087844e-08	3.729446687876551e-08	1.0178510588358168e-08	8.855527243875618e-08
YOR256C	-18.725039585778127	0.30879356777319955	7.75279605319487e-09	7.735682260457514e-09	4.436109137610106e-09	1.2251967979983474e-08
YIL039W	-16.639255978626302	1.314259116991957	1.4251656334888854e-07	1.4210659699894916e-07	6.835299343478749e-09	5.20261216154625e-07
YNL067W	-11.402033719577	3.472522925467686	0.002041136351231167	0.002707211968306797	6.618787713852485e-08	0.005451309181939765
YBL035C	-18.094956034060438	0.5254177378698112	1.5878579423961547e-08	1.590110833243075e-08	5.835828667994916e-09	3.28437852778144e-08
YHL034C	-12.675646152129909	0.3962366541635919	3.3847120290981443e-06	3.4035434933053027e-06	1.63744954608151e-06	6.037524138655988e-06
YFL058W	-14.267513565516262	46.24273229304197	0.38155348683168333	0.585109885826649	4.4160105987447116e-33	1.0
YDL243C	-17.39225136348336	0.14257054325715318	2.8265437340026897e-08	2.8253187353301603e-08	2.2120194497395714e-08	3.535846831692281e-08
YBR182C	-18.111956917092307	0.4504464718691629	1.5025750034905485e-08	1.5054602563542065e-08	6.485829195214523e-09	2.850601124248719e-08
YER081W	-11.405932499846083	10.330946053956875	0.1397246341151672	0.23860240509040712	1.3669750920599613e-10	0.9997162034165177
YPL272C	-15.792310704325196	15.747283483558387	0.15248642420659103	0.32983380307217586	3.3485821265152824e-15	0.9999997681180239
YNL321W	-11.809614132894191	11.064946865929432	0.1470853293686008	0.31536608463593835	3.0667215152720564e-06	0.9999640722402898
YKL128C	-17.281819648219376	0.3837917375153208	3.3622299356715406e-08	3.3591450822884585e-08	1.660175249352072e-08	5.8647306902980334e-08
YGR189C	-17.63411201105277	0.20808887883732283	2.242076032593478e-08	2.24371042967791e-08	1.5588321576458007e-08	3.0911232750251114e-08
YKL183C-A	-17.560853539610385	0.3410002704392486	2.5133767500490507e-08	2.502782074177719e-08	1.347630948211605e-08	4.1357520705031895e-08
YDR221W	-18.56672866243111	0.3600263003797883	9.265309244315627e-09	9.217818851717073e-09	4.776607603373087e-09	1.5614368392085693e-08
YPL053C	-17.05450274154368	0.307295331351242	4.1255591657995e-08	4.111033328111911e-08	2.3647872702958704e-08	6.499126916978454e-08
YOR346W	-18.569252506386825	0.2720156046591561	8.945805264390803e-09	8.941792301969457e-09	5.507561930636791e-09	1.3477667558557905e-08
YBR012C	-15.506019877438073	0.15857704702544548	1.8625466832645768e-07	1.863393264607743e-07	1.4179214479658628e-07	2.3878458954234264e-07
YOR290C	-18.019775727902875	0.06497389702577082	1.4981710297594165e-08	1.4963534840758436e-08	1.3418177825655917e-08	1.6614335011123713e-08
YFL046W	-12.88978993699943	1.1992653589630022	5.168491311937324e-06	3.7625284258050176e-06	3.2629569503774575e-07	1.240986705082654e-05
YJR003C	-18.43732918518885	0.4446883845283705	1.0749885488729954e-08	1.0858036042503063e-08	4.732435820120922e-09	2.0438762814790687e-08
YCR035C	-17.319430051335935	0.5710283341870804	3.550061361659332e-08	3.542057935102705e-08	1.1757771634439367e-08	7.695009115348671e-08
YPR172W	-16.79214130280247	2.052805447855638	3.7912330570488377e-07	5.144973176899462e-07	1.7580177644632871e-09	1.7015716455520043e-06
YLR363C	-16.019767091835952	8.645567706559055	0.034867158516103294	0.05540855426063741	2.2231620491275653e-13	0.5139163880484884
YLR378C	-11.241077159525	0.751069594117535	1.7332979627517377e-05	1.707480925221978e-05	4.100284548948547e-06	4.1552109340253666e-05
YPL072W	-18.183215037680334	0.8477160235443457	1.8570346799470106e-08	1.803443696887184e-08	3.1357709839891174e-09	5.0653996985603e-08
YMR155W	-17.751814517768203	0.3592762162693538	2.0839000479617165e-08	2.082276212179621e-08	1.0809816842699588e-08	3.524937871902229e-08
YGL186C	-15.872229012450541	3.5506488730209727	5.69421100957429e-05	1.3624152827887673e-06	3.261716646492869e-10	7.473057538047989e-06
YJL209W	-18.59576208213634	0.6780744874122008	1.0561793693969145e-08	1.0554931330903763e-08	2.7483762057280917e-09	2.5552678163189067e-08
YOL008W	-17.11845370276655	1.4746407543150957	1.0760759427795482e-07	1.1189415513729639e-07	3.259064223700253e-09	4.22868402477378e-07
YBR201C-A	-17.692786666325397	0.31683511619837496	2.170799516984907e-08	2.177075793630574e-08	1.2290045847851835e-08	3.485353846705844e-08
YFR007W	-17.70072062091726	0.2670029651024069	2.1249050463668257e-08	2.128991429596549e-08	1.3241221502465538e-08	3.18728828919451e-08
YLR174W	-15.289289189845428	1.1835450981502134	4.535792837350296e-07	4.811138857121287e-07	3.293916561338967e-08	1.6827946446195814e-06
YOR365C	-18.49651804414402	0.5365512695421518	1.062217991293807e-08	1.0695733193612795e-08	3.831596021400117e-09	2.2368157863355612e-08
YPL162C	-17.30805397324088	1.4008792930629297	7.903491515400612e-08	7.985651658481515e-08	3.0300330551236285e-09	3.0071364839272396e-07
YPR131C	-13.364792296132643	6.118414593503822	0.018363011223718133	0.026460144765247596	1.5655737043138577e-10	0.09768031223967237
YBL002W	-11.25520476995093	35.18498473594468	0.37936384523879335	0.4555130794982749	6.098428120098765e-29	1.0
YNL189W	-9.686816162888997	1.2087949777660962	0.00012379468691336518	0.00015900556824821282	1.3976282729362555e-05	0.0005343212827534678
YPL128C	-16.0626751356694	4.636583798485564	0.0006714290972980555	1.2703137770601836e-05	5.670037559415842e-11	4.811962055996591e-05
YDR440W	-18.213290536071277	0.18128641313673036	1.2470484511501457e-08	1.2504933809337065e-08	9.129176479833332e-09	1.657018213223736e-08
YBR085W	-14.430545461845165	2.5183481968198373	1.1581807847601536e-05	2.115389997600076e-06	7.608257657314349e-09	9.918899352928915e-06
YKL099C	-14.246101959252835	1.2844693323174365	1.493499596750817e-06	1.27323810746342e-06	7.699217455916091e-08	4.600216443882498e-06
YGR202C	-14.53002492398168	2.8299741313657196	2.485266473870207e-05	1.3203110928467603e-06	3.563907879617968e-09	6.3219757753753225e-06
YOR349W	-19.005163182527163	0.38818353065159733	5.984535570658525e-09	6.007349060921958e-09	2.94154034107352e-09	1.054243412789678e-08
YBR263W	-11.990582425086311	1.7921989812089028	3.1268102051988245e-05	6.548399431971596e-06	2.46263566603578e-07	2.3265301431817043e-05
YDR119W-A	-14.60206650633422	14.127799845509973	0.14943161921992698	5.821582776117061e-07	1.0103171393048104e-18	2.9736808633138e-06
YML099C	-17.95647128129435	0.06708430388944986	1.595130254471342e-08	1.5943350593190787e-08	1.4245530996395086e-08	1.7761594082557357e-08
YHR207C	-18.0227184621262	1.304527996971845	3.439200352186112e-08	3.4328636285155116e-08	1.7376917983406746e-09	1.2544122400390335e-07
YOR343C	-17.659139240969076	0.238663664641807	2.2098122343838595e-08	2.2030195661349738e-08	1.4456605332361555e-08	3.170067326025546e-08
YML007W	-18.024648374725935	0.5183661695623382	1.698963817005977e-08	1.698939534751856e-08	6.32869492543811e-09	3.4830098195832475e-08
YDR357C	-17.212825554387514	1.0345509178554912	5.912601865409152e-08	5.7087562978205794e-08	6.092054004472924e-09	1.8320104969251216e-07
YCR031C	-11.910097013977927	11.807748948733087	0.15727038077231129	0.19692796872115517	9.613373500800814e-14	0.9998308704846951
YHR074W	-11.848578842430422	0.2320906124131561	7.3463985665988055e-06	7.41943021840053e-06	4.931014098699604e-06	1.056964819691704e-05
YOR251C	-16.94869161184119	1.7349401507054496	1.8496956151217133e-07	1.5342669190240315e-07	2.4626204295072654e-09	6.385126226804761e-07
YLR266C	-19.013642024358838	0.37252572176186016	5.931160820961089e-09	5.921938349892044e-09	2.9928799640916827e-09	1.0194203637614067e-08
YPL015C	-17.5524847821734	0.28559910267797955	2.489806618833625e-08	2.4818068938745373e-08	1.4894330776581564e-08	3.809657551263301e-08
YBR181C	-11.952247573012707	11.096278278352036	0.1465189583830201	0.20027280334009684	7.529854448188772e-13	0.9996664202772364
YBR094W	-16.010398873936488	0.8425960044560463	1.59765853314808e-07	1.4966400494996878e-07	2.7255458380682807e-08	4.124251034579762e-07
YMR168C	-17.862366122623776	1.720103274014425	8.76002932709793e-08	8.25168432080646e-08	1.0347329124277134e-09	3.076437289962985e-07
YDR398W	-17.598211269557346	1.065382879567428	3.9675365699096026e-08	4.028951380227892e-08	3.945349531169924e-09	1.3175985874607636e-07
YDR090C	-17.339420553639634	5.661013574204462	0.0017769525652826538	8.411259916874908e-07	1.693009712897804e-12	4.497709687045427e-06
YFR046C	-18.21423335486265	0.18928047830234365	1.255454983847911e-08	1.2513988946093803e-08	9.001308245206575e-09	1.677834812205327e-08
YEL011W	-14.543461552960204	1.1655539080717638	9.67518886610158e-07	1.018309362936672e-06	7.259458171622524e-08	3.6127125913761387e-06
YNL271C	-17.91475698843073	0.10879449260579409	1.669908435731004e-08	1.668304269123791e-08	1.3867469269032414e-08	1.9832020290120188e-08
YDL206W	-18.630047205363503	0.500357827728941	9.181147238104848e-09	9.183956130427972e-09	3.5585284878380425e-09	1.8443060408203426e-08
YFL039C	-9.842508629831125	3.625110526621359	0.008677338742083752	0.011195271869964099	7.833707976786668e-07	0.03640195365183888
YLR028C	-11.123511139682657	9.859888460084717	0.13066746297094267	0.24472844632644875	2.808433592574406e-09	0.9996005990951875
YBR033W	-18.864356964161693	0.2735561939943864	6.6583659107422124e-09	6.659279554890848e-09	4.08973799502444e-09	1.0058935620538696e-08
YDL107W	-18.154995968675344	0.4197562771264846	1.4202822339138249e-08	1.4244330354768685e-08	6.539009416938206e-09	2.5999630804539477e-08
YGR146C-A	-14.720647782626608	0.7549370953266316	5.390828506883297e-07	5.396564268391198e-07	1.1697745672064846e-07	1.4054115095394432e-06
YKL050C	-18.881871245562202	0.21601089468548118	6.4307175763342485e-09	6.4519948797848255e-09	4.4181395110123275e-09	8.989286964150711e-09
YMR290C	-12.340986996569834	0.2784110438894295	4.542037090391331e-06	4.54126845341874e-06	2.7673246360250702e-06	6.891339246572848e-06
YMR284W	-17.85708717812026	1.1528931711273156	3.3924661521290594e-08	3.421444747119494e-08	2.637180414190358e-09	1.1727149184109158e-07
YDR496C	-13.075918601382861	0.7764193919482921	2.8268066110378824e-06	3.5029421573621175e-06	6.412015930727959e-07	9.839099812450983e-06
YHR213W-B	-17.531624119023896	1.0505385293486356	4.149564752464476e-08	4.22965788293617e-08	4.321243165588335e-09	1.3696701958435967e-07
YNL117W	-11.846172950202297	3.6981032376271856	0.001901632108208067	0.0046919881059902	1.408696423549907e-07	0.011089011326069013
YCR106W	-18.892629005066688	0.09465752053345751	6.251299575227952e-09	6.265099623239517e-09	5.337605257649713e-09	7.287740974902485e-09
YNL040W	-18.205949581920272	0.24218092480378456	1.2789044956334198e-08	1.2762175774440649e-08	8.319063558677663e-09	1.845449055448198e-08
YCL016C	-16.817188553476576	0.9449357358603524	7.78618848219138e-08	7.685297159427422e-08	1.0471606372347001e-08	2.3202714123822452e-07
YGR059W	-17.824930499767056	0.32365299179457824	1.912976764528085e-08	1.9116094769696497e-08	1.0648507582981813e-08	3.088328473313681e-08
YJL153C	-14.914091132749443	1.8997359243010727	2.040311802998062e-06	2.332977693119419e-06	1.5564211901346133e-08	1.0599363321171467e-05
YDR170C	-12.122066422679334	0.17767759991568957	5.534819244507176e-06	5.539318588307256e-06	4.077285315774044e-06	7.284218762564271e-06
YER044C-A	-17.89046038872852	0.21175171234038345	1.7404502541615117e-08	1.7377075410217512e-08	1.1990834313631668e-08	2.406577330837456e-08
YOR013W	-15.228466690846242	0.7006974393713943	3.0926404053031785e-07	3.108981463371323e-07	7.678854157395816e-08	7.690671843084606e-07
YPR040W	-16.317913260537303	3.358895625200954	1.2420038145223464e-05	5.985690617512513e-07	2.6602825534703685e-10	3.065435151607246e-06
YDR251W	-18.852921343198382	0.3837820036606602	7.038324715177746e-09	6.985515836161327e-09	3.4501669020628906e-09	1.2195147653880393e-08
YKL007W	-17.137234793591183	1.0886870202898487	6.444564119457531e-08	6.513178591745474e-08	6.01007644309373e-09	2.1559425174271454e-07
YBR221W-A	-15.532312844626128	0.4805287761191478	2.0289612234810056e-07	2.016762665645075e-07	8.149161525033374e-08	3.959964998932866e-07
YOR064C	-17.672501250251067	0.49176150976174954	2.409686406218045e-08	2.3818455058460783e-08	9.403175542609853e-09	4.733898069712827e-08
YKL195W	-17.866325058007483	0.22502284265908373	1.7861035250461166e-08	1.7852238703712e-08	1.2018247349679184e-08	2.519726024701957e-08
YOR011W	-17.179761539046872	1.879747621677041	2.0922516565011164e-07	1.4795347532318431e-07	1.5423987192414182e-09	6.378836104121806e-07
YPL083C	-18.14264508915307	0.6990444919219411	1.6824682698708212e-08	1.6848286703283563e-08	4.177022991965575e-09	4.1654337037501486e-08
YLR364W	-14.84436687721695	1.8217841690256107	1.9873618868820576e-06	1.0676380696466596e-06	1.68903235523667e-08	4.52777876390283e-06
YLR450W	-14.136904223655572	0.4524103931861471	8.004562938671002e-07	7.923690825069819e-07	3.4179085593338025e-07	1.498861237085542e-06
YDL061C	-11.626699596709793	22.742492693740783	0.3067641811597486	0.3338293297942448	1.4511429842363293e-21	0.999999999997538
YIL062C	-13.818447297025111	4.736640289243296	0.0031388428571442156	0.00462176396295404	6.109997774226221e-10	0.0050082788881036944
YLR353W	-18.516588914008885	0.25555547763088027	9.368993980241071e-09	9.386053706467536e-09	5.964876192875611e-09	1.3832993841382174e-08
YIL137C	-17.514476710865843	0.23252869213954805	2.5506579021070457e-08	2.5411090835593576e-08	1.6870111400496514e-08	3.624039147723522e-08
YHR144C	-16.697503849042683	1.3854212526241125	1.4821670628705325e-07	1.5215079834428983e-07	5.761667909058795e-09	5.644019846760935e-07
YLR242C	-16.625494856031715	8.400654748991496	0.027554433236492357	0.0514269576961848	2.815690726955923e-13	0.4305649901747211
YBR058C-A	-14.632803252855362	3.8419875839491593	0.00033957206880217685	0.00042717294807366365	8.879762518630341e-10	0.00035904389556934115
YJR017C	-12.439266514295875	4.028714896294916	0.002537679499124243	0.00353995697817057	8.502842168695311e-09	0.005417757467836696
YNL047C	-17.505627414565375	1.9817108688916636	1.6577673240542678e-07	2.1848764317100758e-07	9.67836184751851e-10	7.429776695143337e-07
YGR023W	-17.877705660642228	1.1117156094140181	3.1694309051179195e-08	3.1930050428875954e-08	2.7644106503407155e-09	1.0696630240917891e-07
YOR340C	-13.3843122513726	0.7634827304205616	2.03245920196661e-06	1.8393373559723358e-06	4.200156075958322e-07	4.638466593325805e-06
YML124C	-10.745359009125375	1.8544092611433969	0.00013131791068979516	3.474377272294539e-05	1.0229396386571061e-06	0.00012223311091089426
YNL217W	-17.534218604477196	0.735633785590945	3.192449489847044e-08	3.167758337299686e-08	7.218170316524433e-09	8.090316554438922e-08
YNL231C	-15.067061349990533	2.9264057943946447	1.5101742138096902e-05	4.735684148001985e-06	2.3437126760255782e-09	2.0859252560430856e-05
YGR005C	-12.037633087304991	3.8154299902926456	0.0024121314354123022	2.7960756801511958e-05	8.557927379281061e-09	9.575547754173025e-05
YNL207W	-13.008945847913262	0.2529924258617459	2.3168140367414504e-06	2.26858588871373e-06	1.4567831779536835e-06	3.3162680810142006e-06
YNL118C	-18.791151125006714	0.13036910078098007	6.974293536128929e-09	6.962522330381081e-09	5.570325847785556e-09	8.553654633899176e-09
YOL162W	-17.72142757637716	0.4405225634885011	2.2243621875868687e-08	2.213330684642724e-08	9.735553177900628e-09	4.1415804931449325e-08
YOR141C	-17.488408680795096	0.20723330971568169	2.5989204011091997e-08	2.5951878873271186e-08	1.8058817951787376e-08	3.5709506824855045e-08
YML086C	-12.54083378606533	11.028675559286858	0.13531131002495103	0.24929940828047784	4.2965557934406525e-11	0.9998538111541054
YHL011C	-10.404586088604399	4.293126209179959	0.013449226221548935	0.018614324858714542	1.2013066925781046e-07	0.06822000549094769
YLR008C	-15.995386103976623	1.5100522473108047	3.573326304242478e-07	3.079722002797145e-07	9.294282607262463e-09	1.2099007034419307e-06
YNL180C	-17.157930705700842	1.0987543856476727	6.523063501893869e-08	6.392036036709116e-08	5.7800180475109336e-09	2.1244463448712983e-07
YKL164C	-14.877425396830356	3.6956715187660802	0.0002117889100407075	0.00037378736868176127	1.1092354015076225e-09	0.0004428264136756928
YMR233W	-17.094095999950646	0.533747042265174	4.3324409878745007e-08	4.338533822392774e-08	1.5647650940338573e-08	9.043238452540942e-08
YJL100W	-17.935716498869574	0.19975347568907048	1.6551177906877013e-08	1.6567137418081648e-08	1.1692667674169943e-08	2.2551848896226037e-08
YOL055C	-16.600690398358843	1.707280126891013	2.5684483316572197e-07	3.0302233044621283e-07	3.762516164114582e-09	1.1448149248105592e-06
YBL067C	-18.65397306880272	0.18156223511048783	8.052840302210789e-09	8.051003506406353e-09	5.874549237861832e-09	1.0672450051162839e-08
YHL004W	-16.728479533722698	0.5961927365772818	6.442776749984555e-08	6.473284719068475e-08	2.0331316674091038e-08	1.442699256420022e-07
YOL114C	-17.41546085639215	0.43116457139035225	2.99344724341921e-08	2.9987344198974e-08	1.3444291000990313e-08	5.549902232391064e-08
YLL030C	-17.367281364154174	0.3281956766162066	3.037198960832058e-08	3.023307795592867e-08	1.6694242324337622e-08	4.912063261845163e-08
YMR142C	-11.68056461208557	15.08409975320866	0.2249042019633016	0.2921612268536339	2.0639203659068664e-15	0.999999726366448
YNL328C	-15.026861511892045	2.166296576269648	2.8370278388540355e-06	4.080896411294449e-06	8.767520071603512e-09	1.430525827285105e-05
YMR175W	-16.625223307863912	0.6578073531964728	7.565875753689182e-08	7.480905368197708e-08	2.040893442865827e-08	1.777027290897297e-07
YPL264C	-15.51500407477665	5.594509152446623	0.0033962877107365586	8.724856899606049e-07	8.30211526235896e-12	4.840286193085377e-06
YDR394W	-10.536156987823185	0.9013246561256889	4.080104161592713e-05	4.842348002469798e-05	8.034212200149726e-06	0.0001368753264033917
YKL032C	-16.720205398386447	0.49567935120351103	6.175581014573481e-08	6.19042026579264e-08	2.4213063794196997e-08	1.236731357182363e-07
YLL021W	-18.719726876989576	0.31049527947709415	7.774221314463629e-09	7.778125436782297e-09	4.447261005622859e-09	1.2351726075776227e-08
YDR307W	-18.635100694832495	1.1217078695924756	1.5310365904983494e-08	1.5057078285828703e-08	1.2727763386761932e-09	5.0711619405737965e-08
YHR211W	-18.36189645621284	0.2527205363926233	1.0958406818937078e-08	1.0949486800734133e-08	6.998200634838372e-09	1.6065615119615405e-08
YJR084W	-17.810125426470172	0.6543366047759481	2.2794940328838784e-08	2.2785600711594898e-08	6.269727403291759e-09	5.391489331672706e-08
YJR085C	-14.719401328876254	14.848652966844458	0.16187777902261954	0.19707667790122788	3.0519132151228894e-17	0.9999842780687834
YOR260W	-12.925663550115994	14.405382338300981	0.18593248700578943	0.3628865785551352	3.5490254766806873e-12	0.9999997306630138
YMR111C	-17.298019038506887	0.5455875438772749	3.573748997022156e-08	3.56555335201254e-08	1.2514670788305543e-08	7.532754226963163e-08
YJL045W	-13.042419582686259	5.562384208603042	0.012915302098199377	0.032070744933241004	9.250838536469678e-09	0.16117418051716437
YDR452W	-17.877538460416822	0.14319022735038547	1.7389571391294154e-08	1.739128851501554e-08	1.3598444285471403e-08	2.1781066161388267e-08
YPR171W	-18.443906197754536	0.4289809639894921	1.0710195626498998e-08	1.0710354573711166e-08	4.821160857014497e-09	1.9773282081833813e-08
YML101C	-16.71589952773588	0.5844770763072835	6.517414414959613e-08	6.51491694074757e-08	2.1009757902784923e-08	1.4345256667360088e-07
YIR018C-A	-17.74808451311487	0.14644843194353338	1.9836506478615046e-08	1.980377948326917e-08	1.5395026402863542e-08	2.4924454478522232e-08
YNR028W	-18.21962264994449	0.14284374531450506	1.2345200289488027e-08	1.2351918537755219e-08	9.664329293973381e-09	1.546203227501159e-08
YPL093W	-10.020998401910171	5.265783820649424	0.036574442223575955	0.061841281523411694	9.533350121534868e-07	0.48677159302639583
YNL284C	-15.422884127700806	2.700177440723178	9.59625220385385e-06	1.3788691662167898e-06	2.1834644123693735e-09	6.750944927689092e-06
YCL050C	-11.949600652494107	1.8785137310988433	3.793811364070196e-05	6.147416552103888e-05	4.505267005442657e-07	0.0002338658245026368
YPL202C	-18.111401240451364	0.23990954769537942	1.4021048613306918e-08	1.4021594785015115e-08	9.178263314725715e-09	2.0208905446403425e-08
YDL072C	-13.892155313988903	0.7879976199066806	1.2536338220563497e-06	1.3043517865096224e-06	2.5626971375264444e-07	3.52517238960394e-06
YGR105W	-13.692490494629007	2.5170239461256636	2.3298603086489436e-05	3.2004646212828284e-05	1.9197931757650453e-08	8.974286513022181e-05
YJL096W	-16.62686006270173	1.1614904950510248	1.1569030674250454e-07	1.1572462284378949e-07	8.864707967179437e-09	3.9730853951828437e-07
YDR510W	-10.532743449491088	4.775914888909277	0.02046072384694729	0.022659062623073763	1.6327415435455914e-08	0.08602213792923462
YPR001W	-17.786947407560497	0.26533895290820514	1.9541012832672807e-08	1.9522110018085033e-08	1.217543838580707e-08	2.9147436653491054e-08
YDL145C	-11.135460442449537	0.06445005635233418	1.4607013756954574e-05	1.4502166104152808e-05	1.3029453191036625e-05	1.6070360683744767e-05
YLR312W-A	-16.271820314338534	0.3871423551241506	9.272613037925417e-08	9.236002688045708e-08	4.533097430429113e-08	1.6191019189840375e-07
YFR044C	-12.574672019954003	1.2941724689738932	7.887625574173352e-06	8.264396798834713e-06	4.5919841580543294e-07	2.9129402374921704e-05
YDR330W	-15.413142672384263	3.3287788832792073	3.734319120589801e-05	7.155301026612364e-06	9.276988860565864e-10	3.139368262444254e-05
YGR140W	-17.37398340532031	0.10976418766067335	2.8671444471689198e-08	2.8652440546017696e-08	2.377295466467748e-08	3.4112536258136454e-08
YMR040W	-17.33191590487781	0.23240431858411661	3.072521401292854e-08	3.052044970827247e-08	2.0268198045560334e-08	4.353854951588585e-08
YLR214W	-17.81514673760916	0.3981455607475169	1.9779069132825814e-08	1.9840689657863348e-08	9.5179908177199e-09	3.5270762957155015e-08
YDR258C	-13.28074204769741	1.1307916346198348	3.273499880442495e-06	2.668605178407159e-06	2.6094690587659536e-07	8.60553863650462e-06
YGR207C	-13.883479825447418	0.7841630550841998	1.2740578631891388e-06	1.1737658755811413e-06	2.495727620361189e-07	3.054286483710233e-06
YKR077W	-16.83320511131837	0.32823432983666784	5.174696241794033e-08	5.1596012380957864e-08	2.8491381857744648e-08	8.384283261652129e-08
YLR362W	-17.034914389970204	0.21199692425243247	4.096670754993598e-08	4.089069410141943e-08	2.820851844976251e-08	5.66605841486315e-08
YFL034W	-17.02680896117176	0.13773740885559074	4.065249973316935e-08	4.068063864651408e-08	3.2125923643604324e-08	5.05422475020323e-08
YER180C-A	-17.738955541041783	0.403358325599333	2.1443331838577853e-08	2.1445130217122738e-08	1.0177248837760637e-08	3.836612637466177e-08
YBR131W	-18.398184100596104	0.3993718561307052	1.098734209323841e-08	1.1075590961928195e-08	5.298851759628442e-09	1.9715303902086623e-08
YGR027C	-11.120008275503048	26.205320187878907	0.3430425048146995	0.3885230938764268	2.4921062237124345e-23	0.9999999999999978
YGL198W	-16.798879283677657	1.3990909192177776	1.3609951180650222e-07	1.3521435389570843e-07	5.067925989108394e-09	5.067813788915287e-07
YNL192W	-17.261194517669487	0.4226521276047173	3.471155402518442e-08	3.4811444910493135e-08	1.5886519780158433e-08	6.377045954945608e-08
YBL081W	-17.726100626435205	0.1971643138153543	2.0408362861802167e-08	2.0422003241673108e-08	1.4480992100481009e-08	2.769295322334159e-08
YDR331W	-15.436387580463768	1.0563298675402364	3.5210604443264473e-07	3.462868076994616e-07	3.478732488713245e-08	1.1276406979381912e-06
YKR019C	-18.129793377674055	0.1788211098562195	1.3573348141159747e-08	1.3592096797632035e-08	9.96738310286612e-09	1.7950658836623865e-08
YOR381W	-18.595900693785502	0.6066326229752567	9.981870860981252e-09	1.0075267667270311e-08	3.091032889867096e-09	2.272152763585945e-08
YNR045W	-18.213608320563203	1.349341079167223	3.2571474219094396e-08	3.038680585197525e-08	1.3335975089991597e-09	1.1248254879653776e-07
YDR299W	-17.699383176245597	0.4288180383225847	2.264896691168197e-08	2.255756021390041e-08	1.0160343006498867e-08	4.164882127657171e-08
YGR227W	-15.130329417655	1.6081307101718538	9.82035715698543e-07	6.754665028521585e-07	1.8386059590958237e-08	2.756562776250267e-06
YKL049C	-15.10199672343965	1.3541747953867915	6.930894935731411e-07	5.922445425967983e-07	2.9137635664121412e-08	2.206847968984205e-06
YCR016W	-17.20907289895053	0.4300640823774907	3.671485797218384e-08	3.6832338960879645e-08	1.6544680056206444e-08	6.809779578187671e-08
YER071C	-16.74432132520537	0.5693969144100673	6.255521995618158e-08	6.285581966983703e-08	2.093444013372248e-08	1.3627446238706722e-07
YGL055W	-12.76305362936632	0.570848811597508	3.3419798916455233e-06	3.264568364897496e-06	1.1079022910400587e-06	6.967359183833285e-06
YOR320C	-17.673192727838746	0.6903410231510132	2.661033800288341e-08	2.680674927798842e-08	6.7834554722674794e-09	6.573684118086011e-08
YOL081W	-16.231137114294093	0.3129720727380462	9.341555838358555e-08	9.368226932573254e-08	5.331933964624868e-08	1.4900080212262988e-07
YAL013W	-16.04212243505112	0.7495413154821532	1.4216781226609107e-07	1.4254885150057803e-07	3.140525174191925e-08	3.688956185480226e-07
YFL029C	-17.932892830424812	0.8942769425124957	2.430140553082882e-08	2.4215726693116825e-08	3.735524347019113e-09	7.060731829673183e-08
YDR047W	-14.236153581093228	0.7925958309223963	9.01455976651871e-07	8.308317952421484e-07	1.7314850508693916e-07	2.176851460943624e-06
YFR003C	-16.211081488284385	1.8855128755968327	5.201764548815583e-07	6.206410219183424e-07	4.135606421682414e-09	2.2515701944540654e-06
YNL260C	-17.046031696249834	0.2632379886645335	4.101378523301502e-08	4.092083279625572e-08	2.5630825461162446e-08	6.09363576500056e-08
YGL067W	-17.88564734218466	0.3176271977272439	1.7934772061094956e-08	1.7957749944626668e-08	1.012112442554498e-08	2.8777553042835496e-08
YNL077W	-17.71060751157797	0.21620554042017476	2.0885323046517897e-08	2.0823172379222354e-08	1.425357672104441e-08	2.9029389105767598e-08
YOR093C	-14.67067333537211	0.3380557608301074	4.493655295544876e-07	4.4875037267678564e-07	2.4331058641811334e-07	7.379034564697689e-07
YNL326C	-16.615777070798636	1.3460849295444977	1.48942751693267e-07	1.4374751929876668e-07	6.597989539470329e-09	5.342292617044475e-07
YAL002W	-18.47447013080177	0.2356980905342639	9.732412305248957e-09	9.742418888676672e-09	6.428257808922366e-09	1.39643923065979e-08
YDL242W	-17.66735970647364	0.32326742691892324	2.2360113488734774e-08	2.237394052922078e-08	1.2473737052645364e-08	3.613103729676353e-08
YKL022C	-16.159226256823736	0.48833486425840067	1.0860323686194398e-07	1.0808768361159532e-07	4.294690602512832e-08	2.1412318198253271e-07
YMR325W	-14.722847248246532	118.86852663622471	0.4490206714215012	0.543270496583469	1.66353547342627e-86	1.0
YOL117W	-18.40346959989342	0.4659936434594375	1.1417056519502206e-08	1.1340073841217564e-08	4.726822653155626e-09	2.188045012622086e-08
YMR156C	-17.705995351109728	0.9776079824537087	3.260607858363878e-08	3.2652887824715206e-08	4.079650817327613e-09	1.0077458329645966e-07
YAL042W	-16.182293497368796	0.7159365621458411	1.22393119729909e-07	1.2180760576681493e-07	2.891694331728024e-08	3.062464975049144e-07
YGR284C	-12.046431495139538	1.1798654289570205	1.1535269161239625e-05	7.478711986744284e-06	7.591188098505201e-07	2.3272593719426027e-05
YNL335W	-17.068902532097987	4.097569968154841	7.836692008653768e-05	0.00016888916427243566	5.347016781601261e-11	0.0001036326681034619
YPR082C	-13.175752009309642	2.670833556059803	7.759790471427666e-05	8.989948593071281e-05	2.80386913070212e-08	0.00023317291636442547
YCR107W	-17.501737638952314	0.932870405850707	3.955096805367761e-08	3.883834073744233e-08	5.403189866463286e-09	1.1663533383531249e-07
YDR233C	-14.007501972203452	6.409273834558891	0.016168119303720682	3.1703852772298136e-06	7.265330729247523e-12	1.5664951194218176e-05
YPL255W	-15.757242193570116	0.2142030969246416	1.4619191211090998e-07	1.466239411727746e-07	1.0074965489519193e-07	2.0377346113142387e-07
YLR451W	-17.749373606923605	0.07913675754608139	1.960691393674458e-08	1.9629395799847816e-08	1.7179469829253694e-08	2.2285644633943923e-08
YDL168W	-14.574944720498886	1.6852431820887397	1.9639229091849246e-06	1.9902264465081885e-06	3.013897335926198e-08	8.472019166761383e-06
YBL025W	-16.096472024649252	1.2856330976166486	2.334975362062268e-07	2.384367508670943e-07	1.2354621672712887e-08	8.627532411058202e-07
YPL038W-A	-17.580739363090238	0.3976328195164463	2.509783686790504e-08	2.506284167617811e-08	1.2034750200760538e-08	4.45219365515196e-08
YLR422W	-17.653762112277896	0.17887527951383167	2.191841716718149e-08	2.1869683802808124e-08	1.603820992408028e-08	2.8880733784149946e-08
YJL143W	-14.223094825393625	8.18302893342063	0.04474592969760331	0.06135489875714284	2.2806093228845316e-12	0.6088211248982472
YOR177C	-17.781773621180896	0.5535233623926156	2.2077147742046046e-08	2.207377183634719e-08	7.614697056653357e-09	4.70463234602964e-08
YGR031W	-18.256089981988175	0.361974750960405	1.2501095008052403e-08	1.258584847093661e-08	6.495833796371015e-09	2.13709437344415e-08
YOL097C	-12.08974684434447	5.469072354794013	0.017651919376616327	3.1470508004301582e-06	1.7453488854103989e-10	1.5774773745406466e-05
YPL174C	-18.683192886842285	0.3835924715967121	8.283023705767892e-09	8.27411438698562e-09	4.089665327939356e-09	1.4446542653602197e-08
YJL151C	-16.953802359953393	2.287854779098997	5.71619400334585e-07	3.588070290868165e-07	9.877940273156611e-10	1.5055397721089357e-06
YDR043C	-15.50708358825518	3.333467187347372	5.111795947968377e-05	7.790921115425359e-05	9.1280933334132e-10	0.00011396375889370311
YDL053C	-16.65961803953264	1.824097133173338	3.1457415719592834e-07	2.9390749201622383e-07	2.88681530835834e-09	1.1591765003358284e-06
YDR179W-A	-18.29180401283606	0.6532267747406046	1.3982029292526053e-08	1.4030543748336716e-08	3.876126898032159e-09	3.314097084117336e-08
YHR030C	-11.26773879996558	1.673205433883349	5.274654221353499e-05	8.839472669391314e-05	1.6836784844847417e-06	0.0003304574521125252
YKR088C	-17.089151179513415	5.561165967605271	0.001803148581376327	0.0042274190069588975	7.856616300338264e-12	0.00302857303701599
YJL133W	-14.009344912455115	10.263107294782493	0.08813603555691511	0.15173171181491288	6.792177698500771e-13	0.9953643827789438
YPR178W	-17.79135118479548	0.5247528377398667	2.1486475165080564e-08	2.153957135562649e-08	7.914645126346112e-09	4.4483324791576e-08
YHL044W	-17.67399720649059	0.545671176521062	2.445973108203206e-08	2.4453980557899206e-08	8.591606588081236e-09	5.163805018047259e-08
YLR176C	-17.71690681741979	1.3734011906512567	5.175463845258204e-08	4.788594991934492e-08	2.0879328532114302e-09	1.7961838932725173e-07
YKL163W	-14.763485967902804	6.179601547969829	0.010165085128814897	2.0785281598600987e-06	6.064608745076388e-12	1.1179177060820064e-05
YPR004C	-17.087305800400777	0.28097316103034814	3.953650729406637e-08	3.9444056941464234e-08	2.3886645481168325e-08	6.0174678847861e-08
YBL044W	-17.535756315331078	0.6265459405314493	2.9591283240813185e-08	2.9489609476544643e-08	8.643984844987936e-09	6.790809733448919e-08
YHL008C	-18.2320735497969	1.5293385366863337	3.8760431996832285e-08	4.023509411834901e-08	9.781735963166022e-10	1.523952114266998e-07
YBR056W-A	-15.062502153291414	5.946209649187546	0.007076294563532239	0.009060267101400073	1.9268722123896438e-11	0.007817722289674898
YDR178W	-15.694730158073932	1.0062860583719793	2.5924537422245107e-07	2.5329178821023124e-07	2.9172626191976963e-08	7.980964871487167e-07
YDR288W	-18.154767602064517	0.21607367328765487	1.3360133304799355e-08	1.3354176955140199e-08	9.143696223718428e-09	1.860789559491419e-08
YML030W	-11.580300484661118	6.073399729300125	0.033278282452629926	0.04331887078481638	9.787327988351126e-10	0.291099935258718
YBR167C	-17.561185576259	0.5739378027944225	2.7708821287977196e-08	2.780777421247107e-08	9.180251037728747e-09	6.054775133201621e-08
YAL020C	-18.239829384453465	0.4711696715318121	1.3417712177090137e-08	1.3379286091158649e-08	5.515846429544843e-09	2.5971139811500824e-08
YGR281W	-16.136721507319585	0.1952314465806268	1.000425659251262e-07	1.0011328027409392e-07	7.121531273167464e-08	1.3541143299008977e-07
YOR187W	-10.789932737062324	0.3022252434028454	2.1583480739134492e-05	2.1378148932621438e-05	1.2557899409623796e-05	3.327481541804573e-05
YKL053C-A	-13.811260676972731	3.4890269021900155	0.0003056630001429261	0.000362701845555994	3.6732939954027567e-09	0.0004435722407251831
YLR206W	-15.715153316931671	2.1909638438387007	1.5495267646494875e-06	4.510130897663975e-07	3.588888848675314e-09	2.045722809067125e-06
YNL187W	-18.309958813705585	0.2639266206118222	1.1547736423433928e-08	1.1565378656704691e-08	7.233585048520115e-09	1.7236592618332092e-08
YBL059C-A	-15.378392384148308	4.221392397446232	0.0004288473922630995	0.000615516012318902	2.328608539942372e-10	0.0003830584317212183
YDR089W	-17.636676705610576	0.6104571392515633	2.614480390887266e-08	2.6360427550345033e-08	8.015939312685972e-09	5.96691856648567e-08
YLR250W	-12.414278569683072	1.0101067978290217	6.783602779631462e-06	5.24092304496487e-06	7.178625376077214e-07	1.5404981078037803e-05
YDR457W	-16.14931155746394	0.07982264860806144	9.733614295083991e-08	9.726099787371958e-08	8.499978877692221e-08	1.1055521173926484e-07
YPL153C	-12.674489007990767	0.33035812284626853	3.3143490123743895e-06	3.4200475304940135e-06	1.865436303139246e-06	5.610382438495151e-06
YCR028C-A	-12.628165298658994	7.09241970574424	0.0395560621748184	0.05373811886675722	5.87777055257549e-11	0.46117649843235287
YDR503C	-16.545206489151447	5.704509936427773	0.002570207521002781	1.9545668982561075e-06	3.443759482439728e-12	9.528171361039344e-06
YMR234W	-17.69752055324438	0.2586879195962979	2.1325954594323523e-08	2.1307522672327744e-08	1.346103054462064e-08	3.152761263715412e-08
YIL074C	-12.332346045522124	4.051175419961045	0.0027630298262961064	0.005987289114560612	3.2790141017173705e-08	0.013042382854764067
YMR289W	-18.27368015480983	0.19865835245232447	1.180978208654331e-08	1.1813126241906327e-08	8.351839816730439e-09	1.605553608691525e-08
YHR015W	-18.81516287696372	0.3237394869800036	7.129714039988683e-09	7.1015815504950555e-09	3.9552545426737066e-09	1.1474473536321762e-08
YHR027C	-11.30688159741562	0.027546398067593573	1.2288109156014719e-05	1.2292648323953463e-05	1.174355254132281e-05	1.2856954506754337e-05
YEL019C	-17.40631461326206	0.966380861225367	4.423477497268504e-08	4.394292253359699e-08	5.6166907013271226e-09	1.3497194357403087e-07
YAL025C	-12.313583326294017	2.457648135658689	7.495845758953745e-05	0.00015752992557614557	1.3242886684520618e-07	0.000497098628803433
YHR132C	-15.86973600053984	0.7909340551101961	1.757131797380167e-07	1.77052378749084e-07	3.5032220538935754e-08	4.768700441927878e-07
YIL007C	-17.083038742851336	1.3137033134562093	8.864542842599274e-08	9.04474067445793e-08	4.3895722290163495e-09	3.307034567945897e-07
YNL038W	-17.200193955789423	0.41955816123461265	3.7338656817962946e-08	3.700798404067422e-08	1.699490485524369e-08	6.757445945937419e-08
YFR023W	-17.86304995917539	1.6865921576001495	7.422811113206787e-08	7.009745278898502e-08	1.0866861544664568e-09	2.761946122673066e-07
YOR070C	-15.25624524693644	3.0193999246198437	2.3758060887472963e-05	1.7046618316763487e-06	1.4971816657729282e-09	8.829224917966857e-06
YBR281C	-15.728034060121852	0.3813834989050218	1.581658165710265e-07	1.5882651124948693e-07	7.882727828903539e-08	2.764371642291551e-07
YHR209W	-17.915649373659967	0.2861565131489164	1.7235927638436886e-08	1.725962128442671e-08	1.0344358019318581e-08	2.651938155541521e-08
YPL047W	-13.74194358490872	12.666746640623579	0.14183005398801274	0.16781900647277723	2.3450634215459608e-15	0.9996989237856194
YCR088W	-17.94448030922735	0.33702682788266497	1.7133129775684517e-08	1.7039834576648363e-08	9.24283868444946e-09	2.80122907458226e-08
YPL175W	-13.941648775632482	0.9147571801397906	1.3710754978402754e-06	1.3480909030886094e-06	1.9661845106251928e-07	4.004358565840341e-06
YPL222W	-18.766645642544013	0.4633674050477854	7.905411695834802e-09	7.875777367577603e-09	3.299120108044538e-09	1.5151531976016707e-08
YDR441C	-15.677866457373009	0.39002245921233564	1.6723705292184762e-07	1.675766898925049e-07	8.176311291858188e-08	2.948150128720474e-07
YGR101W	-17.41196126711379	3.528665487154913	1.2578663356562564e-05	2.0775614547519323e-06	8.311098073471011e-11	7.767675417374597e-06
YGL162W	-17.426638095749645	0.6100714319732016	3.2640274347446034e-08	3.2569763299860404e-08	9.90541805179073e-09	7.371258270927994e-08
YEL017W	-16.4323256947036	1.5015610092921519	2.329254849830102e-07	2.0053039107527463e-07	6.103802252982702e-09	7.862282368074091e-07
YHR024C	-13.617496705432993	0.8464329877080052	1.7418067318915377e-06	1.8627881993164134e-06	3.112215915084718e-07	5.3352475270943945e-06
YOL092W	-16.84023201524628	3.3366592656981147	1.0152973688402188e-05	2.2374075790737783e-06	1.9968954447970182e-10	8.854968492789195e-06
YER063W	-17.191730392391896	0.7605957611165766	4.561035488642722e-08	4.564825171311185e-08	9.780419840357443e-09	1.1942497480614903e-07
YPR145C-A	-16.163907519302434	1.0493039330919054	1.6276160573250732e-07	1.6241698127389658e-07	1.691589009036549e-08	5.242238305031499e-07
YLR054C	-17.145331353757634	0.7702832032260641	4.757734392451755e-08	4.777072038320557e-08	1.0045735564113277e-08	1.2570396916106055e-07
YKR004C	-18.112789028667017	0.3164156551406042	1.4232392225851205e-08	1.4302037675172482e-08	8.080695662668203e-09	2.288457238487605e-08
YOL032W	-15.286042379558191	2.3741614530985347	4.03588668998628e-06	1.1981254042051804e-06	4.337197941389619e-09	5.630806803389845e-06
YHL015W-A	-17.684155496878653	0.7319958795100121	2.7230723990543445e-08	2.7291121432074582e-08	6.257819426035097e-09	6.955001912287368e-08
YKR015C	-18.55671254463318	0.09408800255352656	8.78205915367295e-09	8.766665196958294e-09	7.475502231914008e-09	1.0187629091126773e-08
YDR182W-A	-17.57040797033637	0.7931186042059559	3.2304784714967846e-08	3.2011748568117897e-08	6.340367919287785e-09	8.605369764230609e-08
YNL161W	-9.995659355969972	1.2782229529576208	0.00010385720928946181	0.0001483852339886126	1.2724548119771437e-05	0.0004999305470657311
YGR133W	-17.13943298075987	0.6960619905539553	4.5324434252389926e-08	4.582821941766822e-08	1.1446932296323483e-08	1.1291128071606636e-07
YLR149C	-17.58794346497684	0.40479597100388676	2.4985786379918382e-08	2.4966312032201007e-08	1.1815915094278558e-08	4.475473851963989e-08
YGL185C	-18.29709493973582	0.28330306550221224	1.1784090564820391e-08	1.1777129995484339e-08	7.097155538465365e-09	1.8024663841635547e-08
YKL198C	-18.318174358800157	0.6913734395174544	1.4219702782029131e-08	1.4055159238853044e-08	3.5491225526499742e-09	3.4472558067814846e-08
YLR406C-A	-16.79570765292096	1.4097753179814698	1.4428891059039305e-07	1.319414498396426e-07	4.972964299352006e-09	4.990718331369232e-07
YMR239C	-16.84245521781208	1.2608258506965528	1.0731532540181513e-07	1.046035656868707e-07	6.066378511846837e-09	3.763854404815234e-07
YER074W-A	-14.12182171938998	11.76610690229671	0.11779901716746322	0.13635597652561351	5.486369751326522e-15	0.9976302435170122
YGR076C	-15.02234707830298	8.877251824930926	0.05183664460901796	0.06692765753425906	3.284473958593778e-13	0.7112544061468283
YKR067W	-17.287638479877337	0.6113559873038823	3.737974268436551e-08	3.741343504567015e-08	1.1347417494442344e-08	8.480104778429529e-08
YNL136W	-18.31896911025337	0.4517794104845186	1.2315508116661555e-08	1.225676620743858e-08	5.261481871060164e-09	2.3259993660901913e-08
YNR038W	-17.80941454344879	1.2263394935361116	3.87180331188723e-08	3.874538123585349e-08	2.4463668954757116e-09	1.3718417782361466e-07
YER150W	-17.314542540382668	1.1107427683252447	5.522068501666526e-08	5.5249387786725315e-08	4.845430717650196e-09	1.8490815359530752e-07
YOR204W	-11.601232314243086	0.7374890348899388	1.1812386747943546e-05	1.0324829677927379e-05	2.7021605584447796e-06	2.3979906336180055e-05
YGR012W	-15.628002783364488	3.3642529282513265	3.47457625618544e-05	6.914916746622043e-07	4.821432094578829e-10	3.587813915997846e-06
YMR294W	-18.049042921012138	0.3533737207526559	1.5541690210104426e-08	1.5430986781865815e-08	8.104100990802857e-09	2.591818018568925e-08
YER186C	-17.24058465007051	0.533675106586407	3.7837057271712974e-08	3.7387441016023336e-08	1.3493966690126341e-08	7.790062052813531e-08
YNL252C	-15.94883693171955	1.3084709904049003	2.7112630645361607e-07	2.935070048820324e-07	1.3850507248578927e-08	1.069527998943788e-06
YFL063W	-17.479716987808338	1.4147169491023164	6.894178832872334e-08	6.981840828583398e-08	2.5002474146539946e-09	2.6261990017451966e-07
YDL211C	-17.828877267927005	0.44163563952764456	1.9926820644886512e-08	1.985171461388346e-08	8.715358918753818e-09	3.718541689171782e-08
YIL072W	-17.88240550885616	0.6133864564945429	2.076489742701681e-08	2.0677882842244098e-08	6.245501085994794e-09	4.698644823182851e-08
YCR085W	-17.21353268261823	1.533236172837908	1.0783182616113064e-07	9.849601018249195e-08	2.658601917787333e-09	3.8693206687125826e-07
YJL093C	-18.217816415469265	2.213558738776232	2.831830480751868e-07	6.671330568238486e-08	3.0671915907713846e-10	3.011054938622924e-07
YKL176C	-17.614873665320324	0.20044226368057666	2.2897025846371307e-08	2.283686665972674e-08	1.6092462722580978e-08	3.111816736120183e-08
YCR076C	-17.321989268989405	0.6696353000473354	3.784542658006377e-08	3.739592162004767e-08	9.95034492694738e-09	8.978744493816591e-08
YNL165W	-17.33709383650507	0.7482781808530321	3.923036794369594e-08	3.913938874991491e-08	8.630314532506904e-09	1.0131761696006976e-07
YDL138W	-18.518341587617165	0.32427688870373705	9.577314437118768e-09	9.558902378002655e-09	5.3201434914788346e-09	1.5453404080366356e-08
YOR298W	-17.76999756134405	0.553084716654039	2.2212645512292777e-08	2.231759221432909e-08	7.710465187961156e-09	4.7527234394172587e-08
YOR197W	-13.581525723036018	0.8937436282816446	1.8742162858899283e-06	1.4189474018869955e-06	2.6206531103590774e-07	3.811579077259174e-06
YML082W	-16.45683950887628	0.7343700628287543	9.447639476430233e-08	9.376771149038235e-08	2.131878770371835e-08	2.399221070762966e-07
YOR101W	-17.70451787777069	0.15210496822141056	2.062642339581966e-08	2.0701949797043762e-08	1.5931484021517503e-08	2.6277467241235984e-08
YDR246W	-15.474274593369907	2.271627294486127	2.1792547555906788e-06	9.886569186061676e-07	4.311799999899825e-09	4.580589290522864e-06
YOR125C	-12.77177736345852	9.192882968058234	0.0946238580869561	0.12526356429921767	4.6955626800583215e-12	0.9809017910445591
YDL065C	-17.262171048519072	0.29623506180910497	3.33420779915183e-08	3.327594892253658e-08	1.9556830001109805e-08	5.1827291444134786e-08
YAL055W	-17.716870339126167	0.393218497853445	2.1892295505413737e-08	2.1815799101882946e-08	1.0579686624791502e-08	3.85261907818721e-08
YOR193W	-17.898466706269524	0.4088852342846998	1.8328038124064508e-08	1.8312693799329995e-08	8.598116320384514e-09	3.298629682847509e-08
YKR007W	-17.007151220231158	1.0718060702052066	7.300243608936432e-08	7.299465494322867e-08	7.0500286249916826e-09	2.3924359260879066e-07
YCR067C	-18.900738595920252	0.16791061215938693	6.2756877357021235e-09	6.273660660217879e-09	4.692903888784459e-09	8.151458438548235e-09
YOR038C	-17.769725493061692	0.4913582043972142	2.179009568887188e-08	2.164221939641795e-08	8.544378096170667e-09	4.302610833972412e-08
YOR161C	-15.871400874596427	3.053511817486646	2.2374356763793187e-05	4.923195423007944e-07	6.56885829549789e-10	2.4721503713143478e-06
YPL210C	-17.89467360285284	1.5862036285575132	5.75654354007743e-08	5.512917140971784e-08	1.2358129848972967e-09	2.1800955609008215e-07
YKL135C	-13.93142912739581	0.30454365285081425	9.347609093993374e-07	9.322980743983634e-07	5.393611345818865e-07	1.468246485463351e-06
YPR125W	-17.097413901815294	0.7164036852575939	4.790045737967114e-08	4.840886816349776e-08	1.1544936420391896e-08	1.2147700661432247e-07
YJR119C	-18.420443250907688	0.4920836041091173	1.1245726146944694e-08	1.1286365571595897e-08	4.448536256913876e-09	2.245459362613534e-08
YOR079C	-16.986206052858456	5.7438581573910295	0.0019288139066862958	0.005446786098180203	6.53069351068742e-12	0.0041945427676132775
YLR102C	-16.841237424051492	0.9839763317544173	7.815253416495886e-08	7.885713068053872e-08	9.615941288761894e-09	2.45233009639601e-07
YOL111C	-17.143531256086995	1.1668920890267964	7.042071072566011e-08	7.132509119113629e-08	5.260565434165207e-09	2.4587715340766e-07
YPL096W	-17.66216431612788	0.25727322646334994	2.1998820537788616e-08	2.2068071875609843e-08	1.3977997764025669e-08	3.2586403581427354e-08
YHR022C	-17.563390745309285	0.49378888836130275	2.671830061704918e-08	2.6552303368852014e-08	1.0444020447173975e-08	5.288869033228276e-08
YLR219W	-18.9371075859462	0.545859823150758	7.0008993749071216e-09	6.918743590240234e-09	2.428720939396473e-09	1.4619135765034666e-08
YER185W	-17.095195119495607	2.861245177023409	1.8605561584413317e-06	2.2335140816725192e-07	2.9373231523592965e-10	1.0942329752858663e-06
YER066W	-17.813625264480784	0.449583341057196	2.035691318691364e-08	2.0296509546432034e-08	8.75279015320948e-09	3.841583571505606e-08
YKL165C-A	-15.623340050159593	0.14422777462978895	1.658005727634064e-07	1.657148716319494e-07	1.293400912160544e-07	2.0787654296767276e-07
YHR131C	-18.540565109194127	0.18387657474445313	9.036535175166657e-09	9.020177100823355e-09	6.5530857925401875e-09	1.1999643259765717e-08
YOL067C	-15.283156358252151	1.607662634506169	8.257617171934299e-07	5.821673130685893e-07	1.57116303931832e-08	2.3582212603450738e-06
YAL062W	-13.9388345327397	2.392005505851051	1.2152471593730087e-05	3.83972704717996e-06	1.6380324245393577e-08	1.7566742317007255e-05
YOL142W	-16.35567203246041	1.9439196073059928	5.15537757127523e-07	3.1081183502528176e-07	3.0940394168249227e-09	1.3537919578792257e-06
YPR175W	-17.684384319430087	0.43101735655520673	2.269666521554676e-08	2.2907218411063205e-08	1.0269553651665605e-08	4.240219065356262e-08
YLR298C	-17.3354063144588	0.8465626381004381	4.174558584527749e-08	4.226788672241879e-08	7.344409383922418e-09	1.1867171464925514e-07
YLR388W	-12.537747036440985	7.754805178801153	0.05746822182681095	1.3773324352111989e-05	1.7549107674671195e-12	2.995392766674113e-05
YMR136W	-18.183553801650255	0.30717938855493904	1.3272094384728502e-08	1.3279294829066492e-08	7.644002116507967e-09	2.0989622106523075e-08
YKL056C	-13.134395400579658	0.9856884363626097	3.2144648171113303e-06	2.6857079450697543e-06	3.724600578440593e-07	7.942672855915563e-06
YGL169W	-16.5376645043661	0.595423928581258	7.819505342398251e-08	7.817446259431657e-08	2.4636880756185768e-08	1.740488035405981e-07
YLR039C	-17.59118889518954	1.031321246129546	4.025700872204945e-08	3.9157043432097104e-08	4.202123964251592e-09	1.254445977200307e-07
YNR063W	-18.199866366449847	0.4464682543367299	1.3693334301112865e-08	1.377208631408564e-08	5.979043567899934e-09	2.5955798417651538e-08
YDR001C	-11.784008961848437	0.7016637030237379	9.826559462654315e-06	1.3517401332365566e-05	3.1233088915483827e-06	3.315454700481678e-05
YKL203C	-11.11702142169174	0.10043260231215201	1.4908468607630715e-05	1.4859135385772252e-05	1.256226120511437e-05	1.7394020890202254e-05
YLL004W	-16.027584291144144	1.727335591772794	4.853368876822474e-07	5.070086255719758e-07	6.458078778268895e-09	2.055547783374729e-06
YJL019W	-17.546886613091324	0.40547125982427695	2.6097892122063617e-08	2.602504527045709e-08	1.2297467966635886e-08	4.668229654892756e-08
YDR520C	-18.374021714994292	0.8498578996332558	1.5399836958935558e-08	1.5042862102664354e-08	2.5889646517693715e-09	4.24034680053726e-08
YPR017C	-17.29404411790251	1.6842580134671252	1.2592585752748765e-07	1.3193575235854497e-07	1.932234455290196e-09	5.020157171928703e-07
YHR032W	-15.101861779717135	2.775969976612222	1.1095921562300238e-05	1.2642832507961736e-06	2.4804652085032628e-09	6.2736969529523e-06
YGL115W	-10.614593109786208	1.814600506307169	0.00011988426589940878	3.235115668377458e-05	1.0305878156484358e-06	0.00011440424218009184
YER053C-A	-14.155250765900698	10.347137918926576	0.09238579847992258	0.09567172771401203	3.7010707333685604e-14	0.9619360169927181
YGL167C	-11.52213808605388	0.12999015963107727	9.990082865199373e-06	1.0035531996905446e-05	8.040790143758674e-06	1.2311298757690048e-05
YNR040W	-17.819773713818854	2.421682463525974	3.361159035151966e-07	4.95467927852665e-07	3.43535675796857e-10	1.1706638749016108e-06
YBR289W	-17.226620124268216	0.2654894635574501	3.41609600864709e-08	3.418496828222421e-08	2.1316898692317683e-08	5.105694496312694e-08
YMR302C	-13.780396247974702	0.11880816977508483	1.043479653492312e-06	1.0422639524208236e-06	8.512220886391523e-07	1.2580937928945991e-06
YKL016C	-12.249674752581038	1.925719392408592	3.02844425276842e-05	1.0684826121101967e-05	1.759617556743702e-07	4.1508456471622304e-05
YPL187W	-17.07472102355036	1.2706717569131991	8.591513849068107e-08	8.584208653864194e-08	4.74125374431569e-09	3.09416378932909e-07
YPL237W	-12.039377786736575	20.727068052261195	0.2793339980826781	0.41177917893586785	3.0526873354399358e-18	0.9999999999933566
YLR133W	-18.176590373005588	0.24834145247554887	1.3216833712740727e-08	1.3163467868424184e-08	8.480464269600338e-09	1.9197708654480392e-08
YGR088W	-15.452876129079366	1.293477167105986	4.5107190352346133e-07	3.6350216464297594e-07	2.2272217067117738e-08	1.3058079029431302e-06
YNL251C	-13.601741747702315	1.1720581668894814	2.4561165316495985e-06	2.2016068564303077e-06	1.7875710261961057e-07	7.5230650313650686e-06
YKL149C	-17.635746450971915	0.6474320406805788	2.6998775967490955e-08	2.7036728663800506e-08	7.557320208927976e-09	6.359418549701342e-08
YDR333C	-18.30286169482219	0.17298811388274526	1.1404767674090317e-08	1.1420506202936218e-08	8.464194275568224e-09	1.4953769863264417e-08
YDR465C	-17.61080937168385	0.5245503712569651	2.5687213295349118e-08	2.5786976132551713e-08	9.475886929654784e-09	5.3222635481180557e-08
YLR387C	-17.26106743746727	0.330155473193611	3.3414276518374594e-08	3.368158602563927e-08	1.8524688376187762e-08	5.488786996580035e-08
YJL117W	-16.93486656620457	2.79953266584581	1.5633910943018057e-06	4.733868734626193e-07	4.20626810520202e-10	2.3283884401318276e-06
YBL103C	-17.33452695651153	0.6522122035394834	3.692765247821249e-08	3.666299474717528e-08	1.013376534258708e-08	8.662640812438524e-08
YGR085C	-10.937708372709446	7.342071224513941	0.07302334178140459	0.0944029603823473	3.3111429496278004e-10	0.8780273417726648
YCL061C	-18.64545469069794	0.24414737065180256	8.24258885724229e-09	8.225236293442034e-09	5.343103743075224e-09	1.1925077565838507e-08
YIL013C	-15.09359355169813	0.769833283792951	3.780677624825872e-07	3.8311197070704725e-07	7.919766223136208e-08	1.0167356048159745e-06
YJR142W	-17.859515555895037	0.5223397875063173	1.996855502117972e-08	2.008500371313902e-08	7.416327887873743e-09	4.135299370433892e-08
YKR031C	-17.296428110036636	0.307390053027705	3.2355356409073426e-08	3.2216430997872767e-08	1.853602924306181e-08	5.0933247694907404e-08
YOR322C	-17.875592755041858	0.27082112713144507	1.7935151946913792e-08	1.788950602316249e-08	1.1047254458948174e-08	2.6916267318733244e-08
YJL192C	-15.715543771243526	3.080795302144557	1.3199355987529041e-05	2.9740028712519345e-06	9.097502330839006e-10	1.251444597787299e-05
YGL020C	-16.86053106874983	0.8004351667123574	6.565831349465234e-08	6.570961365619757e-08	1.2756581372292811e-08	1.7803562483883762e-07
YGL212W	-17.03683455389632	0.20164980123299145	4.0699071827777717e-08	4.071694521798888e-08	2.86284740507314e-08	5.5579549523225034e-08
YIR041W	-15.004295083862369	53.41654683051742	0.400459661735654	0.4737599904353193	5.9292180220309294e-43	1.0
YHL031C	-11.571515941876848	5.983671758771574	0.030769160343129758	0.0448326448362391	1.690164723216985e-09	0.3100619686698692
YAR023C	-17.660754827077604	0.7325276631694577	2.788442156984281e-08	2.781559331098117e-08	6.392878790865854e-09	7.084256132524938e-08
YBR047W	-16.49282697855319	2.2121599038803796	8.067714331204512e-07	1.0234997122863541e-06	1.8324861440400381e-09	3.1781346737974718e-06
YLR220W	-14.579229582618561	0.8535446683580512	6.523189076961861e-07	6.519493290092996e-07	1.1334370155313315e-07	1.8284214612912993e-06
YMR085W	-17.58115152594923	0.41113357348461776	2.5257869155521756e-08	2.515034256386139e-08	1.175758316944903e-08	4.5412294812988924e-08
YJR111C	-15.24648455518122	8.37842038153903	0.03861418408025696	0.06521250665872323	1.2186495001416098e-12	0.6548866369280757
YGL179C	-18.006664139328628	0.14174740238042358	1.5266101683129e-08	1.5281157466391392e-08	1.1979602630534993e-08	1.9097249212154773e-08
YKR041W	-17.683988255442223	0.32266775973079775	2.197662400705934e-08	2.1987091358341447e-08	1.2273812408835999e-08	3.5463556609191664e-08
YOR188W	-18.43594454720091	0.23399919504598368	1.013333697299648e-08	1.0120427298224463e-08	6.699457003386027e-09	1.4466956794713888e-08
YOL076W	-18.525655096885153	0.5652433871848529	1.0547763931274978e-08	1.0556325313615697e-08	3.5498343941781396e-09	2.2773715940216204e-08
YKR042W	-15.206887630852131	1.0932759979007656	4.4935642302327476e-07	4.3783109874149376e-07	4.089387505507789e-08	1.448145732699134e-06
YOR094W	-12.679974443389208	3.0625978684509936	0.0002500353987274518	0.0004072417103190213	2.8599021870283205e-08	0.000825960005119109
YBL029W	-16.217089589271332	0.28407933815725694	9.441454050426594e-08	9.432232611483851e-08	5.67624925666625e-08	1.4452847234468243e-07
YHR133C	-17.63549131198028	3.1346040974062737	2.2439696049469315e-06	1.0468411589252347e-06	1.2637040961542206e-10	3.582775201844547e-06
YGR258C	-18.60402053771481	0.2742514364936871	8.652969862818538e-09	8.641120574790518e-09	5.2998184837172015e-09	1.3065044645054838e-08
YOR371C	-18.136835882957662	0.20517387454626138	1.3569633889877798e-08	1.3565550612652511e-08	9.47755342363555e-09	1.861436649164731e-08
YLR348C	-15.051632679017482	1.8643160858210008	1.5311177303932073e-06	8.30637038756394e-07	1.2670404056798848e-08	3.592022116499526e-06
YLR319C	-18.405167960497188	0.9128405615978459	1.5416867335258114e-08	1.525839577114677e-08	2.255983855838656e-09	4.499457502456801e-08
YAL053W	-13.534951011469227	0.24672357005078807	1.3638281335371297e-06	1.3448369805777886e-06	8.721952606000209e-07	1.951587676632906e-06
YMR024W	-16.55621614667411	0.45707919229433575	7.114817429479034e-08	7.170102512383344e-08	3.042213950254706e-08	1.369560397438845e-07
YOR352W	-17.161323536879486	1.3245306383823425	8.426643432981034e-08	8.210429666413809e-08	3.970521711585266e-09	3.0283705217458617e-07
YOR154W	-18.345699471968096	0.427349969969632	1.1880830971231646e-08	1.1810567032346875e-08	5.336611129025187e-09	2.1770195846424842e-08
YCL008C	-14.008078773354052	1.7397615518363314	3.7335542824526524e-06	2.4631551575851742e-06	4.6111844954355336e-08	1.036032577134286e-05
YBR156C	-18.269341418251265	0.6270866543040362	1.4265399572176439e-08	1.4134063480407348e-08	4.142857192997356e-09	3.253932479940541e-08
YKL008C	-10.413070126815862	2.9385775750971703	0.0014611841078213765	0.0024333804573430985	1.0363119905596758e-06	0.006813343400243212
YPR195C	-17.624706887400812	0.3441503372438538	2.3597704343443695e-08	2.350898988367441e-08	1.257729438179915e-08	3.902191069724618e-08
YNL317W	-12.352159449860617	0.4954606971677485	4.892644236453743e-06	4.825218383496675e-06	1.9138688215618648e-06	9.508573968781003e-06
YLR305C	-15.57000910446454	1.0012527967365097	2.897483033257404e-07	2.9273018429627993e-07	3.353668972218886e-08	9.2585926213356e-07
YDL174C	-13.69850824231339	0.9738831544532395	1.81140367629479e-06	1.7248631035389856e-06	2.2579723771206143e-07	5.266366274907495e-06
YNL160W	-17.61379025477158	0.7079879540037379	2.855232703467756e-08	2.8791176607458882e-08	6.9926564997611994e-09	7.173348577085928e-08
YDL110C	-14.79669087164161	1.2787832142518971	8.388709570465617e-07	9.0338696115347e-07	4.621263390424866e-08	3.2867390138820884e-06
YLL057C	-16.30099863430309	0.6582451522480098	1.0435792363542831e-07	1.0250882625219335e-07	2.8085799110268463e-08	2.4284352219277293e-07
YLR081W	-15.588133193080418	2.767642313755274	7.038736338487293e-06	1.4548995152349812e-06	1.6977693635068834e-09	7.328274020416732e-06
YNL063W	-17.9624692564475	0.7081938174564157	2.0466378556779778e-08	2.0302040254061625e-08	4.926898417437151e-09	5.057633450620376e-08
YDL037C	-17.812619097524426	0.5344053192080247	2.1278974775242865e-08	2.1170277979216005e-08	7.619523393573449e-09	4.416860329635194e-08
YCL031C	-14.637942327150947	2.130591953896842	4.386257665254835e-06	7.621366997738176e-06	1.4777147214106923e-08	2.91065557274036e-05
YOR359W	-16.30982375827893	0.5251277561776732	9.469745458343437e-08	9.462670542349698e-08	3.477105335312602e-08	1.9533919969469164e-07
YIL078W	-10.514193351686979	0.25433843372972836	2.8109998076505267e-05	2.8052446018810354e-05	1.8056450567413638e-05	4.096570429439754e-05
YDL056W	-17.333914587453314	0.7067784811612309	3.7961921687195075e-08	3.79592659972145e-08	9.25898816457643e-09	9.439167010107758e-08
YGL098W	-17.042231873573606	0.5866317392181136	4.652423520890828e-08	4.714735859872567e-08	1.5120411178820902e-08	1.0416979819279515e-07
YDL039C	-18.783701754750787	0.1724665529307968	7.057357658315933e-09	7.058816830184772e-09	5.236151314384211e-09	9.234896952969215e-09
YOR358W	-16.037003322498045	7.236759351265677	0.016316695940733372	0.027427065885020026	1.9173487010508895e-12	0.09086196969327316
YKR005C	-18.21291588211256	0.3165712492608677	1.2997245673816922e-08	1.2936059634638026e-08	7.3089155942591174e-09	2.0698997527079693e-08
YKR045C	-16.00947773599996	0.9181834336019971	1.697378690826388e-07	1.6882470363419137e-07	2.454407414455166e-08	5.003717426987148e-07
YCL056C	-16.329699008951998	1.448862554768978	2.410030515074057e-07	2.384228349281948e-07	7.482431227654318e-09	9.000010428450115e-07
YJR013W	-17.58112718117713	0.5537326993346036	2.7162684325253093e-08	2.6958672394161794e-08	9.303418884687334e-09	5.7468507802760396e-08
YOR357C	-13.33539246563391	1.3450948601819832	4.104436420567087e-06	2.3012152881135978e-06	1.5845477253864084e-07	7.879404535528895e-06
YJL190C	-10.970351654738758	19.45449385587833	0.2923834017420095	0.34723522395785456	2.1101108115186415e-18	0.9999999998714748
YBL063W	-18.068174935114207	0.5489500913165855	1.6250589128572497e-08	1.653152068126652e-08	5.761564644814574e-09	3.503464613216472e-08
YMR140W	-16.002289302989944	2.6395694447280125	3.5187308403583177e-06	9.72193940928647e-07	1.3944742210255146e-09	4.677544274765203e-06
YMR161W	-13.362661626823817	6.3370397966627685	0.018874471746217068	0.03246804296048956	1.3412106898446952e-10	0.1529715215079977
YER041W	-18.891864666999886	0.654159363226305	7.653184873532158e-09	7.722786526472063e-09	2.1260918467064867e-09	1.8272122905448587e-08
YOL073C	-17.32305898839781	13.685319335093235	0.10365314071206709	0.18937923532033232	1.3091060384039476e-16	0.9998622160487306
YGR283C	-17.97017479598157	0.2759147778107921	1.621941140120042e-08	1.6298653349104098e-08	9.962016487242263e-09	2.4692993070219084e-08
YER019C-A	-13.47404157456999	17.40349734866585	0.223082543299059	5.155789385407249e-07	3.754468611225676e-21	2.6697346017083005e-06
YJL183W	-14.629655890378624	14.068868540315222	0.15541714109290644	0.27953015693446265	1.2547433254373546e-14	0.9999960932878864
YLR100W	-11.842479204228718	3.8685983570014684	0.002880641886465705	0.005052298084295964	4.2477076218190474e-08	0.010713765594368388
YJR062C	-17.776466540985844	0.3183993833117417	1.997894520445737e-08	2.00224036500821e-08	1.1274393738080914e-08	3.2121833335843724e-08
YLL050C	-10.899570036382054	21.710872621160686	0.3069657635194075	0.3795344543504951	9.84800146636067e-20	0.9999999999979907
YHL041W	-17.474583004594884	0.4950775566962328	2.908709080779344e-08	2.910007777238965e-08	1.1398771812915489e-08	5.8106386170204304e-08
YBR010W	-10.261221638117556	25.253513862709557	0.3423024399766169	0.41175413779334347	6.076458864494859e-22	0.9999999999999971
YNL241C	-12.612032583384414	0.23678768389397117	3.4315184608481563e-06	3.417524507284434e-06	2.253428412088877e-06	4.8979293286694066e-06
YLR107W	-17.74927788394138	0.5131405640732122	2.216306216944643e-08	2.2296513494761445e-08	8.407034770104348e-09	4.5405016573152315e-08
YAR035C-A	-16.76797972816798	1.3884386541296858	1.371818148651092e-07	1.3728644145894827e-07	5.3193643435382105e-09	5.135973592634944e-07
YGR056W	-18.044808103172677	0.27474964680196107	1.5063714904022307e-08	1.5121144499217254e-08	9.263339925341956e-09	2.287332722936319e-08
YML076C	-18.576529964041534	0.18030215666173519	8.689822352757796e-09	8.696627424910306e-09	6.358908276009724e-09	1.1507948786609296e-08
YEL045C	-17.47002802136644	0.9284265708556753	3.9681349402555636e-08	3.962199462155467e-08	5.609846920565403e-09	1.1827805946140578e-07
YHR085W	-17.575998226174256	0.7596545139146428	3.108610307425608e-08	3.0969473681426736e-08	6.662183811126499e-09	8.080266598206096e-08
YJL191W	-11.634275976343767	14.739924230635202	0.210654758185066	0.26654745628172094	1.5323709604162864e-15	0.9999992099245063
YNL323W	-14.493520939192374	1.5012382845431589	1.570645430881624e-06	1.0444204361847969e-06	4.0650457247783984e-08	4.045094571776837e-06
YOR223W	-16.344905465834877	1.721788373102157	4.141317295402428e-07	2.4598745034327403e-07	4.5404130109497394e-09	1.030584638640456e-06
YHR154W	-18.568594187637196	0.5418819081699505	1.011800725620584e-08	9.971075725326932e-09	3.5309287913884228e-09	2.0977424491396317e-08
YOR334W	-16.516237354172468	5.998052066466313	0.0058615048543908714	8.660059020242398e-07	1.8140242763861548e-12	4.996310575549334e-06
YDL191W	-11.630519085499097	23.369956707282405	0.31685378872154235	0.3684067059374629	1.7544487211173293e-21	0.9999999999996632
YML116W	-17.859895354246824	0.5702210755519387	2.076298878420968e-08	2.0593698946816435e-08	6.851479445999065e-09	4.468058076770748e-08
YOR114W	-17.57874690170224	0.5385364281709427	2.6835496387149992e-08	2.6807796211962966e-08	9.561875375755566e-09	5.6186060623538087e-08
YLR355C	-12.318649688205321	2.0904936100364764	3.979368442879634e-05	7.400882855560162e-05	2.3768396427388366e-07	0.0002725292789141547
YJL186W	-18.29273599327366	0.4227007647176847	1.2392768604037397e-08	1.2424173452137025e-08	5.666239660737593e-09	2.2764019164749305e-08
YBL101C	-17.814461819249978	0.11586375574828289	1.846460827743426e-08	1.8457261757613977e-08	1.5150398532205747e-08	2.218042980101283e-08
YKL143W	-15.568749854931363	0.2791920315948916	1.8047182281148612e-07	1.8006261493105024e-07	1.0937782151419201e-07	2.740553068123308e-07
YGL009C	-10.972097216167592	0.04501197046304211	1.7199920557528716e-05	1.718886749905195e-05	1.594718420545353e-05	1.8488517080392172e-05
YGR162W	-15.669069104676007	0.19855663541991478	1.5931969240451469e-07	1.5973108884837596e-07	1.129855891682941e-07	2.170612748435032e-07
YGL028C	-17.664783731096527	1.5225999122257743	7.01008931632886e-08	6.999630064529392e-08	1.7441994974718173e-09	2.6576059002301705e-07
YBR132C	-14.035992094542005	0.8587243565606344	1.1778915001863164e-06	1.0913867824677311e-06	1.918740599046586e-07	3.0416158704432494e-06
YNL157W	-15.170287732144923	1.3574449385436853	6.567459329657943e-07	5.902061275234175e-07	2.7302999638454773e-08	2.2014408118263773e-06
YIL053W	-12.413471309985605	24.0274742040947	0.3145485773354358	0.43220327290634813	1.035464672458757e-20	0.999999999999968
YCR084C	-11.560656454185798	3.003442025566233	0.0006984426952119304	9.214215251068684e-06	4.777061663107316e-08	3.55755710428762e-05
YJL030W	-12.996300339692377	20.961349937021875	0.264734984435766	0.36152977424848726	9.624304537325311e-20	0.9999999999747573
YBL017C	-18.5653429936146	0.24367040414834865	8.860480773287038e-09	8.914168939895565e-09	5.795569080047875e-09	1.29196834085457e-08
YGR244C	-14.768086073142465	0.5037481211074294	4.354682560624553e-07	4.399697404148397e-07	1.688397522240276e-07	8.88441845449104e-07
YPR055W	-17.61119712321028	0.43267775478493886	2.4574756821968576e-08	2.4629014235293864e-08	1.1011547010142453e-08	4.565160652007091e-08
YKL215C	-14.290462121040898	0.4754425297258021	6.950016909374134e-07	6.581918938495913e-07	2.7512976462439044e-07	1.261846863209762e-06
YLR246W	-17.073739582637195	1.214198195859296	8.170213284393391e-08	8.031407295562806e-08	5.2185173305158106e-09	2.8284413434951546e-07
YBR031W	-11.093125205888052	11.914568914735082	0.1812443289503999	0.2776532208775497	5.001966660408924e-12	0.9999823766004915
YDR410C	-17.381652247270672	1.1787782673806628	5.602682718082357e-08	5.6171804188861254e-08	4.057954190857415e-09	1.9465536282454704e-07
YPL130W	-17.228047383942744	0.7525510729561121	4.384194205842261e-08	4.3713882284211694e-08	9.545734872690207e-09	1.1351488050851396e-07
YOL156W	-15.689885761465982	30.868596049339896	0.3086897122422228	0.5757598114337197	2.8627925843302527e-21	1.0
YOR262W	-13.06401635517336	0.9611422684613056	3.3725268656159944e-06	2.519920634110935e-06	3.9963004558887974e-07	7.07993383366071e-06
YDR514C	-17.784456302754684	0.3847749605465916	2.0268775578675918e-08	2.0319768775391183e-08	1.0026711416005528e-08	3.5513167506294984e-08
YHL007C	-15.282298477447464	0.2623477981553207	2.391556609713688e-07	2.3862578615375244e-07	1.4975409730667269e-07	3.548446973232622e-07
YEL028W	-17.705066232586383	0.5277161324817241	2.3590439907449504e-08	2.3509248417337658e-08	8.585934092705204e-09	4.868784587344901e-08
YFR054C	-17.460968964261106	0.30492443716432144	2.7189699497812424e-08	2.734907840646663e-08	1.5803304373887937e-08	4.309464635673764e-08
YIL139C	-17.25202703251211	1.1985649622249523	6.511104535106593e-08	6.650922850349516e-08	4.480084869828748e-09	2.3287619583981185e-07
YOL060C	-16.68154240295639	0.6808812652091419	7.268385585305913e-08	7.184221119895438e-08	1.8572795598671367e-08	1.7465948630611955e-07
YHR052W-A	-15.447432828362205	1.974396963033942	1.295739894058555e-06	1.4107775311721802e-06	7.59902610419571e-09	5.161154439890221e-06
YHR062C	-14.454049463930412	1.773950860521212	2.5588846182163323e-06	1.533898090907964e-06	2.7423208715226237e-08	6.493369831948656e-06
YBL039C	-10.506661333391955	2.620596327554941	0.000652332843098598	0.0013025957412532005	2.4435787539949085e-06	0.004037193396658024
YBR196C-A	-17.282173700275003	0.4097563885367596	3.3587482687081307e-08	3.3956823805155285e-08	1.5911743307643357e-08	6.125998072412706e-08
YDR276C	-13.667535595298384	11.561732856660425	0.11729651201260995	0.13463404316352937	9.940483647358065e-15	0.9972846710493476
YLR131C	-18.47118031579243	0.25636494762305095	9.833906692057237e-09	9.82385978383752e-09	6.233662573075612e-09	1.4488953314515436e-08
YGR119C	-16.238453333346975	1.6809064473156892	3.446849441911341e-07	2.7243912406098406e-07	5.449771040489682e-09	1.1353148053058814e-06
YLR088W	-17.846058762844173	1.3613103049989979	4.488530862671921e-08	4.464569947401709e-08	1.8883843788988606e-09	1.660281578890893e-07
YBR202W	-10.32911763709212	0.021262380205156136	3.266013396014348e-05	3.259231882977048e-05	3.147331533566351e-05	3.373416493827539e-05
YDR037W	-10.70721606690581	1.2489124474043283	4.813315736199534e-05	1.0205252863363145e-05	1.74762563616911e-06	2.528408767273299e-05
YDR416W	-18.046578452595845	0.37219355794571357	1.5516772036584907e-08	1.5570747343751963e-08	7.87620838454597e-09	2.678230498507132e-08
YLL011W	-12.211903279757232	0.33522989763940664	5.237337755706142e-06	5.242267489989294e-06	2.866913382299719e-06	8.55908829315101e-06
YMR271C	-17.221263645210406	0.38728622754738845	3.589149822695139e-08	3.573000168529667e-08	1.753695484748198e-08	6.262816290376436e-08
YKL088W	-17.59800701216313	0.39393717952982743	2.4699009885198096e-08	2.4603950423417136e-08	1.1908425070353714e-08	4.349478704741659e-08
YMR183C	-12.142655449469155	2.181260259287559	6.0280928448876726e-05	7.1224047010242995e-06	1.0722091584868311e-07	2.8057079981867953e-05
YKR090W	-18.77177643530826	0.3887407853589719	7.596814375685589e-09	7.591659497633383e-09	3.713684860996389e-09	1.3334199569927698e-08
YIL099W	-18.28965153334952	1.0289182525056677	1.896601017516294e-08	1.9272678680307187e-08	2.0947492836430727e-09	6.153231609699228e-08
YNL119W	-17.24107093115976	0.9466151583928522	5.131846837354772e-08	5.0578793436170354e-08	6.8347309111058004e-09	1.5297196446479475e-07
YER050C	-16.609742946101456	1.208715031733679	1.2690019144559598e-07	1.280848849535163e-07	8.374819866006038e-09	4.501371454922663e-07
YOR210W	-10.3136705860315	20.7297355855108	0.3119016962163691	0.3425605220321396	1.6987952219418742e-19	0.9999999999821312
YGR136W	-17.03159365834376	2.4647437376397527	8.341071154776935e-07	2.847779820825328e-07	6.583888632570608e-10	1.3156643656440984e-06
YNL168C	-15.105535423842364	2.505134653557886	5.895819903210518e-06	1.646512651448759e-06	4.14005525843595e-09	7.637806197788918e-06
YBR282W	-15.94940299656532	3.5677896025294107	6.200903896317175e-05	3.1010371489073884e-06	3.0186149166071955e-10	1.2135344368562564e-05
YMR293C	-17.366721777704647	0.8383352653924585	4.053522701475965e-08	4.0489970495906964e-08	7.20539004422039e-09	1.1286420834876118e-07
YPR121W	-18.37853603297203	0.6814331270622508	1.3133289705947831e-08	1.3146613810645321e-08	3.3963662082615763e-09	3.192796490907316e-08
YOR194C	-17.21910349928016	0.24887958866027254	3.421908825590899e-08	3.429760422845736e-08	2.2073239251210803e-08	5.005698856489301e-08
YJR088C	-17.376098312169184	2.183241159792662	2.9842400329839336e-07	2.3492502140547877e-07	7.778872085539701e-10	9.549538266623886e-07
YGR159C	-14.185559824044455	0.8729723166431971	1.0105276870623646e-06	7.994256790135586e-07	1.5045935559480567e-07	2.1413444158186167e-06
YPL139C	-17.693115325445383	0.2141885855524094	2.1190298360165432e-08	2.11805031852898e-08	1.4548314458985978e-08	2.9433702603115548e-08
YDR348C	-16.883281883660807	1.005930103357626	7.61385615567655e-08	7.678562814238564e-08	8.878698574548989e-09	2.41837114960165e-07
YJL146W	-17.453607178839725	0.7505078251061132	3.54290908434628e-08	3.483035443562303e-08	7.643831565277704e-09	9.028906545746859e-08
YDR466W	-18.11646768674195	0.3301399638075306	1.4288623949168023e-08	1.4309635509925302e-08	7.87112772438844e-09	2.3308313340834676e-08
YNR029C	-17.660426309093005	0.29084855650005953	2.223723758077661e-08	2.230347128742017e-08	1.324921838773195e-08	3.447878592553477e-08
YMR245W	-17.655058654600857	0.6903052060732514	2.7115285726415786e-08	2.716486599452709e-08	6.892751982364391e-09	6.649369152120619e-08
YNL196C	-18.25968467324214	0.27013921987328204	1.2162916845058494e-08	1.2181344844680923e-08	7.529129752430227e-09	1.831129907683223e-08
YPR023C	-16.471435407286613	0.5235809832286732	7.98593113189571e-08	8.067777427026462e-08	2.9707397381485554e-08	1.6646382496421826e-07
YAL044W-A	-15.81550604884337	2.1797703112981845	1.5111338444324618e-06	9.631983185611578e-07	3.6864911781697736e-09	4.016128234967836e-06
YPL268W	-17.871659953286276	0.7042143612468253	2.2561544686980957e-08	2.208623557509983e-08	5.424602065569717e-09	5.477600959812471e-08
YPR060C	-14.083108390733239	1.126369311040785	1.452756547460265e-06	1.2434762512682703e-06	1.1594022448881276e-07	4.10500910047858e-06
YMR326C	-17.491168650792083	1.0035974412758777	4.213933606808218e-08	4.19449101244373e-08	4.8608582728233565e-09	1.3202340450922636e-07
YFR013W	-17.912063992139288	0.40025189337991823	1.8009201135708956e-08	1.801153767156232e-08	8.608944164580121e-09	3.208283117916407e-08
YOR321W	-15.496171720814298	1.3848539273990654	4.6720187169737547e-07	4.6554873963649413e-07	1.908797496320802e-08	1.7893647631496463e-06
YAR018C	-11.649935720307392	1.3009639964214712	2.0043793615289673e-05	3.1732644513876846e-05	1.5363251929974092e-06	0.00011144443031907929
YPR139C	-16.514725961599602	1.8111397325647112	3.408077719934336e-07	2.666376438168506e-07	3.3501077856301744e-09	1.1152240759458208e-06
YOR073W	-18.117510700824774	0.36910091866965244	1.449624190535202e-08	1.4494356136675458e-08	7.374341435791436e-09	2.4836699989399243e-08
YPR070W	-17.809051860321183	0.42984280303718153	2.021913898549895e-08	2.0195232167715648e-08	9.083412974382799e-09	3.730870351249769e-08
YGR013W	-18.748873014462283	0.270623237320752	7.496614746466294e-09	7.470826694512532e-09	4.614609276525987e-09	1.1236027852159914e-08
YIL002W-A	-17.11784546623762	0.38925499690767074	3.956174294151339e-08	3.969585474039267e-08	1.9396830982980343e-08	6.980676681763399e-08
YLR012C	-16.78876157337158	1.8793717259449343	2.856727225954686e-07	2.1776643211262767e-07	2.2749394304074313e-09	9.256802714258856e-07
YLR150W	-13.140543910348194	1.061644535794973	3.4057877187037956e-06	2.864376568431911e-06	3.2996295889250947e-07	8.892355422611046e-06
YMR069W	-17.980460777057438	0.4648924575057738	1.7396288193179974e-08	1.728998626244006e-08	7.223427498757337e-09	3.331636804785785e-08
YOL094C	-11.07934357802237	2.3594940041031855	0.00025250095842494104	0.00036781078511144807	6.669059600204915e-07	0.0012068155991396504
YJL084C	-17.885535404923708	0.8408454889259585	2.4114153701623025e-08	2.433267316642921e-08	4.282639184543331e-09	6.809415230360522e-08
YFR036W	-15.40153157850086	11.570094350252697	0.09739245576874535	0.12070776637019814	2.8549790642366977e-15	0.9931890202570205
YPL085W	-18.498563401249108	0.22602490508428064	9.47442864847355e-09	9.48646182794182e-09	6.375980028107954e-09	1.3407067783501576e-08
YMR078C	-17.110800915362184	0.5476807215597072	4.30102848981256e-08	4.296888434184578e-08	1.5026222035899556e-08	9.091042361676622e-08
YOL080C	-17.17704688244789	0.6142951331429111	4.170555388444214e-08	4.1841098323853156e-08	1.2613179848892715e-08	9.508265849921951e-08
YNR001C	-11.45141755558229	4.894664164127011	0.014324917211817877	0.025866572515535907	4.387935212343656e-08	0.1129902205056788
YIL138C	-14.518252963019174	4.272689450398815	0.0011010898625456727	0.0014025931320273304	5.849340749420758e-10	0.0011920059809229263
YLR380W	-15.45180545711714	2.4751089414946614	4.2140676147065115e-06	1.0483291914607526e-06	3.1162330521296954e-09	5.170928110205739e-06
YJL004C	-17.07966503768052	1.7913275672875124	1.8907837754513218e-07	1.6562821477462046e-07	1.990391424911705e-09	6.795810541147737e-07
YBL018C	-16.5659128196939	2.624520214895924	2.4989485403076794e-06	2.6966068716283064e-06	8.703226310497721e-10	6.375167044866924e-06
YKL219W	-17.745390130549772	0.8737911992001234	2.8570585049311775e-08	2.874570639601446e-08	4.660496539502721e-09	8.247001002811655e-08
YER078C	-16.642519978232436	0.9663056003031368	9.146778336507863e-08	9.46998351101092e-08	1.207584820049469e-08	2.9101547955018637e-07
YGL142C	-18.23747175803232	1.0120321402451637	2.0226489762586776e-08	1.999225802957793e-08	2.269178163229639e-09	6.326372682030748e-08
YLR310C	-17.53374270574654	0.27460463859326856	2.5175242377276465e-08	2.5214377373644958e-08	1.54530784311112e-08	3.8139022634399714e-08
YBL037W	-16.74914198838173	0.14160258705544565	5.3637827002458203e-08	5.374579199817329e-08	4.2148225255005235e-08	6.715846725896138e-08
YER061C	-17.603330857114038	0.8426341389639609	3.235258186141953e-08	3.224787798294623e-08	5.654679218253936e-09	9.03184205744308e-08
YBR030W	-18.121051836286775	0.426409551089632	1.4882649980579799e-08	1.4747399420603164e-08	6.682022922809926e-09	2.713741090097413e-08
YGL240W	-17.008595784974155	1.649954369414026	1.5548503881544722e-07	1.4672882966129763e-07	2.6983301475045485e-09	5.875621353094374e-07
YKL145W	-10.924986300692533	0.3861068179890948	1.935153300830348e-05	1.9303122972217534e-05	9.687422354951045e-06	3.326868898483101e-05
YDR301W	-13.77353046208095	0.47812149497090056	1.1747345786394792e-06	1.1774092805759878e-06	4.775159246543579e-07	2.307400074244118e-06
YEL017C-A	-12.827656996138964	14.275136062628045	0.18442413706170185	0.20031462202811695	2.6264155919509433e-16	0.9999853949347576
YGL063W	-17.889489057816668	0.39315752764033896	1.8359243083685886e-08	1.8374052872544944e-08	8.90325981290821e-09	3.245575594135261e-08
YPR100W	-12.60559749381441	7.911974204387761	0.0586377824884453	0.07633551392867496	1.7439808163303046e-11	0.7850849176678296
YMR189W	-15.707065660074429	0.23246863653665667	1.5481290302067887e-07	1.5501332395501937e-07	1.0290409318482232e-07	2.2109724103239952e-07
YBL099W	-10.09738035202549	2.8333254645882326	0.0017304591312070565	0.002647666185082737	2.615860024364272e-06	0.007930045707711206
YDR338C	-13.470550500213855	0.3794330894163272	1.5161328634503647e-06	1.544702453866631e-06	7.656335671361012e-07	2.6938431558100742e-06
YNR053C	-11.68563946226727	3.529759285108569	0.0015125353615139173	6.237561673154189e-06	1.2423961888816502e-08	2.6630924559499334e-05
YDR447C	-10.754685179149371	47.60275679308781	0.41399150331598794	0.49654321050399464	5.455784669951927e-37	1.0
YFL009W	-17.247809168963563	1.3446761530090685	8.124155631637615e-08	8.15144855491838e-08	3.545445530077935e-09	3.002497038970615e-07
YDL123W	-15.917126020730345	3.1033246135007357	1.9868249404703328e-05	2.1223369106006088e-05	7.912325280502539e-10	3.4109833975218604e-05
YGL104C	-17.514912270235932	4.385997810725163	6.596558777391776e-05	1.6973650489634757e-06	1.6727910061763016e-11	8.3208072882486e-06
YDR228C	-15.745117171311856	2.557524685554742	2.8943899695337685e-06	1.0901001819810288e-06	2.109723011168815e-09	5.566461919136597e-06
YGL200C	-10.498980550787516	29.886739157325582	0.36289224327520486	0.4776543883889767	4.4049783681586265e-24	1.0
YLR212C	-11.950777205719485	4.950596007876639	0.011549165440025223	0.022552528591654818	2.035607561990047e-08	0.08709587731314392
YDR403W	-17.090716357220067	3.896045391609288	4.84057284553668e-05	3.9553602129361696e-07	4.8524875853999385e-11	2.0952623361622676e-06
YLR154C	-17.308442726812196	1.0408104356105712	5.2297052249723986e-08	5.2363518054541044e-08	5.488894617502417e-09	1.687780635953493e-07
YNL131W	-14.376538367440796	1.2946957186711745	1.3505318566242279e-06	1.1058261414218433e-06	6.589053656179831e-08	3.992084720126441e-06
YJL121C	-13.856570238859556	9.677899798821166	0.08273775922655699	0.12160823645137565	7.74114316963905e-13	0.9814403704519933
YHR033W	-16.40239669232046	1.4168579670905024	2.0858021992017528e-07	2.006957701243477e-07	7.300339730401471e-09	7.652583080437617e-07
YDR075W	-11.845502069620986	4.3469175205603845	0.006709070504826369	2.6444976887005014e-05	3.13602047252353e-09	8.412171017171424e-05
YMR173W	-14.818792990635254	0.7608415106890449	4.895132604483037e-07	4.940055599654227e-07	1.0514605724708831e-07	1.2959328163875205e-06
YJR101W	-17.230740652296795	2.0363352359998848	2.501770279411883e-07	3.2618069764367734e-07	1.1648605777058823e-09	1.0531362938982325e-06
YNL037C	-12.114871474092931	0.5706606370512901	6.458342696897357e-06	6.034400515916849e-06	2.0921215516331777e-06	1.2677258583366585e-05
YBR080C	-11.292711941860896	0.5954883688172522	1.492265136460802e-05	1.8756100187436433e-05	5.910262620864153e-06	4.08555265186796e-05
YHR019C	-10.486660160969175	0.38788868151187744	2.991818242139376e-05	2.712632416453984e-05	1.3873026097199372e-05	4.6249048434262864e-05
YBR211C	-17.048845105798087	0.6448666952715018	4.8727263422044355e-08	4.840515230256881e-08	1.3620474234035909e-08	1.1341752000849145e-07
YPL223C	-15.689519939122826	1.7797419331048172	7.571069410144371e-07	6.750049683891556e-07	8.193045830054748e-09	2.7480239380734534e-06
YML071C	-18.293446727992837	0.3139426788658985	1.197133109347033e-08	1.1928047491282939e-08	6.772648238285716e-09	1.9024760064181552e-08
YLR112W	-17.682012113154038	0.2571678037404011	2.1691318934792265e-08	2.163276610831317e-08	1.3705679290249455e-08	3.194047738554594e-08
YER056C	-15.291757064661349	0.6537601283275295	2.840212057143109e-07	2.83209091447459e-07	7.795225267342054e-08	6.704615950021151e-07
YMR107W	-14.779230182110902	1.3185874855610968	8.772557705979656e-07	9.601585245300294e-07	4.3967284160423346e-08	3.540914621249578e-06
YFL010C	-16.010326131124152	2.1907505764047435	1.2080462845946164e-06	6.948604481835323e-07	2.9481810067587418e-09	3.037140454825646e-06
YIL134C-A	-17.380689002567074	0.398445225124112	3.046855632718805e-08	3.063094158551604e-08	1.4689729418491203e-08	5.448933688275121e-08
YGR008C	-15.454290843213082	4.06133202096939	0.00030164093468188196	0.0003815705789258101	2.686649344424362e-10	0.0002407220773637289
YMR101C	-17.126220314873486	1.2552516790384591	7.93125769456897e-08	8.010778075343296e-08	4.61906575808329e-09	2.8711449616313287e-07
YKR022C	-18.073854673269075	0.3818362147739978	1.5168190198290153e-08	1.520825977159326e-08	7.543551861969365e-09	2.6477522244789415e-08
YGR295C	-17.49727825284294	1.1274001704151955	4.679705600668026e-08	4.655242772107845e-08	3.919806398853618e-09	1.571292023512174e-07
YML081W	-18.14793531497066	0.47016829515340486	1.4780306753711296e-08	1.4676187644431818e-08	6.061276145824654e-09	2.846686121610593e-08
YNR002C	-14.458887571484363	9.27388872384453	0.06477698680245068	2.5279141175816696e-06	2.0373336372635732e-14	1.23971666689035e-05
YBL032W	-16.34022335304048	0.8988721565323053	1.1992300688916003e-07	1.2048563737686377e-07	1.8281105142404258e-08	3.5282420613670573e-07
YDR106W	-18.027454634743613	0.24779265008082993	1.5246489154160585e-08	1.5277611290643783e-08	9.853281753067285e-09	2.2265196937849703e-08
YMR154C	-18.822494553046404	0.1996568001343054	6.830652218908384e-09	6.825860455115355e-09	4.817923043633983e-09	9.289457355845861e-09
YDL057W	-17.77376357709813	0.8338276193752613	2.6870689367816086e-08	2.691942233171785e-08	4.831789566725412e-09	7.477231730862816e-08
YBR238C	-12.391690181736474	0.3850020125881816	4.479871821769642e-06	4.403573157306973e-06	2.193667985870913e-06	7.609553453301807e-06
YJL105W	-18.08552782586134	0.41574971479923817	1.5264382778515704e-08	1.524261390219177e-08	7.055761264779847e-09	2.768708994496369e-08
YLR005W	-11.201178352029226	5.946862513944582	0.03574691629428307	0.06199800124084886	1.747786698249101e-08	0.5187912983049082
YGR155W	-12.811012500446802	0.5808236088012845	3.249218081775178e-06	3.235830043007762e-06	1.0571415981379566e-06	7.052762223934879e-06
YOR377W	-15.57815843534713	1.3077603584236939	3.930218394221766e-07	3.20756752952694e-07	1.9144883624267725e-08	1.1569945388554533e-06
YLR286C	-18.427440972875907	0.14976334819921314	1.0051556688130573e-08	1.0044425427556588e-08	7.763781060948753e-09	1.2704300989234996e-08
YEL069C	-13.684254485641711	6.52826325482911	0.023003221175248584	0.05103716880622495	7.529014025234134e-10	0.3896376307260303
YBR118W	-10.609902274788462	3.043501568146737	0.0017923221885260976	0.0021820211759630143	3.3957147219051964e-07	0.005490486373300287
YLR334C	-15.867595798096724	1.3300125795547424	3.189267767221933e-07	2.2677335647039992e-07	1.3546494380378018e-08	8.165626638253801e-07
YHL045W	-17.43816893046546	0.903708573402807	4.0903025957698805e-08	4.00660685825167e-08	6.032022155777095e-09	1.1760447321520953e-07
YML081C-A	-15.026249945914012	5.996158274124134	0.006848862949883656	0.009565865757859365	1.8254570923084126e-11	0.008575737841255298
YER161C	-16.155772031976944	0.45517318210884183	1.0766205455282549e-07	1.0687506589424641e-07	4.554724027338531e-08	2.0361629699610683e-07
YER077C	-18.31433459463819	0.3524668570842471	1.1841027477151409e-08	1.1837024110353568e-08	6.228501474017871e-09	1.9860377937600597e-08
YDR056C	-17.05185003453966	0.732799975554087	5.123545087808953e-08	5.1109457998632053e-08	1.1747502366387927e-08	1.3014346703275882e-07
YKL074C	-18.313486572435927	0.19293695406225445	1.1290693733622869e-08	1.1340354734510865e-08	8.104381301960749e-09	1.5284587362067295e-08
YGR102C	-17.855524511575773	0.5229520548615193	2.0078507682314155e-08	2.016531568000875e-08	7.438483127685628e-09	4.156016101221192e-08
YPL253C	-18.44314648591621	0.5673062787628903	1.148903606983597e-08	1.1469419226689624e-08	3.842076129368524e-09	2.4793826009360962e-08
YBL092W	-11.968640165586246	20.424230445711196	0.2783204458263583	0.3409092968027834	1.601731505405705e-19	0.9999999999392377
YPL191C	-17.822816738270326	0.4921792585228397	2.0510625072579954e-08	2.0526339901979432e-08	8.091642059267498e-09	4.0856521923747884e-08
YLR399C	-17.659956744021606	1.047679317274409	3.63172790360383e-08	3.702645102508633e-08	3.818714350559216e-09	1.1970469073799237e-07
YDR191W	-16.89573534500318	1.7746197085343467	2.2933723836214851e-07	1.7167259097775533e-07	2.4313978667514156e-09	7.19945368944468e-07
YIR021W-A	-17.404554518631763	0.44089173718246666	3.054759710762234e-08	3.0419206185223635e-08	1.336653978460394e-08	5.6971521554314995e-08
YBR291C	-14.742210262193973	1.8661545814991647	2.50643563467127e-06	3.5518037633241678e-06	1.974627816472547e-08	1.4333986382580898e-05
YLR053C	-17.51838461029633	0.18263608965592235	2.5070516942998105e-08	2.5065790901813738e-08	1.8249890466550835e-08	3.328207053638445e-08
YHL042W	-17.891485666733338	0.6673802410026479	2.1003832615806373e-08	2.1149867020503996e-08	5.650971809936928e-09	5.066955620512925e-08
YLR251W	-16.741935549181058	1.6049361803099458	2.014891068550924e-07	1.823931506566921e-07	3.804295940619788e-09	7.226104499980754e-07
YCL063W	-17.348153848438365	0.6899929654212643	3.70614743176003e-08	3.704302413459387e-08	9.383885869674683e-09	9.073268267195402e-08
YNL178W	-10.895371438637946	4.652485302353226	0.013790577201043104	0.02012745053201038	2.609256712133741e-08	0.07193866335186615
YDL007W	-10.46897663705108	0.8013069067558348	3.9749953404001006e-05	4.606416487297236e-05	9.649399098468586e-06	0.00012078821035356489
YPL230W	-17.631931564182146	1.71373361768879	9.105660288281442e-08	8.105486470020707e-08	1.2951053898107134e-09	3.3143019897494416e-07
YNL049C	-17.327634200301823	3.8390045544787914	3.236642184364423e-05	3.04141372944249e-07	4.246936021335092e-11	1.6174304908851605e-06
YLR265C	-18.16971091666432	0.8128266692667636	1.78914956797354e-08	1.783675904976226e-08	3.3709117322349907e-09	4.8750913027325084e-08
YLL018C-A	-16.285222218714758	2.567100426110541	2.2299204595338398e-06	5.489861805913938e-07	1.147065451345035e-09	2.591040088025702e-06
YPL172C	-16.994145449724734	1.8318543092618118	2.2962668655842783e-07	1.4415350997134464e-07	1.969301090838353e-09	6.176234630960874e-07
YDR449C	-15.36515738648536	0.9482369817583698	3.3316733164045963e-07	3.33932116702042e-07	4.462491059493957e-08	1.0132905335287452e-06
YFR049W	-16.93816628955478	0.15137126350609986	4.453772255764099e-08	4.454519252558621e-08	3.432441609962785e-08	5.647836400905305e-08
YGL230C	-17.668623896116465	1.0863353751152616	3.835346450802285e-08	3.7808525569255476e-08	3.540196355013603e-09	1.249256119498782e-07
YLL040C	-15.422092634319549	0.06167503782121221	2.0090195615543481e-07	2.0094243935178938e-07	1.812214517734421e-07	2.2194483241518304e-07
YLR425W	-17.28857575836532	0.31667946502164995	3.257136935984745e-08	3.261548848790471e-08	1.8426016081354792e-08	5.2227882671115254e-08
YJL013C	-18.137371315468904	0.7318426667379887	1.752881043768172e-08	1.7344912455763057e-08	3.9783543279772134e-09	4.4193539607812473e-08
YNL295W	-18.022938026458128	0.33267402891093906	1.5754547008223954e-08	1.5728890317717922e-08	8.606850911571517e-09	2.571391845800716e-08
YOR294W	-12.63757931978848	3.0646849524354765	0.00035177965597707396	0.0004376380848043537	3.093237797275072e-08	0.000899558050053866
YER030W	-17.359328529791078	0.3293766078427693	3.0489054717778155e-08	3.0516377629268523e-08	1.6812530382205084e-08	4.968733558015174e-08
YDR152W	-15.78272986117458	4.289728211091844	0.0005282325790457532	1.5615308948011757e-06	8.849528977094286e-11	8.13690173312873e-06
YLR092W	-16.364724410356708	0.7424621738625878	1.0395436668444972e-07	1.0324665959416032e-07	2.3067058154926392e-08	2.6598216333991714e-07
YPR156C	-12.00978242384094	0.17344842631185264	6.185175681372593e-06	6.152016060491557e-06	4.562675395686368e-06	8.046266066117831e-06
YBR203W	-18.240119704679223	0.5436872856257792	1.407825691390608e-08	1.3882835952762215e-08	4.8936079753325615e-09	2.927173569401209e-08
YDR432W	-13.468142486665736	1.3460271451439727	3.4775998747368477e-06	3.6530390727351495e-06	1.6177190652377754e-07	1.3909865927963921e-05
YCR077C	-12.37069854357919	0.3437672209404351	4.468944099174561e-06	4.699833423487466e-06	2.491486912017902e-06	7.848689320207724e-06
YIL069C	-12.041154844214313	31.70238782129586	0.35842736744597814	0.4301386483963258	5.379252727890434e-27	1.0
YER086W	-10.797038303776342	1.4691641440521226	5.790145490203548e-05	1.875198397884641e-05	1.5374609572607612e-06	5.755895290515318e-05
YER142C	-17.28929697372309	1.0242445332341223	5.208523553054114e-08	5.1977039455149434e-08	5.730742218384801e-09	1.65501599542924e-07
YGR070W	-18.59289257448922	0.5042842376951652	9.538568809405424e-09	9.54318615467134e-09	3.6664713726794714e-09	1.9249442589287298e-08
YER070W	-10.653439710521477	0.032254656892439254	2.3634353835472106e-05	2.3625667070638295e-05	2.239264655230796e-05	2.4898163325674323e-05
YBR253W	-15.881318615055486	1.0172242315543365	2.1240148918587995e-07	2.117629264296679e-07	2.373668474097076e-08	6.720690787700926e-07
YDL013W	-17.295891902024728	1.2302019527128323	6.594448860654678e-08	6.529937363603145e-08	4.062371332715523e-09	2.3162198760693073e-07
YNR026C	-17.878327140927418	0.9821810828404728	2.7901541703501914e-08	2.767184413124303e-08	3.413417658754391e-09	8.572647799036502e-08
YDL012C	-15.624519308440492	3.7216286441722115	0.00017208182012714746	1.2836523960357268e-06	2.749449120531952e-10	6.458157270099866e-06
YDR196C	-15.657378978526092	0.37837974132799224	1.7060131458806253e-07	1.7044546451164787e-07	8.512076397064842e-08	2.955722393105131e-07
YCR024C-B	-15.598130496561632	2.5331815977516197	3.5986242253870456e-06	5.083778045710386e-06	2.6710256087649984e-09	1.3672813517567137e-05
YNL123W	-13.968575865849695	0.320030200660123	9.081058916450505e-07	9.099572147827218e-07	5.094705957671531e-07	1.4653252576393845e-06
YML080W	-16.009653905134606	1.1555378593604122	2.1873684401330694e-07	2.264374725164138e-07	1.6780027568883316e-08	7.781800721572957e-07
YDR076W	-17.141660144051407	0.3054417565628169	3.746519830754408e-08	3.7647542712092936e-08	2.1740237927832897e-08	5.935626781415405e-08
YBL019W	-18.42503630916412	0.3834310224775199	1.0669628171813516e-08	1.0715317658064713e-08	5.298899214825562e-09	1.8696687645372565e-08
YDR516C	-11.903500517096242	1.3542508250337773	1.642164654571417e-05	2.922548072479539e-05	1.1371817718572443e-06	0.00010469131087060543
YER102W	-12.150548784594273	23.723138400936485	0.3042554444112581	0.4054216494004775	4.5156581776686295e-21	0.9999999999999121
YNL220W	-12.343852064082009	1.708600918703525	1.855736879611481e-05	1.2540236268281471e-05	2.876610338102101e-07	4.739058340699701e-05
YLR006C	-18.485148805547347	0.7408661612919442	1.2384844773328392e-08	1.2325810667438533e-08	2.7682988342431235e-09	3.164070811074623e-08
YNL004W	-16.975345521576806	0.641753433340013	5.097658001735503e-08	5.22299896793381e-08	1.4764987775910212e-08	1.22197137635666e-07
YER110C	-10.459926784672414	0.049883341793878225	2.8710444256145575e-05	2.871718863999439e-05	2.642259237837046e-05	3.1127382548993116e-05
YDR354W	-15.75864454451307	0.9102858022554192	2.1578548469284725e-07	2.2040387842930965e-07	3.218830676792475e-08	6.525868961128805e-07
YDR034W-B	-15.086343488242116	12.810439789338783	0.12523888659375781	0.13387565821726977	2.9205608785266463e-16	0.9985865964972943
YOR284W	-17.854083913692143	0.42396711072310284	1.9451693258567328e-08	1.9272569228396083e-08	8.767859049046666e-09	3.5371779659731675e-08
YDR277C	-14.613582589977293	10.78017046150049	0.09172497847826029	1.8759634417539074e-06	1.0014474639078254e-15	1.039595886875027e-05
YBL069W	-15.099231913213723	6.273878864543952	0.011162178539280383	1.9563941195880597e-05	6.489257205198208e-12	5.722792511474148e-05
YHR103W	-17.946230100752423	0.3499280053382428	1.6944039664841268e-08	1.708702880417995e-08	9.037807231206702e-09	2.8578504739478356e-08
YDL224C	-15.790491727145259	1.6138202099444097	5.037492880574565e-07	3.646846233317171e-07	9.411609339436803e-09	1.4891655033703035e-06
YBL006C	-17.01476705175532	0.7456904799789686	5.365656660311091e-08	5.3687086581253884e-08	1.1935032229062294e-08	1.3842935389422283e-07
YGR285C	-10.916203859663208	0.9739312844159851	2.9635244152613962e-05	3.78261445221205e-05	5.067940076683952e-06	0.00011210763035803068
YOL014W	-17.887693358462407	0.3592518473880296	1.816540221460179e-08	1.8130116675287003e-08	9.420530030385272e-09	3.066370842747125e-08
YPL181W	-17.496153584442204	0.33267578219898203	2.665061147523316e-08	2.6624893389350358e-08	1.4575471081250818e-08	4.352290671124428e-08
YKL179C	-17.43649121699213	0.732038730970382	3.467445756850849e-08	3.4899430408361895e-08	8.015887504374347e-09	8.889341930469964e-08
YNL005C	-17.524922443081728	0.4240067072496203	2.6909318265595788e-08	2.6789754134906777e-08	1.2184795736528652e-08	4.916297727415096e-08
YDL005C	-17.41300788195162	0.6224899002103258	3.321727284577105e-08	3.3166805267319266e-08	9.828517180797252e-09	7.59630722291858e-08
YLL065W	-17.60143677167884	0.7956502526309653	3.090692609306775e-08	3.11409281647151e-08	6.128883779730798e-09	8.398560360086288e-08
YDL190C	-13.804461675864284	0.24545703136930017	1.0458679867568554e-06	1.0444570448984112e-06	6.762795086395935e-07	1.517663664604354e-06
YBL028C	-12.261577877733496	8.995185895499633	0.0887599945224945	0.10836625018566204	3.74775170581309e-12	0.9638639047670865
YDR443C	-16.740916142961346	0.125348321548144	5.4012964179819957e-08	5.407016420435383e-08	4.364794105253747e-08	6.592667678778865e-08
YKR006C	-17.771863878156132	0.7253605889892132	2.500205467921091e-08	2.4818780286302954e-08	5.7953092710634554e-09	6.279977809537798e-08
YOL132W	-16.448237144847504	1.7876347888640152	3.699406119823194e-07	2.181533673505903e-07	3.6175767625302436e-09	9.246874574165793e-07
YKL180W	-11.378488412760769	28.760561132600515	0.3432788747640408	0.4483361910764768	4.270499733450253e-24	1.0
YOR215C	-15.949292519821888	2.268823562499368	1.538117261654749e-06	6.111240213293087e-07	2.693960390273132e-09	2.858070640974969e-06
YOL084W	-18.179150984863504	0.7851131197134256	1.7192630629578293e-08	1.7316674829968454e-08	3.499540383799871e-09	4.626296304880896e-08
YLR125W	-17.831461563350736	0.1982014589321281	1.8359692094986663e-08	1.8379591544627053e-08	1.300654566523015e-08	2.4966163738520763e-08
YLR264C-A	-15.512398661107861	0.46216759271743285	2.0651073809917495e-07	2.039639004978828e-07	8.56798614203731e-08	3.919428605745273e-07
YGR235C	-17.43982612806662	0.532660864242963	3.0789267123959514e-08	3.0743107179069704e-08	1.1103179263563775e-08	6.404896411593784e-08
YNL197C	-17.512040631344412	1.5588268759714803	8.432183708611866e-08	7.314840731023666e-08	1.8861514334454485e-09	2.902307046612656e-07
YGL114W	-14.60777181734097	0.4826638735644421	5.075716814801828e-07	5.124231949242019e-07	2.0548860361612918e-07	1.0102505807688922e-06
YIL164C	-15.046750397742423	3.0069705001236833	1.8267763443116152e-05	4.3747268886407524e-05	2.397687523873007e-09	8.655989270171476e-05
YDR128W	-15.92743254397005	0.45683459572882207	1.3493128820013704e-07	1.3370685204529221e-07	5.6907805530885764e-08	2.550505245487686e-07
YEL063C	-13.979487863784877	2.56355234662625	1.7247931270525504e-05	4.776210569724906e-06	1.2513716537099774e-08	2.2135114969799886e-05
YBR199W	-17.971382077078438	0.34750843152163025	1.6668881250652594e-08	1.658390801792642e-08	8.823903744240075e-09	2.7619392213708993e-08
YKL066W	-17.811331733589164	0.8304914714829845	2.6129824187067474e-08	2.5907115490698536e-08	4.685516683455085e-09	7.181377133590033e-08
YNR017W	-13.037120317946526	1.206024481202597	4.513761948414704e-06	3.39670190447052e-06	2.821539902657481e-07	1.134055671730079e-05
YKL028W	-15.749317830724019	2.179840563105183	1.4682577026104442e-06	1.582342815455434e-06	4.1643354149232576e-09	6.920456471378974e-06
YEL052W	-15.550393532776932	1.436480556009283	4.78131087307497e-07	3.9059542246862943e-07	1.6082510724065116e-08	1.5029195105238864e-06
YPR145W	-10.161717893411103	0.5149793615318824	4.444867637779957e-05	4.8047299423743574e-05	1.868622219691338e-05	9.654787760995488e-05
YDR126W	-17.788299724686063	0.6668835747311677	2.3605765819358105e-08	2.3498145934246986e-08	6.277044080500911e-09	5.631149786304425e-08
YHR190W	-10.677523815394077	0.44909069501792714	2.5534210897683848e-05	2.4616357531503064e-05	1.1030616192551807e-05	4.5436499156594554e-05
YCR083W	-16.610411925933427	2.4942462169439614	1.5356087811678342e-06	1.7679771297965119e-06	1.0262098007186517e-09	4.6069043140263005e-06
YBR273C	-17.704456828655516	0.8008015520355977	2.8347529332669482e-08	2.8082988548857703e-08	5.468235899595157e-09	7.592089941036392e-08
YER028C	-17.883718759746394	0.3454299581294097	1.8200238837606116e-08	1.8137889732526435e-08	9.681545658153943e-09	3.0147706015685686e-08
YDR422C	-17.87978071942866	0.13016339583133246	1.7331114502974902e-08	1.7320780437099656e-08	1.38621576536773e-08	2.1271985639774423e-08
YDR318W	-16.84101749583437	0.7132852403170885	6.407908775007085e-08	6.259078319542022e-08	1.5013044100837315e-08	1.5671607208203173e-07
YGL161C	-17.42330660038801	0.7048501676295045	3.489497986499541e-08	3.470729852597673e-08	8.494151381846268e-09	8.624196613157632e-08
YJL107C	-18.305401894490338	0.13296729820843978	1.1329933346097632e-08	1.1321406441936985e-08	9.017232318597992e-09	1.3962534625449902e-08
YOL041C	-17.055404737352497	1.0617290309864458	7.043513665334939e-08	6.867896631957538e-08	6.818609705732006e-09	2.238485179376084e-07
YMR181C	-14.507814995647047	4.264770587474106	0.0006519970876260499	0.0013941952126815729	6.026011160520371e-10	0.001195379504912775
YBR259W	-18.925111555837198	0.38932947948618296	6.519187277996189e-09	6.512630040529974e-09	3.180689881994012e-09	1.1449710563334756e-08
YGR028W	-14.546111201628216	5.385914312871325	0.00628762357718967	0.01108426837443476	2.2660745022807367e-10	0.019960025131152855
YER127W	-15.784495700071554	0.29222779221612877	1.4537931265243143e-07	1.4573839448129148e-07	8.632037864637651e-08	2.2576039871087208e-07
YLL031C	-14.912475068057526	0.6560693486224846	4.1399363909658625e-07	4.0859550073727863e-07	1.1276217725330002e-07	9.640121552003819e-07
YDL200C	-17.64214436151537	1.4594702102031323	6.480849005939599e-08	6.314617804075675e-08	1.974558430864579e-09	2.3974180439680887e-07
YLR130C	-16.985154181043022	0.7574258114296827	5.567777047141003e-08	5.522858874634679e-08	1.2014485693450205e-08	1.434332892006213e-07
YOR261C	-11.626577374675387	1.04952130860602	1.5269549602569743e-05	2.0177080798357978e-05	1.9721982479591408e-06	6.421047508285197e-05
YBL020W	-15.58640781381923	1.3732654417746275	4.2335644121186566e-07	4.862984005762692e-07	1.8052193849712007e-08	1.8223802653160178e-06
YBR215W	-18.53313538245215	0.0394247015509787	8.944039448945766e-09	8.943284844287221e-09	8.374698909446554e-09	9.534526641056873e-09
YIL009W	-17.213296641720213	0.17624375047305868	3.404498686089162e-08	3.397345406452516e-08	2.502948319850343e-08	4.469599332343135e-08
YJL144W	-16.45816297793585	1.0125383577445146	1.1944605531134126e-07	1.192314473886716e-07	1.345718542542606e-08	3.7763668323345263e-07
YLR073C	-16.72132508688896	0.8612256475843099	7.886642403559597e-08	7.947505633272261e-08	1.3266673292843644e-08	2.2619157908903002e-07
YMR147W	-17.917899096960305	0.25190697745234947	1.70093674340497e-08	1.7066755778153285e-08	1.0924289392973379e-08	2.502173255093529e-08
YBL036C	-15.996820932073158	2.7811825689132843	4.7807258422631005e-06	1.0287626664434247e-05	1.27189137272978e-09	2.484045076476535e-05
YOR166C	-18.294770603567436	0.3348466496716201	1.197727330448819e-08	1.199037292629035e-08	6.534844606623122e-09	1.9653087442923704e-08
YKR017C	-15.045231841265329	1.0818411168024402	5.261722100487297e-07	5.20986129951414e-07	4.9240310128593944e-08	1.7210640753106696e-06
YPR109W	-17.388487896449938	1.1590159650263774	5.471035811961708e-08	5.48484464573715e-08	4.16361302118734e-09	1.8821946397331257e-07
YOR311C	-16.099189686655286	5.818058025337233	0.004104643429244373	0.008381718095572786	1.5395079056918595e-11	0.009145138143208166
YCR100C	-17.799770626465893	0.9409602816971734	2.8923252080076858e-08	2.8371290579727107e-08	3.933879946148148e-09	8.51350666679195e-08
YJR024C	-16.424680666915215	1.614771820941044	2.657400412627653e-07	2.5443220909303667e-07	5.140627033445754e-09	1.0083474457218137e-06
YMR303C	-14.132869825881196	15.304646034430887	0.1764530277422702	0.2997218664412698	1.2849671496546986e-15	0.999999562742127
YFR016C	-18.810228108596625	0.26138665820460755	7.030204703148089e-09	7.0039826322106956e-09	4.402750372928041e-09	1.0399468604336182e-08
YML029W	-18.56954469196439	0.5150515340169074	9.731809279227648e-09	9.837132710476684e-09	3.693149636443856e-09	2.0088317904501495e-08
YJL079C	-17.688651724944926	0.5969268629128159	2.4829176110608517e-08	2.4845447515041284e-08	7.78882962376791e-09	5.54555819178406e-08
YBL059W	-17.435744060313432	1.009375261444022	4.4759710214294404e-08	4.457078429747452e-08	5.089274585761444e-09	1.4087994931632485e-07
YLR243W	-11.51836890991485	4.899263022401189	0.01353739589293544	0.020628748393284886	1.111126609949931e-08	0.0724358225200069
YIL037C	-18.579482466441682	0.7154901003049884	1.0971200472807182e-08	1.0964914826300802e-08	2.623574649797634e-09	2.749130474751639e-08
YEL012W	-12.22495566208904	1.9953800490161355	3.432787404061519e-05	5.229770880653572e-05	2.4085292936807216e-07	0.00019601476256286412
YPR108W-A	-17.565834836562267	0.7614133233685852	3.144752568049953e-08	3.128491278915757e-08	6.7026055797985336e-09	8.176398675169466e-08
YHR180W-A	-17.472215664100936	1.0389447159734302	4.490446627035017e-08	4.421828000207747e-08	4.6662722468150024e-09	1.4213143764180077e-07
YDR374W-A	-14.287158950167347	4.662674368729323	0.002260954905313251	0.002718745293109101	3.482752002493256e-10	0.0020569216884478115
YCR002C	-11.02987224738258	1.5850661149184821	5.660729602581893e-05	7.99919275309827e-05	1.8914429257293718e-06	0.0003002716863537342
YNL088W	-12.433456771156623	0.06244909612260331	3.994249549804521e-06	3.96849153925114e-06	3.5734367639885794e-06	4.3884675494960305e-06
YAL043C	-18.285113454760854	2.4322447800253633	7.359729659944857e-07	1.541560265292858e-07	2.0873371950537364e-10	5.99620109030145e-07
YCR045C	-15.87708849587302	4.020976961564283	0.00015217094608245728	2.013154798777967e-06	1.4528729298670535e-10	1.0853069479801188e-05
YGL188C-A	-17.595178499229355	0.20057210162902214	2.3265016203979482e-08	2.3294297411763976e-08	1.641430704212489e-08	3.174389250139187e-08
YHR148W	-10.956277399121015	13.388387368162105	0.20600881264618298	8.71986147252471e-07	5.4017490975314093e-17	4.722749471836505e-06
YDR131C	-18.014836717361455	0.32327867507210467	1.58049520398181e-08	1.581001792320991e-08	8.81669574566096e-09	2.5525902971814302e-08
YLR327C	-13.389573899615195	6.007533053651193	0.016976711241277743	0.019657265720493856	1.0843068425875624e-10	0.04708736241570205
YKR084C	-17.706023205541847	0.9203660612503716	3.154533177195731e-08	3.113422584538231e-08	4.489765168792965e-09	9.246163803244947e-08
YOR047C	-17.041657445218284	1.7003995185938034	1.6256455427884682e-07	1.592251379619147e-07	2.415220627622129e-09	6.336491960309093e-07
YML106W	-12.282517068780132	7.851851593731119	0.06259399902807357	0.09102849722577111	5.3404012177584705e-11	0.874371786032336
YJR034W	-14.022372062428028	9.45872997409272	0.07200560663318752	0.08949385307271059	2.852487175650225e-13	0.921301793618888
YPR163C	-14.140996908413351	0.3886149802196162	7.748951916625406e-07	7.752411330997782e-07	3.7989749738938473e-07	1.3600910869163738e-06
YIR017W-A	-17.463300489115632	0.48731098858860844	2.960710712043244e-08	2.9326863887928506e-08	1.1676476771698048e-08	5.8020406751555635e-08
YLL025W	-14.60560097287175	27.15835092955864	0.3010151166669697	0.3637346347164032	2.7796884358607535e-25	0.9999999999999938
YPL159C	-17.24104599851939	1.0409704714791927	5.612350244223908e-08	5.523800255439528e-08	5.8505105239550695e-09	1.776095593567501e-07
YPL240C	-9.521425809937634	0.43857283645064116	8.113145163010555e-05	8.461158483207159e-05	3.809112959260467e-05	0.00015653215175575632
YPL266W	-11.437165248084918	8.002399943985978	0.08432100816494993	0.1248798782824176	2.715160566744427e-10	0.964481205196775
YGL170C	-18.19097657547622	0.3781555860981354	1.3476172490599115e-08	1.351190160539556e-08	6.750601634876719e-09	2.3423426214707755e-08
YIL157C	-16.63171115071686	2.178546326020603	6.730664908721207e-07	3.6153508103562953e-07	1.6217748977101868e-09	1.6186221868832051e-06
YHL016C	-14.25700300596595	0.4661570163264755	7.196874601290561e-07	7.13199032104287e-07	2.9781339177577155e-07	1.3741820223404445e-06
YOR076C	-18.673881811559973	0.5459117431861519	8.997782529410654e-09	9.006561600127543e-09	3.159788327373321e-09	1.903950242611178e-08
YOR232W	-13.76757408706994	1.7118954128509394	5.042984795232289e-06	6.365390371441523e-06	6.834736494724288e-08	2.5865222791973987e-05
YCL069W	-17.33544357399746	5.124608781340108	0.0009725400096315911	0.0023657538925583852	1.3404564866301916e-11	0.0017774737080156052
YGR204C-A	-17.00438819091591	1.2646783498834289	9.188669155966742e-08	8.847273463081217e-08	5.11642315687089e-09	3.182387647723685e-07
YPR103W	-11.900438071978849	1.5860552100756191	2.5615603365651876e-05	1.3467647302049213e-05	4.858526582929325e-07	4.876460564081025e-05
YBR158W	-18.039005888397647	0.1949065048985193	1.48994628009854e-08	1.4926862860827905e-08	1.0626318228095961e-08	2.0177383076652517e-08
YDL166C	-12.40141511969791	2.583674135296181	0.00013215239159488794	0.00016403242610457205	8.098574834776782e-08	0.0004655687895058727
YGL224C	-15.355911699117266	3.753679359619005	0.00013510283037156844	1.7167358531770214e-06	3.465987111147216e-10	8.8251524107154e-06
YJL147C	-17.90290177019137	0.5246000129517554	1.9195397940531043e-08	1.9262040909906225e-08	7.081003702384931e-09	3.9777937448297346e-08
YPR173C	-10.903652513567929	1.865892790027978	9.661722181424849e-05	0.00016712979353485563	1.947583484129362e-06	0.0006247657089894494
YDR140W	-17.221907965686974	1.817300928169596	1.6537358134193897e-07	1.9008532180943522e-07	1.6734215046417658e-09	6.924168882181496e-07
YGR204W	-13.60703947142333	0.10454346222720065	1.237362584569959e-06	1.240652154412076e-06	1.0387367802558125e-06	1.4651322061761963e-06
YJL052W	-12.00475386130797	5.020727352880704	0.012323463230613167	2.8626236498582345e-05	7.998800694686867e-10	8.458689658682161e-05
YGR212W	-18.27417892379976	0.6686542918079924	1.4306270364509501e-08	1.4426833225584612e-08	3.8460030152139354e-09	3.45929422369354e-08
YOL154W	-15.34179469136229	2.121377838704971	2.069618576515638e-06	1.1036003501403761e-06	6.410482050464777e-09	4.919942676272701e-06
YGL213C	-14.975894249310793	1.1045768582400604	5.750813082760792e-07	5.986858281016431e-07	5.137847546428324e-08	2.015347227288276e-06
YMR063W	-16.920377625160604	4.608184022561063	0.0005354438180743957	0.0006871047974194619	3.0059422057174704e-11	0.0003564177889982968
YOL125W	-17.9545967891981	0.22026736396454483	1.6369241654478357e-08	1.6326942149033292e-08	1.1089343256558545e-08	2.288881939433847e-08
YOL095C	-18.43769473970037	0.6276146109235218	1.19374964845597e-08	1.1962917173121985e-08	3.4979009412734588e-09	2.75490004740655e-08
YGL172W	-17.65371379392395	0.38366762111347436	2.3264707499084997e-08	2.317819891090082e-08	1.1455069881360178e-08	4.0474478610610774e-08
YOL010W	-13.34390023705141	0.8307272923638507	2.2714286009380695e-06	1.9774817790136633e-06	3.900687192260514e-07	5.25929096282284e-06
YGL157W	-17.521883788435794	0.5758005217289893	2.8785788181511047e-08	2.8913416719805153e-08	9.510228254318473e-09	6.305116476301531e-08
YGL184C	-15.979451699507031	1.6724611577476594	5.209823257657849e-07	5.177885827063814e-07	7.433939482350398e-09	2.0291668736744296e-06
YJR134C	-18.775873007712057	0.5283140768268935	8.000837630544138e-09	8.060837256563478e-09	2.9397805242246957e-09	1.6717410343046708e-08
YMR044W	-17.842739929555087	0.12694869145232146	1.7953936442007566e-08	1.7967286021220627e-08	1.4461597161495687e-08	2.1958379870319434e-08
YLL043W	-14.941514079685428	0.7943255818770991	4.456794002471176e-07	4.476874889299165e-07	8.80281266554507e-08	1.207146053471456e-06
YOL144W	-16.672311582217795	1.9970096317388184	5.031907390449229e-07	2.748517724467637e-07	2.0967321834813028e-09	1.199795981566754e-06
YOL145C	-15.623553000995296	0.07680832104178481	1.6447328577555797e-07	1.6445389565943025e-07	1.4451245972315278e-07	1.8603534926301186e-07
YDR332W	-18.165305955794743	0.29614291083772565	1.3521210043072608e-08	1.3487333705078559e-08	7.931286852928293e-09	2.1002270655021227e-08
YGR230W	-17.716978465666166	0.3227025209469768	2.126988674922168e-08	2.128807702651331e-08	1.1880956139937567e-08	3.435010760028187e-08
YMR217W	-9.455317075823539	1.5854308320755404	0.00026866690292491683	0.00035256038416783765	1.2694802248088274e-05	0.0013161867590208895
YAL048C	-12.198586375096918	1.452066858016607	1.4835818742799657e-05	3.214135909280472e-05	8.656111476687017e-07	0.0001170825617453622
YGR149W	-14.902606545591832	2.952436459354792	2.403431247608157e-05	7.511307892909936e-05	3.881139933934735e-09	0.00018664362940570215
YJL027C	-16.504487441497027	0.6313937656571703	8.346193642519851e-08	8.251027265327621e-08	2.3977767587791188e-08	1.906284442127024e-07
YDR343C	-13.708688743682567	1.3997033077249876	2.8580798535938407e-06	3.712663023966616e-06	1.1769640387416487e-07	1.452396000447379e-05
YJL005W	-12.711592016575148	1.4508210177546996	8.993131747392652e-06	9.661524379210074e-06	4.931767437887694e-07	2.846925815500485e-05
YAL056W	-18.734685439988375	0.36269620069680447	7.757903036800421e-09	7.79611154933687e-09	4.020384914150617e-09	1.3250589114747737e-08
YDR404C	-9.976003519544017	3.5489394107204686	0.006267191283489894	0.007789909650532044	2.664451383693422e-07	0.02157458528549289
YKL139W	-17.03588886282973	0.41827713431569646	4.4035733914019134e-08	4.3584246688896066e-08	2.0058572291389155e-08	7.942066667595871e-08
YDL180W	-17.927679997669607	0.2846894756203953	1.7104350085215145e-08	1.7048735106501288e-08	1.0245373116542505e-08	2.6139154022235667e-08
YMR300C	-11.556768084462371	0.5143228763571451	1.0902286844582207e-05	1.1356251531510799e-05	4.318457234121524e-06	2.27675789822976e-05
YNL294C	-18.071768330403707	0.2148302930920931	1.4493963969284844e-08	1.4504859117325855e-08	9.951920313165832e-09	2.0176971481572423e-08
YCL059C	-12.8939821888061	2.529410868058862	5.501131781537748e-05	0.00011380405346636591	6.142155356560073e-08	0.00034757817756841676
YER078W-A	-17.41528948442369	0.28772579943297405	2.8471544112262877e-08	2.8483398895423713e-08	1.701707417754869e-08	4.38517499705839e-08
YAR003W	-14.330142189829482	3.7581791083367486	0.0002768068150310433	1.0052250074073008e-06	6.647412471340116e-10	5.023911812289163e-06
YFR011C	-15.755326112493046	1.203063483556257	3.002474907208524e-07	2.951077784131206e-07	1.9826469594443205e-08	1.0359614562653463e-06
YDR369C	-18.454784174821675	0.4529395993498441	1.0742216598348761e-08	1.069858224635503e-08	4.5845287597096e-09	2.0330081776530918e-08
YKL063C	-16.61173713288094	0.6409005873643276	7.454635248424906e-08	7.4830113264112e-08	2.1247610189077915e-08	1.7463718808675526e-07
YKR097W	-11.86034539195766	0.7026266282637792	9.0887598916519e-06	7.367037305819352e-06	2.1072843469961085e-06	1.6436579721941506e-05
YHR070W	-17.47527946833811	0.4790363123812775	2.889492757406938e-08	2.8863517436333887e-08	1.1695709858289629e-08	5.6555219868951235e-08
YNL148C	-17.532100623001448	0.1812605597440317	2.4733467667975887e-08	2.4713940530875246e-08	1.8042100880008938e-08	3.2754564311999826e-08
YMR267W	-17.27176803594279	0.4152134259489473	3.441399505332659e-08	3.435523780123742e-08	1.5923914454655886e-08	6.237598009650527e-08
YPL052W	-17.815814420574448	0.40372321080218365	1.9794252764939082e-08	1.985035078672198e-08	9.418680806903996e-09	3.552617275452734e-08
YER056C-A	-11.824341514083196	16.267504463664164	0.235361907152304	0.2828530258490356	9.26363788107678e-17	0.999999922019685
YJL057C	-18.049891900071948	0.4230095959460163	1.5936285471606087e-08	1.5845834396374532e-08	7.224934459882565e-09	2.9055554644340152e-08
YDR525W-A	-14.797197491411632	11.424904104995592	0.10320412423446465	0.11693008507726324	4.548280239796418e-15	0.9919901369393131
YLR416C	-17.467969944344937	0.3963151541892032	2.8017926240573807e-08	2.8019428419937453e-08	1.3500643532619232e-08	4.969736261626381e-08
YOR324C	-17.36997929125659	0.9098904363918338	4.3021352969938445e-08	4.3171539301334446e-08	6.392293380450269e-09	1.273720003168847e-07
YGL023C	-17.388524870538227	0.9446621688923686	4.380929733491411e-08	4.373861539553871e-08	5.925669170923383e-09	1.3217697327947681e-07
YDR291W	-14.525137886456784	0.09975589005785766	4.94366407806244e-07	4.94200385643377e-07	4.1726160908118353e-07	5.794403031818396e-07
YDR237W	-14.067638339053653	3.6610878347874642	0.0005177961118080285	0.0006939123765468401	3.135982061194756e-09	0.0009692142821505616
YJL115W	-12.81061568450327	4.822601753284348	0.006101875552598843	0.01083061547430402	2.7558080642199184e-09	0.022783947895963934
YGR062C	-17.593927910545013	0.7014225394277745	2.9291992714238873e-08	2.915497058612935e-08	7.202299546788099e-09	7.214395337618283e-08
YOR212W	-13.802151287579315	1.3332476692974984	2.3835361219796493e-06	2.2176717545837783e-06	1.1306573274925253e-07	8.269930114104829e-06
YDR295C	-18.35656391038078	0.5377191518705705	1.2444677803121268e-08	1.2299100062028777e-08	4.394932334099427e-09	2.575553369086973e-08
YDR204W	-17.12456575838673	0.601254736443609	4.394634148601264e-08	4.3810708576170466e-08	1.3594392209807515e-08	9.827234697947295e-08
YAL017W	-16.68569397416372	0.3811764238534284	6.072830402619053e-08	6.102685344642223e-08	3.030037508956536e-08	1.062519677038018e-07
YBR269C	-16.65322934754017	0.39001145212584715	6.345279382535744e-08	6.320022768389265e-08	3.082979111890555e-08	1.1122902568831444e-07
YCL012C	-17.239590629463187	4.264221348295065	8.67736758440091e-05	6.225665769919066e-07	2.3218303752561426e-11	3.282350300320276e-06
YKL096C-B	-17.379348275128855	0.378687332910717	3.030028682230073e-08	3.0417190912605184e-08	1.5186158202776007e-08	5.275364166622779e-08
YHR004C	-17.361210528376382	1.4388110572219766	7.945162819652905e-08	7.322794033669812e-08	2.668317788591128e-09	2.811975211248699e-07
YFR040W	-17.222013411873327	0.24252267570249983	3.416037485523949e-08	3.41308982283148e-08	2.2240682050027137e-08	4.9373676442627216e-08
YPR045C	-16.258801061740947	2.756224573055271	5.9489068646270765e-06	8.057027515898637e-07	8.887483125650699e-10	4.101674506260143e-06
YIL087C	-15.508923848051333	2.1464580559491266	1.832832970837084e-06	1.2398153691073044e-06	5.310871696078627e-09	5.235126053387204e-06
YOR058C	-18.549074666509973	0.2637061170285573	9.116374421907148e-09	9.105506844048139e-09	5.6972408300866e-09	1.357158619536941e-08
YDR399W	-13.677438785315596	6.033265252759247	0.015229749786910118	0.023193331591507913	1.4200715093987477e-10	0.0733384254886114
YKL064W	-12.231042063381162	0.14178271305936002	4.929249023805041e-06	4.9170087723502496e-06	3.857821833708676e-06	6.140875874408525e-06
YKL068W-A	-16.870994027697584	1.0836511825998678	8.580910156597252e-08	8.492395501206327e-08	7.922478346497814e-09	2.804998712483719e-07
YOL098C	-18.245595708075548	0.03710444064502104	1.1915954735175542e-08	1.1921677576645635e-08	1.1208076451221214e-08	1.2662517235103686e-08
YEL020W-A	-13.905073942355509	16.905514622364024	0.20703834950290048	0.2413236106430875	2.3836920866592415e-18	0.9999997362510104
YOL062C	-13.908012028045912	13.772502371793223	0.1575103278802763	0.3038956588422138	1.9020367109381683e-13	0.9999973056040179
YBR046C	-17.669103042681805	0.45153965227426074	2.356127690249739e-08	2.346135843439036e-08	1.0081212587183928e-08	4.44997857743377e-08
YOR344C	-13.44198042208968	0.30424819800573905	1.5272797851346878e-06	1.5317254348796245e-06	8.850777585921889e-07	2.4152305232033413e-06
YNR071C	-17.378396417007885	1.4577490522807028	8.211175129876727e-08	7.975359138240466e-08	2.565770229993609e-09	3.0546061927465896e-07
YPL061W	-12.757056486087956	0.7046541105127051	3.7089239458216517e-06	3.982371301066623e-06	9.448746053047707e-07	1.0018136660945997e-05
YGL033W	-16.81024627736128	0.5077770505098339	5.7307750798390915e-08	5.694117773239502e-08	2.170937766539151e-08	1.1538734250564411e-07
YOR362C	-10.52863755006633	1.674030306094805	0.00010717530518692267	0.00014226623726877702	2.782514179209862e-06	0.0005387088160890886
YDL245C	-17.313454760581358	1.395942057365148	8.260139877179535e-08	8.25907579313228e-08	3.0519162759047474e-09	3.074840447769e-07
YLR011W	-17.74710218526247	0.475232362602017	2.194874803748474e-08	2.1927184822926678e-08	8.968001301050023e-09	4.2760835681197335e-08
YIL047C	-15.238459354842186	0.5409506244640867	2.8018013973681e-07	2.7851374927403847e-07	9.88987108905417e-08	5.852585092284531e-07
YKR011C	-17.6398263638011	0.3307277878700854	2.296188606876509e-08	2.305495898498432e-08	1.2665411500239193e-08	3.759780560790254e-08
YLR142W	-16.369626074557296	5.0994689533960145	0.0010309694059091707	1.1260073031975137e-05	1.7261347672829863e-11	3.997358038055959e-05
YDR542W	-14.002020504086383	111.53535854178129	0.4494009512619874	0.5397762868226795	1.8898633039470534e-81	1.0
YEL001C	-16.878636011730983	0.5433692320921355	5.392413744214539e-08	5.41559385874092e-08	1.910475454508419e-08	1.141579857130208e-07
YNL085W	-17.757888595247046	0.6244407877220073	2.3414645075208718e-08	2.3563798886521614e-08	6.939259743594598e-09	5.4139329974585146e-08
YPR135W	-17.942945097479374	0.3406350750700355	1.712817668981385e-08	1.7087028165058622e-08	9.20722153430336e-09	2.822218146007858e-08
YNL030W	-10.443586373404239	15.141317616989781	0.238330481139737	0.2833476827461949	1.6037942966329778e-15	0.9999998062531645
YGL196W	-17.81735805025614	1.0421923906188417	3.1756995904221144e-08	3.1379003147343906e-08	3.2866559778746572e-09	1.0101551742741634e-07
YNL081C	-14.681265297805064	1.9122758601548466	2.5594430075742187e-06	3.2848306836159165e-06	1.8785663355317962e-08	1.2640350228227547e-05
YPL135W	-14.28346895521913	1.9950319534714998	4.373448510118791e-06	6.1879176413129e-06	2.4995483808209498e-08	2.368721350228755e-05
YDR118W	-18.928979690267575	0.5424865104729392	7.011524175234577e-09	6.968293555871769e-09	2.4643179972847327e-09	1.4669772971209422e-08
YDR326C	-17.64512496667971	0.13181361392676058	2.190586927174857e-08	2.190781311018804e-08	1.7484453903171646e-08	2.6970903465033727e-08
YJR005C-A	-15.765755844296061	1.2404522662794368	2.9696592908876624e-07	3.0182952980615814e-07	1.841269168694763e-08	1.0750737642147523e-06
YLR024C	-18.085348832676523	0.18534695827529932	1.4210138295977598e-08	1.4225945497539816e-08	1.0306051461885079e-08	1.896337649977261e-08
YMR246W	-16.520480082494892	0.07875767794221383	6.714132161650027e-08	6.707209795781963e-08	5.873912836460349e-08	7.61029639810591e-08
YBR036C	-13.49197453782194	0.5779552954812127	1.6370078107596017e-06	1.6677907785253908e-06	5.400559087521329e-07	3.6698224371609714e-06
YHR051W	-12.952909431784926	9.949978910937574	0.09990174922500798	0.1274676539643485	5.539599793684463e-13	0.9894902162093179
YOL009C	-17.1764257942204	0.5518316010992357	4.113630784380982e-08	4.041856911129815e-08	1.4000550312777564e-08	8.602030289220618e-08
YFR050C	-13.381302962244215	0.48531378297646965	1.7399465350982262e-06	1.7193600906194715e-06	6.910430916074996e-07	3.3796533470504004e-06
YOR315W	-17.25172805866982	0.5946897539678715	3.8134818573271136e-08	3.823717976626541e-08	1.2066577471019278e-08	8.50398553912177e-08
YJR008W	-17.004419558016657	0.8785560214784233	6.024214853008553e-08	6.085553427554628e-08	9.71482243970757e-09	1.7560849507435405e-07
YDR040C	-14.279539319607418	0.28827866114354667	6.548203847435905e-07	6.544211289580019e-07	3.907758367108531e-07	1.0079029983101032e-06
YOL102C	-16.655208068893394	1.2799216080737943	1.3101950397225823e-07	1.3513339854787953e-07	7.132631472270371e-09	4.877814800765724e-07
YDR201W	-17.404563507495318	0.7420010321805027	3.635491002980328e-08	3.6348662135875257e-08	8.141298162001658e-09	9.351111159504454e-08
YEL006W	-14.867423715907487	1.168964729020419	7.402187112769588e-07	6.411181665164345e-07	5.03925264555246e-08	2.2046247160960145e-06
YDR030C	-17.664345730991904	0.46644413359652315	2.3668582888432444e-08	2.3708115172222024e-08	9.876352725141708e-09	4.5751224598227053e-08
YKR087C	-17.12253830536151	1.992145820199755	2.665751140034008e-07	2.0043813649775775e-07	1.3647446968799825e-09	8.515327751548542e-07
YER166W	-15.921839246345323	0.2325841066936632	1.2467311901745312e-07	1.2500846357427038e-07	8.29685597544334e-08	1.783319744746843e-07
YLR328W	-13.68538729487859	1.048715746796374	1.963067682431989e-06	1.750909005484678e-06	1.9920190920166158e-07	5.51539886347204e-06
YGR262C	-13.496208302029979	2.274050928734723	1.663491990455221e-05	3.019150084724962e-06	2.7034248029083646e-08	1.3040966265389503e-05
YIL018W	-11.7377332538535	19.221464234782065	0.26497728748405824	0.3830878525798851	1.6379936753653388e-17	0.9999999998928333
YAR002C-A	-12.630836959980067	5.465594510215545	0.014496153052743717	0.020940818416658107	1.0382362033996486e-09	0.06587509427131806
YGL260W	-17.45969087897624	1.834161791907395	1.3928727706132304e-07	1.4392494448796596e-07	1.2794674392388074e-09	5.404733098494722e-07
YBL060W	-18.666680234827204	0.3866193417243314	8.470783965802281e-09	8.421623981085261e-09	4.137086741030704e-09	1.4760313006119214e-08
YDR257C	-17.912694006104125	0.46122502096211354	1.842967786249229e-08	1.8475934357724098e-08	7.776722717244157e-09	3.543834805075064e-08
YIL106W	-13.131405222165037	5.012527008135987	0.007170264655843305	0.012369946780797409	1.718647417896487e-09	0.027369962520752213
YPL110C	-18.48727457800937	0.11449776081931858	9.40594102408981e-09	9.417199956225549e-09	7.749640845045559e-09	1.1292658049013314e-08
YMR194C-A	-17.643199198407224	0.5824466843714872	2.5615230134561486e-08	2.5762864857748503e-08	8.339727195281593e-09	5.661685220308182e-08
YBR109C	-10.757561032130022	4.0446398889925685	0.008364664456564041	0.009570225753361352	4.851912201427519e-08	0.02375436905460874
YPR187W	-11.865532673656114	4.38196144292871	0.006246011992970293	0.00822505993504607	8.99335198716284e-09	0.01602500714495879
YKL165C	-14.412381437367864	2.4199947724539017	1.4902996675291681e-05	5.586450920063381e-06	1.2426427686013045e-08	2.6353715255809e-05
YFL026W	-14.472659263418743	1.4232052220695188	1.4240522464247422e-06	8.614791689128506e-07	4.553085476762834e-08	3.1472031556790733e-06
YEL007W	-18.141585224418073	0.1714362177467095	1.3431451498997002e-08	1.3414877977137994e-08	9.970932507644193e-09	1.7521220761088047e-08
YER083C	-17.148351217264413	1.7116097991250514	1.570079024471261e-07	1.6900467285753488e-07	2.1486827185542634e-09	6.279681726920429e-07
YBR016W	-16.1037939195457	1.9645166187569572	6.572679449341527e-07	5.817436745966862e-07	3.968869129376039e-09	2.3668082028244945e-06
YPR031W	-18.50539876915804	0.3070320645466397	9.659404987030424e-09	9.630092052309078e-09	5.54179755400326e-09	1.5224772911965165e-08
YLR309C	-18.414622047589496	0.43823181983875803	1.1065685707053877e-08	1.1068904212386185e-08	4.889386123952942e-09	2.06582978469551e-08
YBR115C	-14.861969565791648	4.569875077159388	0.0016500035996548214	9.055838789721983e-07	9.885374860055678e-11	4.956363934206394e-06
YPR089W	-17.947909295959967	0.2048225862499438	1.6388549040621047e-08	1.6384104276625826e-08	1.1451295848867883e-08	2.2472276658188807e-08
YPL076W	-15.557100201033743	2.7664191871992596	7.183178905457842e-06	2.724987444488484e-06	1.8424156714016465e-09	1.1853576451972856e-05
YBR256C	-15.58758355338882	1.0438092221448247	2.904769027253799e-07	2.8962955853639385e-07	3.042645980216049e-08	9.323218677194533e-07
YGL192W	-18.28993027560586	0.188870551033159	1.1584745129986137e-08	1.1601743611002574e-08	8.353245968891967e-09	1.5544683352439563e-08
YKL152C	-11.427920137234603	27.817125169152874	0.34484647700234183	0.4728352341521854	1.1085296294044762e-22	1.0
YPL050C	-12.487366975700704	1.6396306840092119	1.4803556918735123e-05	1.0466930425640993e-05	2.730359455468737e-07	3.9707384387167025e-05
YLR419W	-18.048184206644642	0.1825030973152002	1.4727333222130285e-08	1.4760844393840751e-08	1.0749621062759844e-08	1.9595358486562174e-08
YKL058W	-12.55427144595246	9.719739771081143	0.09979272195500635	0.12562561049961518	1.0375522233573926e-12	0.9876673638160912
YDR292C	-16.730700869077687	4.5671523412368895	0.0003858965994745305	1.1328714928524548e-05	3.500898737128663e-11	4.441909826401448e-05
YNL173C	-18.178328340633875	0.2163621982788276	1.2973995309331548e-08	1.3042484612270006e-08	8.923454422394419e-09	1.8183223777664462e-08
YOL030W	-14.962859727766906	0.4888788743309457	3.5721498499245573e-07	3.5272086441408943e-07	1.4083830345363077e-07	6.963267217116297e-07
YLR192C	-12.463384414456366	4.297114452963226	0.003708980388382256	0.006245417794102127	8.045958351977846e-09	0.011434293354445338
YKR056W	-15.995596566929587	1.2922931917973686	2.641370396938531e-07	2.1908998552164255e-07	1.307725810444637e-08	7.911912297616255e-07
YBL105C	-13.664066339792905	0.23238542233114895	1.1973384018651457e-06	1.1999007891879604e-06	7.962456649742944e-07	1.712233515460938e-06
YDR057W	-18.506288906796676	0.41050619384291814	9.97360305833129e-09	9.985146951242157e-09	4.669499700547846e-09	1.8021908397318196e-08
YJR126C	-18.03076751158455	0.4198584848677569	1.6074133896840653e-08	1.6125089133141842e-08	7.397737247335987e-09	2.9443664402217735e-08
YOR181W	-17.001063527736683	0.5325101744060485	4.764263720837083e-08	4.7571675245662805e-08	1.7193609225902462e-08	9.904816397129948e-08
YJL047C	-17.897466553863474	1.072767773842959	3.0453363815191226e-08	2.9589448661195313e-08	2.8797433600972664e-09	9.686304621452645e-08
YOR134W	-18.00334079015824	0.31065961657373525	1.5946050729008546e-08	1.592550585295411e-08	9.101178338120194e-09	2.529108484951751e-08
YMR269W	-17.33925017830274	0.30313158209204905	3.089149480708575e-08	3.087196503319077e-08	1.7901596367476847e-08	4.8529469955995065e-08
YGL204C	-15.346358559757343	0.34330911954328447	2.3045200779896288e-07	2.2784396562842737e-07	1.2232511125102392e-07	3.7702039011793675e-07
YCL026C-A	-17.269183050834677	3.005425620446884	6.607208630679779e-06	4.610053003519698e-07	2.117699444390915e-10	2.0957565207287903e-06
YKL055C	-18.00396246978648	0.2764848131268163	1.570950366152199e-08	1.5760547240553207e-08	9.626268427174614e-09	2.3894985488402567e-08
YPR024W	-11.073134170162072	0.09770339581796945	1.5598008571540252e-05	1.555622665367875e-05	1.3194083158339316e-05	1.8161875739273007e-05
YDR325W	-18.070653825013274	0.09528597012438832	1.4276486498252347e-08	1.425636838719258e-08	1.2132283553753826e-08	1.659666149540166e-08
YDR146C	-17.870894060038104	0.1794303808300395	1.7599745894045963e-08	1.761008885738866e-08	1.2896139985253277e-08	2.3271774755414713e-08
YLL039C	-10.806322096782376	2.3844105967066263	0.0003047593797072935	0.0004338058255452795	6.514710772388334e-07	0.0013875651353480953
YGR068C	-17.95499684134206	0.5389469185644961	1.8609979568685343e-08	1.8425032108126e-08	6.564789495174605e-09	3.8660465069964607e-08
YOL049W	-17.779673972975566	0.5298640866919962	2.1914380196559712e-08	2.1816518888596164e-08	7.933833832578717e-09	4.5270510006915314e-08
YGR111W	-17.98112009162373	0.4051656485739064	1.689137542139425e-08	1.6841329697286155e-08	7.964660356067235e-09	3.020418504210115e-08
YAL036C	-11.132383521901781	9.460233014758792	0.12482668135774296	0.19408726133663287	1.0572170986416119e-10	0.9983367035896784
YDR414C	-17.508606489275685	0.38627964871563564	2.6856358522446574e-08	2.6816651249474876e-08	1.3179003475867328e-08	4.696757637547419e-08
YCL004W	-17.599126332240253	0.277914856891811	2.3634213630228882e-08	2.3637073495087567e-08	1.43964178855238e-08	3.592019030376182e-08
YNL073W	-18.552944471471115	0.1473492738902877	8.838517646071425e-09	8.856282225685418e-09	6.873691183072001e-09	1.116149486014387e-08
YKL161C	-17.613410995451837	0.2696348062433847	2.3180181537773927e-08	2.3233386911721983e-08	1.4380651899112824e-08	3.490156156529697e-08
YPL122C	-12.645756206876237	8.666752851192431	0.07888016106841705	0.1484967421949348	2.4796564182769546e-10	0.9854851888754719
YDL132W	-10.033642649906094	0.19596290564659277	4.462199880727268e-05	3.949851900506122e-05	2.849524376235765e-05	5.2717171697634744e-05
YJR067C	-17.32200523927981	1.2780214469405269	6.748200235308873e-08	6.602406730607779e-08	3.650523604011196e-09	2.3912220991904595e-07
YNL092W	-17.865199072163655	0.30392516385053137	1.828504718445451e-08	1.8246670378948805e-08	1.0565926275652946e-08	2.8718069136061058e-08
YER046W	-16.411772858632453	3.4088169766229752	1.3663619393062701e-05	3.333399677710438e-05	2.9376374026213466e-10	3.7208968941710104e-05
YGR124W	-11.151281330960908	0.5421665835551452	1.6613071063942384e-05	1.7099986598637534e-05	6.302301306262921e-06	3.475179676393865e-05
YBR114W	-11.509419960065268	0.15379803724948982	1.0150588275352686e-05	9.520104642199953e-06	7.386742809439396e-06	1.2012872213591545e-05
YOL101C	-15.710855665723054	7.471790793812173	0.019395610371457213	0.03915636608304332	2.863675998686412e-12	0.2279171136463674
YEL016C	-18.526138342328473	0.12794958304032555	9.081629085868088e-09	9.072423267014247e-09	7.289611308029485e-09	1.1104997865581185e-08
YIL133C	-12.286462190962036	34.82320987429393	0.35908180876504764	0.47978887322528635	3.509119801358357e-28	1.0
YGR292W	-17.48103259596332	2.181742143507288	2.4890169309567207e-07	3.141083676051769e-07	7.095218477722353e-10	9.863005039780984e-07
YLR148W	-16.969036482413635	0.37505961183391373	4.5920242987356834e-08	4.5789721163202333e-08	2.3027045826465124e-08	7.904273931939432e-08
YOL003C	-18.138927981251022	0.4310521814283824	1.450554033350314e-08	1.4539586957552536e-08	6.518097651644554e-09	2.6915803663430186e-08
YER032W	-18.711826360847176	0.34521273684261494	7.923380566788645e-09	7.930665003070019e-09	4.233480129347004e-09	1.3180648920806474e-08
YBR011C	-12.527538789255184	2.7883658105163516	0.0001626032518525895	0.00028588693564307875	6.364416599298813e-08	0.0007393232909414226
YJL160C	-17.704465409308746	0.692352718944512	2.5968400506318887e-08	2.5982389265500097e-08	6.545625109474528e-09	6.378258911756393e-08
YOL086C	-13.47481960784439	0.4229775091539989	1.5374542669499208e-06	1.5482316281533456e-06	7.039614034232522e-07	2.8422417051211694e-06
YJL156C	-18.12775515042535	0.39992942418788885	1.439561139197907e-08	1.4519096428055511e-08	6.942354455520909e-09	2.58611130413796e-08
YLR179C	-16.509375399787082	0.5139325613009212	7.79085276556906e-08	7.71724146807058e-08	2.9034639747314285e-08	1.5747883945768197e-07
YNL300W	-16.473414484405062	1.6607574178789621	2.751067103573274e-07	2.6527224670697577e-07	4.550817470848071e-09	1.0485489316091867e-06
YFL012W	-17.54855857788875	0.17943371397802993	2.441382987871663e-08	2.4302288455723866e-08	1.780106041930826e-08	3.2114096292906187e-08
YMR177W	-16.57980967801354	5.143923609818089	0.001212310585433115	7.131954472399694e-07	8.131729846379967e-12	4.02450854486847e-06
YHL029C	-17.813940395798404	0.41294291987609666	1.995855426349951e-08	1.9974402382624724e-08	9.29417829952875e-09	3.615954933970257e-08
YJL157C	-17.903070934255943	0.11675723127593417	1.688322082909152e-08	1.6893654255499976e-08	1.384531015662337e-08	2.0329429235544733e-08
YDR361C	-12.760829160973069	1.7303950046159318	1.2387615549921253e-05	2.0284234462727093e-05	2.079943326414456e-07	8.028626113716332e-05
YDR160W	-17.179253210481825	1.8333746911823239	1.8505999728018792e-07	1.4983765165991307e-07	1.6760529214467006e-09	6.298201170966323e-07
YPR064W	-16.99741945054206	1.044380550393946	7.036276196574308e-08	7.182222016437246e-08	7.447492903809216e-09	2.3170992286573592e-07
YNL108C	-16.242317685501753	1.083520735549115	1.587059349177914e-07	1.580380465859216e-07	1.4833100279832998e-08	5.213207759209564e-07
YPL236C	-16.77766043459355	3.040348363747826	4.79839757777506e-06	6.437075149697272e-07	3.2347437773490687e-10	3.1544339079193324e-06
YOR275C	-18.878834028459956	0.3974410557458361	6.870811260625501e-09	6.842965549990125e-09	3.287145009524814e-09	1.21529538222374e-08
YPL256C	-16.382424358708654	1.5823543278894354	2.6797686282729453e-07	2.1383955414991717e-07	5.543380877098155e-09	8.61710905070277e-07
YLR128W	-17.633991619798458	0.7740660309998572	2.989349389561158e-08	2.947104741807948e-08	6.1317844767363235e-09	7.787877889730314e-08
YFL062W	-17.30803956824179	1.986883937467897	2.0282538883077963e-07	2.572064508292823e-07	1.1655946620371636e-09	8.680432793539656e-07
YPL239W	-16.53080894130921	0.8485461198871995	9.565847421853559e-08	9.515528431348314e-08	1.6389299271635844e-08	2.6800361992263484e-07
YNR077C	-17.519827362143538	0.7686535323377954	3.300842424290526e-08	3.308253071427636e-08	6.9520091010185575e-09	8.716877294940034e-08
YHL039W	-18.209753167692675	1.822470809196457	6.11537674252414e-08	5.420802714594357e-08	6.089299223196148e-10	2.228340683276456e-07
YNL327W	-17.98225148306387	0.21204038926557797	1.5833609442474447e-08	1.58534297120011e-08	1.093398831995564e-08	2.1965519875789383e-08
YDR524C-B	-15.627698307792295	1.0172395561984537	2.7286900213173725e-07	2.7535574849867506e-07	3.063810648546024e-08	8.746054296156085e-07
YGR121C	-14.035975859574089	4.544491577236449	0.0021009791546629207	0.005698040239494618	2.301127993194909e-09	0.009981088849705664
YDR418W	-11.439619296398584	24.163251431014356	0.3203897293654328	1.055693457484401e-05	4.9738530876222403e-26	1.2083904783928822e-05
YGR019W	-14.261363395286887	9.197623116847948	0.06097970498879622	0.1323747386630497	9.847849918747186e-12	0.9798761829477698
YNR060W	-17.98490682431379	7.463801524686433	0.00832641317116111	6.656181978007862e-07	3.311108312910155e-14	3.7603321309936934e-06
YJR035W	-17.93373026293643	0.16791959587278085	1.654601059731082e-08	1.6503964746488322e-08	1.2342456786817422e-08	2.1444938020648636e-08
YBR027C	-17.527581434457666	0.396560061347073	2.6489444749670953e-08	2.6427056248171082e-08	1.2722310291888147e-08	4.6899713993539175e-08
YHR075C	-17.79819361423592	1.8618832760807205	1.1189175279743059e-07	9.834435812658463e-08	8.688029146422443e-10	3.8799401717290064e-07
YER165W	-11.856499126407423	0.7235385972514206	9.250847238877403e-06	7.442217874578589e-06	2.050065749846396e-06	1.6802688293488203e-05
YFL047W	-16.953103431068435	0.3609317790590829	4.663286532293548e-08	4.6284434140149984e-08	2.3947522435503436e-08	7.847084797161812e-08
YDR139C	-15.12954396945947	0.8578433750032237	3.8568089582254397e-07	3.901500203079691e-07	6.562604162289675e-08	1.108023860177945e-06
YER099C	-11.236715162552125	1.7923199322715617	6.393350618440934e-05	9.688345230639485e-05	1.1382857181043022e-06	0.00036697980907390886
YLR196W	-12.729236829291901	1.4625853320753155	8.993921427118091e-06	4.348246358744872e-06	2.4506760402190385e-07	1.4966213027654468e-05
YCL021W-A	-17.752810620929218	0.4236943035015667	2.12536905173277e-08	2.1326395436872494e-08	9.706688083077974e-09	3.912412501661411e-08
YGR170W	-18.06420954272557	0.09684003045365484	1.4320333419245519e-08	1.4351340259256416e-08	1.2179544571862021e-08	1.6749270237356198e-08
YMR075W	-18.412035799811697	0.1933365349522402	1.0237733037970953e-08	1.0276556175637824e-08	7.3366983440542535e-09	1.3859243208998746e-08
YBR107C	-15.421793881913752	0.8693719976992524	2.8576517250477653e-07	2.6868962128441287e-07	4.656181959152605e-08	7.51189284885687e-07
YJR150C	-17.442637614899418	1.8867755859655349	1.5412741260896944e-07	1.831491548903221e-07	1.2007995839606469e-09	6.369975855212033e-07
YMR046W-A	-17.02063326874572	2.7845686613420924	3.2594164305381634e-06	2.020912534345937e-06	4.156615140618426e-10	4.063823762554625e-06
YDR490C	-18.813669263815378	0.4974215550280859	7.628243238138324e-09	7.636953440742707e-09	2.9759395917141134e-09	1.5287590204720534e-08
YNR039C	-18.017227692534057	1.3388533482862985	3.512004394723014e-08	3.662160518256263e-08	1.6547863699132697e-09	1.35133320930487e-07
YOR118W	-17.429517691482893	0.3391646332423836	2.8679732983939657e-08	2.8509968303578188e-08	1.540587475930963e-08	4.69946481251656e-08
YPR013C	-17.7525071275822	0.19230885516384186	1.9843528719336124e-08	1.986899315218478e-08	1.4212327632372222e-08	2.6756894989999074e-08
YDR144C	-18.441222860511466	0.3457343297004858	1.0420546162858929e-08	1.0398083920541836e-08	5.544292626647583e-09	1.729142002997173e-08
YNL256W	-18.403117111510205	0.11694731101912617	1.0234745316091672e-08	1.0246909437351852e-08	8.396160705175505e-09	1.2333704933594705e-08
YJR074W	-17.120874384306212	0.3985709969078018	3.967678516252361e-08	3.9704953139829865e-08	1.9031938032040978e-08	7.06253216554696e-08
YDL020C	-17.608287946325568	0.132554418486078	2.2715444592493724e-08	2.2731232336470224e-08	1.811460378619952e-08	2.8017044765173254e-08
YPL049C	-17.70619303194048	0.41686113150903037	2.2192587478694575e-08	2.225878071155522e-08	1.0284973935981368e-08	4.0479407672026393e-08
YGR052W	-16.90320573779986	1.1008408937645706	8.221247542796666e-08	8.155695561289e-08	7.418162169873967e-09	2.7116287880944164e-07
YNR030W	-18.128519877086497	0.8493061064850845	1.9304836838072547e-08	1.9070039175255654e-08	3.3033909893939667e-09	5.3640861458924564e-08
YDR054C	-12.193895070748974	4.0121545349682695	0.002767514693731966	0.004906114197893229	1.8747359362126438e-08	0.009348653196817186
YNL227C	-17.824055090161842	0.1580855964629179	1.8378883135555733e-08	1.8386387982154834e-08	1.4001515016175386e-08	2.3547106685945535e-08
YDR273W	-17.886805281269467	0.13440767677503918	1.7224602274403638e-08	1.7209898871283372e-08	1.3672201524662878e-08	2.1270929258716893e-08
YML028W	-12.85833047531282	6.0481355493140505	0.020246570781190912	0.02969301773576849	3.031103656608581e-10	0.127615571286505
YLR095C	-18.780082203528714	0.3741914217159871	7.48205102608138e-09	7.486294693924502e-09	3.7699180352011014e-09	1.2911475091723368e-08
YML120C	-11.405775370943	3.0335578107571752	0.0007861153040269808	0.001584464091936757	3.832511850062952e-07	0.004116887436548767
YML118W	-18.526790805038168	0.14624041435628418	9.107098279977741e-09	9.08974137431606e-09	7.068729262659587e-09	1.1436400581622006e-08
YOL078W	-17.377735079638065	0.16127788258084635	2.8713886424778783e-08	2.8747821547676386e-08	2.1763501958607702e-08	3.698709399354109e-08
YOL160W	-17.71639780501659	0.26247268203878027	2.093027953176528e-08	2.0933196942571325e-08	1.3132758735247084e-08	3.1131066572410874e-08
YPL198W	-12.170605743181065	19.463805381996004	0.2660242083935539	1.5106758084754612e-05	3.4438958923478254e-22	2.170542985909569e-05
YGL190C	-11.27164526845531	0.847483501448108	1.8557820163942334e-05	1.427053871831244e-05	3.056392627952842e-06	3.577268941118571e-05
YBR071W	-17.04533917595922	0.5435692033524164	4.5928087674273905e-08	4.586620493931267e-08	1.6179978841407215e-08	9.674499556254284e-08
YML065W	-18.02152483435288	0.09760666395033997	1.4967833280495703e-08	1.497733090723423e-08	1.2694660767816081e-08	1.749900978525383e-08
YJL154C	-16.675179187114686	0.20132403062162066	5.8541922582767877e-08	5.8448908035189064e-08	4.112406919975905e-08	7.972738688541648e-08
YCR059C	-13.460088357119227	2.895744805196688	7.324527665795849e-05	3.12466140650945e-06	8.7652107879921e-09	1.4272498303530678e-05
YPL030W	-15.229093191483978	0.6252014939746758	2.972690375352396e-07	2.940874919542829e-07	8.672455231531305e-08	6.749258626917229e-07
YDL194W	-18.29327824984734	0.5138683493913845	1.297375549193168e-08	1.2961973401879219e-08	4.877790698434918e-09	2.642896267102444e-08
YPL060W	-15.064500459667167	5.556547115929653	0.005012073611856448	0.011787452061064938	1.198902450224101e-10	0.021710004052679612
YMR065W	-18.413718041258967	0.2957874203303494	1.0540147563729946e-08	1.0519657670423683e-08	6.187398213134186e-09	1.6373010485169117e-08
YBR157C	-16.504565583924837	0.8620485365321505	9.936771737253202e-08	9.833667925903068e-08	1.6432836919352613e-08	2.797735088467776e-07
YHL030W	-18.5199564755248	0.20094661380962794	9.224487488293892e-09	9.237969036031316e-09	6.5041326214020484e-09	1.2597997181647842e-08
YPR114W	-16.144623352557524	11.035841505634787	0.07207191390381239	0.13440490932898888	1.675699823173613e-14	0.993262687720683
YAL061W	-16.931270819383776	1.5872060878867702	1.5988788618894048e-07	1.4120608685100275e-07	3.233218239090114e-09	5.635848825698996e-07
YLR390W	-16.892007530442193	0.888211596734706	6.757600874848802e-08	6.852063580292506e-08	1.069933675295405e-08	1.9908979021280326e-07
YDR255C	-16.60272978676307	3.457358832856711	9.227458817088678e-05	4.367837292092999e-07	1.6637318631780401e-10	2.2701727801634336e-06
YDR305C	-16.13645391153927	2.473191837900051	2.1432547476214487e-06	1.207335760649868e-06	1.6662642624839578e-09	4.977333662218735e-06
YGR169C	-17.98123494907572	0.23451914572493865	1.5976108433684993e-08	1.5949712949982587e-08	1.0547405871278505e-08	2.2815297759852635e-08
YHR122W	-15.668860032420477	1.7973923754579169	7.303843567986725e-07	7.321263243809426e-07	8.147891259113984e-09	2.9881839698478514e-06
YGL223C	-18.0701802089688	0.3493332504734342	1.5038497875134984e-08	1.5086763358710802e-08	7.987564033876175e-09	2.520815134104247e-08
YML103C	-18.42049526207206	0.3653307885956479	1.0600250076882103e-08	1.06906932459596e-08	5.4806834206053424e-09	1.823134099218399e-08
YKL183W	-15.194035915869742	0.8333403545305949	3.546117094593483e-07	3.51610349316606e-07	6.362971951197416e-08	9.739651794596277e-07
YDR198C	-18.39869563269253	0.12615662759039908	1.0301496453689586e-08	1.0303836151143485e-08	8.306572115060825e-09	1.2577273492333733e-08
YMR146C	-10.93002375107694	0.7372752542586078	2.354452517769583e-05	2.1011376703090172e-05	5.3327636653814535e-06	5.0464201382063054e-05
YMR226C	-13.52704643946067	0.7887165110914263	1.818028867318349e-06	1.683713970049235e-06	3.546185790330723e-07	4.397861285456187e-06
YEL034C-A	-15.119212041915441	2.3103282515284462	3.439602843577813e-06	2.1233211498328706e-06	5.98261797469526e-09	9.236167313985962e-06
YBR017C	-12.717475947873888	0.055097702167874886	3.0034315012863744e-06	3.000883312751741e-06	2.7367770075456967e-06	3.280092448886014e-06
YOL137W	-17.990365214639446	0.2959796995146083	1.6122650822632518e-08	1.6067717407430538e-08	9.450092364561025e-09	2.5022531892316594e-08
YGR271W	-13.845115693919931	0.23622680634940874	9.945003650294385e-07	1.0036928474448054e-06	6.609794698129457e-07	1.4405516695690394e-06
YHL022C	-17.62135835430758	0.6895261649810498	2.8166832111571454e-08	2.8118267759304302e-08	7.138157646379638e-09	6.883690876988085e-08
YPL180W	-18.41594174029246	0.43927844048733106	1.1105526508615399e-08	1.1054446646232907e-08	4.874530232905052e-09	2.0666534125044684e-08
YPR155C	-18.277114892139203	0.6974646957292246	1.461784730029914e-08	1.4714787488822146e-08	3.660977630947669e-09	3.631894534200941e-08
YLR409C	-12.91832662518659	0.33551000898129907	2.6091282789200586e-06	2.5831159057188373e-06	1.4093561820498666e-06	4.227308840273654e-06
YGR139W	-17.592106172924964	0.32012070077791116	2.4265701813852448e-08	2.409871683997813e-08	1.3518514885023027e-08	3.8754022942436635e-08
YOL040C	-12.185313591785368	7.151415388403936	0.05140328267018494	0.06248307639485287	8.951132441846741e-11	0.593764430884848
YDR161W	-17.489285455428167	0.47858972719216103	2.8316346720431073e-08	2.846678478659311e-08	1.1550367566158394e-08	5.57704096289753e-08
YCL034W	-15.877917183091036	2.568346454105922	3.499626587208865e-06	7.814964446915192e-06	2.0696175217011878e-09	2.349932765243631e-05
YOR149C	-18.170620783924228	0.7019845147147549	1.627960484412827e-08	1.64232194217681e-08	4.042171945014131e-09	4.070135273106536e-08
YDR539W	-14.017735821690573	0.31159035431818083	8.542186833930495e-07	8.59060063543311e-07	4.897875100208508e-07	1.3665957830990283e-06
YGL191W	-13.045981882599287	10.465096401413481	0.10783934888232748	0.1379869088548596	2.1412529914421416e-13	0.9950698646567463
YCL073C	-17.782878550927258	2.8799225655967393	1.6525025997709546e-06	5.430913871857025e-06	1.8264552775227253e-10	1.171945541682171e-05
YNL155W	-17.64323062449052	0.7825449766024046	2.9712576114886735e-08	2.9442476182341533e-08	5.991082470352012e-09	7.833800418503539e-08
YNL224C	-18.70648560209606	0.3481681137873741	7.97191383409723e-09	7.98066341534581e-09	4.2354895597374396e-09	1.3315746507097302e-08
YPL209C	-13.914925660829747	1.242660263353063	1.9386236806216158e-06	2.0643033464086963e-06	1.2006935148480917e-07	7.5704124572680675e-06
YPR104C	-18.48838326086929	0.4003445120969676	1.0128068458840404e-08	1.0119965172417558e-08	4.834073307841502e-09	1.8032106009245788e-08
YLR215C	-17.16564871902751	0.9556513032193484	5.688668072250684e-08	5.5249474041629876e-08	7.272320658529072e-09	1.6843855495252694e-07
YPL084W	-18.2290582936484	0.6929161273735629	1.556775738252931e-08	1.541311149170137e-08	3.874377911216905e-09	3.7907110651273156e-08
YKR027W	-18.573321137774606	0.407047540801057	9.29993167554518e-09	9.326289787931752e-09	4.391692115730788e-09	1.676885732363056e-08
YOL155C	-18.940856859430774	0.17797945448392402	6.031373888786435e-09	6.0389673925216874e-09	4.435494412950619e-09	7.963702721109987e-09
YKL071W	-17.337461969575948	1.0701170629558532	5.300272018542091e-08	5.1846443597258044e-08	5.063584185621225e-09	1.697152043189733e-07
YBR043C	-16.47019959057156	3.039430280993089	4.1796356874055155e-06	1.8799678772302884e-06	4.903461875485735e-10	9.652713035258677e-06
YGR138C	-15.068749824939866	208.7811754707879	0.4701186230144493	0.8474502376589075	4.482775368433786e-78	1.0
YPR003C	-18.34140888973429	0.5660267585525788	1.2630020999382787e-08	1.2707935138363544e-08	4.266368602747983e-09	2.7466053984405875e-08
YHR164C	-18.48467417133447	0.18051496331707442	9.536134512178686e-09	9.53310257305895e-09	6.968235944184478e-09	1.2619503397466478e-08
YMR319C	-16.071037921247758	0.7637686549000657	1.4015166661707608e-07	1.3540588906772564e-07	2.940573551095696e-08	3.5148186144477806e-07
YDR541C	-17.366149837610415	1.8634049373894324	1.496577562324058e-07	1.3893983889372261e-07	1.327019958125283e-09	5.712384600341283e-07
YOR025W	-17.105147802963025	1.6681784783430045	1.4952563319350648e-07	1.3660264734227054e-07	2.383774023673424e-09	5.493989185218887e-07
YLR098C	-14.48468241851601	0.666955542887006	6.35801551467054e-07	6.353678806327532e-07	1.7041955249046008e-07	1.5194367218396353e-06
YDR368W	-14.385503905003995	8.154319683758782	0.044086870828251135	6.999294811625025e-07	1.3081854159438856e-13	4.003764712179398e-06
YJL210W	-17.995740397564937	1.1822113043595506	3.0686668832916854e-08	3.064183719542594e-08	2.183519636351589e-09	1.0632982015172258e-07
YJL128C	-12.680446778563189	1.411822003521211	8.072179681348894e-06	1.0161707670294668e-05	3.832144894749932e-07	3.692121741975209e-05
YGR156W	-16.364722722203574	1.6156729437022566	2.8223719718564634e-07	2.0937525276670473e-07	5.283685078368302e-09	8.496348719719482e-07
YAL023C	-10.6255608354631	0.2619673586507273	2.5103708835411076e-05	2.4440071039732663e-05	1.5573847640278268e-05	3.592512709743654e-05
YPR002W	-16.29749716747842	0.21143784600669233	8.539153658227962e-08	8.543955418315264e-08	5.900502006827751e-08	1.1826166060986792e-07
YBL061C	-18.116855877212352	0.41388913755479756	1.4837784545408546e-08	1.4759347715101011e-08	6.854564133695168e-09	2.6751233405012874e-08
YOR208W	-18.50299210907992	0.3112786857128054	9.664658172808214e-09	9.666620724663463e-09	5.516442843431618e-09	1.5360787613078853e-08
YLR117C	-18.42910848007245	0.3021833764413404	1.0435617170574466e-08	1.0377971460871294e-08	6.029070683915109e-09	1.629331212418839e-08
YPL002C	-13.725310049537208	6.923839735010508	0.02705526520589621	0.042620226399289196	3.962903001104101e-11	0.2809298717756518
YML048W	-13.883620739689784	1.5502574140504248	3.27140808518377e-06	2.4042496705401196e-06	7.203292593309957e-08	9.618617394622909e-06
YNL244C	-9.701511741529382	8.743225993795628	0.13600651855543447	0.1598267770724918	8.863976691019635e-11	0.9948744981261808
YPR181C	-7.808123380579625	0.5187711175212144	0.0004637819295689543	0.0004716489980118375	0.0001774614024208859	0.0009635022269775057
YJR002W	-17.847867075667587	0.7142224272906441	2.2747977326000206e-08	2.287771855182425e-08	5.476839605879844e-09	5.734733475776696e-08
YPR021C	-16.94766463276114	0.6537330435581615	5.448248375341221e-08	5.400840107155916e-08	1.4883207180331311e-08	1.2773050897080358e-07
YGL086W	-17.99031348319199	0.25193689043851375	1.588578215657113e-08	1.5873443073655154e-08	1.0156581958514692e-08	2.3274994121517156e-08
YCL005W-A	-14.553154354428395	8.819410970364652	0.051307420165095804	0.06148969994374328	3.503878809797413e-13	0.6400110714963343
YBR098W	-18.841111554379445	0.3253319185728035	6.933152444012965e-09	6.92092686140209e-09	3.843849121628641e-09	1.1204019084048674e-08
YLR040C	-17.7776744305092	0.3895070810885757	2.052723912829193e-08	2.051796066784861e-08	1.0016590850242295e-08	3.6078366371160995e-08
YNR048W	-17.355816931428258	1.4770291991470634	8.57562833195054e-08	8.001208025997886e-08	2.530291156917806e-09	3.097168920864496e-07
YIL128W	-18.505780288972296	0.5341373176377693	1.063263757170827e-08	1.0594370196173227e-08	3.814648867079603e-09	2.211204426870587e-08
YLR207W	-18.548027162986678	0.29831914882368743	9.206107241750644e-09	9.20539766973609e-09	5.38983224006247e-09	1.4374929892627232e-08
YEL053C	-18.551647078210358	0.6945947672091947	1.1271546885124217e-08	1.1172009352264684e-08	2.798364178405235e-09	2.7500452599876803e-08
YKR089C	-15.809812654210825	0.578143943998209	1.6104685618031183e-07	1.6113268573697982e-07	5.2633457475349036e-08	3.5295103531073874e-07
YGL035C	-16.445064300519284	0.48611561889580857	8.195922541563877e-08	8.111651393984139e-08	3.238776431939698e-08	1.6030310792416188e-07
YLR099W-A	-14.811673019365978	1.5694686511413818	1.2492983989187054e-06	1.0901956013158592e-06	2.7517004932658226e-08	4.327569955627093e-06
YMR204C	-17.583654481183608	0.3642272039471151	2.477447617221456e-08	2.4669475852595234e-08	1.267824715089026e-08	4.202099234135517e-08
YPL199C	-16.63418872665438	0.784643176017375	8.061423072709178e-08	8.039930131521835e-08	1.6356089313689864e-08	2.139999886991382e-07
YCR075C	-17.153619097346514	4.3121124801787705	0.0001693298922144347	5.451712048111595e-07	2.2534046762379236e-11	2.95894668641783e-06
YDR113C	-18.142000525921453	0.2455111390311798	1.3629684712919961e-08	1.3618081990105659e-08	8.819942386968721e-09	1.978115152879488e-08
YIL068C	-10.447441478777316	5.797097556065837	0.0445488535118448	0.082784366080751	3.0463041123237098e-06	0.6968874058788642
YIL107C	-14.076114032727626	0.9705193292536938	1.2302892181264374e-06	1.120601263244836e-06	1.5300842581147365e-07	3.3693844436293013e-06
YGL087C	-14.098070900415175	2.452574980455472	1.6992290641952477e-05	2.090561338523131e-05	1.4657973479582636e-08	6.331681039031724e-05
YGL129C	-17.04145389037962	1.3437713426058464	9.984803244889071e-08	9.40233255943289e-08	4.327132337020981e-09	3.4922398645264817e-07
YEL035C	-17.306484316236443	0.7871542558484834	4.2053948293623293e-08	4.1471280536479664e-08	8.336814054276358e-09	1.1095259836242732e-07
YDL146W	-16.56310672681952	3.018849039603644	7.219188508273203e-06	3.191159150496127e-07	3.664853675957956e-10	1.614896320255358e-06
YGR053C	-18.02255853649053	0.39782545380882123	1.6147023867938554e-08	1.6109178829039264e-08	7.734276633518416e-09	2.863069616495385e-08
YBL049W	-13.57342682178655	12.66803892286896	0.14859609434989526	0.18334769308671595	4.415075315230615e-15	0.9998307576688896
YNL064C	-12.369721034455276	0.5618452503594845	4.951077015119619e-06	4.813409148630234e-06	1.67260120621674e-06	1.0126475246425292e-05
YNL050C	-17.673000558855115	0.8460398195939083	2.9701077641386834e-08	3.0116671469499783e-08	5.244636880725379e-09	8.459788463915624e-08
YPL201C	-18.04140236395046	0.2974373234204992	1.524482522817534e-08	1.5270454473277214e-08	8.954119267762027e-09	2.382323437718853e-08
YNL003C	-15.420008406647819	3.4952500532883874	7.713593280717791e-05	1.1817295576137256e-06	5.003762183253967e-10	6.196471737691913e-06
YBR015C	-18.318071931594154	0.3960867614947109	1.1956315293743751e-08	1.1973449367383077e-08	5.768301299531208e-09	2.121781454857431e-08
YDL074C	-18.310418214962688	0.5013364645492623	1.2732067485474026e-08	1.2658135619594685e-08	4.890843157982588e-09	2.5450262643596988e-08
YOL086W-A	-17.349958664818537	0.3761889855045798	3.1558374040272e-08	3.1301526223221715e-08	1.5703563619646492e-08	5.4137260387264834e-08
YNL059C	-13.439494904280716	0.420387879521361	1.598958067041957e-06	1.6148078818549143e-06	7.368153937539742e-07	2.959515923163706e-06
YLR223C	-17.88347041527681	0.1252502884756479	1.7226370204796142e-08	1.7247711526064103e-08	1.3926077059882538e-08	2.1027427949399593e-08
YBR176W	-17.146752676028832	2.606851419632767	1.1122014004836845e-06	2.1121754397180364e-06	5.117336120443026e-10	4.688420395387238e-06
YOL023W	-15.160841784782813	0.5884730771879758	3.103538057398128e-07	3.0498663493248587e-07	9.809454663617852e-08	6.716412713969934e-07
YDL078C	-14.986654236906313	0.12938805089769728	3.1342962513715077e-07	3.1258696540208005e-07	2.5052671409586846e-07	3.834629189442142e-07
YLR278C	-17.104753358923467	0.23841386759783686	3.821875592728931e-08	3.835471485373336e-08	2.5177446279013316e-08	5.518519829510382e-08
YML015C	-17.116869437396367	1.9786255689731158	2.675404275918577e-07	2.2720536784203512e-07	1.416885946256228e-09	9.218080357714277e-07
YOL115W	-16.89041633205938	0.4051304499194835	5.0115621364467714e-08	5.015865392827657e-08	2.372250734805802e-08	8.995185848396073e-08
YNL097C	-15.971026894979284	2.7942940496727253	6.3381123257779465e-06	1.3185340997819095e-05	1.3243494124810277e-09	3.343521348798734e-05
YMR079W	-11.765037024678302	14.853253239293274	0.22349789771708306	0.323881198918503	1.8686632888229013e-14	0.9999998093091049
YHR002W	-14.934686013461894	1.444490736063397	9.206481920654569e-07	9.683996160029676e-07	3.069196512774162e-08	3.775793845815898e-06
YNL188W	-18.195023582048584	0.2180668471960581	1.2874959537391449e-08	1.2831786812064054e-08	8.751114667319087e-09	1.7932335157821702e-08
YBR233W	-16.35746578580524	0.6587939146695441	9.752010932797934e-08	9.745816900323065e-08	2.6575748066665253e-08	2.314170609798428e-07
YAL068C	-14.903152705629461	77.99926365947366	0.4202937284316661	0.5125272667036644	2.4130567601398992e-59	1.0
YGR173W	-10.384444234893587	2.7580008825531803	0.0010849518645983602	0.001631966829603464	1.0564714909542744e-06	0.0047307277697512425
YOL017W	-18.880027356783962	0.3312041202937626	6.680907790456353e-09	6.667194940845717e-09	3.659620664127522e-09	1.0875010575969607e-08
YER105C	-18.322359273989555	0.27769948747183204	1.1443084685069672e-08	1.146856304513534e-08	6.9873457171084204e-09	1.7421626610679006e-08
YHL028W	-18.26367177999868	0.19887326863733365	1.1901130941559217e-08	1.193329224958133e-08	8.435547165095794e-09	1.6222761352426245e-08
YDR527W	-17.61976278374727	0.16534146412841638	2.2555486648107966e-08	2.2582808136713135e-08	1.6971274812210786e-08	2.9238427730319735e-08
YGL043W	-12.30442787979059	9.74078140135376	0.10306183045939693	0.1680397179127123	9.334094210703063e-12	0.9968117725463727
YHL006C	-17.14251138909544	0.2721507366116033	3.720649637437409e-08	3.725737923873963e-08	2.2944451108267988e-08	5.617280208464393e-08
YAL010C	-17.728074038365726	1.1691216199596879	3.9185362389465226e-08	3.905013512520825e-08	2.9103887853277705e-09	1.347456553999672e-07
YPL196W	-14.618902754170401	14.493419844585276	0.15125657520523217	0.24788950558975217	6.132991955426052e-16	0.9999950395014733
YMR005W	-17.62508303575391	0.6729431419481429	2.78367146368983e-08	2.7741248529255854e-08	7.31654630614957e-09	6.681448249661729e-08
YML031W	-18.510994750738014	0.7994011231592321	1.2521929146599084e-08	1.2558118705504097e-08	2.449797695852029e-09	3.394356113935608e-08
YGR193C	-18.19412689247924	0.20543110363001435	1.2767611120228514e-08	1.2809106797160041e-08	8.943109441384306e-09	1.7579563738908638e-08
YMR286W	-14.109242031693563	2.572258069431279	2.0768414350364033e-05	2.4681163176313278e-05	1.1477343217310789e-08	6.619924410971083e-05
YNL067W-B	-17.47369982231698	0.42362126886839097	2.8160254061442017e-08	2.820029633984832e-08	1.284203859265768e-08	5.174914499171357e-08
YGL127C	-14.09350066669226	10.53103093769388	0.09434330458228668	0.11906146083352039	6.030898716206897e-14	0.9881805167295997
YOR297C	-17.359589801367243	1.4826031750581028	8.366329383916568e-08	8.2703162229179e-08	2.5095454550404376e-09	3.1955176085965454e-07
YPR106W	-17.281600321170977	0.9296727680837903	4.812057627422663e-08	4.775410941679986e-08	6.749116192244745e-09	1.4266948959227354e-07
YNL010W	-14.118104476628057	5.9628840179983245	0.012891990760051968	0.019243941188868487	1.0248498355590283e-10	0.04907848401203835
YJL097W	-16.516053407679415	1.8277117766495232	3.673963193148332e-07	3.4316793835034755e-07	3.3224133902252995e-09	1.3539850693000852e-06
YNL054W	-17.32404737316478	0.17637649036677858	3.03960232932532e-08	3.040812357102819e-08	2.2400546966704744e-08	4.000759286912245e-08
YBR076C-A	-17.44338634644459	0.35106646232659333	2.8498044690831203e-08	2.826002828668653e-08	1.4915301154764194e-08	4.7314156718558675e-08
YDR405W	-16.5542653610109	0.7215571255062879	8.345248246699572e-08	8.407032461210317e-08	1.9728506151353828e-08	2.1235201184853083e-07
YDR124W	-18.085661015583305	0.18226655255570634	1.4214496470207036e-08	1.4212820616693982e-08	1.0355224215786665e-08	1.8861732889082377e-08
YHR115C	-16.121671714900863	15.835178761091433	0.15054078783286473	0.2981896777081037	2.3491533146817066e-16	0.999999538589837
YOR384W	-17.886608382913387	0.4331905305372891	1.8594165020342827e-08	1.871533603804909e-08	8.359354645272926e-09	3.4714620551375873e-08
YGR197C	-18.070915692595868	0.8187105180478861	1.9765925131803358e-08	1.9836477882004962e-08	3.6899038677100286e-09	5.447760812198301e-08
YPL260W	-14.184918009087548	0.4657710550734255	7.785447953894403e-07	7.737244171364256e-07	3.2195332495850977e-07	1.4947890013912548e-06
YLR032W	-17.843969980190145	0.41037854029664805	1.9361153290685716e-08	1.935920628410992e-08	9.057390438310852e-09	3.491933223454674e-08
YML019W	-17.625049979768797	0.4833258203911551	2.4806237604023304e-08	2.4903111111023375e-08	1.0005771058785061e-08	4.9033131576956484e-08
YOR008C-A	-17.39040436187583	0.5394833515034271	3.228014495798094e-08	3.2362358649823875e-08	1.1525560766264157e-08	6.787736273748224e-08
YDL197C	-18.59717404050111	0.16817922531435434	8.476317458724734e-09	8.500882901767038e-09	6.35456734786654e-09	1.1050454147113455e-08
YJR144W	-15.641025820857019	6.904411519076967	0.014087056665850025	0.025771723430175385	5.436346027171521e-12	0.08193255757363495
YLR227C	-17.676444359233706	0.6877305714723579	2.657766833533671e-08	2.6630149713122993e-08	6.78306197525447e-09	6.509923694585606e-08
YIL113W	-17.488873298739186	0.46713902582334244	2.8293526576130436e-08	2.8324271403795217e-08	1.177484426658046e-08	5.4752311984935625e-08
YOL149W	-14.61786871225281	12.110973888233445	0.11324885446853719	0.17391643053144976	8.923325458676548e-15	0.9994854249331513
YDR453C	-15.494878098922479	7.225526413374503	0.01665776616532627	2.0773382422531197e-06	4.4339455606168166e-13	9.953756084878979e-06
YDL215C	-11.961212817631301	0.11720219974463038	6.4273244614623775e-06	6.382927099214737e-06	5.233721598875748e-06	7.675868853832668e-06
YGL079W	-17.391008038765854	0.7912502875611187	3.827606154344571e-08	3.8337231944970535e-08	7.619259295948254e-09	1.0303847406127976e-07
YMR280C	-18.520262746348585	0.2633922576552232	9.389810456898382e-09	9.366077812488243e-09	5.864335830036732e-09	1.3949324018144773e-08
YLR238W	-17.73881805184005	1.2824856285752537	4.5736198703227046e-08	4.313028792207214e-08	2.378798974186236e-09	1.561778041565623e-07
YPL163C	-18.022657171467422	0.4239973043844147	1.6271699987458028e-08	1.6286809740872105e-08	7.407327272225094e-09	2.988601616961899e-08
YLR330W	-18.61203160412783	0.24150092485656105	8.492591320630716e-09	8.501794117185145e-09	5.548831360425464e-09	1.2281673938779604e-08
YBR225W	-18.31845543131289	0.3040886298474654	1.157923788928955e-08	1.1600539733797666e-08	6.713422016769722e-09	1.8256821605364202e-08
YER179W	-13.024740810674254	1.0071764123143179	3.6103441771814074e-06	3.7567070510427902e-06	4.3161822086890466e-07	1.1861686928224562e-05
YIL054W	-17.106324236833593	0.5697640046053827	4.3846337677904296e-08	4.377514852699433e-08	1.4567431430949677e-08	9.494249101136333e-08
YGR270W	-18.325012231646674	0.5007827247136447	1.238762913422583e-08	1.2459260253240297e-08	4.824381139847614e-09	2.5038652173962894e-08
YCR087W	-17.250885658541797	0.5251114258933417	3.67725372661625e-08	3.694174853363819e-08	1.3568490779776204e-08	7.628598432793396e-08
YBR208C	-14.509811788718205	0.2275702416183946	5.118276468862261e-07	5.130804608649953e-07	3.437233209534461e-07	7.269740160562003e-07
YJR004C	-18.95796101702667	0.41479917751917755	6.388574402187719e-09	6.36557117102715e-09	2.9514930227671585e-09	1.1553298533175834e-08
YGR253C	-9.893038755567384	2.822854202787093	0.0019756870543357276	0.002502580834037537	1.1574776993010548e-06	0.00728024094117117
YDR393W	-17.892374827287263	0.6093265310549433	2.0407107649911258e-08	2.0427799771306208e-08	6.224981640965688e-09	4.621070465687855e-08
YDL010W	-16.593262844246915	0.5037569382146406	7.072449815443867e-08	7.04801529476643e-08	2.710527894598411e-08	1.420596235617447e-07
YBR082C	-10.62582784372439	12.075226603862234	0.19256824908339296	0.2370830692640139	3.141879718514152e-13	0.9999706290026431
YBR195C	-17.321387258206364	2.157788731043757	2.8240547511749395e-07	5.066702158724995e-07	8.808301780718395e-10	1.3721509619043788e-06
YBR007C	-18.788897392915665	0.5310124133607175	8.041585249647323e-09	7.964946034540511e-09	2.8864349783976e-09	1.6560416337440927e-08
YPR107C	-15.159613240321912	1.7236194019560838	1.1316699699171975e-06	8.313909639144955e-07	1.4932458380341187e-08	3.4946552456380135e-06
YIL025C	-17.608987971668235	0.2713941129260251	2.3370709443454916e-08	2.3357043711417932e-08	1.4402616573360844e-08	3.5172947014950085e-08
YLR129W	-12.321709863893327	0.06838715179933609	4.467722447255977e-06	4.459535152725563e-06	3.9761634921424534e-06	4.9777450555720414e-06
YKR009C	-15.643292711226374	0.9247266882381685	2.4410558817354193e-07	2.395517312056459e-07	3.4811655393414174e-08	7.091891114492303e-07
YKL119C	-17.372347136720187	2.218096934447013	3.109709374463091e-07	1.9762605178020514e-07	7.268262197492697e-10	8.550473522907502e-07
YLR262C	-12.045108161809319	0.6100142722848891	7.06992917970134e-06	7.556125730928704e-06	2.2498729460277053e-06	1.7236789310999145e-05
YKL014C	-18.429857768257484	0.1715911987454575	1.0069982953981287e-08	1.0056568087098158e-08	7.471879929294569e-09	1.3143719746949485e-08
YPR185W	-17.76546122048689	0.31431004370201265	2.018323232713043e-08	2.0234352151241608e-08	1.148194431777166e-08	3.229244968220101e-08
YGR025W	-17.60796633874356	0.31325686109246564	2.363774832607987e-08	2.367458028146685e-08	1.3463779368373456e-08	3.773529544722926e-08
YGR161W-C	-17.436853273532456	0.19576894802562042	2.7299396679860204e-08	2.7263823848332774e-08	1.9382674015138425e-08	3.689707331274893e-08
YPL167C	-18.428584264614024	0.39533068177972325	1.0701259235523661e-08	1.0718500993104624e-08	5.174506844816711e-09	1.898636907379151e-08
YDL111C	-14.55404249912767	2.619105061865034	1.0844169275454171e-05	2.3290959854938503e-06	5.693640579281474e-09	1.084541788076295e-05
YHR199C	-16.387885991128265	2.4068786343455564	1.528479182889903e-06	3.143666300077784e-07	1.302726799895543e-09	1.487423613696871e-06
YKL105C	-18.826277816661737	0.27268074087890587	6.880049368275573e-09	6.912863167619617e-09	4.252747364467917e-09	1.0425233327975254e-08
YHL032C	-15.92320774470222	0.39591641722956666	1.3179726663599653e-07	1.3120911105216148e-07	6.327703833512869e-08	2.3247720824977383e-07
YDR145W	-17.140610216772025	0.9430101975667137	5.55419416908512e-08	5.5352352634794745e-08	7.59059830343697e-09	1.6662839306613993e-07
YNL270C	-17.609435608022018	1.7635422933267253	1.0566682551227342e-07	1.0465617122227739e-07	1.2372185647565108e-09	4.094415999231232e-07
YMR006C	-15.28625778338114	1.3421852058994233	5.766241664250936e-07	5.042502164388863e-07	2.4935057641416596e-08	1.885150706248917e-06
YDL161W	-14.554903474513546	0.8979923875954662	7.0797048721474e-07	7.599041546988324e-07	1.1103847527939357e-07	2.2599997910837997e-06
YHR118C	-17.083695072674296	0.4606627509859211	4.241760772875525e-08	4.235312629880734e-08	1.7846311999690658e-08	8.123486713735775e-08
YHR158C	-18.38887189458996	0.23465869549334067	1.0586982593509428e-08	1.0612848654560795e-08	7.014736994731551e-09	1.518638268061327e-08
YML127W	-14.79988042718555	0.7359583776193154	4.958353089042617e-07	4.5220765695591905e-07	1.0762016273458882e-07	1.126469212117e-06
YBR247C	-12.993943213522423	0.7825953163911479	3.090990175012848e-06	2.7291911531370953e-06	6.037498154952458e-07	6.922903946418537e-06
YHR077C	-15.814652351015818	0.04054002139961917	1.355565490476089e-07	1.3556223158421816e-07	1.2670500544439188e-07	1.4478289818424108e-07
YKL046C	-14.21693927607789	1.4074772903627129	1.838645747834191e-06	1.5925764440275496e-06	6.62429147053522e-08	6.167066960978422e-06
YOR236W	-17.5340276112483	0.7864717563896467	3.285586911293162e-08	3.309666254870517e-08	6.6560093104314984e-09	8.849590271385635e-08
YNR075W	-17.765671810245244	1.4204306358194705	5.1575050510181007e-08	4.716180465783664e-08	1.8314823112348594e-09	1.7980457714578458e-07
YOL155W-A	-17.466270044439575	0.6225999044420079	3.161822737687026e-08	3.1528942253617313e-08	9.326324984068435e-09	7.232359745979405e-08
YBR293W	-17.090588010040797	3.596006579816897	1.3378103166556594e-05	3.26530630767508e-07	8.15092655163732e-11	1.7060690760335928e-06
YMR251W	-17.86472898907318	0.4186195035269835	1.8978429058349133e-08	1.901607782854738e-08	8.751741946070775e-09	3.4667800533856285e-08
YPL150W	-17.574664962849916	0.4889733607551476	2.6197659252813965e-08	2.6277528204027646e-08	1.0425524159598485e-08	5.208852318623448e-08
YLR433C	-17.53548194674017	0.7503306138149907	3.2212958523505535e-08	3.2156743343326735e-08	7.0534486175235535e-09	8.336692735428951e-08
YBR039W	-10.9827313654177	2.0958754832397473	0.00016179637377759272	2.7610626714118594e-05	4.496357339783391e-07	0.00010083769496484992
YDR424C	-14.14435471873089	5.508619885433894	0.007130366979762931	0.009136123979922273	1.0881209109491127e-10	0.010506745043015778
YDL004W	-14.413312899677246	7.153150141422201	0.025235699756609543	0.03517334785959205	8.578400475552255e-12	0.17375467837182607
YDR458C	-18.85580367793313	0.6728118101239448	8.112575297171277e-09	8.114695814682776e-09	2.139796254722482e-09	1.9553163190117417e-08
YPL006W	-17.151223870075178	0.5717246918737554	4.2085690309827166e-08	4.17991042484782e-08	1.3882933529293589e-08	9.081725421612199e-08
YGR086C	-11.617781437519577	5.989108602291837	0.03011441748680868	2.2046283510748714e-06	7.674571543624068e-11	1.1333042321948444e-05
YBR185C	-15.815496609306999	3.851635259924766	0.0003367696264814847	1.490428196649969e-06	1.9206711571671437e-10	7.7143861057e-06
YFL041W	-16.291306996813496	0.6024654499604614	9.895863958943662e-08	1.0113766134356414e-07	3.1245912714384066e-08	2.2743149057741815e-07
YKL133C	-18.34049455506551	0.7615663866760346	1.4353559345505526e-08	1.442722387672143e-08	3.088187517377494e-09	3.769124244399082e-08
YDR379W	-18.45859971148179	0.3442965655542057	1.0213817466965954e-08	1.0215784647862023e-08	5.4616970900709025e-09	1.69534407190314e-08
YJR010W	-11.789085023971845	5.883774650542893	0.027733364992706074	0.05268550296487926	1.2697545952693782e-08	0.40204341087785933
YOR120W	-16.031097136471494	2.758021439123684	4.743468044603507e-06	1.1880982246884578e-06	1.1126842280827971e-09	5.541267089110695e-06
YPR081C	-18.2436544157435	0.07710372027833251	1.1965208209492728e-08	1.1972231666566103e-08	1.0514744689766915e-08	1.3549110667346301e-08
YJR129C	-18.154178680379978	0.2589370662923324	1.347286104961019e-08	1.349758366625315e-08	8.522677281843357e-09	1.9977668539847987e-08
YOL090W	-13.340494251716288	0.2784638128675979	1.6701807934038204e-06	1.6731979578879235e-06	1.0180035199659905e-06	2.5434525638721876e-06
YMR240C	-18.122222872764674	0.42414376849563473	1.4682052982421883e-08	1.4714690201504409e-08	6.6991732356466346e-09	2.6986881788838267e-08
YHR119W	-17.56745266427692	0.39816297698332415	2.5317576629950694e-08	2.5420503863873762e-08	1.2192843722835846e-08	4.5185538385568574e-08
YLR307C-A	-16.10209983796171	1.966750223495535	6.494945839283856e-07	7.725376311276673e-07	4.023796798229597e-09	2.776041193194223e-06
YLR213C	-16.988373461755096	0.9964054731036749	6.98492324995525e-08	6.810789837292411e-08	8.106384194267984e-09	2.1297792545019402e-07
YOR351C	-13.721714413252764	1.6626943036303319	4.409835705936546e-06	4.625938209050463e-06	7.78105703080625e-08	1.9593176760375065e-05
YJL020C	-18.012269643681925	0.3390349931128075	1.595556174815007e-08	1.5926272708510334e-08	8.608526345983942e-09	2.624857424957158e-08
YLL066W-B	-16.189587328110925	1.776040262480301	4.2604925232856447e-07	4.5101296387062436e-07	5.013605554311566e-09	1.7288296506556186e-06
YKL204W	-14.890740632655204	0.2714029601236088	3.567036497604711e-07	3.532182759130096e-07	2.1796611175284115e-07	5.31622094982863e-07
YKL156W	-10.622287071943854	14.704038224928883	0.23488260346857015	0.26691552700822213	2.1471391031407532e-15	0.9999994363559026
YCR023C	-17.17417941614344	1.6354990493196147	1.388312153031857e-07	1.3624758901024516e-07	2.366390050584883e-09	5.275330014648496e-07
YBR221C	-12.055705545405496	1.0398142588169095	1.0052550746163235e-05	1.3437123427211355e-05	1.272128090456046e-06	4.322366060047616e-05
YHR153C	-17.68025247228156	0.2590725981615087	2.1768729786894724e-08	2.1679136323224833e-08	1.368682330412533e-08	3.209704599853432e-08
YOR250C	-17.157242825259296	1.937427313735458	2.58704131693239e-07	1.686334968176458e-07	1.4383877899922316e-09	7.245936186396989e-07
YJR127C	-18.633043840171872	0.3472769422645749	8.632332151718986e-09	8.589193668917779e-09	4.5649522458959164e-09	1.4317466463185698e-08
YKL168C	-18.318855215643403	0.41575298444653735	1.2103968862465717e-08	1.2068310162571623e-08	5.583671001805478e-09	2.1925365898956874e-08
YBR003W	-14.771264036849013	1.057349630234371	6.707388207743521e-07	7.081080142379884e-07	6.845896799221274e-08	2.3306522191199407e-06
YPR046W	-17.306256760614765	0.6274811755829485	3.717451137718517e-08	3.7108632397157364e-08	1.085716042639227e-08	8.547202903215414e-08
YGL194C	-13.868180243211961	2.323375839536967	1.2901525531196252e-05	3.689454716228467e-05	3.06790794993451e-08	0.00013319781558033975
YKL109W	-17.90738974177379	0.4717533500063836	1.8613094889313255e-08	1.864957790727663e-08	7.683719154108873e-09	3.6220632978793765e-08
YIR014W	-16.920734233798562	0.9698271632013368	7.19907351424477e-08	7.178894640818085e-08	9.090231204450146e-09	2.2093369488849006e-07
YOR142W	-12.504114545329637	1.048010509293	6.428636140697059e-06	4.8583391638921565e-06	6.252759755734722e-07	1.4387864546191052e-05
YER079W	-16.55724030208598	0.5593000264027035	7.472928826652276e-08	7.53246598924944e-08	2.566432392476292e-08	1.6160564703684312e-07
YBR175W	-15.792247864382214	5.321695324074634	0.0025501344198497608	2.455585480406431e-06	1.368660145620779e-11	1.2212221159188545e-05
YOL031C	-17.575773231213084	0.43743306747806154	2.567240889477646e-08	2.560100745016357e-08	1.1327470190227452e-08	4.773450433735982e-08
YGL085W	-16.993042004142758	1.6898937602753508	1.7077670458202154e-07	1.6439619253448993e-07	2.5797809477926626e-09	6.556987832982867e-07
YDL047W	-10.062458426219516	2.610171022290251	0.000991142962352705	0.0014754462041849108	1.5284094712520772e-06	0.004509298257530219
YKL059C	-14.847374100464501	2.0409094021820815	2.7257381695760585e-06	2.693288862538817e-06	1.3077859976586631e-08	1.2243139147929396e-05
YAL051W	-17.302483665459427	0.2736211303434553	3.1648427376324146e-08	3.1749798803669266e-08	1.9496739949270627e-08	4.796354920322386e-08
YLR412C-A	-17.48745470574881	0.20647731093881905	2.60472213898874e-08	2.5974290684767843e-08	1.810454962668447e-08	3.569920946054072e-08
YCR060W	-17.160753768600394	0.732051854489522	4.626620658920054e-08	4.581104783291907e-08	1.0536006140931135e-08	1.1657227433634462e-07
YMR029C	-18.37566649805462	0.2257297377399425	1.0723062782440702e-08	1.0729780741415379e-08	7.213258014209904e-09	1.5158410469310632e-08
YLR122C	-17.62321816896378	0.36672656554655947	2.3782462806941646e-08	2.3703382820204667e-08	1.2129273559624517e-08	4.0485849701608194e-08
YGR236C	-15.961907885525713	0.7751433317279344	1.5911842950273335e-07	1.570354918668097e-07	3.2583106604817916e-08	4.152989723997568e-07
YML054C-A	-17.10693289455316	4.626086360051448	0.00021031485677161835	0.0003752276654109779	1.9273965975174617e-11	0.00010550242967131652
YMR081C	-17.803143061923898	0.28749831207670756	1.945011530644418e-08	1.932673565114201e-08	1.1555924478403368e-08	2.9756490058346243e-08
YOR056C	-15.50969544369668	0.7282999920551271	2.384727248842346e-07	2.4239677613259486e-07	5.57124863881615e-08	6.181601458916743e-07
YDR380W	-17.89853796467009	0.9782792941887494	2.6763008102887112e-08	2.7217331343909076e-08	3.371956576379963e-09	8.426465448353505e-08
YLR013W	-17.017792015912114	0.9293828478950714	6.289960874870874e-08	6.230316759910572e-08	8.803812467085266e-09	1.8620339855728262e-07
YFR035C	-17.244863399298033	0.676641705692199	4.156772786771051e-08	4.07079399496915e-08	1.0636251394913343e-08	9.842437156524935e-08
YJR162C	-17.504567645250923	0.9487962556865706	3.837051666212407e-08	3.922526423281748e-08	5.248603448872612e-09	1.1903698315304627e-07
YHR090C	-15.75503184770873	22.617917545188053	0.24855318207854427	0.3780676933122577	2.9322582676335194e-21	0.9999999999951257
YGR066C	-17.20973249780304	1.3855644683130663	9.076402805984351e-08	8.829170091387055e-08	3.4360720662795695e-09	3.2936666629927174e-07
YLR311C	-17.629736426163568	0.35721978482372774	2.3451898655974718e-08	2.3506913905736528e-08	1.225477350620732e-08	3.966906345136187e-08
YNL238W	-18.345864864030723	0.09490106757478606	1.0834984167358225e-08	1.0825231739830274e-08	9.217835235898916e-09	1.2595731544603254e-08
YMR260C	-11.240317037788325	6.9017572526059805	0.056179793361529735	0.07264035804614959	4.0724828720288364e-10	0.7034570782400383
YPR074C	-11.012068919016153	0.6738777757757427	2.0810159564503733e-05	1.17025253178068e-05	4.204424709573313e-06	2.3275469111478026e-05
YDL089W	-18.27570878885394	0.4162435098670025	1.248082124280718e-08	1.2603787002876307e-08	5.825152564487477e-09	2.2910533078462825e-08
YJL132W	-18.616028346114895	0.8968719077875442	1.2291407716758479e-08	1.2187831092401364e-08	1.8758178775036234e-09	3.550393922480385e-08
YBR093C	-15.59534726020224	2.0727818552689783	1.4663178499377206e-06	3.7976066478243497e-07	4.738609136431304e-09	1.6522006168324101e-06
YJL029C	-17.832411896925755	0.8349676176143573	2.542443169408451e-08	2.5565022510953185e-08	4.5601788707549045e-09	7.121347365655625e-08
YIL048W	-10.86685496937657	0.1953613851979022	1.939631613191409e-05	1.95737037147496e-05	1.4010168883646142e-05	2.6319350286685112e-05
YKL110C	-15.345119078870036	2.360629746624364	3.3125313715563334e-06	1.216200080308257e-06	4.245623221408724e-09	5.7497489816295326e-06
YJL219W	-16.853291118161856	49.725144392206076	0.36557451185662754	0.6643376861441185	9.492930366493498e-31	1.0
YPR083W	-17.797328822541154	0.6064823891799854	2.2391144973581888e-08	2.242465516271982e-08	6.877773700977033e-09	5.0581149216214457e-08
YCR069W	-17.683037457788437	0.3298184522777709	2.215839906984742e-08	2.2062828286362786e-08	1.2147956428308842e-08	3.593502558478398e-08
YML047C	-17.370751295232317	1.919690959062625	1.814952397723235e-07	1.8667559524571265e-07	1.2186733894282078e-09	6.972883793142166e-07
YPR027C	-16.36263580922327	1.429581584466391	2.276013117725348e-07	2.113847178484405e-07	7.438963389486454e-09	8.056522031792629e-07
YDR511W	-17.342223649721696	0.7937133840591498	3.9940875323460736e-08	4.031581348345881e-08	7.967827270296442e-09	1.0849156368121781e-07
YJR141W	-18.222891516162186	0.36728649041774275	1.30103726480812e-08	1.3035269661751338e-08	6.656630064744918e-09	2.2286025394459852e-08
YLL061W	-15.439516742008843	1.0478643521471034	3.395240583957276e-07	3.5592474152540413e-07	3.552049688376537e-08	1.1598817740092672e-06
YML064C	-13.158528852706647	0.968717354516423	3.1362080457717423e-06	3.0586943440214704e-06	3.9442592197192996e-07	9.375286796179019e-06
YLR061W	-12.945864128975652	16.39508460404181	0.21206721772555298	0.26408839965822767	2.3520926239966772e-17	0.9999998272324703
YOR015W	-17.709701490698485	0.37426825489409127	2.180843652212861e-08	2.181947840530645e-08	1.0993535901056961e-08	3.7638389311507276e-08
YDL248W	-17.5345343997405	1.0537261936126114	4.334633918805674e-08	4.174820868291528e-08	4.271721870920055e-09	1.3521935406781235e-07
YLR453C	-18.239727848523167	0.4024426455543608	1.3023261991517717e-08	1.2992004677474073e-08	6.177354749785182e-09	2.3217303852468744e-08
YLR287C-A	-12.25280413451487	13.80359226315397	0.18665007675866177	0.2089802376324459	1.2462060802202789e-15	0.9999847994811916
YJR077C	-12.621624110882246	6.352575996227077	0.02570417981590702	0.04615154685703902	5.270936474144927e-10	0.3277790370219932
YGL084C	-16.087773060696186	3.3253633013482857	2.0887828069851084e-05	7.250275353687273e-07	3.6028829037944035e-10	3.8423753745005944e-06
YBR023C	-10.90906278628331	1.065424127988986	3.23255744897536e-05	3.6795439158499993e-05	6.070277619517559e-06	9.958068112758901e-05
YOR040W	-17.573247522342122	0.7833630203521295	3.1705263440958926e-08	3.1599735480692756e-08	6.416719074650897e-09	8.423483575112281e-08
YER116C	-18.005914234520738	0.3636188588698805	1.603157628057397e-08	1.617436887108451e-08	8.324570816971254e-09	2.7519912667126947e-08
YMR211W	-18.136050099267727	0.20302735626371016	1.3562001922917022e-08	1.3568769773124818e-08	9.515462043400778e-09	1.855730729465023e-08
YJR019C	-13.93444612214166	15.024872248393013	0.17728146607720488	0.29575189589665896	2.211249240946257e-15	0.9999993633558045
YMR199W	-13.281793360242725	14.939522547554377	0.18331426189296343	0.36481706780295103	6.38677827731046e-13	0.9999998574457415
YER018C	-14.363891945505154	0.3164786301209082	6.049569240446664e-07	6.034465359789627e-07	3.416248738159769e-07	9.642590262708725e-07
YDR202C	-16.360564969357206	1.206543836944065	1.6670898155884978e-07	1.645737776466238e-07	1.0803927709351395e-08	5.776718906947939e-07
YBR149W	-13.764441685977497	0.9564119263742124	1.679485074652093e-06	1.722227684845984e-06	2.2125900330277314e-07	5.3134406659130594e-06
YDL238C	-17.900401928455672	0.8265671957001595	2.3532020263181483e-08	2.3574603006136774e-08	4.308306630560588e-09	6.509998607820034e-08
YLL048C	-15.902359372755152	0.17832104102094612	1.2609109541378638e-07	1.261084864424115e-07	9.256026374972815e-08	1.6642144918280995e-07
YML102W	-17.72829764449211	0.6560463141869403	2.505440428258409e-08	2.4714993462033104e-08	6.778092584492687e-09	5.855356125974803e-08
YOR382W	-15.105394099919929	1.448793955051268	8.023576197073182e-07	6.358052598258764e-07	2.4758175799438224e-08	2.46184122588803e-06
YMR257C	-18.27201552688434	0.09075866306865885	1.1642864662370353e-08	1.1650680870775362e-08	9.992255002787028e-09	1.3471078783592223e-08
YMR317W	-18.842984507436036	0.3654444410232883	7.01355745845313e-09	6.993164053615587e-09	3.5872428040582264e-09	1.1923373109394087e-08
YPL104W	-18.416761274093865	0.51037419960478	1.1419033568774197e-08	1.1438336284113296e-08	4.3360210562109154e-09	2.324411491046927e-08
YER021W	-13.965811020815588	0.6055216807435607	1.0346283643733804e-06	1.0063592495400611e-06	3.138128299108857e-07	2.243350772511318e-06
YLR301W	-16.787194220033548	2.8580316888621953	2.902223164635766e-06	5.629298881127589e-06	4.914429865083105e-10	1.1403895744027602e-05
YNL129W	-16.66149954195948	3.1645244968963473	7.858162621427034e-06	6.527420271769019e-07	2.879296607357504e-10	3.3199190701933972e-06
YFL028C	-14.92831470991309	9.126184225521834	0.05611736075100405	0.09242029551874628	6.825634697269484e-13	0.9103770687732703
YPR010C	-9.849078623687953	0.1744967237462187	5.356023963675534e-05	5.332188000311475e-05	3.9554367886955174e-05	6.975760235802041e-05
YHL036W	-16.812006354612954	3.3871504932405103	2.7071379128247953e-05	6.908905929598098e-07	1.7145018923990485e-10	3.655112658709755e-06
YNL259C	-16.105116511845104	0.46320926046713606	1.1354519937733167e-07	1.1281377282994987e-07	4.7284686475672185e-08	2.1704656069728323e-07
YOR111W	-17.358800363604082	1.020536013711217	4.937809992732796e-08	4.852879101245294e-08	5.387529532727318e-09	1.5420945354154964e-07
YNL019C	-17.452689640683225	8.094286359550845	0.015910417406129602	0.03392276284409361	1.340362671431209e-13	0.14909363295652808
YMR083W	-11.44813714354036	6.3135085747521655	0.04176090898700487	0.06661244223602314	3.994743450335712e-09	0.591925956240365
YBR084C-A	-11.925227919761662	28.955242779126134	0.34272124934133064	0.44254715913493053	1.690631649533795e-24	1.0
YIL103W	-14.345128970629	1.7709735881773665	2.939959218775856e-06	2.8251111405400166e-06	3.345795627884405e-08	1.2353193375026597e-05
YGL183C	-17.076965664972654	0.42895843524944216	4.2154549017842896e-08	4.2028939709582445e-08	1.8928689926269965e-08	7.762748019955616e-08
YLR431C	-17.451699612772195	0.6042363197602316	3.1863973850731015e-08	3.16116325086472e-08	9.744003266117243e-09	7.113265910021684e-08
YGR256W	-15.05441843000967	1.74091392265643	1.2875461997095548e-06	8.342568512528595e-07	1.5852380592960906e-08	3.525062426090877e-06
YBR127C	-9.91092525113431	0.8806012918123631	7.425235857208997e-05	8.553262965509019e-05	1.5562715068004572e-05	0.00023809715268761529
YLR044C	-12.9212262279952	4.987648685849456	0.007040425436832854	0.017839514020932614	1.0166193634676097e-08	0.05768776666175113
YFR051C	-14.453489767130074	0.41702988101010785	5.727079282963222e-07	5.718249266439986e-07	2.6465787141824025e-07	1.0380480434938403e-06
YDL176W	-16.831952925415813	1.1606728142272884	9.544759969541001e-08	9.908537086256141e-08	7.298137068725135e-09	3.410917831040457e-07
YLR361C	-18.24557974185968	0.25952035457165634	1.2356695998537649e-08	1.2321902698087173e-08	7.773996000327045e-09	1.8257717113881114e-08
YAL035W	-12.70672836702665	0.7643855460836395	4.056406463144054e-06	2.991357039866046e-06	7.67356425975476e-07	7.005009454351479e-06
YDR110W	-17.205399514635197	0.25794497615968404	3.4954429991496955e-08	3.485519341964993e-08	2.2055366973523053e-08	5.153064084449714e-08
YPR036W-A	-15.310554294374876	26.93567549622952	0.2831765639039991	0.3202627559314576	4.671452131501657e-26	0.9999999999999412
YPL137C	-17.860105113061714	0.4137606154092596	1.9140321255865606e-08	1.9080125116599925e-08	8.868797276880705e-09	3.457462835337454e-08
YGR198W	-18.486342097073198	0.42421142420151986	1.0234352374095007e-08	1.0246080914212393e-08	4.660445308858693e-09	1.8803774984183935e-08
YER039C-A	-17.25608554761215	0.6011383841426441	3.8716238666807627e-08	3.836435379001241e-08	1.1909865144822488e-08	8.597939439699074e-08
YHL009C	-18.248289890580914	0.23814779061191962	1.2266945787781569e-08	1.2221970712266778e-08	8.0273158217191e-09	1.7572576170223932e-08
YNL292W	-15.871254883612844	0.4508650293747857	1.4307353499044542e-07	1.4159167003947034e-07	6.092432195075042e-08	2.6833192455433866e-07
YJL196C	-16.813294467873625	3.4070420648540503	9.8799363687254e-06	2.4234101695746957e-06	1.8269381340916204e-10	9.613857278872444e-06
YHL047C	-18.075677503359607	0.8681401855784006	2.072449541349963e-08	2.053539935093667e-08	3.380891336572721e-09	5.864372439994392e-08
YML100W-A	-17.66623681224241	0.20376122011084002	2.1736738095181496e-08	2.1708546564455977e-08	1.520345927906223e-08	2.9721863425468454e-08
YNR006W	-17.736531107767355	0.8978483504549798	2.9315247681975012e-08	2.948474750566778e-08	4.512867058298991e-09	8.605985965502176e-08
YJL130C	-10.667054891841824	0.013963571957068268	2.3300470218418114e-05	2.329823299510745e-05	2.276688143278437e-05	2.3836610563619005e-05
YMR118C	-17.799064155701622	0.4430437799974371	2.051023336647712e-08	2.0542184788493e-08	8.98368705999571e-09	3.858999056759803e-08
YJR036C	-18.256745416606414	0.22997176795527044	1.2111935581891743e-08	1.2096228656017652e-08	8.067607961849523e-09	1.7192062676163614e-08
YOR018W	-17.530766712407917	0.9495076348576709	3.8151976462556773e-08	3.786958073496999e-08	5.091406113933466e-09	1.1469201955973046e-07
YLR268W	-11.13256139650998	4.979031322614099	0.019330362328463243	0.024382980579983615	1.1337882122344323e-08	0.09751204558094785
YMR310C	-17.65363999176129	0.44807756166506185	2.373898387962136e-08	2.3786073711858078e-08	1.0296841096075589e-08	4.4937088992945816e-08
YHR009C	-13.856374410538544	0.5325904586629644	1.1041008190048593e-06	1.1148977139448769e-06	4.0144068103746216e-07	2.3270485445842565e-06
YKR034W	-14.09950942410155	4.184790618791742	0.001199497652057886	1.6446137639155058e-06	4.136087912619367e-10	8.499996634436216e-06
YMR039C	-15.068194347427331	1.634190476264323	1.0840796639706194e-06	1.0707003753230306e-06	1.9584355423249542e-08	4.35840730511674e-06
YBR129C	-14.441320866641897	2.953690001335811	2.8397163669730688e-05	9.067516973260028e-05	5.860619258008134e-09	0.0002112083126193627
YOL025W	-18.90329427431511	0.3888412767524304	6.646003211192381e-09	6.656632737571977e-09	3.255485645455027e-09	1.1692872143923962e-08
YMR096W	-16.093022164503914	1.136485907058634	1.9255712382708034e-07	1.927334111382744e-07	1.5754524128002122e-08	6.541619510275295e-07
YGR045C	-17.575747685034862	0.5136783552153482	2.6394565151927703e-08	2.6535599731731062e-08	9.991288041488735e-09	5.41012244998181e-08
YLR267W	-17.925742742377174	0.6114424489042294	1.9734589338703543e-08	1.9758602686214452e-08	5.993907656262328e-09	4.476234883883147e-08
YIL163C	-17.7420682228339	0.25057287728352756	2.0275326610859197e-08	2.0331548749302982e-08	1.3047716758944668e-08	2.974256419947534e-08
YKL097C	-17.53335623372636	0.37071531786486545	2.597248119256356e-08	2.6004916918407265e-08	1.3190578833342175e-08	4.466230650268369e-08
YKR095W-A	-16.07691541918843	2.57004399377362	3.835070049158914e-06	3.438412673228339e-06	1.5452245177041557e-09	8.738417635122357e-06
YGR263C	-17.644504017113782	0.541030350776982	2.495910153447929e-08	2.5147201375319877e-08	8.916650372164093e-09	5.287188644098807e-08
YIL041W	-11.665763230114814	4.526170847746635	0.008843916017680354	0.01368283425951524	2.0139659481698218e-08	0.038120499284169246
YOR385W	-17.794770872912473	0.5511129099870636	2.162445694802544e-08	2.1621294257365442e-08	7.519686451672555e-09	4.588954898486925e-08
YDR102C	-17.588145203183508	0.29827642199613674	2.4051032862743475e-08	2.4036645433469615e-08	1.4075933503950059e-08	3.753588581804276e-08
YDR391C	-17.686082537395983	0.40794197727799225	2.2613713591422433e-08	2.2655930268935547e-08	1.0656107688615185e-08	4.0755082489907124e-08
YKL011C	-16.994069965084186	0.48998511538026623	4.7134463469406345e-08	4.694410789788855e-08	1.8585908389121416e-08	9.316944668641367e-08
YIL116W	-16.62247628815107	2.051126069299161	5.101068329354313e-07	4.102335832380605e-07	2.061590670692372e-09	1.6894355061450998e-06
YPR048W	-18.395110593258273	0.1914649320482632	1.0463242298274104e-08	1.0448311791178202e-08	7.48496128968845e-09	1.4056827842391765e-08
YDR217C	-18.849685687245206	0.24088402256165742	6.696886738583674e-09	6.702336994046255e-09	4.37956334923957e-09	9.673985271548719e-09
YNL058C	-17.428629525115817	0.23835423461746763	2.7728513680409946e-08	2.7746826708152017e-08	1.8220585750603853e-08	3.9913736005495184e-08
YHR217C	-17.602194162079236	1.7941322243568731	1.059266593010157e-07	1.1420359627999701e-07	1.1850534305932458e-09	4.3494776767612723e-07
YOR127W	-18.733156410185025	0.15251927435764343	7.409856983049968e-09	7.4018206654242125e-09	5.692904812452103e-09	9.400417972613465e-09
YPL176C	-18.741597465436776	0.39937191698423935	7.871231752253887e-09	7.857045433811196e-09	3.7611160810780064e-09	1.3984952398158935e-08
YOR143C	-17.12246517068065	2.0306110338853007	2.713697904145958e-07	1.7448205019041974e-07	1.2602043431346027e-09	7.667395075581933e-07
YBR018C	-17.03872708032663	0.9470634327491094	6.209156975468594e-08	6.252008544778243e-08	8.386749546723539e-09	1.8941488027439452e-07
YFR012W	-17.55481273773416	0.916390108075683	3.508042158402105e-08	3.5984805128388604e-08	5.256984274369365e-09	1.0654317811560941e-07
YBR212W	-17.49950709449417	0.8314930485106209	3.60767463959824e-08	3.536622575532971e-08	6.389472219930836e-09	9.812214699360789e-08
YDL160C-A	-16.866112225682578	1.4556610564457304	1.342969243503363e-07	1.3808073746635207e-07	4.317354585552429e-09	5.225139684334059e-07
YPR101W	-17.719347501370926	0.3032530829352547	2.1171223703616462e-08	2.1110190196496684e-08	1.223857091566316e-08	3.3190829032235756e-08
YMR203W	-12.083760382328316	10.501327078878758	0.1267876992447616	0.21333090114670034	1.2274317327721681e-11	0.9995212748902635
YLR113W	-12.022435582934984	1.4291619781743654	1.7094772537652528e-05	1.3321619583412758e-05	6.315929286336108e-07	4.6515848724468585e-05
YHR016C	-16.431436427396825	0.9622385007789706	1.1772026141718953e-07	1.1587148013797136e-07	1.4990872083173097e-08	3.548154355717687e-07
YHL037C	-17.57981643347825	0.35976020553426047	2.4599386109135644e-08	2.4729435051310317e-08	1.282095512454146e-08	4.1874056269233485e-08
YGR205W	-16.671185211126563	6.757784277118102	0.008952348109948957	0.017152499215378574	2.1908691635243176e-12	0.030881474685377674
YDR319C	-17.58404979144047	1.3278960760027698	5.653386082985024e-08	5.6398244350205684e-08	2.59834354237814e-09	2.0686307965478136e-07
YJL063C	-16.987927019589684	0.3750390993486982	4.515532728681688e-08	4.492359784037982e-08	2.259689864986505e-08	7.75609824965861e-08
YNL275W	-17.462691685218438	2.467956599209676	6.418350314834098e-07	4.3048354971728575e-07	4.532875519972015e-10	1.6283245664529275e-06
YDR177W	-10.29037987317947	4.8728247487785215	0.02420611538452029	0.031127080942943374	3.3936078983405045e-08	0.15784319590789553
YDR148C	-14.36537058895278	0.5196165350876856	6.564312310464576e-07	6.495651723303965e-07	2.4322771106976004e-07	1.3263618134321757e-06
YGL139W	-15.879804218079649	0.7873740880210918	1.7227009267079285e-07	1.747797580029602e-07	3.488437207467237e-08	4.693096640699289e-07
YDR225W	-10.25426846480054	25.207157330292585	0.34570784993167364	0.409871509516326	6.058996370784944e-22	0.9999999999999967
YCL026C-B	-14.97275673364579	20.47278472258158	0.23591877293257354	4.901031421474987e-07	3.343191145963031e-24	2.1718423416101876e-06
YBL066C	-17.628679961134317	0.16518045144856194	2.2347270529513606e-08	2.2375288306456093e-08	1.682062085704207e-08	2.895587717638102e-08
YHR079C	-17.473074208502062	0.0886625423121976	2.5901429484898955e-08	2.58978812090782e-08	2.2294608365050226e-08	2.984562708724386e-08
YBR302C	-17.272127512719585	2.70869910114355	1.4450261778012823e-06	1.290950653382348e-06	3.6620004308568427e-10	2.7994824552439028e-06
YMR013C	-18.09724684617772	0.5752250847593496	1.6308270993128525e-08	1.630717151528202e-08	5.364451550271458e-09	3.559637465250817e-08
YDL150W	-17.506557104607914	0.2861476045807793	2.5942398682338663e-08	2.5985899858383417e-08	1.557314855182226e-08	3.992303440642309e-08
YDR386W	-17.415163858292495	0.3790785882858203	2.9506126854795587e-08	2.9378357294764807e-08	1.4651330418776872e-08	5.099220341163204e-08
YDR195W	-17.619204936280717	0.7910404514809544	3.0730481877269796e-08	3.041709778167681e-08	6.059102248914802e-09	8.157288402501568e-08
YPL154C	-12.446884644036752	2.2641457516026153	5.238743670303258e-05	0.00010378493889415508	1.7553718074392202e-07	0.00036263056898058846
YNL248C	-12.6868945150572	3.3318453685505514	0.0005171246238730407	2.59703610848558e-06	6.6138653701465924e-09	1.1659768562649205e-05
YFR031C	-17.54012480178148	0.052509739321962484	2.416919334993055e-08	2.4155972263691077e-08	2.2126242690882298e-08	2.6296441919135258e-08
YNR024W	-17.68384363521995	0.15299718624954153	2.116112356116875e-08	2.1138903936047273e-08	1.624438395130879e-08	2.6865751428242382e-08
YBR183W	-15.579736546374031	17.534565678417742	0.18968760924400274	4.508911576443412e-07	6.769643452710582e-22	2.328387566760019e-06
YPL206C	-15.755503081943013	3.148613589822668	1.753803362582138e-05	3.645700276318439e-06	8.052253525601497e-10	1.5731638845376745e-05
YMR169C	-16.762542491812333	21.32999628494866	0.21366974184211676	0.4330427330202926	2.530785612266223e-18	0.9999999999863092
YLR333C	-12.03256873717414	21.15840092185669	0.2838727045666225	0.33771056794751636	3.139783826834962e-20	0.9999999999754727
YIL096C	-16.64827145810063	0.5088791758737568	6.710927499080787e-08	6.688580994976903e-08	2.5459574690480577e-08	1.355905328352092e-07
YDR181C	-18.163036158080054	0.3255848862358194	1.3630731679749393e-08	1.364117143472721e-08	7.569546097424381e-09	2.2093517667715534e-08
YMR002W	-15.648476138235262	1.2139069244489895	3.331200088986914e-07	3.135150492785858e-07	2.1462370932860893e-08	1.1027686461887313e-06
YGR279C	-16.21998729113779	1.1095338935705072	1.6574606249971976e-07	1.658346972329578e-07	1.4532088974094122e-08	5.553200943979345e-07
YJL136W-A	-17.064170230988516	1.6283458787923986	1.442591811319018e-07	1.4709689990689874e-07	2.6658539684694453e-09	5.669503940930627e-07
YKL197C	-18.35508552079495	0.7212167343353526	1.3756652260351981e-08	1.3820602870588686e-08	3.2564913034713224e-09	3.485142468935051e-08
YPL212C	-16.949552873143098	0.8434456356475096	6.3352640236731e-08	6.164818204551338e-08	1.084360528595322e-08	1.7249249577675344e-07
YEL041W	-17.631623362621163	0.6246710656241641	2.675043139615902e-08	2.6686146653698933e-08	7.862318946011253e-09	6.126482391978285e-08
YIL049W	-17.297669733635253	0.8301882428542813	4.367278808178747e-08	4.330362944774932e-08	7.835286772286509e-09	1.201293765569215e-07
YJL206C	-18.617303579573623	0.5898012496135491	9.776511518371359e-09	9.779147844510164e-09	3.113539365328286e-09	2.167510466030942e-08
YJR147W	-18.234183865127257	0.33803501308731526	1.2733209348465736e-08	1.2752296534627252e-08	6.906655139393337e-09	2.0990201334065707e-08
YIL102C	-17.415900550077772	1.9069560526931217	1.581425705343338e-07	1.2123280485122083e-07	1.160824163876948e-09	5.158915196486795e-07
YNL135C	-11.716896162340115	19.19976901655174	0.26948404386405644	0.324246153079417	1.0528541415277906e-18	0.9999999995230564
YEL024W	-12.049429393774469	35.32202282642501	0.3583423817749705	0.4977971283158436	5.605319882784516e-28	1.0
YLR056W	-11.954795007296477	5.096964033716839	0.013410553659172536	0.023371742914461667	8.689755478865734e-09	0.09060281733110466
YDL085C-A	-14.764988039439183	3.502884484716289	0.0001504428559042959	0.00015681563804016056	1.3013722595516064e-09	0.0001637504016908634
YDR484W	-17.513662732676444	1.753920454996038	1.1605535248781138e-07	1.0618292003690155e-07	1.3794152416636377e-09	4.2762830017693375e-07
YML110C	-11.623150471336837	0.72215580583434	1.1685668598497277e-05	1.1214279130226262e-05	2.7684938470051644e-06	2.725240517113249e-05
YFL027C	-18.336012427805095	0.13744445335680056	1.099999357880658e-08	1.0986140006658448e-08	8.679311639630269e-09	1.3641610378507827e-08
YPR095C	-18.18031309282464	0.507312122696741	1.454725036501915e-08	1.4454589007666428e-08	5.5158762645222035e-09	2.9248830330540974e-08
YKL130C	-15.298051956452534	2.2259514247597316	2.5015434376730422e-06	1.7753981147398677e-06	5.8126753119973445e-09	7.69175298556181e-06
YDL082W	-11.77071699610037	21.167035424539534	0.2888997534542434	1.259687990772784e-05	1.504536798015062e-23	1.627990368150995e-05
YLR096W	-17.128317096875385	0.5844061742938026	4.358269977118329e-08	4.321868829476049e-08	1.3924102313628008e-08	9.522819396647628e-08
YGR109C	-17.724835862370078	0.7875663422010933	2.740776832071012e-08	2.727593115336424e-08	5.482992702028683e-09	7.297871889088473e-08
YMR059W	-17.612240943672937	0.33481529581822345	2.380611521656376e-08	2.3734690429746885e-08	1.2932323148072129e-08	3.890988653110644e-08
YMR124W	-18.715900104206362	0.31312001306688886	7.870671202793317e-09	7.816950271665795e-09	4.445060063828884e-09	1.2458922400447572e-08
YDR074W	-10.373797884379153	0.2368268711653139	3.217854699746103e-05	3.327674019078034e-05	2.2027434635957905e-05	4.759323493658486e-05
YER087W	-17.8536850735481	0.6477257004700001	2.1640632450055187e-08	2.1732043445475008e-08	6.068178707449304e-09	5.111254817554212e-08
YGR277C	-17.320880041887854	1.209354263276668	6.362396218696583e-08	6.26331224636127e-08	4.108430015753346e-09	2.200083636251218e-07
YJR045C	-10.233474975874694	2.861339242616962	0.0015001253538584444	0.0027422812716384006	3.7441818094934607e-06	0.008247865229631323
YIL076W	-15.911578154883452	0.47500808786309995	1.368744198045613e-07	1.376998656247719e-07	5.6278702956622356e-08	2.685558375930315e-07
YIL052C	-12.294276039066014	9.970196851643577	0.11373092350653054	0.1370459771131851	8.98849069693918e-13	0.9935144411328746
YOR016C	-12.824852366488765	6.523972970739228	0.02912415946445852	0.04192403275650052	1.6882189890997572e-10	0.2715897072100736
YDR377W	-13.33488577440671	1.256363808772083	3.4101096834039706e-06	3.885424423345395e-06	2.1015407938747608e-07	1.4179884651909917e-05
YOR096W	-13.20461561058705	2.7444522036516834	6.972114544225892e-05	0.00011399585358944906	2.5566122836523778e-08	0.00028614946485825543
YGL151W	-18.05211993879579	0.6013561715832787	1.7262900463515032e-08	1.731816024391907e-08	5.375955581405207e-09	3.8837766832714376e-08
YDR415C	-17.288476547685555	1.6367539361916765	1.1823811061369987e-07	1.0571331107298153e-07	2.079049670039517e-09	4.246384076033859e-07
YHR171W	-18.12077799691992	0.9270353227343721	2.0595900558942635e-08	2.0680116196225384e-08	2.9331127742242825e-09	6.174282389732547e-08
YJR033C	-18.236099180904553	0.2650134389299531	1.246939317641824e-08	1.2459576525520938e-08	7.777453337885062e-09	1.85989352706031e-08
YDR215C	-17.613931692897445	1.0636336136665063	3.847824242589291e-08	3.9291224779680146e-08	3.888380023410721e-09	1.2823539463590814e-07
YJL072C	-14.06957395583681	2.3519383048642584	1.4723351409515601e-05	4.520395336507474e-06	1.5481954573972866e-08	1.951566389800608e-05
YGR252W	-12.129829240949173	0.9438358405657866	8.365664128189677e-06	8.77027786803133e-06	1.2319743628498449e-06	2.5527148327274777e-05
YPR067W	-17.166635236550924	0.8491822640208567	5.0447163125521426e-08	5.01828413316766e-08	8.657249729227366e-09	1.412861800857823e-07
YMR318C	-15.031363462091528	0.4479681334652382	3.299168394263258e-07	3.225678870390177e-07	1.404673488946705e-07	6.066825322313646e-07
YGL050W	-16.874342798598214	1.352035215389597	1.1298115829516794e-07	1.1592035326609555e-07	5.066800905420145e-09	4.3022943863944575e-07
YBL082C	-17.677026799058645	0.3591007104381199	2.2464773597934408e-08	2.244023977902293e-08	1.1652620693139766e-08	3.7975716623521815e-08
YGL243W	-18.18449622333805	0.335690072452579	1.3354719297108436e-08	1.3395108502750415e-08	7.286579252072704e-09	2.198654520742087e-08
YHR167W	-16.87472054617769	0.9294509355024502	7.141348618292992e-08	7.25619335735643e-08	1.0171925164296371e-08	2.174395050399943e-07
YLR172C	-13.426216519140278	1.510701092926501	4.707186933082713e-06	2.2641607396706263e-06	1.1003525614485277e-07	8.212142905339294e-06
YNL277W	-13.676840335240692	0.8006125576966453	1.5794176592053761e-06	1.5484165293024636e-06	3.0701105154759245e-07	4.152113984268756e-06
YIL011W	-16.920216193354413	2.1518928997990456	4.565291792085754e-07	2.8945953041683676e-07	1.2745612275458115e-09	1.2523662739591414e-06
YDR033W	-12.2337181396369	9.142036537449934	0.09505872074037047	0.15121177093963106	2.7095033208697223e-11	0.9916696516846827
YKL146W	-17.377791861531428	2.681067529922846	9.190807439289157e-07	4.664179951645597e-07	3.448013157440547e-10	2.142931414560558e-06
YPL004C	-12.205222862147773	3.24288667989422	0.0004757209655476908	0.0011688363106955439	5.891767490504959e-08	0.002487900359425337
YOR305W	-16.53208547585468	0.8962439552394116	9.730767506322526e-08	9.830849795108202e-08	1.5111510311323875e-08	2.866605870096726e-07
YKL113C	-12.141811939852184	3.7835408928920393	0.0021913990148091267	0.0037959436659163776	3.722392717665427e-08	0.007656013644385934
YFR020W	-17.74974371771618	0.19860607739428765	1.9891497393581666e-08	1.993468802885797e-08	1.4100165797872785e-08	2.708420813049078e-08
YKL100C	-18.029597272391534	1.0052439424539719	2.394743218464995e-08	2.441209760829974e-08	2.824889969411777e-09	7.689442904807728e-08
YIR020W-A	-17.36578152351371	0.5445715215314586	3.293339497935665e-08	3.322874079766595e-08	1.1704117229779142e-08	7.00913545182829e-08
YBL079W	-15.577539267987001	0.18400692950580352	1.7508793453137215e-07	1.7374942393245106e-07	1.2640718077643865e-07	2.309561701675281e-07
YGL209W	-16.80894988122686	0.6117042649228365	6.119884671576903e-08	6.033880998543202e-08	1.8303738243454748e-08	1.3667572414278046e-07
YHR199C-A	-16.695936033961466	1.5311307459427597	1.8660417149512777e-07	1.6925342991144804e-07	4.487626394855387e-09	6.631384370365365e-07
YGL034C	-17.182840327027357	0.3972200898588681	3.7534374087186746e-08	3.7303395528798517e-08	1.7928236556007222e-08	6.623458596215439e-08
YLR455W	-17.34921339700754	0.35431649029647244	3.127508002902568e-08	3.108483526856572e-08	1.6291563766947545e-08	5.226481919753882e-08
YBL008W-A	-17.424144968966125	0.38880624577403006	2.9305948520166676e-08	2.921741062064147e-08	1.4289834114819413e-08	5.1351455821400285e-08
YDR517W	-16.884727404533756	0.7335691604055794	6.108490675565964e-08	6.087378736833813e-08	1.3899365532565983e-08	1.5546293289632752e-07
YHR038W	-17.24425862721268	1.7220814837633625	1.4024500802045005e-07	1.4250031504236463e-07	1.908360138485165e-09	5.525396325341058e-07
YPL156C	-17.45444398625927	0.18260847573678182	2.6739214109981356e-08	2.6718697216311514e-08	1.9455798890755455e-08	3.547804561404705e-08
YPL041C	-16.809618270134656	0.3819382674718539	5.400049956963599e-08	5.385970079585743e-08	2.6702614659620926e-08	9.381372811562292e-08
YLR120C	-17.939793350983514	0.47221224467329753	1.7965631465842063e-08	1.807960575359806e-08	7.433111052505145e-09	3.514524082537122e-08
YGL010W	-17.390449283987387	0.5437128732625369	3.217402165005993e-08	3.2449256255482326e-08	1.1445059373723354e-08	6.840629155059363e-08
YML058W	-14.08725482053064	8.044642013856711	0.044283772195167104	0.054429111327890904	2.4037144626277116e-12	0.49243792828681315
YLR397C	-15.647674698096077	0.24862085584828228	1.6545758368493524e-07	1.6500836872733174e-07	1.0629526264485456e-07	2.407520854004558e-07
YPL012W	-13.152287614001532	0.13584491484309397	1.9590404421571997e-06	1.9489840305281104e-06	1.5456025964873647e-06	2.4123325264573895e-06
YNL215W	-17.613362954224563	0.16267928170523308	2.2697988155398417e-08	2.271533934827839e-08	1.7150732944306138e-08	2.9289942076835236e-08
YPL068C	-17.55539348266843	0.3135040672721091	2.508310764500417e-08	2.4948173562276993e-08	1.417766194151589e-08	3.976844338381932e-08
YNL179C	-17.736879571800223	0.43766396406015584	2.168644442586138e-08	2.1787213459326042e-08	9.63829514571276e-09	4.0647089808409805e-08
YNL128W	-17.695056588382563	1.1804819408797538	4.058967254228804e-08	4.0623137163167695e-08	2.952287944516202e-09	1.4080732537571948e-07
YPR016C	-11.336255798983027	17.081993483114495	0.2642205005839683	0.35378264069860244	4.2684615922410666e-16	0.9999999961954709
YOR244W	-12.099194303072133	3.5190257655030774	0.001268585101495345	0.002560994171748696	7.041540829725152e-08	0.0054796790229468964
YJR023C	-17.30167917743615	0.690917167084115	3.8873508188199415e-08	3.888768429348251e-08	9.826201494971762e-09	9.540402553495459e-08
YML041C	-15.896113172632747	15.473216303328416	0.15307584643232236	0.24585228514364751	3.443641227749171e-17	0.9999975002748406
YPL009C	-18.356174826324555	0.1625793519745716	1.0832903779258856e-08	1.0807987469619118e-08	8.161219347296316e-09	1.3936736375799906e-08
YGR238C	-18.73363288296327	0.3811501092549051	7.814013390505357e-09	7.862204888279756e-09	3.9041678085395276e-09	1.3680910085227608e-08
YNR003C	-11.871861108324945	2.851822502038209	0.00034590562691838377	0.0005970492570052247	1.366984813652424e-07	0.001527615649988305
YOR179C	-17.838185760651818	0.5378631971318575	2.064774673768067e-08	2.0679884638661972e-08	7.3850193673008796e-09	4.333606633228186e-08
YPL247C	-16.38177914676357	2.1482603805004916	7.807635560846177e-07	5.242493638999117e-07	2.219677581583734e-09	2.2934076270070255e-06
YGR015C	-17.929430468350752	0.2634411905667405	1.69113696149793e-08	1.691970096140277e-08	1.0596078211537306e-08	2.519801447459729e-08
YGL215W	-16.116865691576955	0.5449452363116611	1.160535509121798e-07	1.161537335158834e-07	4.0853174861520676e-08	2.451679453348112e-07
YER174C	-16.819221536476967	2.3036551491741046	9.157875710624795e-07	5.709989297860007e-07	1.1214397680002334e-09	2.18590854276965e-06
YLL060C	-17.529113097342766	0.2343405805117125	2.5083781735226327e-08	2.506597727455615e-08	1.6581635794990964e-08	3.584699192772359e-08
YKL125W	-12.948229261063668	0.5545529965046126	2.780956529479415e-06	2.7723256906268484e-06	9.586037006809881e-07	5.890163655827187e-06
YNR074C	-17.78718058368481	1.0701900979743895	3.458805964155999e-08	3.3476431533623434e-08	3.2402825552149505e-09	1.0975189677938724e-07
YOL038C-A	-17.147389363840325	0.7518700422654462	4.7757153697419176e-08	4.740383960862109e-08	1.0371658451382743e-08	1.2306047183805062e-07
YDR376W	-17.302706381066805	4.630136927752632	0.00024203720302990922	4.788407725615042e-07	1.0868944951682631e-11	2.665533911404762e-06
YML035C	-11.722651261655253	0.08458480883926174	8.134307500840387e-06	8.133491239067246e-06	7.052925797149946e-06	9.312077797736467e-06
YCL025C	-14.041432943552488	1.136978071153892	1.5141794606178966e-06	1.3403834297362747e-06	1.2114515287432523e-07	4.484528174200256e-06
YOR373W	-18.558929397572633	0.23254055015214806	8.910025570919767e-09	8.947553428405468e-09	5.9406317589697564e-09	1.2762169328107013e-08
YLR200W	-14.674402871744812	1.2738004728308852	9.624412700971374e-07	1.000432746238352e-06	5.254445102909976e-08	3.630810886276313e-06
YBR244W	-15.8175117173168	3.4939521323016276	4.574878714543136e-05	7.640792201566535e-07	3.2770995900409277e-10	3.954633446807257e-06
YJR042W	-18.439895157666747	0.19044145720095293	9.979362873629884e-09	9.989180020971739e-09	7.171402458283721e-09	1.3414488642423442e-08
YLR127C	-18.60866756983973	0.43042776641403313	9.071733184110305e-09	9.081724834261214e-09	4.079078543342629e-09	1.6797988342851784e-08
YDR086C	-11.597019031870284	9.525715223650991	0.12104112463814741	0.13189394726715112	2.689857320424562e-12	0.9905445703664085
YML056C	-11.841911577744165	0.7562187946814475	9.54141434921125e-06	1.0313905434255586e-05	2.2741561016035627e-06	2.595199203980588e-05
YGR148C	-12.4406311688444	33.90805664131426	0.3526632622388284	0.4484159148930626	2.3777603502532084e-28	1.0
YCL001W	-13.887482161161595	4.991394835264949	0.004699760484053165	1.197873218423039e-05	1.4690022178735504e-10	3.8166546424843856e-05
YKR085C	-14.530399212898326	0.30728059218444864	5.158398562004074e-07	5.122180664571146e-07	2.948354099859173e-07	8.094578371527676e-07
YOR323C	-12.888218665838346	8.665043991996372	0.07347187584585345	0.13698521108214107	9.093047772842404e-11	0.979392013886983
YLL056C	-18.123790394159137	0.9152312898195878	2.072831944670517e-08	2.0376371560141964e-08	2.9816831171771475e-09	6.028843499616045e-08
YNL093W	-17.62712990023369	0.5087984805814937	2.5065515056075303e-08	2.5133119891927648e-08	9.567446359374601e-09	5.094001913668347e-08
YDR362C	-18.32124999700404	0.9150156326431985	1.6666511332014726e-08	1.6795079976625178e-08	2.4518616866352924e-09	4.975863515900691e-08
YOL007C	-17.76820997136469	0.28005901569948277	1.994940806335974e-08	1.9969906234328283e-08	1.2108656093850892e-08	3.04259186900345e-08
YLR332W	-17.311520854830583	0.7036793363071946	3.8831684672762184e-08	3.87840857747241e-08	9.517112062001251e-09	9.625687622294532e-08
YPR116W	-18.006970049574143	0.720038608506041	1.9786343727606264e-08	1.9596071922846904e-08	4.621436829015996e-09	4.938177890444958e-08
YBL109W	-17.254286995034768	2.1859402019865093	3.6932964305932377e-07	3.5635596582570897e-07	8.80896462548222e-10	1.1782285910685369e-06
YIR022W	-13.767889540170424	1.7904582260291315	5.373453128974685e-06	2.2234010918836587e-06	4.94649968898572e-08	8.992372995345695e-06
YPR068C	-18.067147872520714	0.6057860810689041	1.685286037427246e-08	1.7104119535515266e-08	5.252226115368556e-09	3.853801539672436e-08
YHR113W	-14.257136125489476	0.6931297167870597	8.221994292650067e-07	8.237565005302663e-07	2.062900287133364e-07	2.0287485536966774e-06
YOR291W	-16.344088750521173	0.42654276500903926	8.746721163069088e-08	8.735004753325857e-08	3.952157817137843e-08	1.6079690251742148e-07
YOR130C	-16.58011194482328	8.385921299477282	0.02684509118904096	0.04995773573373466	2.70408816821991e-13	0.40525865475495854
YOL166W-A	-17.411909594426966	0.89529503669682	4.111959761586078e-08	4.094152313338932e-08	6.287903366071799e-09	1.1942064079433912e-07
YKR092C	-16.62656806816171	0.4522119009535129	6.687082668840853e-08	6.650456374593703e-08	2.8542037356324943e-08	1.2617574275813503e-07
YGR120C	-16.712574532802087	2.8600621886399527	2.3664858478094934e-06	6.998381428944413e-07	4.772212658893751e-10	3.3014931059852983e-06
YJL068C	-17.33404504297591	0.9349440164050623	4.610859296468108e-08	4.602880156328401e-08	6.367908466428224e-09	1.3840199928600456e-07
YMR259C	-18.724282593750964	0.48351394830264954	8.252446725931734e-09	8.280976920251541e-09	3.32700520663115e-09	1.6301411622023727e-08
YPR198W	-17.002074034412495	2.702634371029906	1.7793772022423234e-06	8.110779903678728e-07	4.887537523513752e-10	3.5072980545683826e-06
YPR012W	-17.672341591322898	0.4001655614573102	2.3019365762276746e-08	2.2885312227681758e-08	1.0935624519278695e-08	4.076817238142353e-08
YDL156W	-14.285293568050244	1.3433031271893225	1.516058368010405e-06	1.8025926297845678e-06	7.161297296074967e-08	7.047665236285648e-06
YBL086C	-17.344658448627293	1.7497948504017293	1.2521573722806886e-07	1.3426790146779187e-07	1.649145016321588e-09	5.26029409377233e-07
YDL170W	-16.805425352177686	0.5485948563670553	5.877576000207665e-08	5.848571773641316e-08	2.0397684769377976e-08	1.2399725427671504e-07
YGR096W	-17.253887884545243	3.7864236092894745	3.6838495096759903e-05	2.6660986388415295e-06	6.258233552627824e-11	1.0028533275952544e-05
YDL063C	-18.02106103568162	0.24988326207341835	1.5427128219219063e-08	1.5386002047824907e-08	9.886356714331823e-09	2.2494118457239387e-08
YBR034C	-10.74381473878834	0.4698144358774168	2.4094213231748644e-05	2.567199001074779e-05	1.0732570273866002e-05	4.9333461706520574e-05
YHL025W	-17.567005465237294	0.10838503716763592	2.3644844203516885e-08	2.3620487287997954e-08	1.9644499600372957e-08	2.8060880358660445e-08
YPR086W	-11.081526870309014	1.5529849060793888	5.17362923428764e-05	7.404062557167743e-05	1.9328322625809785e-06	0.0002762498464120565
YOR353C	-18.46648042633837	0.591953518733332	1.134222144642901e-08	1.1381445567263493e-08	3.607600554943628e-09	2.5269059100479996e-08
YJR140C	-17.82268173587449	0.16706271939665499	1.844710759117286e-08	1.843977438038451e-08	1.3815233293021737e-08	2.393630440637305e-08
YIL097W	-18.109731935976875	0.3623098649530757	1.4536852376338087e-08	1.4573502716061161e-08	7.519856301141433e-09	2.4767213463937327e-08
YHR036W	-17.59235969301603	0.222027662064251	2.3442317074211386e-08	2.3467547781478143e-08	1.5889817681832115e-08	3.2987665942013445e-08
YML061C	-16.894174993526526	0.3788986086250581	4.95398015277539e-08	4.941022095773634e-08	2.4660672331439426e-08	8.57257219344372e-08
YNL044W	-11.673103241825581	6.471386190364654	0.041713622243105056	0.054081932577939126	5.426510193944481e-10	0.4502941103030597
YER173W	-18.384628340449986	0.5883098516074223	1.2429133833898564e-08	1.2318825580654677e-08	3.935143244416522e-09	2.726066711138194e-08
YGR132C	-10.8312429775769	5.610180209963279	0.03120171759788312	0.047693273129041654	1.012773620754754e-08	0.34273854576456886
YGR047C	-14.395866260682803	0.3449314905345881	5.889785277387322e-07	5.892282469836072e-07	3.156013129806417e-07	9.768290761209429e-07
YML122C	-17.70223943527612	0.26166257986178787	2.125405841595769e-08	2.1223907686957215e-08	1.3332198274612525e-08	3.153295918220035e-08
YKR070W	-16.147712793194792	2.281398884988048	1.4528661887248604e-06	3.925663975184208e-07	2.078128630193596e-09	1.8273758418615649e-06
YJR058C	-13.82903114546293	17.163105943363014	0.2094528947094712	0.26982364708292084	4.12520443263607e-18	0.9999999231227928
YAR050W	-18.05066731909114	0.3954307287149619	1.561225609688287e-08	1.5659248668065087e-08	7.55439112957459e-09	2.7745342815825025e-08
YBR009C	-10.415017132699129	12.323588880588439	0.20024287233686525	0.23210535532518164	1.3927875613231788e-13	0.999977116625694
YJR155W	-16.29199839580628	1.9727580846646837	5.572935967867869e-07	4.626584545839048e-07	3.243588383475754e-09	1.937306219544083e-06
YNL039W	-17.64097231230057	0.29085385754915166	2.279299145054187e-08	2.2753967431732914e-08	1.3515663090250252e-08	3.518914867435688e-08
YKR051W	-16.701393414515174	4.009495408424661	5.091524986927398e-05	5.103662460209995e-06	7.724496798268703e-11	2.0554500531393283e-05
YJL010C	-12.557633697627304	1.0631369961904749	6.2474820193073925e-06	6.0949213114488595e-06	6.540313295972199e-07	1.8922168446325545e-05
YMR110C	-17.490214899797998	0.48423467872984627	2.8540156515653332e-08	2.851066914385539e-08	1.1432978971248748e-08	5.619483689269674e-08
YGR089W	-18.181164283833773	0.2561696554481278	1.3134706948338695e-08	1.3130936994985821e-08	8.33706767226377e-09	1.936546881412867e-08
YNL255C	-10.90703754330111	10.473855289057802	0.14821848744609772	0.19091503778806976	2.8200910461324703e-12	0.9994061158802249
YHR185C	-14.92019021351093	18.548865194875646	0.20720420147080687	0.31198522166316334	8.296961546434803e-19	0.9999999940863624
YGL208W	-17.204241548280102	0.596337335775326	4.061054791760964e-08	4.0165190372270216e-08	1.2631100425237154e-08	8.950124479054192e-08
YGL029W	-15.825087687896437	4.638769962591098	0.0012064293185061513	0.0010898756230940318	7.660195243142303e-11	0.0005423788234552939
YKL126W	-10.987857467139245	1.7328264798796376	7.976974221086052e-05	1.3449999231270783e-05	7.961458214285443e-07	4.185941389455952e-05
YMR093W	-12.963657538065442	0.9484277320942099	3.7301118602673544e-06	3.1640306598240123e-06	4.78493576748457e-07	9.089255477097692e-06
YMR171C	-17.19204426882147	0.717706958464279	4.430332582251475e-08	4.42764739926054e-08	1.0492063267996289e-08	1.1138273887761064e-07
YGL045W	-17.76874655519436	0.3857865511831233	2.0630936209955957e-08	2.0674014441543146e-08	1.0168520997045085e-08	3.61800226231785e-08
YER154W	-13.826997427263402	1.1468930896262257	1.8699433816361306e-06	1.324244358936545e-06	1.3747125940024296e-07	4.198202068181527e-06
YHR091C	-18.579983900178327	0.406222695114685	9.244414142372272e-09	9.260399307731525e-09	4.3712981359699355e-09	1.662410598812169e-08
YLR026C	-15.413141753983789	0.4338699647814938	2.2265452882677058e-07	2.2230385694698332e-07	9.906032761484437e-08	4.128688949262259e-07
YNL273W	-18.38771340765465	0.31209852540964617	1.0845310930478393e-08	1.0851339260151166e-08	6.182124742428155e-09	1.726952531564974e-08
YKL084W	-17.305848426528378	0.6992268570969915	3.9139715874418684e-08	3.884549193614392e-08	9.641678107641572e-09	9.599192225381813e-08
YGL244W	-11.829997594425501	4.252541446132137	0.005979596110972337	0.011269868530727607	8.737268826943496e-08	0.03169676832900353
YOL045W	-16.394309724019827	0.23201438153795073	7.772638701828915e-08	7.795037966521748e-08	5.1795363670831143e-08	1.1112008041269052e-07
YPL140C	-17.379982226725538	0.3616559947702891	3.0331335601625446e-08	3.023161728628227e-08	1.5617191446426255e-08	5.132586572225949e-08
YCL066W	-16.870120849570363	4.112880639650246	0.00015364875825199222	0.00012624556136030306	5.579491323357462e-11	5.2508128225301165e-05
YOR224C	-11.183717862638284	25.970088014910143	0.3394939327294757	0.4132250159415011	1.2244038037056625e-22	0.9999999999999984
YDL135C	-12.447717230120313	2.2814330302299513	5.051118927370049e-05	7.697747418113879e-05	1.2064119818038163e-07	0.00025943057914260855
YDR002W	-13.246667203952663	14.964853652035648	0.19500884729392073	1.5238795464938003e-05	1.0153502322105528e-18	2.4603689233683183e-05
YPR075C	-17.155224041279276	0.18174105795861065	3.604438227518049e-08	3.6032655512330646e-08	2.62796103521614e-08	4.7784844138918423e-08
YDR309C	-17.07170142792615	0.8782971909054097	5.609226760440105e-08	5.678635756523009e-08	9.086562769973847e-09	1.6365120395125562e-07
YDL108W	-11.507442243871035	2.5996022893296553	0.00025281429558863367	6.434339086187633e-06	7.393037435903818e-08	2.510820603992649e-05
YMR232W	-17.908612782711266	0.48982319659064705	1.879090193299591e-08	1.8804959866779875e-08	7.449355237637167e-09	3.732304593518471e-08
YFR004W	-10.40377028175221	4.222271072863557	0.012214600664992172	0.01708081957386695	1.2734307934432236e-07	0.05976958205941678
YKL114C	-15.451792469038034	0.9610166792071562	3.069839447042009e-07	2.920805091937632e-07	3.939817224889648e-08	8.828106003654243e-07
YJL050W	-12.278083138947247	0.020879185764896762	4.653837070983915e-06	4.6535120642453144e-06	4.4953520909343e-06	4.814993586528102e-06
YDR532C	-17.539632004224536	0.37732758998970917	2.5757162574624484e-08	2.5885182060754247e-08	1.2966116686959907e-08	4.4813656403501664e-08
YPL111W	-15.371216535911069	3.653121258210285	7.7167603299431e-05	6.314201198092001e-06	4.975175132748846e-10	2.59242613364445e-05
YDR212W	-9.758009353449731	1.206506061935139	0.0001227492254668039	0.00015116272837170712	1.364532121976457e-05	0.0005052547314812941
YER025W	-10.551110525179817	2.018145876912195	0.00019791484438181828	0.00032614538862120744	3.1453939014787483e-06	0.0011883370614331303
YBR109W-A	-17.09071979496452	1.903666829671637	2.272308047031352e-07	1.443465202714793e-07	1.5912623530599852e-09	6.251986313381205e-07
YGL144C	-16.706425026722123	0.9180016652576292	8.528635138671328e-08	8.563302512746581e-08	1.2301221298514562e-08	2.5471397490375424e-07
YNL138W-A	-14.998669904650294	2.231960582865617	3.733701118653795e-06	9.747555352452306e-07	6.8764168958564095e-09	4.398092131353212e-06
YIL019W	-17.493852214881322	0.09836795536324318	2.5406492664785375e-08	2.5386775794004653e-08	2.149030292000632e-08	2.969765189946986e-08
YER076C	-17.667665243142388	0.3413506932101518	2.249715799783058e-08	2.2474841393910717e-08	1.2097494669728946e-08	3.714857694962336e-08
YDR019C	-16.733460251817583	0.9271761804459232	8.305623959566702e-08	8.195362118676441e-08	1.1706951186381399e-08	2.440013301942052e-07
YGR108W	-16.660429347969462	2.5064639013388104	1.1946155087023293e-06	4.6861739422513055e-07	9.081875842677367e-10	2.2363730771264438e-06
YHR213W-A	-17.48447448398742	0.34661420842384577	2.6996343398987282e-08	2.7082901699348756e-08	1.4420102957146715e-08	4.5103478614574546e-08
YBR182C-A	-17.64123273826494	0.33673050226452556	2.3027946576675554e-08	2.306362650094767e-08	1.2523220266400175e-08	3.789674166564039e-08
YIL105C	-10.536096707765816	7.837690135864306	0.09216090179925598	0.17541107206184536	1.4953124557717445e-07	0.9895577496439628
YIL042C	-16.76955503467702	1.7234762462618973	2.5631833153937876e-07	2.2323741261355103e-07	3.060730349012465e-09	8.853732563612668e-07
YMR064W	-18.58296509237784	0.19931798097559722	8.68050190130965e-09	8.672006144260211e-09	6.123358959621304e-09	1.1797088860730272e-08
YMR237W	-13.944411385245028	0.26843165649917045	9.124236990002691e-07	9.127873478493e-07	5.659931308686498e-07	1.3694051964550955e-06
YBR067C	-16.5994834556413	1.0410980923768287	1.0566263039089393e-07	1.0224265378238068e-07	1.1036604495700199e-08	3.2746183618109415e-07
YER064C	-18.01750066945619	0.264528277623104	1.5469979789003887e-08	1.549888945644798e-08	9.685457490969306e-09	2.3124779988962482e-08
YLL019C	-12.286625486690307	0.8020394174586788	6.290167709828624e-06	5.684835250680869e-06	1.2474581238276072e-06	1.4089382590240801e-05
YNR047W	-16.72412178807003	0.18576063917655622	5.5483122131144424e-08	5.5504530341078074e-08	4.018823746375076e-08	7.404800737076713e-08
YJL024C	-13.768277267162327	4.247873938455198	0.0014618466882816215	1.090680048797767e-05	6.570086513016889e-10	3.8204570804309135e-05
YEL015W	-15.19910479962068	2.1448080772881073	2.4447061265688174e-06	1.6651340736393817e-06	7.461496785187908e-09	7.80916581802739e-06
YGR032W	-11.71298413245763	0.15906322101441034	8.306391519641135e-06	8.243294530788526e-06	6.289179217899772e-06	1.0527471617202893e-05
YLR116W	-17.747279684023802	0.567555773351215	2.2876541672728836e-08	2.302255660575049e-08	7.701913991128207e-09	4.983347863702533e-08
YMR095C	-17.33207412665883	0.8660582221191585	4.256870686925942e-08	4.3142406797560566e-08	7.136131652499588e-09	1.2310712988238539e-07
YKR055W	-17.10857286258119	5.088877549007401	0.0006198856259793667	5.963488172090057e-07	5.583665075200329e-12	3.2460911195873803e-06
YJL008C	-11.185281392704335	4.328863208241293	0.008578598241058704	0.01680422947039276	2.2822866440210859e-07	0.05863183106730125
YOR267C	-17.40447082542682	0.6793523660988	3.515332612765262e-08	3.4631574837555514e-08	9.01698782874647e-09	8.391320706607128e-08
YLR404W	-16.864674272562247	4.450931143842469	0.00041689980074702113	0.0005588022882176536	4.256268045756446e-11	0.0003385803390076172
YOR226C	-14.14526842304708	9.997940526441347	0.08163416570867149	0.11010344802661114	1.638790580226587e-13	0.975321698365864
YAL030W	-12.301770236045693	4.925793745353741	0.009975797962832735	0.011922002988500088	2.0885892861833474e-09	0.023885069027211017
YLR394W	-17.854895475790677	0.3882212826627375	1.8891079802677904e-08	1.8989107756692933e-08	9.297635542682647e-09	3.3347424885560847e-08
YPL133C	-17.80228870020887	0.4025305889140413	2.011789678213305e-08	2.013035392005846e-08	9.571870105213372e-09	3.598584361669703e-08
YPR190C	-16.096609731121994	0.5592514672418044	1.191053311744531e-07	1.1924474371485446e-07	4.0646692741206154e-08	2.556782921292718e-07
YGL136C	-16.361694644431687	0.5830709630484309	9.274652628702333e-08	9.297483749384868e-08	3.0037305606623603e-08	2.0471832865468115e-07
YPL242C	-18.276066345068962	0.15111057287932397	1.1720235392891207e-08	1.1689635399323383e-08	9.012639269698234e-09	1.4816938276337719e-08
YGL226C-A	-17.097504693659126	1.5113290678597555	1.1880735574405949e-07	1.1281725332784477e-07	3.1106812212396574e-09	4.3720604230754604e-07
YHL043W	-17.82292303896333	0.556479599131529	2.1350662022049057e-08	2.116045527604678e-08	7.265758486096917e-09	4.520825280365862e-08
YDL205C	-13.86940451062487	1.645516467984423	3.6310163504079106e-06	5.7974594962259185e-06	7.082895900867911e-08	2.4098488915365908e-05
YLR178C	-17.05532228888928	2.531543439557698	9.18007148621343e-07	2.90267842548833e-07	5.728572901200636e-10	1.3507382713677642e-06
YEL046C	-12.265420220320218	3.4393631349436133	0.0008835329426630482	0.0018301174424300128	5.082758652763786e-08	0.003763521359188518
YDR067C	-16.00537276930931	5.242037139883042	0.0016095941607977339	7.196535177242268e-07	1.0557112447777943e-11	3.9223364812379944e-06
YOR317W	-16.176904346205397	0.23679387751894118	9.71041317970727e-08	9.696423241025975e-08	6.384542945029062e-08	1.3914269162022072e-07
YGL026C	-10.96327091236976	27.59178070457202	0.3449081776468705	0.6414777448155483	1.5220908641963729e-12	1.0
YGL059W	-11.347794185873633	0.6087932184036758	1.4254831182415726e-05	1.4458943995181809e-05	4.593850412495165e-06	3.1519894468289896e-05
YPL225W	-11.996649485191435	6.1364292090224195	0.030717574157148934	0.0388074933274345	5.267833309731766e-10	0.23053846743633688
YGL068W	-13.743035448068392	5.536191220277131	0.008490537974730263	0.013744822817201305	2.3796733767094146e-10	0.026375822644500693
YNL095C	-18.248113727656296	0.3781924609271403	1.277760829048582e-08	1.2761640066202642e-08	6.3753166691974864e-09	2.2123935788047865e-08
YBR155W	-16.34989019177096	0.5169357056718523	9.000132243761621e-08	9.030599421425446e-08	3.380312281014211e-08	1.84551043632519e-07
YDL220C	-18.733780435367358	0.5424959050838624	8.498356048762529e-09	8.454389465886788e-09	2.990267160486246e-09	1.7801231607582e-08
YIL095W	-18.150885328363934	0.3320076282843302	1.3856646945568743e-08	1.3839362133991662e-08	7.58550917628187e-09	2.2600905723312136e-08
YOR033C	-18.13041923307987	0.24281667788987607	1.3807998076750782e-08	1.3770393477204883e-08	8.965839822879266e-09	1.993090213165051e-08
YMR082C	-17.534891682437724	0.6674026342342042	2.9956893324035594e-08	3.014484891407242e-08	8.063249630802055e-09	7.215034474950926e-08
YHR114W	-17.204215968341437	0.6933217915801408	4.2474267229577596e-08	4.2969316823959373e-08	1.0789356360968888e-08	1.0570465381949543e-07
YNL210W	-18.010888726211256	0.3305477537761716	1.5838165014206125e-08	1.59085217797739e-08	8.741736493081701e-09	2.593484612916362e-08
YBL089W	-17.603554410387865	1.035069360633031	3.821614432847555e-08	3.844311199599365e-08	4.118144905193128e-09	1.232336651556982e-07
YOR209C	-15.935166237472865	0.8376474329676532	1.7230227969559617e-07	1.6758958687523754e-07	3.006908092393495e-08	4.6554703471676174e-07
YMR213W	-18.44799127123492	0.2911720165752494	1.014611792460431e-08	1.0150570008454978e-08	6.0245392790313815e-09	1.570181416857098e-08
YEL038W	-17.376467925489983	0.47116755735910354	3.177459714223585e-08	3.169179948166895e-08	1.3068909746656898e-08	6.148762774886682e-08
YOR380W	-15.953952979755691	1.5692058011294276	3.938158424160678e-07	3.764217270385853e-07	8.895219854357828e-09	1.5109100225224437e-06
YJL077C	-17.739654880476287	0.3674059559103349	2.117137578047181e-08	2.1113296893530447e-08	1.0784019644356424e-08	3.609725951223181e-08
YGR079W	-17.702053349225885	0.46983786137424566	2.322829102636202e-08	2.2903816192138742e-08	9.464936364994006e-09	4.4403896678003074e-08
YGR254W	-12.257314193310728	4.719340180148692	0.007310581081307043	0.014984762867149183	1.4170226622075164e-08	0.043540327408060096
YAR015W	-12.481565331393492	2.2190547585135096	3.955859501740361e-05	1.261420743400454e-05	9.385230474641294e-08	5.0167013025832294e-05
YBR164C	-9.870947355281666	2.948652418978854	0.0025488353556660653	0.0030441107198498313	7.464064081596726e-07	0.008484349932189413
YJL198W	-15.499689672150405	0.8537096782371669	2.615939529457454e-07	2.665741841586769e-07	4.55079909686e-08	7.527997880290056e-07
YDR016C	-15.392323166562116	1.880625163973473	1.1094274567275606e-06	1.356529992177876e-06	9.482217854542857e-09	5.07881913772615e-06
YIL014C-A	-17.566020635881564	0.430315992494095	2.5834602692444708e-08	2.578045335762351e-08	1.1573315788344326e-08	4.7675188667750505e-08
YMR179W	-18.62158340847686	0.3337908119320419	8.661585164526095e-09	8.648285198423424e-09	4.723775570648658e-09	1.4157185869299251e-08
YOR388C	-14.563610005382495	14.631038741515303	0.1523092817460509	0.28293310296617274	2.9496302332265422e-15	0.9999982393923292
YGL007W	-16.473409279359608	0.5994786604201696	8.419533425698421e-08	8.369775630602412e-08	2.609690944253118e-08	1.871930497654059e-07
YIR033W	-17.920188793538678	0.5851043593399454	1.9504358440857477e-08	1.9587324239516776e-08	6.300324495386738e-09	4.318757758746697e-08
YLR440C	-18.87772938116627	0.20650668876005265	6.463158608874212e-09	6.466835250437536e-09	4.506450596517656e-09	8.889778863180973e-09
YDR420W	-18.558118700276232	0.2859220060645038	9.047434827467551e-09	9.068743924906135e-09	5.4406608897546964e-09	1.3924482024906699e-08
YJR061W	-18.600917402706678	0.3857154325656168	8.945449786135981e-09	8.99387813305349e-09	4.42487943207043e-09	1.5740222902024753e-08
YNL181W	-15.614174117236823	1.161984827472001	3.251253611330174e-07	3.125137727726232e-07	2.429402565186324e-08	1.0744975922746955e-06
YOR014W	-12.959374302875355	0.31648888648336937	2.4784321085685085e-06	2.4172313835964517e-06	1.3768833151559649e-06	3.843407803047679e-06
YPL258C	-17.29544512807565	1.1691761587887979	6.193436400693187e-08	6.022392957159308e-08	4.485391107660536e-09	2.077025111209449e-07
YCL035C	-13.71173750532848	0.9014678290750678	1.7069469495169265e-06	1.7161619385346408e-06	2.54358058419331e-07	5.074131433550439e-06
YDR472W	-16.488039989920203	1.7929790643087007	3.3509020280138757e-07	2.802278977544161e-07	3.566175285020585e-09	1.1692424486530622e-06
YCR052W	-17.64613181453837	0.33050343319784137	2.294084514699965e-08	2.2904376442917815e-08	1.2590451860907268e-08	3.732796142557307e-08
YPR192W	-16.5141913289744	13.567591185346846	0.1089307534381922	0.19840353326228272	3.6227094504714834e-16	0.9999044681063504
YJL054W	-17.797541406697697	0.49871591511303626	2.1099751319938966e-08	2.1091961509802107e-08	8.203463331506727e-09	4.225405334536362e-08
YOL001W	-16.647403982588862	1.7638740449697272	2.895120187124092e-07	2.821779038423655e-07	3.2451908164519556e-09	1.0996786297659866e-06
YNL071W	-15.196178607985482	0.666898190621791	3.116474975254975e-07	3.0960044965045757e-07	8.340101139456304e-08	7.387072860477012e-07
YLR031W	-17.418950985179386	0.4041687819433662	2.947303069768957e-08	2.953860818184397e-08	1.3996745050284967e-08	5.290571467999455e-08
YDL195W	-18.02373874614654	0.3042291205890747	1.5579155320655393e-08	1.5578272397750505e-08	9.016723138259678e-09	2.451993237620338e-08
YGR185C	-13.175227264787233	0.7485948127553984	2.494852370424574e-06	2.3340862116595717e-06	5.425402765359057e-07	5.856045268502123e-06
YHR145C	-17.481385613901644	0.8792785133806589	3.800682383009567e-08	3.762184209339496e-08	6.014007271785424e-09	1.0851138140440101e-07
YKR038C	-13.074043398913043	1.297127668742995	4.741027256812364e-06	3.5338680011620912e-06	2.398965609901344e-07	1.2201681744255069e-05
YKL101W	-18.12538598235637	0.28982855077329417	1.4024190472810796e-08	1.4005467176014787e-08	8.33662449902988e-09	2.1621970811619804e-08
YLR454W	-18.083833457255373	0.34901639668535045	1.4894635495195824e-08	1.4875462906437395e-08	7.883360784951117e-09	2.4839496121901135e-08
YPL160W	-11.33137206589249	0.04199575768147486	1.2001527033279134e-05	1.202362188564543e-05	1.1212864629032458e-05	1.2870712094865328e-05
YJL193W	-17.04905435166888	2.1152323766493426	3.5951791369350826e-07	1.9099492332759744e-07	1.1626804697523973e-09	8.519497632901314e-07
YKL122C	-17.0271038969558	0.7646275301076764	5.3948482833528095e-08	5.4033659073610194e-08	1.145443267763181e-08	1.4190679438485182e-07
YOR116C	-11.691883979271504	0.01841715854233778	8.364998113415567e-06	8.362504242592817e-06	8.111586119255738e-06	8.618013380100216e-06
YFL020C	-14.595935181766388	63.668202467112884	0.3983203894724008	0.4957748576710651	1.2496160545337116e-49	1.0
YCR097W	-16.369329849833726	1.9759163728490363	6.024729023476398e-07	3.5134883661394604e-07	2.9304841887774414e-09	1.5241187873671505e-06
YOL157C	-13.717468278752628	1.831536379598102	6.303366826878719e-06	6.413253453687168e-06	6.31418790880302e-08	2.7711319564076647e-05
YIL102C-A	-15.607979628076416	2.0715652325462255	1.6337671814205116e-06	1.5907594326599258e-06	5.57102718771222e-09	5.5915210121371865e-06
YDR109C	-18.935103175031095	0.4142015374210909	6.527661357584846e-09	6.51221552714571e-09	3.0227077835075922e-09	1.1808819703703642e-08
YJL095W	-17.94985013236232	0.20172641154581444	1.6295343175886492e-08	1.6335897958556328e-08	1.1487507189888281e-08	2.2300361256924234e-08
YER136W	-10.953867185272381	7.957411132501429	0.08967123171050109	0.15020353452664362	2.508970518986622e-09	0.9823687702059073
YGL164C	-17.285304881625912	0.4671723275194783	3.437284155726149e-08	3.4662206758226826e-08	1.4410886781892362e-08	6.696701129521415e-08
YNL286W	-17.977025607099627	0.38308526527378123	1.674997249543165e-08	1.6767593241112466e-08	8.293445991882136e-09	2.9247346843643626e-08
YGL227W	-16.357762969354503	0.1398191475750587	7.955762123639611e-08	7.946741800462753e-08	6.25211732508647e-08	9.903767192406897e-08
YDR478W	-17.572399392572102	0.35376492210133104	2.4826641070852598e-08	2.4858109149148352e-08	1.3044539458470877e-08	4.177220052476843e-08
YLR442C	-18.753803350519725	0.2848670234373727	7.497693891375574e-09	7.460746994472516e-09	4.483529223317981e-09	1.1440354223998643e-08
YLR050C	-17.419498932192205	1.9128718415836223	1.9638432687624752e-07	1.501748743505906e-07	1.1630418249279535e-09	5.990088380907111e-07
YLR377C	-13.060443006602279	11.45564128618034	0.13098092469043304	0.21537068803498854	6.424954593167829e-13	0.9997843535805975
YGL135W	-11.454136354958743	17.901257641833805	0.2656421228856964	0.3539124013636907	6.749181125571358e-17	0.9999999987666677
YJL104W	-14.019859253888123	1.5964313270151742	2.9204795653127044e-06	2.3331371361674633e-06	5.7794713333762004e-08	9.348659669363338e-06
YHR026W	-12.856553872342326	14.475594435148695	0.190932921696636	0.2633103726278714	1.9154942867305004e-15	0.9999981533249851
YOR318C	-17.13279610429249	1.504993840171418	1.142106208848391e-07	9.190415132948415e-08	2.969274819809012e-09	3.6065496110708634e-07
YLR188W	-17.88891674930796	0.9652002620878162	2.7086298066894408e-08	2.710853506189758e-08	3.4785965459939876e-09	8.313989681547398e-08
YGR042W	-18.07771778994806	0.18597016666434618	1.4302151243316127e-08	1.4335709983855326e-08	1.0374347089847353e-08	1.9128220685808562e-08
YDR519W	-17.156156128615244	0.8579332996882	5.203239338393735e-08	5.122843765464122e-08	8.635139627251747e-09	1.4543833927887138e-07
YHR023W	-17.8373923228582	0.12806108258189447	1.8080608067143414e-08	1.8066380123377356e-08	1.4515507567536148e-08	2.211651264367896e-08
YNR073C	-14.331198656306649	20.101534715356763	0.24406711935961248	0.4180200915091654	1.641318378279281e-17	0.9999999999575044
YPL067C	-17.48693590878333	0.2830918981591839	2.6602623325819547e-08	2.6474918713973002e-08	1.5961838795895036e-08	4.0510168514108484e-08
YLR086W	-17.774657793132924	1.215825989724116	4.010781334691803e-08	3.9440901145373254e-08	2.577118561410898e-09	1.3907034423529725e-07
YOR144C	-18.653100831107572	0.3650313452625718	8.4431393019614e-09	8.464177640172595e-09	4.342860278246429e-09	1.4432179160075794e-08
YOR062C	-18.021866410538628	0.4253972510888928	1.6282392679702067e-08	1.6300485905146163e-08	7.396118535800026e-09	2.995814869053268e-08
YBR295W	-18.965849369990742	0.3216615441610437	6.105852159773572e-09	6.1004872859684185e-09	3.4118860206760158e-09	9.830687368110932e-09
YJL184W	-15.802817146985896	1.0523879388001927	2.414897167354496e-07	2.4059229514222665e-07	2.43125300880058e-08	7.805576894879934e-07
YBR248C	-15.30036996362555	1.885966050447544	1.3669184696249822e-06	3.042889136010581e-06	1.1247407233307829e-08	1.2729908575662922e-05
YDR266C	-17.84566931290187	0.7427342354499433	2.3543242526074133e-08	2.340464880217284e-08	5.231178449119566e-09	6.023053308273788e-08
YOR049C	-16.719996892375043	2.7480699315525157	2.116653934935041e-06	1.3778380948948436e-06	6.040994318544603e-10	5.471404492219369e-06
YML092C	-11.738150774400262	9.277667914008697	0.10917174287039527	0.15301543143163643	1.6426830199383554e-11	0.9937396670085673
YER052C	-11.527007015968545	1.6715042423557924	4.084132307799863e-05	2.3020575125655182e-05	7.584261659178529e-07	8.069824316426473e-05
YDR167W	-14.621811607496918	2.0087502226888567	3.1088432429420782e-06	4.8621803744309915e-06	1.7486302307848783e-08	1.8703714954385076e-05
YDR092W	-13.071122055168368	5.226662596207784	0.00981973925525279	0.012331521768456694	6.634731797957338e-10	0.02307131794926943
YFR001W	-14.498735964320938	6.290440840197168	0.0137302044928905	0.02045950151451526	3.411018377662195e-11	0.051020133116335575
YDL177C	-17.0386825413379	1.0555228197033761	6.883103422998214e-08	6.895654772062416e-08	6.992986471811161e-09	2.2379861402524207e-07
YEL022W	-14.828871241240401	0.5420982218585217	4.2187680900564863e-07	4.241942331209461e-07	1.4945559677886368e-07	8.947419532413139e-07
YLL003W	-18.697070003626273	0.5345930425112643	8.688399171240887e-09	8.742341330133868e-09	3.145440112625788e-09	1.8244643338260888e-08
YGL251C	-18.23959316737541	0.23199898281107506	1.2354470763884931e-08	1.231257917105429e-08	8.179829737884415e-09	1.7547851249038362e-08
YHR058C	-14.96275556645646	15.296758547903059	0.16667498680851447	0.2687754178746468	2.075603738014582e-16	0.9999987622430507
YBL050W	-12.48269015429191	1.1739463973947442	7.343579101020981e-06	9.969444131269367e-06	6.305582637434242e-07	3.5121386735645554e-05
YHR086W-A	-17.275409608025207	0.6095962018703001	3.774655552083682e-08	3.7811538709633185e-08	1.152036866223141e-08	8.551308025831827e-08
YMR200W	-15.436680083054805	9.846689864236582	0.0632941243129723	0.100341192612432	1.0662781129312772e-13	0.9517731384970529
YIL085C	-17.52572050748217	0.6147240779567874	2.9227758955661314e-08	2.956052202519973e-08	8.902623754870216e-09	6.720588974608897e-08
YMR266W	-18.097067945819568	0.29915647320728905	1.4386300822279061e-08	1.4416134215134632e-08	8.429206287451088e-09	2.2532275732136397e-08
YER010C	-17.149254781111217	1.4286718259343778	1.0079454633746587e-07	1.0127624859859547e-07	3.408194657745272e-09	3.7998350022396915e-07
YBR187W	-17.651309811038068	2.171749751653609	2.946890223479945e-07	1.8301153341719326e-07	6.020315023412591e-10	7.269110964110511e-07
YOR008C	-17.66713490953493	0.2519569659568811	2.2023211688275665e-08	2.192224121126905e-08	1.4030976299889283e-08	3.212982787557761e-08
YOL148C	-14.679167733768688	0.4561026373657081	4.678254097987415e-07	4.663396136587626e-07	1.9866813070596626e-07	8.889054160903223e-07
YGL181W	-17.120085383147803	0.7637005356736931	4.882515828238762e-08	4.891274037070882e-08	1.0427808064769813e-08	1.2800999342733743e-07
YCR073W-A	-13.674194570580719	2.527619462871679	2.856432229999103e-05	7.576473442720848e-06	1.772628540797753e-08	3.239729590815447e-05
YAL060W	-16.26229955266985	1.4847929010706973	2.750531492252841e-07	2.5789207460468284e-07	7.527286888454607e-09	9.932883371132024e-07
YDR117C	-18.465851827983847	0.5541982995247348	1.1146692636626502e-08	1.11436984835875e-08	3.837766944021543e-09	2.376380692912976e-08
YHR181W	-13.104096177085873	28.496944664846684	0.3229235000048044	0.44780820518704323	3.671647431224852e-24	1.0
YLR201C	-16.46635639154642	2.144868392240242	6.685657978979641e-07	3.700201950056051e-07	2.00241862453203e-09	1.6712615994898166e-06
YDL008W	-15.55899832094378	8.267317645657515	0.03184381004964838	0.04724695298064365	4.801391386852785e-13	0.3580736065983681
YFL001W	-17.804458567091338	0.6443252719438725	2.277120558391575e-08	2.2772513515299146e-08	6.4101587934478645e-09	5.33373782541792e-08
YJL047C-A	-14.8202939039847	1.3683974274750934	9.23786484625283e-07	7.717500711273e-07	3.7470021897989676e-08	2.8739258681970266e-06
YOL013C	-17.827535913330344	0.17201764946881817	1.8395154775434347e-08	1.8366896026349668e-08	1.3636731312354793e-08	2.4015340790226073e-08
YPL147W	-13.660110709061835	0.7564278817710016	1.551499899059429e-06	1.5442735409472214e-06	3.3781182084738676e-07	4.000336153767783e-06
YIL060W	-17.49002182343333	1.0847626073987455	4.5098009307964746e-08	4.560939437733888e-08	4.250821418762106e-09	1.5053088088222479e-07
YNR061C	-17.463386143202065	0.30189059427877996	2.7223259979663535e-08	2.7245129466821127e-08	1.5844101647218502e-08	4.275614013134519e-08
YML128C	-17.05225207865528	1.7057395810513634	1.764273704292701e-07	1.4155288057429407e-07	2.3431248009399104e-09	5.82725348830288e-07
YKL042W	-15.009951001972647	0.9756016825941619	4.825936803377727e-07	4.971810457509706e-07	6.114010291332698e-08	1.543117815781804e-06
YER035W	-16.95300458487413	0.2744932563269747	4.5000422943038575e-08	4.5060804256914264e-08	2.7625232145906215e-08	6.815556719281118e-08
YOR207C	-9.958225821429503	0.030248136617650093	4.73880889873502e-05	4.7351323821285326e-05	4.503256021334027e-05	4.9741863310346466e-05
YBR213W	-17.572342787280782	2.3607442030953676	3.220451093738475e-07	1.9712824394598932e-07	4.699717177980704e-10	8.613492786570028e-07
YAL063C-A	-17.614675777026555	0.2596759009714759	2.3170968856893098e-08	2.315774208186052e-08	1.460600006476717e-08	3.4306407362621366e-08
YGL008C	-10.908105415984162	0.13469848730306472	1.848406632001389e-05	1.847677680145601e-05	1.4695488326529977e-05	2.281075755403697e-05
YNR062C	-17.476632299943	0.7688020042816188	3.483034938428401e-08	3.45628683370884e-08	7.2571089110264094e-09	9.103876891347905e-08
YAR071W	-15.186686125504773	16.37556481519382	0.17844091936459977	0.33151399019474703	5.13039668687385e-16	0.9999999236975232
YPR091C	-17.511144325741903	1.0515259500850265	4.405399964699669e-08	4.327998907199372e-08	4.403495475636312e-09	1.4026406656076378e-07
YAR033W	-17.677073568070178	0.5063427379012034	2.409621052551398e-08	2.39051310078406e-08	9.138225348698276e-09	4.8341858357677004e-08
YEL032W	-12.867096009774238	0.40271992892293323	2.814430187510898e-06	2.612709012353637e-06	1.2764288596451754e-06	4.569312908688534e-06
YOR137C	-17.635400085587158	1.2151150749578528	4.7169090313454315e-08	4.416507880019877e-08	2.948413050945391e-09	1.5537705932968468e-07
YPL023C	-13.282000454194483	0.2543066164850199	1.7628687779683222e-06	1.7566772488837998e-06	1.119798739453222e-06	2.5820339132490824e-06
YPL186C	-18.258851447369075	0.2715057120513053	1.2225967811724368e-08	1.2197769901981225e-08	7.521737224270558e-09	1.8367764071820708e-08
YPR026W	-14.859976737855456	0.5688070695245161	4.167724620634728e-07	4.144326357719706e-07	1.381764799764766e-07	8.98544291462203e-07
YHL018W	-15.46512948266986	4.123670038640403	0.00035865339840407574	4.794832753413452e-06	1.7386006288287203e-10	1.7527294957807202e-05
YDR468C	-16.654899423571756	0.7424086985978022	7.610695467498342e-08	7.691855687502378e-08	1.721777830516791e-08	1.9779402692790648e-07
YKR101W	-18.88070152556697	0.3852121811780876	6.8289861563557556e-09	6.795527077939283e-09	3.3477468761164163e-09	1.1888936478692925e-08
YPL107W	-17.069807111162795	0.5437034253358061	4.482599535420043e-08	4.478375331744904e-08	1.5785406574947425e-08	9.442741674750585e-08
YDL222C	-15.938188114400825	2.4313920392173776	2.8046839905808755e-06	4.477127717804986e-06	2.3618515083470268e-09	1.3896565111168281e-05
YGL015C	-17.68529238807327	0.23580661152614732	2.1428372246054092e-08	2.1451621199040676e-08	1.415517003322387e-08	3.074929053987723e-08
YBL093C	-13.116252701664914	9.929975246104426	0.09122246695371367	1.8860497715841173e-05	2.1204313885574943e-14	3.8045638013112224e-05
YOL022C	-17.01034601986698	0.39745039860526316	4.457070988983159e-08	4.4333548151168494e-08	2.129541980029284e-08	7.87340367258611e-08
YGR293C	-17.478575321024387	0.7220748513189997	3.305323851481899e-08	3.331159451906225e-08	7.821708538687851e-09	8.413965063620813e-08
YOR172W	-18.355961632617387	0.18729930121812519	1.0846224505132006e-08	1.0856795216692746e-08	7.837373668090255e-09	1.4513876353148335e-08
YER087C-B	-12.584394391445082	10.816970392367898	0.13011989838898522	0.14441528875768306	1.2595141105146714e-13	0.9973187894768977
YPL164C	-18.487757539806758	0.5123620058725008	1.0783939999873754e-08	1.0662575033252412e-08	4.022369363579436e-09	2.170419854635017e-08
YHR168W	-18.10373013710427	0.37815893428464903	1.4730183801667544e-08	1.4743591831494958e-08	7.365983343529528e-09	2.5558976365015656e-08
YPR020W	-15.26179902895178	4.269381027715451	0.0004562971803947745	0.0007477338611975208	2.4551813374219155e-10	0.00047520296498819973
YNR064C	-17.37927709332957	4.822222607713379	0.0002715355252111159	1.452355069151837e-06	8.193178029453026e-12	6.838276291960266e-06
YLL006W	-15.065365523791977	7.429799743555024	0.026317585171165208	0.05375408038598649	1.53875903328239e-11	0.449106877060548
YGR064W	-17.476731556228465	0.6602035520320148	3.199239843288186e-08	3.1907927525995843e-08	8.666512296066752e-09	7.589693597603033e-08
YPL227C	-17.245036185712657	2.648022358023853	1.0027688407684592e-06	2.9184971057679483e-07	3.951379921390973e-10	1.3835946129657917e-06
YMR196W	-13.403940768789605	0.5409005517299217	1.754556119663133e-06	1.6984950008058695e-06	6.129665672091301e-07	3.521607730400701e-06
YOR131C	-16.982429864926367	0.6611636673065432	5.287799466480967e-08	5.243351916413159e-08	1.420004592501953e-08	1.2501410939190664e-07
YGL113W	-18.037832128547002	0.4624118374784715	1.6313371239673582e-08	1.63105773495861e-08	6.848589462777418e-09	3.133090111476457e-08
YOR113W	-18.053330753399628	0.1717045861760432	1.4633303706485361e-08	1.4653141224553992e-08	1.0883113521156494e-08	1.9146276493214553e-08
YLR017W	-12.710905465582025	0.9013844931004766	4.519064489442498e-06	4.659483202670771e-06	7.051858364485417e-07	1.358508347331992e-05
YPL022W	-18.011668524611146	0.18902404194329167	1.5327259983368507e-08	1.532391324754155e-08	1.103044815874643e-08	2.0537092903403347e-08
YOL147C	-14.880983945208706	9.402359485094689	0.05924767740611717	0.09300725501676436	3.0669796737229044e-13	0.9228182187037018
YBR300C	-17.459966072922676	0.6502699286920975	3.243946813973602e-08	3.23012574995471e-08	8.967696200504088e-09	7.617022464669587e-08
YER145C	-12.361508619965159	7.252061716190831	0.04779960582712397	0.08726016748279676	5.316878780467498e-10	0.8149666624896998
YDR340W	-17.16301970346189	1.3395305185283073	8.41980584302092e-08	8.379147823370973e-08	3.867000176917511e-09	3.104442728735832e-07
YLR461W	-14.17718397020594	40.80086754714774	0.35704670951051776	0.43071473116045544	1.682495592658292e-34	1.0
YCR086W	-14.630383167176612	2.0829890607916273	4.043024615897186e-06	5.54562128110335e-06	1.5329342516985723e-08	2.0728764088767347e-05
YLR245C	-17.155547293013065	4.801818613766079	0.00039446130471784045	0.0006818358913015421	1.5337890157583105e-11	0.0002399872423188891
YDL184C	-12.83964014605676	16.21468217365435	0.21936486830577612	0.22413776342956251	8.969015289363245e-18	0.9999992612779008
YEL059W	-16.3458116276824	4.141857496961883	0.00011848414304908869	0.00024278323927939108	9.540778779146218e-11	0.00012640643211951394
YNL243W	-11.967556301741704	0.1253462180108632	6.396962249806862e-06	6.411344287174261e-06	5.1766901724570686e-06	7.814192928590626e-06
YDR308C	-11.928610112511658	2.2651370553569934	7.768290348041194e-05	0.00010828495319169073	1.968487790612416e-07	0.00036202062648216894
YFR022W	-18.38006249183031	0.3176903781535146	1.10264950489973e-08	1.0952614500696513e-08	6.172510174384658e-09	1.755404425154359e-08
YNL320W	-14.491726984263503	8.774481325222428	0.052519682065257534	0.08859830772026842	1.7986220010330022e-12	0.8828797940194355
YDL144C	-17.731475081404774	0.2438195015093016	2.0535709977203233e-08	2.0523107813358175e-08	1.3339323388213993e-08	2.9751071534679247e-08
YDR218C	-17.628455145045287	0.20096301779396825	2.2488304800614715e-08	2.253159810594654e-08	1.586177415880069e-08	3.072467622500611e-08
YMR122W-A	-15.721177024876804	6.119707010198712	0.008346936878870089	0.008609548349245728	7.911924654556244e-12	0.006510834025369289
YBR088C	-11.064980563002743	4.046826841038816	0.007036946356400688	0.00921060350540169	5.5593334472836655e-08	0.02317778644673907
YER187W	-15.964045809546358	1.0774572602460337	2.1088375997836792e-07	2.0051112201153845e-07	1.9618959970119767e-08	6.564008182904175e-07
YAL001C	-17.543787399824346	0.23086516888117073	2.4625007392272336e-08	2.4676854528902324e-08	1.6433862508644836e-08	3.511065219828003e-08
YIL036W	-18.35979299965488	0.33796238195347444	1.1190393378510717e-08	1.124919443493072e-08	6.092118690538079e-09	1.8520313270517985e-08
YOL121C	-11.751861615740333	15.102771027269121	0.21954060387627447	0.2698272542994473	7.464495213609523e-16	0.9999995162376318
YLR090W	-17.75340147541005	0.5512572491569092	2.2828562597504997e-08	2.2655507925113036e-08	7.863121386641213e-09	4.813533954639281e-08
YMR247C	-18.006449562432813	0.2557036605688571	1.5666608419718234e-08	1.5625118109917474e-08	9.928153288391267e-09	2.3016519434978245e-08
YPL177C	-17.734564153394736	0.42809105413787446	2.1609661252299306e-08	2.1762270431580376e-08	9.814119109092427e-09	4.013349267614836e-08
YGR250C	-17.966632187622004	0.0945453022452219	1.583146700089099e-08	1.5817254365057777e-08	1.347869068193206e-08	1.8393659426054723e-08
YCR003W	-15.604529818513535	1.2047931785632418	3.5117292388820706e-07	3.3320424431728254e-07	2.2899393044834647e-08	1.169050872064447e-06
YHR156C	-18.217816545010415	0.27421601523904576	1.2729611702508472e-08	1.2716391117113583e-08	7.798527120877105e-09	1.9222588898732e-08
YHR210C	-18.10526554243274	0.39127160361717134	1.4799198629121753e-08	1.4798706777682526e-08	7.202098132713109e-09	2.607565362486758e-08
YBR204C	-17.844518962426214	0.7643937457934064	2.3825488967680697e-08	2.3677793708491453e-08	5.047534931407708e-09	6.20279642389538e-08
YOR274W	-17.770781833439237	0.21305561837030523	1.9674112208318314e-08	1.9590705323536955e-08	1.3486297081491054e-08	2.7183549192454216e-08
YOR034C-A	-17.55069114849261	0.4896083333419835	2.6879198277004634e-08	2.6875479684802895e-08	1.0658981825310458e-08	5.328274822220338e-08
YNL068C	-17.484611058339347	0.2467635846306296	2.6329209566850817e-08	2.6273478224247297e-08	1.6985203193683336e-08	3.823618634208336e-08
YOR301W	-17.645060425152174	5.607277818553332	0.0018338127955093114	3.863628800651717e-07	1.2735144158263927e-12	2.1670393705809774e-06
YDR141C	-17.027714719203637	0.588200767869479	4.829344730235125e-08	4.774126065184676e-08	1.527319439981942e-08	1.0556802487792363e-07
YGR261C	-18.395718091539443	0.48056704429301095	1.1393137824065884e-08	1.1507434441490052e-08	4.650766360504545e-09	2.2585191873301204e-08
YBL005W	-18.13999769050219	0.20093608276093297	1.3518646999692808e-08	1.3509908874004273e-08	9.51066580217624e-09	1.8420778989213855e-08
YJL155C	-14.865695374662161	1.4215017352233952	9.317769014772837e-07	1.0712180262906447e-06	3.4535813015868476e-08	4.184689843680252e-06
YIR016W	-17.970217729330166	0.2760039866724692	1.626864582187948e-08	1.6297225693685503e-08	9.960125661741356e-09	2.4695553108484322e-08
YPL011C	-17.101634536437764	1.1068679434019475	6.889272349317119e-08	6.804345672295755e-08	6.033519428728587e-09	2.273405355294931e-07
YEL044W	-16.82529305503062	2.2333042042584497	4.6078661148375515e-07	3.793667812252567e-07	1.229242879151952e-09	1.590101688946114e-06
YLR314C	-14.09199838325089	1.0478551568866412	1.3331104423218803e-06	1.1238420800571022e-06	1.3019298722129333e-07	3.5173998171177055e-06
YCL027W	-18.135648776083094	0.14388462190250367	1.3464234113225064e-08	1.3436081136630808e-08	1.049293021297872e-08	1.6845303606156186e-08
YBR299W	-16.811896674139412	0.6750911231112194	6.227980404723157e-08	6.280082489444169e-08	1.6458930492141647e-08	1.5169469880628415e-07
YOL069W	-15.7037625616585	3.5993500049536897	5.027955240921827e-05	0.00023892026114425143	6.663237595365443e-10	0.0003581685822347477
YHR060W	-17.181138778215377	1.2851047084933365	7.83671562894461e-08	7.743193717235515e-08	4.153962460843524e-09	2.807798861608476e-07
YPL200W	-17.345969344220926	0.9876615215621697	4.768364246296298e-08	4.727838493302179e-08	5.751539260957256e-09	1.4706895637887437e-07
YDL029W	-10.963134931917873	1.8781810742803697	0.00010126800434503385	2.9297246084134018e-05	7.540872760041533e-07	0.00010453212732416543
YMR137C	-18.117374379647067	0.18760862348512997	1.3794983630412847e-08	1.378375043133101e-08	9.944122953030173e-09	1.843407326306772e-08
YPR043W	-13.32565946851623	9.549633984110832	0.08470743594801312	0.10075661217542356	4.59816138038025e-13	0.958190201415504
YNL001W	-14.373956619493535	1.2998167760479558	1.3735948511190502e-06	8.288468950982777e-07	6.090046932907045e-08	2.832063543066566e-06
YPL271W	-12.7192934208369	6.292443909603275	0.02820929443515043	0.02939055742721791	1.255547138802498e-10	0.11752965568792871
YDL219W	-14.951199375144776	2.28161622065521	3.930630579165496e-06	5.956636855972642e-06	7.924839689064227e-09	1.988301767085061e-05
YDL022W	-11.099562295007624	6.280039947295755	0.043567942037647925	0.07252401960874028	7.437311061136778e-09	0.6519679930832214
YER001W	-18.418901623744155	0.32198241260852617	1.0484288467904634e-08	1.0551819054262151e-08	5.898597259880532e-09	1.701361376714e-08
YBR234C	-11.713101664202393	1.7579249460870394	3.748312568995858e-05	3.1425815822864035e-06	2.1430049057503961e-07	9.883507029412579e-06
YLR318W	-18.923252623958383	0.2866167638499572	6.283143407102001e-09	6.3030178664660295e-09	3.773791412866964e-09	9.68936576501473e-09
YDL119C	-16.479188687743722	5.888478299967401	0.0036468796492629737	2.089656662200453e-06	2.6030381445150037e-12	1.0280414508212603e-05
YKR072C	-17.58480327367301	0.6273130947576773	2.8177605288181383e-08	2.8096441239634105e-08	8.21987322351573e-09	6.47394185772166e-08
YPL082C	-13.37958537211757	0.10001730356949372	1.554379229873315e-06	1.5571844670462723e-06	1.3138994504996871e-06	1.8267324793536725e-06
YPR094W	-13.090982424961974	7.554816642547694	0.040905765905657795	0.05611353064017515	1.4596949465977053e-11	0.5124146340978896
YOL020W	-15.721272796895343	1.4355672545158498	4.022811988722043e-07	3.0798835366239337e-07	1.3391137590327158e-08	1.1727636293328023e-06
YHL020C	-17.658587069215123	0.5763491052317291	2.529088905750897e-08	2.530706259818565e-08	8.302900767137211e-09	5.529887297375202e-08
YPL010W	-11.012617567489494	2.963724980012277	0.000745514934046023	0.0012863467516932331	2.1110402427660823e-07	0.003117861086741674
YDL147W	-11.223215747210768	1.1912253047841375	2.700843856716304e-05	6.649828138929136e-06	1.102016755471139e-06	1.711708926818896e-05
YMR220W	-17.61295118054199	0.5418422134084122	2.5916765313809584e-08	2.5916196355168937e-08	9.182223393164511e-09	5.4497654751557695e-08
YMR208W	-17.25405090435101	1.861391686727069	1.8847953181656162e-07	1.6460574277319365e-07	1.4982730845204497e-09	6.601167359059643e-07
YPR128C	-17.508414283737643	1.3437736083912688	6.056899928969276e-08	6.047432681375761e-08	2.724381474772293e-09	2.2368961351497757e-07
YPR144C	-16.41363564083526	1.3225642136919695	1.7383697313869625e-07	1.8163542319315601e-07	8.466992138895667e-09	6.665607080620689e-07
YNL112W	-11.225179383059137	3.595415055428943	0.0024766898389016233	0.005527133221676283	3.454262222884389e-07	0.014273229368152982
YER074W	-12.371468259015225	37.51149326261977	0.3699694970799821	0.4532031512826277	5.394476658612498e-31	1.0
YDL073W	-18.752321926113787	0.3444826286832961	7.631291834673783e-09	7.615983082010868e-09	4.0726024305205676e-09	1.264237623959907e-08
YDR242W	-18.000739757896504	0.7213303218842195	2.0086973462834192e-08	1.9678771976666748e-08	4.640439403375907e-09	4.9623862825049124e-08
YIL131C	-16.104684786981075	4.977169002850554	0.0010273148730389804	7.239862667741857e-07	1.640358456342634e-11	4.080589650203445e-06
YNL218W	-16.374299534735606	1.231349561605832	1.686007314513044e-07	1.6242367349398914e-07	1.0170580293881834e-08	5.775119793161899e-07
YGR157W	-17.909152550674612	0.34705286213632225	1.7670476404632137e-08	1.7714716955598727e-08	9.42366086775635e-09	2.9518078122430918e-08
YDR208W	-14.632490879613167	0.7579805899416788	5.808612175504877e-07	6.053923179912637e-07	1.2836011107968828e-07	1.5920827464329667e-06
YGR267C	-9.324085704277374	2.8080810994289553	0.0033025073645642283	0.0037139208851578037	2.0390642345167157e-06	0.011506582016088564
YCL002C	-17.113349464133485	0.6664514047113165	4.67251353749551e-08	4.620146587838578e-08	1.2349646770724321e-08	1.1074957708948776e-07
YOL164W	-18.582832086359254	0.2283709541104784	8.7197577801397e-09	8.728008612311931e-09	5.8402384892978376e-09	1.2380168152276605e-08
YHR128W	-12.519686950167804	7.951429995859996	0.05876305187212841	0.08770614702593978	3.091080394328403e-11	0.8605379941541512
YCR026C	-18.51224923820059	0.16589402016658972	9.261242220350824e-09	9.251122030832579e-09	6.943884620278018e-09	1.1984820648741692e-08
YDR530C	-17.632497783394633	0.25298224821265136	2.266478290453826e-08	2.2707916203028232e-08	1.450098256784892e-08	3.3331737616980303e-08
YOL136C	-16.321969660123564	3.11091114181233	7.448665280496092e-06	1.3942556558532704e-06	4.672719745875301e-10	6.6793785001385325e-06
YDR515W	-18.187505765386	0.3323671931178375	1.3385687507690137e-08	1.3340155062266526e-08	7.304539404296672e-09	2.1801100311583028e-08
YMR077C	-16.667216551261795	0.7643975051424093	7.647803179623975e-08	7.696945488134865e-08	1.638221336755136e-08	2.0156600405707227e-07
YLR316C	-17.387001980555347	0.38008761625721527	3.019571922552705e-08	3.0203366990269064e-08	1.5035664405699204e-08	5.2471913011926916e-08
YDR248C	-15.476742103456624	4.799547853298978	0.0012392424266204837	7.085579278457956e-06	5.284438703431363e-11	2.4163721915529206e-05
YDR451C	-17.31278546018161	0.5756929219786748	3.575374936507053e-08	3.573640476278708e-08	1.1745685098736126e-08	7.7987886667432e-08
YEL061C	-16.811271215506117	0.12377262679077077	5.0411422717356216e-08	5.0381008680686816e-08	4.0780129794882594e-08	6.127660245069506e-08
YJL124C	-12.136830374970438	5.0581416968282635	0.011778647038953106	0.016290751478157638	2.6597430667826454e-09	0.04293806868473041
YGR188C	-18.244301715539173	0.39921054068518613	1.2970092937096329e-08	1.2919293795887968e-08	6.185927469097886e-09	2.300361239938519e-08
YNL247W	-14.945568291463994	0.30998246298577653	3.407799209361508e-07	3.380261062762074e-07	1.9360173170802372e-07	5.360004522470375e-07
YPR129W	-17.71153280875746	0.4148453503865653	2.210646676540395e-08	2.21437445113201e-08	1.0264212454330712e-08	4.0184246550394e-08
YKR001C	-11.258327619515464	0.10890768435982555	1.2991203442992533e-05	1.2952215331215916e-05	1.0770414810139683e-05	1.5387084825405086e-05
YLR180W	-9.939876696124836	2.6349527742721817	0.0011548453159867314	0.0017844297032735743	2.066840841826084e-06	0.0055054978744677
YGL101W	-14.796967937138968	1.457533507259635	1.198290478424151e-06	1.2595421937497495e-06	3.4884055470271995e-08	4.840685988933684e-06
YDR004W	-17.227086718391497	0.8831513387004637	4.861128324518593e-08	4.8489914798091634e-08	7.69522607852792e-09	1.4003125649606886e-07
YDL149W	-18.01332218027614	0.1531324989830136	1.5182390613681033e-08	1.5206905563315766e-08	1.1681964081299055e-08	1.9328798324092735e-08
YEL058W	-17.889754811178996	0.763764700260145	2.2936963850827764e-08	2.2741634227092308e-08	4.8352027392938775e-09	5.9586705688976326e-08
YNR009W	-15.947149552398466	0.4354957401769123	1.316953943784118e-07	1.3038266291448096e-07	5.791893339766628e-08	2.426922573136105e-07
YDR339C	-13.46211344607668	1.2138533023528109	2.959022434678665e-06	2.7572277894156534e-06	1.9183529679460877e-07	9.66541386616308e-06
YBR200W	-12.912336508747964	2.2207155415896085	2.910591538632738e-05	7.997170087561767e-05	1.3581219546152559e-07	0.00029052242715124095
YJL187C	-15.420548111106607	0.28926774390461224	2.088881908155556e-07	2.0940592293856007e-07	1.2476345165389566e-07	3.231413025357675e-07
YMR182C	-16.616108477778603	0.7230512759112108	7.868278805913084e-08	7.906930929474968e-08	1.8499869216508654e-08	1.9987813083920303e-07
YGR231C	-11.147488690033194	4.4840286060568655	0.010848740275627572	0.016126539043541624	3.526850224583646e-08	0.050943480344587004
YOR192C	-14.916207255017932	36.287251945121284	0.34550734063695937	0.6526623067748589	1.7074887393908484e-20	1.0
YOR123C	-17.558159707194996	0.31251391607213785	2.4919886618233785e-08	2.4876345335195046e-08	1.416865058848749e-08	3.9594107808279127e-08
YBL026W	-11.001169850635913	6.74228213716576	0.05599792543601343	0.06618327094135723	4.4109566046788076e-10	0.6299454572053692
YPL059W	-12.935895990573906	0.9967132073057788	3.891953402746695e-06	4.332616987307206e-06	4.843943445744549e-07	1.384067620941773e-05
YML085C	-10.285576635965251	3.003108312391977	0.0020353649685206448	0.0030857257082199992	1.2507963465369954e-06	0.008745153587674043
YOL047C	-15.318674630871962	2.6985762878097375	9.310017387460687e-06	3.435014368716317e-06	2.6834942995214176e-09	1.5444417152261674e-05
YOR020W-A	-17.44135725043538	0.45749790799450984	2.932833931686658e-08	2.9538964205603195e-08	1.2536052440836844e-08	5.643063620842727e-08
YML054C	-15.610372062184021	1.3806187683214113	4.3397269382696154e-07	4.4282949310703364e-07	1.7261050262849588e-08	1.6826835818482044e-06
YDR155C	-12.71406985158769	8.91332962726894	0.0858212997781179	0.1070428946049097	4.214997665858094e-12	0.9570296478691023
YDR253C	-17.130077500239118	1.112877439957676	6.763808456505676e-08	6.752119010247001e-08	5.827245701153352e-09	2.263429226283627e-07
YLR271W	-18.089940225582673	0.18674509608459655	1.4209571798907723e-08	1.4165122486134659e-08	1.0238309808049822e-08	1.8925583770686734e-08
YHR191C	-16.99537860368668	0.242725332617509	4.2680061887489655e-08	4.283675893051517e-08	2.7899608342216173e-08	6.200169515014896e-08
YKR018C	-12.323835749056295	0.15658691619136206	4.4929298036524005e-06	4.4712275972292144e-06	3.418084104120349e-06	5.705790481018129e-06
YGL076C	-13.072988261520502	6.705033694858732	0.02932521381774053	0.04553212258637855	1.195576064080058e-10	0.32420967343790014
YLR003C	-16.944171382573536	0.5886109762377891	5.203706231357039e-08	5.194918613481533e-08	1.6592761335793558e-08	1.149517968085446e-07
YOR032W-A	-17.547718506532824	0.4754207483187334	2.6708750467532277e-08	2.6795977135348973e-08	1.094339763099759e-08	5.229165409008277e-08
YOR247W	-16.217802378459005	0.719725813202157	1.1654259766531849e-07	1.1757910012930316e-07	2.7734904142962855e-08	2.9639408139711197e-07
YNR035C	-12.733514421089192	0.7777038406856704	4.020254859452024e-06	3.6833671592108567e-06	8.047600793918525e-07	9.42211056836436e-06
YER151C	-17.248350930131842	0.06989070770292044	3.238500463446409e-08	3.237134955177608e-08	2.878444994645426e-08	3.622577083523572e-08
YLR262C-A	-13.812447076133092	6.816753442624493	0.025402453252864252	0.02885111384493995	1.7777863380785948e-11	0.10415325507889099
YIL012W	-17.546632358332268	1.0670154900824862	4.280406057689172e-08	4.189291313496974e-08	4.128920881629638e-09	1.367530543066611e-07
YGL051W	-17.10436833541548	1.6777494021719352	1.5396606719960897e-07	1.5984078456277506e-07	2.367285561759319e-09	6.068407724683796e-07
YPR065W	-17.456653718404546	0.5688041802894396	3.090096496925976e-08	3.084683441467822e-08	1.0287704314275653e-08	6.683819734848916e-08
YFR021W	-12.711650353326101	1.2802447830895771	6.8789180568616694e-06	4.070925114590203e-06	3.417081632772965e-07	1.3020761132443543e-05
YGR165W	-15.651055936113105	0.9564497805867295	2.5407333738542014e-07	2.571107719844881e-07	3.323074009425606e-08	7.87207706751383e-07
YDR342C	-13.8935718503571	4.801060881032352	0.0037444306774863443	0.005437038400134305	6.115883922661709e-10	0.006659963161231553
YHR094C	-12.668181696863892	0.8191170271728901	4.442675897140235e-06	4.428300249709872e-06	8.382008951386195e-07	1.1976409595794016e-05
YMR030W	-17.70533738894023	0.34267600426796463	2.1718746882773505e-08	2.1688827730404687e-08	1.1637569045019814e-08	3.593164102363618e-08
YML059C	-16.594763340654886	0.4374401196627476	6.838311527501932e-08	6.821537529188929e-08	3.019055271864539e-08	1.2713835953044633e-07
YJL052C-A	-14.768733936923079	1.9090773397014815	2.351186548437591e-06	2.5203870506271113e-06	1.678150012975344e-08	9.442052468470985e-06
YLL002W	-17.655279332077903	0.44739761292631086	2.357403525827211e-08	2.373530110046674e-08	1.0291490592837835e-08	4.4781357511152395e-08
YER002W	-17.079673484514338	0.6528441822701259	4.729200824876091e-08	4.728377790475661e-08	1.3048095477263367e-08	1.1177110637807258e-07
YPL034W	-16.98373185039322	1.0854838849854496	7.59313956833168e-08	7.491255938912772e-08	7.032045504552821e-09	2.4745298591932497e-07
YNL132W	-12.165912943099963	0.030623053009065336	5.206078713759962e-06	5.206907951239299e-06	4.9486797687850505e-06	5.473224730731458e-06
YAL037W	-17.91110549656964	0.24936638716202725	1.715721938820053e-08	1.716788780378849e-08	1.1040413001714707e-08	2.50772269800208e-08
YBR081C	-17.68924355124995	0.325270536724882	2.1908750333071822e-08	2.1903468701955782e-08	1.2169876863024626e-08	3.544704047785511e-08
YLR306W	-16.61653990344434	1.7370260839400846	2.715274243068987e-07	1.9354892031504608e-07	3.3737519265958995e-09	8.101646275817557e-07
YJR097W	-17.219485604081406	0.4592044010181588	3.713150539822824e-08	3.692765950957619e-08	1.5606234478075933e-08	7.069821308226522e-08
YOR117W	-10.215935359527927	2.848389849351714	0.0014870522363433477	0.0023514263951551605	1.4985532422286774e-06	0.00683437946412663
YOR011W-A	-17.636245326714693	0.7303474683716025	2.890597258422233e-08	2.8582040591836757e-08	6.582773593479985e-09	7.268090879150661e-08
YIR031C	-13.618267628219607	0.9584035030250615	1.896082406018506e-06	1.8431813179012758e-06	2.52141848444445e-07	5.550937069827853e-06
YEL065W	-16.08939293737871	2.2604317983510183	1.355523427139702e-06	4.971400891937744e-07	2.357660941243099e-09	2.33411234140772e-06
YBR207W	-13.862754263879603	2.456959874448314	1.9367413575411235e-05	8.42674211458718e-06	1.8489222887363153e-08	3.664139160202703e-05
YBR066C	-17.17742227308276	1.05703076802982	6.122840946503782e-08	6.086834138397615e-08	6.092542441659958e-09	1.9794798372498906e-07
YIR015W	-16.971091775566443	1.1696188761194282	8.269100979350797e-08	8.431310489065728e-08	6.210994028986531e-09	2.912796255503019e-07
YHR049W	-15.1183452659106	14.755776358483164	0.15606852789730025	0.23437925795189127	1.4595480137141036e-16	0.9999939253916464
YKR010C	-18.73628380396344	0.3707368440482258	7.815572952256389e-09	7.806677362517619e-09	3.961171618489355e-09	1.3405224097632685e-08
YLR253W	-15.331839885789075	1.437472998887155	6.250253223554643e-07	4.840441629480363e-07	1.997799200597268e-08	1.8556632560680652e-06
YDR428C	-17.572545810479774	0.22375042502161044	2.3997094839073448e-08	2.3940543147452507e-08	1.6156144934503666e-08	3.373120797402559e-08
YLR407W	-16.563614978226674	3.107952953481482	5.5661827467696786e-06	5.264292083398002e-07	3.355207004867001e-10	2.642863606176602e-06
YOR279C	-17.510108443872873	0.2765302843104591	2.5800406455029302e-08	2.5828734000875948e-08	1.5772609779415273e-08	3.917504174256116e-08
YLR449W	-15.35711237377195	0.8643856100600312	3.079187481448707e-07	3.0262659439572557e-07	5.1141059393371666e-08	8.57016664578217e-07
YKL024C	-13.76811589865333	1.0594920657414288	1.8061684120536218e-06	2.013701761556612e-06	1.8824668750019636e-07	6.711373930502257e-06
YNR014W	-17.270319821306607	0.664828297311869	3.905403680980986e-08	3.9314775246215566e-08	1.0572573349412963e-08	9.400738772199285e-08
YJR136C	-18.258908423599628	0.2572755224112767	1.2214273203658169e-08	1.2150301221913321e-08	7.696276369176122e-09	1.794218804095966e-08
YDR045C	-11.772647676575568	24.685570316131866	0.32289677919033966	0.3775902782459699	2.0676053571872625e-22	0.99999999999996
YIR029W	-15.81551201920315	0.7482927741370758	1.80300508635692e-07	1.7573761783446615e-07	3.919138745609726e-08	4.5192817416657707e-07
YLR372W	-13.066404163052491	2.6697635176472523	7.436747164088664e-05	0.0001463170334551258	4.372155761360638e-08	0.0004152760128593683
YNL199C	-16.132848001497173	1.5786737768530759	3.314372765147445e-07	2.8819057195303176e-07	7.231154677731593e-09	1.1626373996830579e-06
YIR005W	-16.291024014696582	0.590329656954361	1.0055316678873926e-07	1.0010893015364394e-07	3.182416292368768e-08	2.2193139560268772e-07
YDL227C	-14.581159228900058	0.27212150687867026	4.810915896821849e-07	4.836864887869799e-07	2.9773917292160115e-07	7.294922351379935e-07
YOR140W	-18.178698474651306	0.22649977698450777	1.309533531440287e-08	1.3067209236004291e-08	8.772491206163885e-09	1.848184685977909e-08
YDL210W	-13.57348694834304	2.5079611042041945	2.5684901060028366e-05	5.54008505878884e-06	2.008941499396073e-08	2.482178530279797e-05
YLR299W	-17.151086400955087	0.9127354634458976	5.4769410226129247e-08	5.426799801810416e-08	7.942455773599456e-09	1.606838546004508e-07
YBR168W	-18.20009486516296	0.2852591833318544	1.297911108958825e-08	1.2982297104915328e-08	7.794928070194449e-09	1.992461138081792e-08
YKL026C	-17.49528973141509	0.4806980985872244	2.824610253459723e-08	2.829686472883494e-08	1.1432676267467863e-08	5.554363721384301e-08
YLR395C	-14.70273482513671	1.3076754412808589	9.665963122409088e-07	8.233478628529614e-07	4.663022434481524e-08	2.9935297713813977e-06
YGR144W	-14.661999701552256	26.953342199434214	0.2890584638272666	0.4677704016338895	1.7199434726191544e-22	0.9999999999999996
YJR064W	-9.981303485547821	1.4904698152171068	0.00014334566032714435	0.00019581817298286452	9.13766238712045e-06	0.0007127123260714532
YGR199W	-18.139230159104905	2.187140134064807	1.4215697165382343e-07	8.270697694827136e-08	3.5284359801537415e-10	3.631520802004192e-07
YER012W	-10.510711842908629	1.6812248085873833	0.00011312655419349241	0.00013489186722894176	2.3680543587589306e-06	0.0005138926794590904
YKL121W	-17.999847623222145	0.42182598435794316	1.655555022552558e-08	1.665106222898181e-08	7.610504303186738e-09	3.0487200847256985e-08
YAR002W	-18.375858336535153	0.3483904829232036	1.112219444458391e-08	1.1110257937668555e-08	5.892969549958622e-09	1.8540174583144728e-08
YMR011W	-13.43756717402807	1.1509610704011635	2.8807204852457974e-06	3.3635493626156436e-06	2.3653050957934095e-07	1.2021574618710799e-05
YJL141C	-16.417334609745872	0.7380232562326244	9.75664573767698e-08	9.610484898836496e-08	2.188944100641003e-08	2.452403392995762e-07
YIL003W	-16.946779536295203	1.8460074480590198	2.2645440390430757e-07	2.0423789456910822e-07	2.0771730618495107e-09	8.374761375367867e-07
YBR197C	-17.879199076670325	0.2339012275619503	1.768045330187335e-08	1.7660402246426544e-08	1.1692332138511726e-08	2.52405460224698e-08
YMR242C	-11.317659199871693	21.379498028448275	0.2979507405473523	0.38186191124887325	1.8507351031468556e-19	0.9999999999962679
YER144C	-18.781806927109706	0.4895344771147284	7.813721809450648e-09	7.848177813158548e-09	3.11244545950208e-09	1.5567089866436465e-08
YBR245C	-12.38360524072136	1.764405477529238	1.9202327125932587e-05	3.856789216797266e-06	1.7824807349539005e-07	1.2770123363525626e-05
YMR138W	-17.310512565884842	0.6033850267074559	3.64929996895204e-08	3.6344509033890944e-08	1.1237324705463155e-08	8.16468793018695e-08
YDR137W	-18.35848663534211	0.7693462667246964	1.4269599660935763e-08	1.429663746233367e-08	2.998166176409381e-09	3.7632359449975256e-08
YIL088C	-16.467295796138337	2.9941949072739655	6.377613425515347e-06	2.267452433653895e-05	6.321921634066468e-10	5.52963058486934e-05
YCR010C	-13.946462106302485	4.564801887115053	0.0018210680649275418	0.004284080312117541	1.0279080236795515e-09	0.005549566902549205
YLR446W	-17.437080779237426	1.3009656950814112	6.061266794594374e-08	6.109581463110426e-08	3.132962894606896e-09	2.2307129626569972e-07
YOR153W	-17.71389379348779	0.6557351495149676	2.534047686778443e-08	2.5015607178692424e-08	6.87995722216784e-09	5.918617925638536e-08
YKR069W	-16.88317989301226	0.7803169776324138	6.316380383235793e-08	6.259948823902627e-08	1.2842324411709252e-08	1.6607538533479102e-07
YLR456W	-17.209377590094796	0.663400236388115	4.1773714740605106e-08	4.176634770689655e-08	1.1263381103512348e-08	9.968082618393594e-08
YMR004W	-16.36746467428106	1.0008474051972058	1.2886151797655284e-07	1.3089457790282718e-07	1.506909159338119e-08	4.121458907499156e-07
YCR102W-A	-17.65263538259837	0.42920114493170164	2.3826561493501484e-08	2.36268845966461e-08	1.0632581443248985e-08	4.3639568161680954e-08
YMR122C	-17.786634214681676	0.15380367876252696	1.908519372694668e-08	1.9076074172960755e-08	1.4634531482632717e-08	2.4273545104590685e-08
YLL041C	-11.805691294169216	0.6296460548237945	9.010378881608306e-06	7.776141062669705e-06	2.47580742443126e-06	1.689322750407003e-05
YLR047C	-18.20572552060998	0.44576135571295783	1.3600714104387896e-08	1.3689879451757907e-08	5.951036564172196e-09	2.5792625173637854e-08
YJL065C	-16.70198932263242	0.5079019103215552	6.355401360688763e-08	6.344797614185366e-08	2.4186530322718073e-08	1.285019747139549e-07
YLR248W	-14.12206435863204	9.089468452446205	0.06706213677955633	0.14926787112760984	1.0171794346882058e-10	0.9864990763227973
YLR144C	-18.30411273738077	0.40412372732059904	1.2165605222476905e-08	1.2190192464203728e-08	5.776149288157852e-09	2.1829791047717618e-08
YGL123W	-11.292867233679269	23.07523139985948	0.31948671145460916	0.43725004846387966	1.2480007154382348e-19	0.9999999999999296
YPL246C	-16.154908078134163	1.2454805122488535	2.0987129946427285e-07	1.9845486134447277e-07	1.2300275767643285e-08	7.086190915622844e-07
YDR480W	-18.123636304016095	0.32095466326003097	1.4155421196287169e-08	1.41692156838739e-08	7.933996810948232e-09	2.2807169934512093e-08
YNL078W	-18.251989183446263	0.3938521207002689	1.2714937683533005e-08	1.279070940908512e-08	6.189000883385844e-09	2.261286879373971e-08
YLR185W	-11.996036201418017	11.75308947468113	0.15877480648887385	0.18085809729075894	5.772165214463646e-14	0.9997102122973588
YLR136C	-15.245760832950461	1.650915055228374	9.885323265291164e-07	1.2058495331556952e-06	1.6295147206101918e-08	4.660149971906481e-06
YPL127C	-16.411714128415902	2.794604949063682	3.009837708132391e-06	8.031925150659436e-07	7.123855607760214e-10	3.832286798593255e-06
YKL213C	-18.384476588304956	0.3239897712324788	1.0916180343371655e-08	1.0927795891538427e-08	6.081912097103533e-09	1.7658592045869688e-08
YLR290C	-16.9933716355526	1.8374632639082205	2.361884026458253e-07	2.62577465424093e-07	2.0405366504058717e-09	9.351081175230313e-07
YDR425W	-16.50430890169168	0.5492390131401521	7.921786734472766e-08	7.896190748840708e-08	2.7511369641953677e-08	1.674488118845371e-07
YFL051C	-17.851409603602356	0.47953953858540305	1.9692762284008304e-08	1.9764518914857483e-08	8.010303814243633e-09	3.870921441514241e-08
YBR126C	-10.392784255783178	0.19101583713640385	3.118450968367788e-05	3.162523188331512e-05	2.271113080132327e-05	4.245790175686549e-05
YLR354C	-11.355014236986742	2.218176731332894	0.0001374388973185226	0.00021531825450990324	5.960191288730535e-07	0.0007470562985380009
YNL158W	-17.541612844092874	1.6466624963184024	9.382586602295738e-08	9.67334052965625e-08	1.6047237881636151e-09	3.6826339634327125e-07
YDR062W	-10.937648602500255	2.049568055750241	0.00013712525785889546	8.02440301310573e-06	3.241415531857381e-07	2.669590623073688e-05
YGR078C	-14.03295373155647	8.395557659894443	0.046905271522297044	0.07384752215667689	2.637643343928671e-12	0.7711654633993373
YDL155W	-17.29007661385635	0.9263168973921821	4.933657699148167e-08	4.777099149631713e-08	6.7492460859035805e-09	1.4279274663642954e-07
YDR298C	-13.403386054088466	3.005641425891778	0.0001979003110338342	0.00019638959607473693	1.4496333887372398e-08	0.0004074765408332883
YNL087W	-18.193973496928216	0.2187498098570811	1.2845713980402628e-08	1.284975901389372e-08	8.753526611151453e-09	1.7971334454523633e-08
YCR018C	-17.798998375649667	0.3806521743125919	2.002003495924424e-08	2.0008346785910842e-08	9.949268538180809e-09	3.47857746913521e-08
YEL054C	-11.042886146861699	11.57027687393023	0.168813105264901	0.21892423275028766	5.037366174114132e-13	0.9999055452146252
YGR203W	-16.599207796499236	0.9507304566134825	9.730786162698036e-08	9.744331572988981e-08	1.2937630794405703e-08	2.9619506267335186e-07
YBR239C	-15.980787670520792	0.6478307929403934	1.411955079614989e-07	1.4127600003100014e-07	3.9479550931570285e-08	3.319640200695919e-07
YHR065C	-12.447644584234647	0.34546253948577615	4.163811862648182e-06	4.251613200265226e-06	2.2593301412786697e-06	7.086873803045629e-06
YPR112C	-16.90398107321466	0.31713639148608025	4.7981940474302974e-08	4.789760895325204e-08	2.703410354409439e-08	7.670353942120335e-08
YEL059C-A	-16.330091021250105	2.0310772052146193	6.181237637916792e-07	5.040928999056513e-07	2.8359437526516073e-09	2.0461617734228665e-06
YPR167C	-14.417285093743837	7.203445068220321	0.02638194983035719	0.0434973929839175	1.439437855829945e-11	0.2921467306702443
YLR069C	-12.79676427226236	0.03603245180380831	2.7712857529424703e-06	2.7717467455586556e-06	2.6104672517808773e-06	2.939010935674413e-06
YPR108W	-13.8293262151064	1.1307286270732624	1.7933478319961228e-06	1.8053901851328135e-06	1.538134290239254e-07	6.132597620744401e-06
YDR367W	-16.591381698854953	8.127501196926314	0.022867624546346162	0.03791030528133472	2.4501520157821543e-13	0.20178457683683396
YPL274W	-16.53224593167483	1.0263899058715134	1.1268784862490248e-07	1.0660482192480334e-07	1.205531731835233e-08	3.376166024010145e-07
YDL066W	-10.307522350857605	1.025560834705671	5.762460698887761e-05	6.957292164506858e-05	8.820499996616908e-06	0.00021283851094747625
YIL021W	-10.809216576192691	0.6196522447086436	2.441302891734011e-05	2.2342167258551878e-05	7.1786846969367e-06	4.87998228037448e-05
YAL024C	-17.784006106457078	0.1568662130512458	1.915099592023213e-08	1.913583659950093e-08	1.4602903294381044e-08	2.4460218083639288e-08
YOL053W	-17.613555524608223	0.9344430923186584	3.4797190463582043e-08	3.431603924520609e-08	4.797518577891598e-09	1.0286100326895295e-07
YDR018C	-18.103674174163594	1.238317697179552	2.961370575242366e-08	2.852535898116947e-08	1.78008033341687e-09	1.0138565236447275e-07
YNR051C	-17.372991749089984	1.357564296643411	7.020289574980884e-08	6.791306487926385e-08	3.029627682092899e-09	2.5356694260675287e-07
YML052W	-14.954184590599604	16.613389592683113	0.18381687948131245	0.30106107447842373	4.3075620245635757e-17	0.999999897768195
YNL031C	-10.476904673437227	24.34849438620275	0.33332770845976484	0.40180029835537956	1.9526004246633832e-21	0.9999999999999825
YNL201C	-17.26597727690109	0.5524032016557435	3.7086233387134956e-08	3.67850628563722e-08	1.2755379348261276e-08	7.824027978011182e-08
YMR247W-A	-17.487208533210783	0.7458332363967923	3.363286992769738e-08	3.3432922277153006e-08	7.439481809095948e-09	8.612206898218135e-08
YPL031C	-10.417086561029416	4.400779286096582	0.014983859211855105	0.0205660969946738	9.490773136304962e-08	0.07924571113202666
YDR363W	-17.824531490413342	0.894514622841855	2.6895164476914324e-08	2.6994745232624572e-08	4.161427563499537e-09	7.871903266312165e-08
YDR459C	-17.507776724284618	0.6931104647458114	3.20691302005826e-08	3.1698129779148565e-08	7.967310620835431e-09	7.791598582365472e-08
YDL085W	-14.952404988457554	0.7983603172689121	4.39145668630746e-07	4.191370667748077e-07	8.464142658409353e-08	1.1147956407943396e-06
YMR241W	-11.279005380457372	16.06236200027868	0.24551003293174672	0.36445516439986986	9.348811064187249e-15	0.9999999872264228
YOR189W	-16.93680931918147	0.39092385715661254	4.737140525050462e-08	4.756709595560461e-08	2.3168071168272772e-08	8.378560530804005e-08
YFR008W	-17.687925346276593	0.44002930124344447	2.2962621844133497e-08	2.2923718529187368e-08	1.0089627365742095e-08	4.2882718321133e-08
YDR264C	-16.290145650819746	1.0627378510274168	1.4643937693406862e-07	1.5091995929924937e-07	1.4707465745137593e-08	4.935836430212833e-07
YHL033C	-13.088726576003817	6.704392891104642	0.029103744378564656	0.04616260705419863	1.2698777750818484e-10	0.33230696207886706
YNL133C	-17.720700958970106	0.5439352048913981	2.362269928969467e-08	2.3347258620539524e-08	8.230203733222944e-09	4.922730975385397e-08
YIL161W	-17.799081219208297	0.25033345356520786	1.922709624498559e-08	1.9209093576929933e-08	1.2329495358974285e-08	2.8094495274621858e-08
YOR389W	-17.615004746207838	0.598027912500615	2.6833871008665183e-08	2.6784892510458314e-08	8.36893300951543e-09	5.985923453940913e-08
YPL234C	-12.741727766981919	10.762515956496166	0.11895472472321234	0.1596209714151237	2.6352870242639957e-13	0.99823874999721
YPL109C	-17.425984873895636	1.0334573762308612	4.644013351223352e-08	4.6184628185115305e-08	4.939579793895722e-09	1.480102469526989e-07
YBR249C	-11.087112065318204	3.5169868002121696	0.0025287155904113634	0.004462788079079858	1.835980115131446e-07	0.010716829056777765
YGR224W	-18.556848448461956	1.3138684580772646	2.0971795364982932e-08	1.8850320823785264e-08	9.883990389182534e-10	6.907402087817079e-08
YLR153C	-10.770686434750084	6.201220823204217	0.046489750505901685	0.09120611605375221	3.522444722396319e-07	0.7783235881658379
YLR385C	-17.634801075903802	0.4247629132072657	2.388783781605859e-08	2.399840699153285e-08	1.0903296229273097e-08	4.4072026054256994e-08
YPL250C	-16.964798817677497	0.3046042899302306	4.499829887982495e-08	4.4906733946662297e-08	2.5969332829349155e-08	7.074223482122043e-08
YNL212W	-17.702452945400132	0.3140011500465552	2.142002226323723e-08	2.154718937125987e-08	1.2234895253503372e-08	3.4375139042183574e-08
YOR304C-A	-17.009836842765203	0.4356548079113157	4.484861214609674e-08	4.5056371490537174e-08	2.0007259146938764e-08	8.387842966252331e-08
YLR263W	-18.819270569504575	0.7135265076615058	8.677809106228771e-09	8.65752427035273e-09	2.075639902705667e-09	2.1684099749895304e-08
YMR324C	-17.437590823618798	1.9890083473678517	1.9189205651492737e-07	2.0232694809733415e-07	1.0139229314076875e-09	7.203963372032102e-07
YNL146W	-17.633537001202917	0.5240045504989754	2.510756675525266e-08	2.5190896816532102e-08	9.271280036347232e-09	5.198000753549424e-08
YDR065W	-18.330283790005474	0.28864058912325935	1.1388082702516742e-08	1.1410891524146724e-08	6.808545530006726e-09	1.7589878995533597e-08
YDR096W	-17.71995469607004	0.19739786559310846	2.062330724391087e-08	2.0543300725849e-08	1.4560068938856963e-08	2.7865569461127315e-08
YOR369C	-10.765811302692734	17.296281919892728	0.26667600856503687	0.328737295702202	8.98776975626762e-17	0.9999999960382004
YDR531W	-15.899246953068491	1.1313972996823594	2.343607457879548e-07	2.4470983205790576e-07	1.9459623422820248e-08	8.314284062070361e-07
YHR080C	-18.670026476197513	0.2635976419155598	8.08095585573459e-09	8.068387231180177e-09	5.049093867423167e-09	1.2023320165111521e-08
YNR049C	-15.362685012551944	1.9546301871497853	1.3571668155132218e-06	9.146319979383849e-07	8.281352859237922e-09	3.963949129854069e-06
YLR055C	-17.58453274421567	0.7323445277584374	2.9968309625440185e-08	3.007084167373918e-08	6.901291732116094e-09	7.660989835383478e-08
YLR411W	-14.580378886305832	9.543122014356898	0.07014322477032306	0.10407571051695792	3.977682808429842e-13	0.9563789914006318
YDL100C	-11.689846534100932	0.9214795649115247	1.286121199902697e-05	1.2017115783397347e-05	1.909275431760764e-06	3.360326784580161e-05
YJR091C	-16.16686030197247	0.8576678952567771	1.3831085441977148e-07	1.3840912167298324e-07	2.326487424937069e-08	3.9311429975956937e-07
YKR039W	-16.382943041863605	1.0622831873231107	1.3762971587109725e-07	1.2754459564955395e-07	1.3187983432021682e-08	4.1217475046258374e-07
YJR048W	-11.436701016785216	12.359178864742356	0.17989569214789441	0.21350782943141342	5.236637942363156e-14	0.9999489443156294
YPL193W	-18.153479000401553	0.2629795123409201	1.3551051994507537e-08	1.352127848961018e-08	8.47206311137022e-09	2.0124902291533022e-08
YKL189W	-13.744344851374033	2.6688232393389906	5.131972431751404e-05	3.246496060457512e-06	1.117533574845369e-08	1.4906629547449095e-05
YPL119C-A	-17.624453424586086	0.3197111065199667	2.3294850660712416e-08	2.3330071874913325e-08	1.3097054937324473e-08	3.7495248012561524e-08
YLR420W	-15.247631470084295	3.0389763376731587	1.6715963001213567e-05	9.79312570566058e-07	1.281552596088396e-09	4.8924982733435745e-06
YBR052C	-14.909118267555593	0.701554274711557	4.268196048080556e-07	4.2897576263477814e-07	1.0564829328531017e-07	1.0634790966910453e-06
YGL216W	-16.70068264344531	0.24417191737449714	5.772027634885573e-08	5.7501647794087595e-08	3.734307898375174e-08	8.335137475676156e-08
YIL147C	-17.761405847872943	0.08166142198918344	1.941555526014038e-08	1.9396926737537284e-08	1.690144567091075e-08	2.2110650942418574e-08
YPR188C	-17.359155684208368	0.5494426952009723	3.355903558367486e-08	3.3627622022251596e-08	1.1708281531153644e-08	7.137329700052432e-08
YIL015W	-18.397210448159008	0.12810235902708594	1.0330271673164905e-08	1.0321632238713512e-08	8.292334617231585e-09	1.2636307582297946e-08
YER085C	-17.701102923479034	0.15283516398270347	2.0773422932927566e-08	2.0776858244242294e-08	1.5970679006279877e-08	2.6399016215948435e-08
YDR454C	-13.15663536340521	2.3404701375860584	2.93819580192371e-05	4.41641767912404e-05	4.97814092351979e-08	0.0001455625470801652
YML034W	-16.996400676079197	0.29633967890709845	4.334853980465629e-08	4.338599404706946e-08	2.549413696714295e-08	6.758492546914648e-08
YDL223C	-17.905187040560982	0.2671951328707356	1.737195678950996e-08	1.734307451467226e-08	1.0784659669542493e-08	2.596501792583854e-08
YLR403W	-16.30043724388174	0.74396413254737	1.1108605070302561e-07	1.103581028835017e-07	2.453803703139126e-08	2.846854081894966e-07
YPL190C	-18.086103889939245	0.18605152368391406	1.4267192172629043e-08	1.4216256514788188e-08	1.028633251255027e-08	1.8971016493907304e-08
YPL096C-A	-14.169227038096276	8.331658397976458	0.048512657409113785	0.05559909940746435	1.1235299339515058e-12	0.5239812511930615
YLR287C	-18.162111286766	0.20285835843893327	1.3225973527226215e-08	1.3219381918075409e-08	9.273261370744791e-09	1.8074908823905383e-08
YAR027W	-17.40594613772641	0.5626655799601123	3.250240887501864e-08	3.2287703500377784e-08	1.092282275461295e-08	6.94831183911399e-08
YNL145W	-15.174124102334597	3.185882850613252	3.1020062672977205e-05	3.0034752660566093e-06	1.1802611510436362e-09	1.2064964627809438e-05
YPR132W	-13.175090803059854	24.891279677267352	0.2998407349342143	0.3731673727768505	6.211157565276291e-23	0.9999999999999347
YJL002C	-17.35753614688742	0.3602155363244874	3.09465063114098e-08	3.089770746634097e-08	1.6009589808520864e-08	5.236672685810777e-08
YFR041C	-17.952630096847265	0.3613910130206654	1.7113454513264837e-08	1.7043338526285708e-08	8.807310031799172e-09	2.89199831163466e-08
YKL075C	-17.082760847720188	1.3128480258839035	9.10022047072986e-08	9.172679489916619e-08	4.406220796999162e-09	3.3522381534255873e-07
YIR037W	-14.552949146826856	1.1474469837764807	9.35600124041582e-07	9.074843506760596e-07	7.217796969816282e-08	3.1009449022338568e-06
YLR292C	-13.592480325395579	2.056705915579669	1.1386105828959292e-05	4.888266876298378e-06	4.0375024237309704e-08	2.0567260364795456e-05
YCR061W	-18.293776228086195	2.002855026278815	8.405958683026342e-08	8.251299049295676e-08	4.2099437715085867e-10	3.0813083679275964e-07
YJL103C	-18.205480162280715	0.7428723335652635	1.6074185599999185e-08	1.631071193247564e-08	3.6495298179670307e-09	4.1939080582395074e-08
YPR184W	-16.497393328340827	0.2985768624860293	7.168284700183526e-08	7.150060415253514e-08	4.1836475850061296e-08	1.1167439200640249e-07
YGR110W	-17.71127732970576	1.7618965979607812	8.983539604007227e-08	8.697562083030071e-08	1.1141508252935376e-09	3.505480580668759e-07
YIR003W	-18.846822719327015	0.31365078648250533	6.841731016288117e-09	6.858783707303447e-09	3.8961808894332875e-09	1.0934092095416543e-08
YMR301C	-16.169432360989	0.3020475891619087	9.962688680631707e-08	9.938037929571792e-08	5.7771324306250876e-08	1.5597944432768933e-07
YDL159W-A	-17.27305330463509	0.7238955566128588	4.110920889400967e-08	4.095244901715706e-08	9.57762867817054e-09	1.0364741702732623e-07
YDR220C	-17.643330446670866	0.41987494693019833	2.3709151085806048e-08	2.3754489259425382e-08	1.0898052806015667e-08	4.3377586189066807e-08
YMR224C	-17.82861736401623	0.5383993860271888	2.0934650930199346e-08	2.0853141914598132e-08	7.443026399207051e-09	4.367824724673309e-08
YPL088W	-17.425028341699495	0.4206568737593564	2.9217087428047965e-08	2.957743271104036e-08	1.3548446064693329e-08	5.406586706385778e-08
YCR098C	-14.702736945292552	0.7113318539931492	5.227121373855772e-07	5.115036149844761e-07	1.2577287409584256e-07	1.2635730580066352e-06
YBL029C-A	-14.602616760327644	4.0513286238624	0.0005899943514291559	0.0007267537168819841	6.739907649484781e-10	0.0005687132801025885
YBR072C-A	-17.64439180399581	0.394148155878933	2.3595121367370593e-08	2.3475619923540125e-08	1.1357559968442712e-08	4.151157541314691e-08
YDR400W	-16.925003451987273	5.817840995457733	0.0031554942790231787	1.4496673463498852e-06	1.9917644545908473e-12	7.751988238242899e-06
YMR242W-A	-17.083333112991518	1.0448953458873094	6.556855217892574e-08	6.578652451028775e-08	6.82858153619019e-09	2.1245883628206252e-07
YDL229W	-10.046598393696465	6.185853574550876	0.061971704703613205	0.10167790683030736	3.358197407047186e-07	0.8393308751612838
YJL056C	-18.74244566301872	0.12839255325800303	7.3131912171092404e-09	7.308476300190988e-09	5.867411278022731e-09	8.951453381200889e-09
YHR006W	-18.101986532948054	0.11242533051621804	1.3862007077481749e-08	1.384048848427325e-08	1.1431167491928432e-08	1.6544191378959927e-08
YJL159W	-14.727602371204691	1.2298801101355428	8.457566727750807e-07	7.731552381019606e-07	5.2290267169908936e-08	2.736583658456349e-06
YMR219W	-17.900934258411276	0.20027266724969497	1.713287672484283e-08	1.7142386958343413e-08	1.20845615655649e-08	2.334752795078389e-08
YMR252C	-17.041101057425244	0.9402667793930459	6.273534675411653e-08	6.038319186243282e-08	8.397519925636246e-09	1.8105095693433173e-07
YJL106W	-13.017070729992108	0.2428116290907987	2.2791313931713647e-06	2.289890105517718e-06	1.4909453253226964e-06	3.3129963584584977e-06
YPR057W	-17.802475882727727	0.20782953202871088	1.89099888485618e-08	1.8955328488938792e-08	1.3178479774121535e-08	2.6101610270244177e-08
YHR170W	-9.338022679549747	1.6188851439644139	0.000336349823966204	0.00041168058564664396	1.345539103889818e-05	0.0015462633399768086
YNL176C	-18.394790237803086	0.05799852898877101	1.028410789433454e-08	1.0279460672663145e-08	9.327595474378143e-09	1.1288542823735791e-08
YNL278W	-18.530272017343073	0.24372513104055732	9.240917757449341e-09	9.231663602094282e-09	5.999550963075054e-09	1.3382033097941411e-08
YOR304W	-15.8342449107085	0.8715485254220686	1.883354334441307e-07	1.8577351971180626e-07	3.118738623320382e-08	5.261085078670793e-07
YBL058W	-17.2268992482795	0.29992686749950304	3.4575850543269174e-08	3.447833128611078e-08	2.012650610480276e-08	5.3962846950160554e-08
YKL018C-A	-16.98955576132807	0.9394181360734988	6.581755495635369e-08	6.512786652762273e-08	8.920933428213253e-09	1.9647252106993768e-07
YDL218W	-16.93784548671551	1.8251047843200952	2.3407235785749193e-07	2.7878698566241713e-07	2.207695374874191e-09	9.851446535882061e-07
YGL003C	-12.041183836380648	0.7564607640077428	7.78927143120613e-06	7.600774446696997e-06	1.7426265783789974e-06	1.8869714840378506e-05
YHR039C	-12.645867689855502	1.1483930534947306	6.110156830224905e-06	4.570796360965708e-06	4.7292181121903577e-07	1.4138575462297368e-05
YJR007W	-10.136070244182472	4.164121025442837	0.012589946889612456	0.018059615128573788	1.8186803793503313e-07	0.06620097536339922
YJR066W	-14.226874052394985	0.18511031803089756	6.738227235158894e-07	6.770312851297773e-07	4.905100982736841e-07	9.023817611690387e-07
YBR021W	-14.00485539512824	3.495735532966845	0.0003064729873038845	0.0009327361867467681	1.1723286487102372e-08	0.0019123071011369625
YOR265W	-15.333130905019923	2.0448845602670285	1.960900831554087e-06	2.08366142404264e-06	7.71165742886719e-09	7.461390702119453e-06
YNL257C	-17.894999086224693	0.3763017870015987	1.8178890118194784e-08	1.8156529379487897e-08	9.109006615703779e-09	3.139559686401562e-08
YGL153W	-16.77576231071084	0.21472543381103457	5.2985116302367096e-08	5.3009779934568e-08	3.637727184279991e-08	7.372747851817211e-08
YLR009W	-11.509578983001981	22.147537674245342	0.30290477317692205	0.3982682717603589	8.587645513729183e-20	0.9999999999991496
YAL064W	-17.56660874524909	0.32644148542614304	2.4894540950131294e-08	2.4778460788673965e-08	1.3731224832303591e-08	4.019094434505719e-08
YKL157W	-13.036749435989757	0.23319661628482435	2.241318139048428e-06	2.21850977868104e-06	1.4746825681358382e-06	3.1618697875870226e-06
YHR079C-A	-17.399786327377065	3.6527731802158434	1.4649273894730214e-05	7.392321020060949e-07	6.1395847638115e-11	3.2524663139414164e-06
YOL051W	-17.221650472573806	0.1228541371560323	3.339494424959904e-08	3.3420300254944947e-08	2.709975381180693e-08	4.058950076708966e-08
YDR436W	-15.584669640874333	0.427293404776965	1.8748976563369061e-07	1.8712901695162716e-07	8.44700783255891e-08	3.4499486917581794e-07
YMR283C	-18.048721031745067	0.17179970426061902	1.4735546169694675e-08	1.4720765423072259e-08	1.0931685219527556e-08	1.923774612211628e-08
YOR231W	-16.810298839704906	1.0130225569178977	8.485336778757304e-08	8.386999513628897e-08	9.455351216688002e-09	2.6576032482018066e-07
YML051W	-13.815527454681567	2.0371499862436444	7.2615906488212035e-06	2.9109931964466587e-06	3.305005269565221e-08	1.2671154496583505e-05
YOL096C	-16.106237800785443	6.09344516115891	0.005943633586158697	0.011816811590679897	1.144243880394426e-11	0.016722496660827913
YIL064W	-16.870247086456352	1.098555440518657	8.844304708276832e-08	8.688902699179433e-08	7.749992767945922e-09	2.897134932343744e-07
YMR012W	-14.487585777759657	0.20869538802324764	5.229025836569085e-07	5.191698060229367e-07	3.6069830778250195e-07	7.152490999191421e-07
YPL226W	-11.68514156658143	0.12699989111290866	8.472459119693523e-06	8.44052801219091e-06	6.805927412760464e-06	1.0295942255653736e-05
YMR013W-A	-15.456101273238298	0.3296239129749103	2.0583488790305002e-07	2.0457488680421374e-07	1.1266483688449622e-07	3.330621011917909e-07
YER167W	-18.055887178289545	0.29962839246989814	1.5102640270844837e-08	1.506228815641568e-08	8.793573131925723e-09	2.356534615080198e-08
YOR078W	-17.377922930555492	0.7571445687847305	3.824316573049426e-08	3.7654523483337824e-08	8.145322686290184e-09	9.809854481407148e-08
YIL125W	-11.417634146594489	0.03313951049999976	1.0995994918014692e-05	1.1005388014294559e-05	1.0415547576073954e-05	1.1615321965764401e-05
YDR306C	-16.363970442290288	1.4814597360724473	2.3694617035061647e-07	2.49088141565223e-07	6.885780147302532e-09	9.446044698129579e-07
YOR091W	-12.6229974001189	0.5718707754284693	3.845569832553916e-06	3.6230779105962665e-06	1.2457986668084015e-06	7.66154480428479e-06
YDR316W	-17.129141721285983	0.9839680047388368	6.037384496343339e-08	5.849490825021739e-08	7.187782160877174e-09	1.8129405345347597e-07
YJL014W	-9.750073485513846	1.61533203742893	0.00021730291933928545	0.0002906319176223706	9.820844547639865e-06	0.0010832817803424367
YDR310C	-18.28908098043116	0.09160189295475123	1.1445360373347964e-08	1.1454146221592865e-08	9.809550062148938e-09	1.3259577576671282e-08
YIL026C	-17.608714962284417	0.969032056063869	3.5691686516418206e-08	3.5998616445229297e-08	4.574637872033037e-09	1.1072210302091011e-07
YJR110W	-17.6077900942118	0.5957549647043017	2.6677526462666436e-08	2.6927877899162738e-08	8.461106599194064e-09	6.006765126849614e-08
YKR058W	-18.222636674495284	0.30378228017742315	1.2774094014519305e-08	1.2757475828943965e-08	7.392248781346126e-09	2.0072847022950217e-08
YKR093W	-14.73563882985122	2.811104300220835	1.6828604405366337e-05	8.734171423979226e-06	4.722722027812818e-09	3.917401284767724e-05
YDL154W	-18.768663160059937	0.5113878858939334	7.983002862609794e-09	8.035191038573024e-09	3.0396766746581756e-09	1.6335859641613266e-08
YEL018W	-16.323838829842266	1.7832453709370328	3.9361475843530324e-07	2.9815696044258403e-07	4.246424495273282e-09	1.26347108941267e-06
YOL064C	-14.430142343561736	1.279917520672065	1.2274010048008401e-06	1.0380593248423812e-06	6.427223122033712e-08	3.7387272161475967e-06
YMR194W	-12.205474007810105	10.821494568398288	0.13110021505484973	0.15635811009833447	2.1719988242260622e-13	0.9983847907611922
YJR135W-A	-13.685897229640384	8.950656698384469	0.06277514796678739	0.07914015574836746	7.800036087294919e-13	0.8506129888922729
YDR123C	-17.614253927801606	0.2432622452435639	2.3025789280683643e-08	2.3072204210633495e-08	1.501206389282442e-08	3.342050495693296e-08
YKL019W	-17.261502138070632	0.572013094332823	3.7329198597754254e-08	3.746396521166766e-08	1.2416072837096955e-08	8.144752205302257e-08
YBR250W	-17.565306126366472	0.5232675725904377	2.701555546462353e-08	2.6979087218140826e-08	9.94632485445967e-09	5.5629644520860175e-08
YLR459W	-16.264554956135676	2.194686306329739	9.39571847559113e-07	5.16093159238555e-07	2.2714877870060995e-09	2.3363262914629193e-06
YOL100W	-17.63360063899831	0.35342683301707783	2.3276350698465647e-08	2.336862085430988e-08	1.2276968823579273e-08	3.92483212311165e-08
YML016C	-12.009901032776677	0.38330929652748624	6.549632093407009e-06	6.434233098438364e-06	3.2264936085932225e-06	1.1063161075420364e-05
YDL153C	-17.743855578672942	0.4295357776131566	2.1638043891893273e-08	2.1566132773278597e-08	9.700251552959845e-09	3.982945327428745e-08
YER181C	-17.171890935970573	1.3967672420386026	9.36804849843553e-08	9.038300128405548e-08	3.4878038623663203e-09	3.3998164270898535e-07
YML072C	-17.241013643150787	0.09323267343810004	3.2709487520500117e-08	3.267249463672753e-08	2.7903120849635943e-08	3.791957260638318e-08
YPL016W	-18.231020935513648	0.2591555103085534	1.2532040883908299e-08	1.2502086109812482e-08	7.889467087025934e-09	1.850668107646228e-08
YMR212C	-16.09494094285123	0.4866996598654719	1.157371935515406e-07	1.1533204458791139e-07	4.595768984392084e-08	2.280824358290931e-07
YOR363C	-17.45147312402782	0.20923842411353413	2.70019088385474e-08	2.6944860079827448e-08	1.8682792541350727e-08	3.7187863375144415e-08
YCR044C	-16.83728320593304	1.5877030639109668	1.7018975858531304e-07	1.6213311232351195e-07	3.557956269793064e-09	6.436854730040192e-07
YBL076C	-10.712608052956918	0.15610601471940017	2.2525106436204883e-05	2.1887305758006983e-05	1.682500091458002e-05	2.7804333698074574e-05
YGR158C	-16.98891373056626	0.32245882887669486	4.447965371990132e-08	4.406944443824598e-08	2.4616150969174653e-08	7.107626026944517e-08
YLR146C	-17.63223015501803	1.4841419055721996	6.514409985954077e-08	6.575898654829154e-08	1.9103759843350795e-09	2.5155117391829353e-07
YBR288C	-14.652866751909594	1.3170827430363816	1.0446936793672948e-06	8.578272698577671e-07	4.825245101541551e-08	3.1384568252067926e-06
YOR356W	-17.653881296392633	0.3361587079645577	2.2655013162091395e-08	2.276887774547866e-08	1.2377465001743321e-08	3.738530928901597e-08
YLR231C	-14.719059790594608	0.6618092296368077	5.015772802333482e-07	4.816325641223106e-07	1.335362816118862e-07	1.1304562176799874e-06
YMR255W	-16.928809366153423	0.3839163451233944	4.79938569969557e-08	4.78437879320238e-08	2.3625186375249847e-08	8.354378093302272e-08
YBR172C	-18.773975573833873	0.43991962626743325	7.653110080040538e-09	7.736591155538394e-09	3.4063389512090747e-09	1.4472328883588672e-08
YDR406W	-16.64492066179168	0.27059888979883057	6.114598180481576e-08	6.126620706988166e-08	3.783443136980139e-08	9.215488088918885e-08
YCR021C	-17.362103478783816	14.34471031639213	0.11633702796972589	0.20991158025709625	6.41037019568277e-17	0.9999621747093602
YPR138C	-14.023912137222348	11.843764957999873	0.11577460808714314	0.24064344055251974	1.3537273029792057e-12	0.9998942455554773
YDL232W	-14.976061260204867	5.053094129934441	0.0021660343049600813	0.0029788217453083363	8.272908618046329e-11	0.0015978461925994978
YJL174W	-17.16548306983254	1.3980785707032972	9.095314958009213e-08	9.556011041549667e-08	3.526233488823155e-09	3.561917531910061e-07
YNR004W	-17.047504161099774	0.5261988052836587	4.562902037584958e-08	4.5354872659765375e-08	1.6612963203300602e-08	9.381642382761671e-08
YLR239C	-17.008912525366163	0.5913566999010734	4.908601959153045e-08	4.892250008543074e-08	1.5511668078602586e-08	1.0864223589383939e-07
YJL048C	-17.13022511359754	0.7178129981038349	4.718729215436751e-08	4.694828819971131e-08	1.1146384659842454e-08	1.1809864749119992e-07
YGR184C	-15.943125272541645	0.20653118133189605	1.21559850336488e-07	1.2164905413143362e-07	8.478117591183304e-08	1.67204212050763e-07
YHR198C	-17.816849525662242	0.630356759283411	2.232658768769682e-08	2.2256632349579187e-08	6.471995421538439e-09	5.138241854487241e-08
YJL173C	-13.385953062043834	4.738022168865801	0.004218397763376121	0.00550731925403699	8.910152252502636e-10	0.006538709421942239
YKL108W	-18.122671233338174	0.4476074700362638	1.484464625036807e-08	1.4876448025634934e-08	6.446774685808337e-09	2.8071202853041053e-08
YPL065W	-16.281060122801996	11.392986100496566	0.07925418326493414	0.12600983764491305	3.959746119512501e-15	0.9926296909125855
YBL016W	-11.973849762341112	0.16956936425748173	6.394657340036929e-06	6.451950701633091e-06	4.806871871544004e-06	8.411014747275051e-06
YPL029W	-17.827287564484273	0.5160131085510178	2.064257961583339e-08	2.0663829364878144e-08	7.739439878851958e-09	4.223081071678975e-08
YJL081C	-13.932543750263855	1.6592305481462246	3.4911126705647947e-06	3.8316155864004715e-06	6.269882314792792e-08	1.6414714244523127e-05
YNR034W-A	-14.779079852561106	4.047675711692114	0.000507599464833282	0.0006279631785311678	5.609736470112326e-10	0.00046760823698302224
YLR258W	-11.916631840104808	5.309110973936798	0.015666276947098438	0.038034557065544206	1.1510211920955748e-07	0.22332820480398227
YNL279W	-18.439495966414093	0.6722611170844025	1.2286808650692486e-08	1.2296164056177482e-08	3.2441340958722084e-09	2.9622665228498975e-08
YOL082W	-17.754027221239944	1.064228163667379	3.4392553191966705e-08	3.396171957824904e-08	3.371019417076858e-09	1.1082312952462654e-07
YHR178W	-16.157832786361674	0.34348300562624096	1.0191877849083319e-07	1.0202079042317564e-07	5.4650877669330776e-08	1.6918619576984989e-07
YDR007W	-17.492579543258167	1.0799069637846568	4.435440329199922e-08	4.497579477965301e-08	4.273997835981801e-09	1.479281402481183e-07
YCL051W	-18.213149695650777	0.16680480303511253	1.2503434131628161e-08	1.2478474707678916e-08	9.353290000432802e-09	1.6187465198566067e-08
YAL064C-A	-17.74507759068451	1.2026558028091714	3.996491293622876e-08	3.735977421123069e-08	2.671238362220402e-09	1.30059221113726e-07
YKL116C	-17.568053589079632	0.2293557901241561	2.3995326189613856e-08	2.40834984808192e-08	1.608569069315895e-08	3.4196638149504606e-08
YKL004W	-13.768146985815244	2.107141243459628	8.5889563813417e-06	6.15695215543359e-06	3.48007180023819e-08	2.6778550045826042e-05
YMR273C	-18.788624822475818	0.2832884726660821	7.2032994463427876e-09	7.202622734277798e-09	4.341362432784972e-09	1.1025239851645397e-08
YJL042W	-18.06641672990458	0.3359900220249378	1.51130433139847e-08	1.5078546269151836e-08	8.200190957091813e-09	2.4754396308844232e-08
YOR085W	-16.624347330282895	1.3126666357011016	1.4359842727424997e-07	1.478700175866922e-07	6.985450190048359e-09	5.389997618314476e-07
YML058W-A	-13.968187279119727	8.522759520565982	0.056624245961258896	0.06272882837642671	1.0253713359934206e-12	0.6511814061596223
YPL279C	-17.512237265699646	11.193784116892754	0.05715436992647369	0.11746874659674579	2.8045998004719572e-15	0.9854403078488775
YLR025W	-13.155602430103452	4.751679006737718	0.004417539243752781	0.007930402186604133	1.745926737891736e-09	0.01331853731306729
YHR010W	-13.603331063867651	3.505773908051686	0.0005118352134444816	8.51193347876895e-06	2.8580283538356024e-09	3.254617662364491e-05
YKR002W	-12.018684461484506	12.082784470672772	0.16532589041540574	0.3048100870856204	6.574035685795443e-11	0.9999878470026369
YNL024C	-15.36453810407779	12.226232947532415	0.10848467295208089	0.16559449126132594	3.6429984233627954e-15	0.9992773047796252
YGL070C	-10.483717807271157	22.81238672063937	0.3249051301100046	0.38541997370753867	1.6898735720083402e-20	0.99999999999973
YGR038W	-13.669239647971105	6.674395950463729	0.022927791602790012	1.3105496861991648e-06	4.521225488765688e-12	7.26625557315573e-06
YKR037C	-15.096794035162882	14.583120591037584	0.1520897575065509	0.24584525146305908	3.9464933975610406e-16	0.9999945079124601
YDL015C	-13.731413958587789	7.938145232570538	0.04738340771580568	1.0812023484725448e-06	3.451744601207742e-13	5.8914194041483906e-06
YBR184W	-18.479535699815592	0.2573740048668749	9.740495618553946e-09	9.74169768157302e-09	6.171532529140361e-09	1.4386316962042821e-08
YNL084C	-15.953182700753084	1.7484801178327172	5.394104602928111e-07	5.632282961574657e-07	6.701215694174815e-09	2.2444478147183768e-06
YBL046W	-17.699735766514046	0.31060353216303455	2.164718887323631e-08	2.1571950776784316e-08	1.2330813100204262e-08	3.4242507729802544e-08
YNL124W	-18.126257499877234	0.241453861072762	1.3854074899859504e-08	1.3817834407913306e-08	9.019951293620868e-09	1.9961491275400967e-08
YDR481C	-16.984222054864354	1.8506783808040321	2.196833331296276e-07	1.9924078619187953e-07	1.991365902056366e-09	8.224354779303767e-07
YBR013C	-15.208802318455989	0.42386906050585693	2.696411293475408e-07	2.6612991745392467e-07	1.219545792774351e-07	4.855394369761452e-07
YHR110W	-16.788912706856486	1.416721325038616	1.3999809951741354e-07	1.396084815132898e-07	4.972371275177115e-09	5.25741099557639e-07
YOR155C	-15.10140649321779	11.993174780716462	0.11206535641782094	0.211705138873353	1.0566786913241307e-13	0.9997681492829581
YLL001W	-9.818967422464036	0.18943058494006515	5.553352694033004e-05	5.455910013311221e-05	3.938474788308084e-05	7.295841390748083e-05
YOR052C	-14.284582918387011	3.627235953480823	0.00023937494322655276	6.850409697003402e-06	1.263692610151288e-09	2.6432203047855094e-05
YHL002W	-16.851327888049987	2.3586433317541005	8.017196033779334e-07	5.39941252597999e-07	9.920848980784777e-10	2.239657389970568e-06
YPL001W	-17.968560234957245	0.8695124870848225	2.2391622334161593e-08	2.2912440024037678e-08	3.754657497397088e-09	6.551243609862197e-08
YGL077C	-12.595108734342782	0.7370548321886254	4.474614478793309e-06	4.120343258162064e-06	1.000895758758335e-06	1.0028640137138063e-05
YGL016W	-16.2831945454463	0.5922753652826128	1.0099295040000485e-07	1.0149955918676315e-07	3.2062745574383804e-08	2.258857692678107e-07
YMR174C	-17.18196064663875	1.002788152599499	5.717628462384823e-08	5.665451374362916e-08	6.609744715725445e-09	1.7790117364278545e-07
YPL040C	-18.533408639422255	0.34934031886806277	9.494112166287134e-09	9.497766790337442e-09	5.0289175934145026e-09	1.5871254871957072e-08
YOR010C	-17.77105841202951	0.5769315861390816	2.2649856389424375e-08	2.258445103103661e-08	7.405716919091979e-09	4.932691143958803e-08
YPR189W	-18.50554500871744	0.3086273844235921	9.652123240561629e-09	9.633716849162804e-09	5.526451232855643e-09	1.5255011160773408e-08
YDL099W	-18.12785008127043	0.17110055137089097	1.3622618511533922e-08	1.3599700399859449e-08	1.011164393818427e-08	1.7753741491980606e-08
YGL178W	-13.044279897288058	0.1795875257424854	2.200770722573002e-06	2.2040219378418257e-06	1.6130275742725647e-06	2.9139703664050633e-06
YDR320C-A	-11.937800051579822	1.5555407482326309	2.2142120050996575e-05	2.426220453894685e-05	5.398940457175666e-07	9.354849225477578e-05
YAL064W-B	-17.38736356212116	0.5643674739854196	3.2783180567302356e-08	3.2962978078571076e-08	1.1106580894999897e-08	7.111275111949661e-08
YMR035W	-16.639824296428692	2.721676835696414	2.5090812873894092e-06	5.191705539515272e-07	6.319487357918433e-10	2.5120159939934927e-06
YKL015W	-18.09634104504307	0.13238035679638735	1.3944175682302458e-08	1.395525926286436e-08	1.1124654749537328e-08	1.7196154128964022e-08
YDR097C	-18.02192894290142	0.3356170322672481	1.5752798553934696e-08	1.5762768290203344e-08	8.578497511735501e-09	2.5864669609132065e-08
YMR019W	-18.54060267627296	0.39747578552450863	9.650305276008277e-09	9.598809859632264e-09	4.60984196642049e-09	1.7055908768047202e-08
YPR169W	-17.499523191822796	0.35029241071965345	2.6598987425015234e-08	2.6706275508441968e-08	1.4111125489931275e-08	4.4674401113469856e-08
YPL171C	-17.570082528783082	1.617926254417551	8.514569057355822e-08	7.977088745525042e-08	1.6225276928239138e-09	3.174265580041812e-07
YEL057C	-17.30537825915321	0.49006491098484006	3.4310124241348056e-08	3.4368092638124305e-08	1.3612166690043826e-08	6.820095205934758e-08
YOR186W	-17.68778971093065	0.6548526331608444	2.5823095982998712e-08	2.5775769593342706e-08	7.079610683447134e-09	6.104660128046394e-08
YMR214W	-15.840701609377854	1.1202810032888526	2.5425977607022357e-07	2.5151736265826676e-07	2.097491055271275e-08	8.483659982094965e-07
YDL193W	-16.8139183140674	1.6433774018488745	1.8595652611305558e-07	2.0022002043411073e-07	3.3490599885568893e-09	7.703384019649394e-07
YOR162C	-18.68952695751154	0.18339186794206735	7.806306594327216e-09	7.770504687929198e-09	5.65065973584403e-09	1.0330684295712298e-08
YDR528W	-17.499613434808403	0.25700428606445397	2.6030098409675082e-08	2.5962013314574503e-08	1.6459280128068803e-08	3.8321229660361874e-08
YNL100W	-17.02300915982864	0.5214651130501449	4.6445986715709297e-08	4.635514491320722e-08	1.7158009020038507e-08	9.539709991947559e-08
YPR093C	-17.92778869659464	0.37231493677563576	1.7639305710388022e-08	1.7532304185104322e-08	8.867886701034673e-09	3.016645169044407e-08
YHR139C	-16.862322236444875	1.8957614648255308	2.9591662132595796e-07	2.935632962553236e-07	2.107530360485705e-09	1.1242884268194776e-06
YOR175C	-15.406408959738608	0.2925800804867876	2.108459550448306e-07	2.1280953373675694e-07	1.2596965963595082e-07	3.298402898253349e-07
YDR186C	-18.127482102286145	0.5063600295421006	1.52042192255248e-08	1.524604991257024e-08	5.828965018818355e-09	3.0837391852625366e-08
YAL037C-A	-17.580865578486687	0.31296344220386124	2.442441609990376e-08	2.4317885997696216e-08	1.383339645994465e-08	3.8733822286712226e-08
YMR175W-A	-17.46231617230746	0.38514679097242094	2.8085142015284063e-08	2.8074250052485044e-08	1.3829175916521438e-08	4.9101329710477405e-08
YPL189C-A	-15.003059148316376	5.012955494568309	0.0024659187998695336	0.0029742942107770336	9.166990931592302e-11	0.00173355018220725
YLR356W	-17.003518593374743	2.0478216023764166	3.5478323834464976e-07	2.5777619762567205e-07	1.4068074037705033e-09	1.0751378933509785e-06
YBL052C	-18.611240905732252	0.18091647773841307	8.363625304989075e-09	8.401159949696531e-09	6.137538354913629e-09	1.1126577407908881e-08
YER183C	-17.246334931224688	1.861651089039036	1.9290128682117276e-07	2.030219803819652e-07	1.5182523408371005e-09	7.29895253527058e-07
YBR040W	-16.04470449465675	9.361463996455065	0.04779343682206233	6.014275577207992e-07	3.827281143971268e-15	3.476845976521072e-06
YGR217W	-17.35551394715089	0.38538799068456453	3.132140840183084e-08	3.125072785681982e-08	1.539129842472113e-08	5.469112223827628e-08
YEL020C	-17.910065174445613	0.4034974466973687	1.7999495162947504e-08	1.807147699638241e-08	8.574700104635534e-09	3.233964716465578e-08
YHR039C-A	-12.202290539041266	14.318808245067407	0.19934247228371643	0.2390011939230533	1.1703440051577257e-15	0.9999965903906195
YHL038C	-18.32558100728142	0.5274643650938728	1.2611801988826526e-08	1.2636251201768579e-08	4.614394440913364e-09	2.6167048538265464e-08
YOR335C	-12.639356250599073	0.0710989806482524	3.2507280195353373e-06	3.247566987384239e-06	2.882083608966244e-06	3.640772220066902e-06
YER101C	-17.597074881189606	1.1353750880909015	4.2051124102752386e-08	4.3745242973530346e-08	3.5202754598014545e-09	1.4857793635619713e-07
YDR389W	-16.74401245001804	0.6855669606585384	6.795645495935575e-08	6.7836550344722e-08	1.7333084537626586e-08	1.6571634835714543e-07
YLR059C	-16.429063102456844	1.297655209386413	1.6676105730415012e-07	1.6037261301191095e-07	8.578196540015242e-09	5.856571706917102e-07
YBL098W	-16.345064002781278	1.7106342660628113	3.5226419371471816e-07	2.2978508254398986e-07	4.586925010324736e-09	9.568617171628101e-07
YCL005W	-15.343926959751977	1.7064352534387452	8.926854709503736e-07	1.1904682344237732e-06	1.3458611359650279e-08	4.579661596159604e-06
YOR171C	-17.578328403212204	1.5501537749791312	8.002391825867665e-08	7.567253828015028e-08	1.8085203304542532e-09	2.9440697736062845e-07
YFR010W	-11.290824104363262	1.4276302035362156	3.520486179990332e-05	5.7284580684043746e-05	2.220317126960379e-06	0.00020544954119518347
YNL090W	-13.604512579041463	2.31155713747268	1.823684216717604e-05	2.7029796188306384e-05	3.219064807497891e-08	9.116604441140503e-05
YOR072W-B	-17.527928086922607	0.6233067960958828	2.9326478199009684e-08	2.95768912702061e-08	8.741007084454983e-09	6.780701595392491e-08
YPR191W	-17.2682545250072	1.5745700372702847	1.0933850111151866e-07	1.1184486609954754e-07	2.3747674124272927e-09	4.284782918838391e-07
YHR172W	-17.580881742899642	0.6267381482456719	2.8361733982086915e-08	2.8179272751672133e-08	8.251699688992933e-09	6.486726793189102e-08
YOR019W	-18.73670125949952	0.29877626876056046	7.585057919380484e-09	7.621436330370331e-09	4.457598324183976e-09	1.1912196964247048e-08
YOR129C	-18.91883965528627	0.3043144488584696	6.383112352165443e-09	6.3650017949919425e-09	3.683412800458032e-09	1.0024304916382495e-08
YGL175C	-18.026647158280817	0.28458832296334946	1.5414332843626933e-08	1.5442267048145312e-08	9.285750139418243e-09	2.3672190333561945e-08
YJR090C	-14.999072212064627	0.17277554731162562	3.107406744129503e-07	3.1035169078467016e-07	2.301201148233537e-07	4.0615873202358683e-07
YNR069C	-17.866283613250694	0.7186012779881824	2.2709508052897216e-08	2.2502007391752527e-08	5.3321724909675605e-09	5.664229696831771e-08
YBL010C	-17.415927934221095	0.47039889357377834	3.079974485284043e-08	3.049176458966621e-08	1.2588651047241114e-08	5.9167630434865456e-08
YLR109W	-11.401397101982136	9.184417236123748	0.11212609312608429	0.14606272069573195	1.4363929226939265e-11	0.9923674360469671
YKL207W	-15.766981383328082	0.8800780665576482	2.076053460953676e-07	2.076187025054171e-07	3.330710425600855e-08	5.974764709508532e-07
YDR381C-A	-17.060527994058198	1.6288685132324665	1.414042815118946e-07	1.3451551723781396e-07	2.652460277197567e-09	5.37770948476069e-07
YDR534C	-17.60800424520216	0.8585951295346675	3.289563408166624e-08	3.2228780043378866e-08	5.467280970926803e-09	9.115006552048982e-08
YNL125C	-17.703627835254288	2.026358451045228	1.4679276629133413e-07	1.1245573927728403e-07	7.190228101528175e-10	4.819451684314587e-07
YER129W	-18.348619751305655	0.07726694752337135	1.0771454087449473e-08	1.077918049061053e-08	9.463298976344968e-09	1.2202292200568281e-08
YHR174W	-10.814760565984168	12.93312456426171	0.20363435849578548	0.33281989641969506	9.458673090078898e-12	0.9999984508070215
YCR096C	-15.244053265830141	0.457013626176624	2.667190312391656e-07	2.6630569373114756e-07	1.1300604000504732e-07	5.086268008170174e-07
YKL181W	-10.784965114348731	3.22074468935959	0.001749581187046291	0.003313781097589145	4.962185476027527e-07	0.008621642371143396
YLR421C	-15.6367191854742	1.5374273132398286	5.563454743939715e-07	5.071376090377423e-07	1.2872241391448948e-08	1.9850846660024936e-06
YLL045C	-13.586747021582548	7.772642288280966	0.04427305480385437	0.06940368596558515	1.6254380956052296e-11	0.6907028843699422
YPL214C	-16.51836157382872	2.137813355765751	6.13312057902704e-07	4.085297884208769e-07	1.9498493831375283e-09	1.800381498555731e-06
YFL030W	-16.07959531479805	1.9370672954593833	7.243562501200554e-07	7.061481549878638e-07	4.34776560918249e-09	2.829513565854026e-06
YKL166C	-12.059340728826053	0.4725077160547092	6.498784844407443e-06	6.6360529503174185e-06	2.722610949919849e-06	1.287570138077159e-05
YML070W	-14.928026668935624	0.5387579255671356	3.7855498217837156e-07	3.7892387510961314e-07	1.3527059439374105e-07	7.940651725930667e-07
YPR176C	-15.823612570872635	1.9501469937053175	8.723754044504371e-07	6.463429580943177e-07	5.361525293216424e-09	2.831112698326278e-06
YGL160W	-18.180639842285878	0.6631934491963969	1.5565119571919242e-08	1.5825649997606258e-08	4.265822864423337e-09	3.776690552094063e-08
YPL105C	-18.592250453883885	0.37031028590764364	9.054382983076615e-09	9.013768269666203e-09	4.5780610171482855e-09	1.54711581982287e-08
YML109W	-18.769049125047736	0.40823183427581844	7.597191354202917e-09	7.668023576428948e-09	3.603972100051606e-09	1.3805821286039525e-08
YOR183W	-17.488704274867764	0.5618131981792343	2.9764716501147775e-08	2.9661531862744446e-08	1.0060338430859567e-08	6.376014437916535e-08
YLL032C	-18.47813614797719	0.43648440307536757	1.04050221227666e-08	1.0384462612020012e-08	4.601718833531465e-09	1.934497258613016e-08
YJR014W	-13.27468649128509	10.838861596666067	0.11217789487887195	0.15768496987049946	1.7880263552799171e-13	0.9980144497199107
YOR098C	-18.924116346174692	0.28470745904755645	6.263901733022357e-09	6.293584507956976e-09	3.782405744334778e-09	9.650672148662962e-09
YCR025C	-15.86345315192825	0.3550391481813424	1.367207342376592e-07	1.372539334262023e-07	7.185495553117382e-08	2.3093467754574072e-07
YOL012C	-10.163413810362679	11.882598669874257	0.19471883459726927	0.2372536269436256	5.205906815066536e-13	0.9999686971532139
YGL030W	-12.096057727460854	8.90311990041986	0.09388883660226466	0.10854928737079643	5.0339979286246434e-12	0.9630869744964227
YKR071C	-17.799731223924887	0.3233814103046476	1.9600232030592125e-08	1.9605701240715168e-08	1.0930790935868988e-08	3.165727747330977e-08
YOL077W-A	-16.40980644546739	1.4177247886477489	2.0812291504180978e-07	2.065525350891423e-07	7.252544995744222e-09	7.763783022132978e-07
YBL068W	-12.348457240092964	4.121527162479532	0.0026279370337215662	0.005515877829848186	1.4729169123017432e-08	0.010631345884623866
YKL061W	-15.140726602717175	3.111523034111445	2.85959918481019e-05	1.414269553541322e-06	1.2905636391507043e-09	6.896405846250768e-06
YMR180C	-18.252587309373617	0.25533312871061137	1.2224002601332623e-08	1.2220248165317564e-08	7.76989005577249e-09	1.7998418037123427e-08
YLR007W	-17.798056532826145	0.4510913134757614	2.0655433029778162e-08	2.062473879577214e-08	8.868079722705235e-09	3.9115415282595384e-08
YER059W	-17.43014351659162	0.5051174883185645	3.0579058297399975e-08	3.0607924472470214e-08	1.173084824032519e-08	6.180736878552195e-08
YAL041W	-13.906931801790913	0.11674416739332884	9.185709896684769e-07	9.190052547677589e-07	7.531717364524096e-07	1.106060352627636e-06
YMR287C	-18.341717163705603	0.31415346916471576	1.1300463853364063e-08	1.1362540549519988e-08	6.451254885379039e-09	1.8125405387315872e-08
YDL014W	-11.381896494568489	3.287716011361868	0.0015274493004945153	0.002271706673169705	1.4246025796841054e-07	0.005177500955226117
YIL046W	-14.235240043803921	0.6071042170504494	7.794200373041004e-07	8.015980922248047e-07	2.4375433978142777e-07	1.817371803585532e-06
YPL152W	-16.28767527522809	1.271777628995299	1.8972353748128907e-07	1.8852311448996408e-07	1.0397095169770692e-08	6.809908244255351e-07
YAL044C	-13.320357938698132	2.4167361191683683	3.119839485467115e-05	6.936840966244203e-06	2.7424802983048646e-08	2.892076248810698e-05
YGR055W	-13.659827009288117	0.8967257618600282	1.7299529088634281e-06	1.5485916343800283e-06	2.58989785772261e-07	4.355706443598689e-06
YLR457C	-17.02233505714043	0.480049179776981	4.548056445131583e-08	4.545417609775526e-08	1.8380069609152014e-08	8.917444860320555e-08
YOR383C	-15.368811060580763	8.723112784490146	0.03984558825298162	0.06417190141311556	3.842844313479125e-13	0.6613605767335206
YDL049C	-17.218423383227623	3.0922787491073027	3.1605685270297424e-06	2.835841789151999e-07	1.798834561161502e-10	1.4159157498541443e-06
YOL113W	-18.136343288578196	0.1940062380757437	1.357225809529965e-08	1.3541147664005513e-08	9.655027112082647e-09	1.8278864788072318e-08
YBL085W	-18.33836721553684	0.23942353039575737	1.122484406707028e-08	1.1174894149677366e-08	7.320453583505447e-09	1.6098752949319036e-08
YJL176C	-18.545088569812783	0.4479769551235262	9.822569421518579e-09	9.759448268963805e-09	4.223035750976801e-09	1.8437130630339013e-08
YJL133C-A	-14.790406125067372	1.2353510560296443	7.985650727104098e-07	8.298965901117792e-07	4.9635413119421266e-08	2.9590987118573577e-06
YMR243C	-13.998049608527205	10.448689877635973	0.08991569200328621	0.17953761796553325	2.3613078172245565e-12	0.9981661741676118
YEL042W	-17.02271323988038	0.26679986371680836	4.2024218124030726e-08	4.193806418585287e-08	2.60932397534474e-08	6.276696109171955e-08
YJL179W	-13.419959541694832	2.613191986187445	3.955992123919399e-05	5.651961670220052e-05	2.2497808211876493e-08	0.00014954896967998962
YMR172W	-18.196135832543355	0.38301150540691903	1.3463663333398306e-08	1.346907971516443e-08	6.662380078917366e-09	2.3489591998031816e-08
YHL024W	-17.79018152993462	0.510965016753394	2.1536322639100386e-08	2.141603227191617e-08	8.105679488716165e-09	4.353667015138196e-08
YJL167W	-10.970463864302426	7.742120816492772	0.08472288511076217	0.12945271690121332	9.66361353944798e-10	0.9653106639370969
YMR313C	-14.72119295693569	6.762605624460183	0.01783646070165175	0.04994815884238966	2.933106856175364e-10	0.37451623274757917
YPR066W	-17.488738550070543	1.925849364017009	1.5923430384516621e-07	1.9098188754756725e-07	1.0754474319793441e-09	6.516594719880355e-07
YJL076W	-18.803498129674104	0.5265714875677789	7.86449639724295e-09	7.835411288093158e-09	2.867889239334591e-09	1.6215362461016094e-08
YKL010C	-18.194521811464206	0.15434997881777163	1.2644116691383804e-08	1.2690273495012661e-08	9.726399441320418e-09	1.6161699982604626e-08
YDR151C	-17.811993380809277	0.5396394685626875	2.111282320939887e-08	2.1249979091317942e-08	7.55886595063099e-09	4.46161842466863e-08
YDL083C	-11.587814959399973	16.91931313520276	0.25351146800664504	0.3062518407995923	6.27267979711752e-17	0.999999983541408
YNL315C	-17.521368621416464	0.7689073583473718	3.320225487624088e-08	3.265656454903145e-08	6.904341411661253e-09	8.568926565347854e-08
YNR043W	-13.231860934459243	0.8403071133563423	2.584369571569531e-06	2.9342978959468737e-06	4.7608830144266567e-07	8.53992041251465e-06
YOL013W-A	-17.700396921828492	0.6122730826113721	2.4933841250949378e-08	2.4693441636832003e-08	7.491297060161866e-09	5.5933189440163853e-08
YER072W	-12.76300063544563	8.716662186400619	0.07334144082932186	0.09427173538575737	3.9208321503465014e-12	0.9218876123845442
YER065C	-12.786482613039832	0.180588449676036	2.8341707277579976e-06	2.858942770905331e-06	2.0881924280289777e-06	3.78700770689296e-06
YDR099W	-10.718468005471502	8.126175106040707	0.09995524570704818	3.084597285399626e-05	4.383194829116563e-12	6.597287933471992e-05
YGR123C	-14.490912325993984	11.871326861916877	0.1125868358419115	0.23473749501204053	9.047297947047373e-13	0.9998678160056701
YMR265C	-18.195892322452842	0.29731040965963407	1.3112467912154187e-08	1.308222546674081e-08	7.673959346708791e-09	2.0399024354563317e-08
YGL047W	-17.07884052182721	2.063750637717505	3.0464182109793866e-07	2.0179694874705536e-07	1.2500832327165922e-09	8.815124491317097e-07
YLR167W	-10.737484511680075	24.988191273597266	0.33136400835224983	0.4134033626901934	9.52023039603583e-22	0.9999999999999947
YGR278W	-18.282622024643338	0.4466725191589434	1.2650126533503748e-08	1.2681504480550277e-08	5.502313409650807e-09	2.3919391180408664e-08
YKL187C	-17.96888480590946	0.6331735561442678	1.926794214920069e-08	1.9182856611592898e-08	5.539032389348093e-09	4.442945491798963e-08
YFL025C	-18.61067639261541	0.7589896739217992	1.1079543905815436e-08	1.0986088608543864e-08	2.3670616251768864e-09	2.8646405070376117e-08
YGL148W	-12.262292775260855	0.8145235387567077	6.576210867486549e-06	5.675780412765803e-06	1.1965790757215132e-06	1.4518201112136102e-05
YEL021W	-14.64689553621515	18.69658182595331	0.21726004332002605	0.3295826864681447	1.5562804729735093e-18	0.9999999972133355
YOR242C	-17.702170164550758	0.2388383498409779	2.1061491385329906e-08	2.1107409178484572e-08	1.3849028041580754e-08	3.037421532249518e-08
YOL093W	-16.74775059788312	1.0213322525707593	8.941515688328938e-08	9.042694308451742e-08	9.945241838368487e-09	2.8822508515466805e-07
YKL006W	-12.703747037791752	24.67001208543573	0.31829588347160115	0.37650074237757547	1.394489670238651e-22	0.9999999999999349
YLL006W-A	-16.52290703437115	4.247424558838588	0.00018460254760353055	0.00024192945422052149	6.463961082263245e-11	0.00010004308125317472
YNL263C	-14.480970376848697	9.182514663278063	0.06383019815052031	0.10615017301556971	1.4429822715971919e-12	0.9507436225909638
YMR244W	-16.663284396629884	1.7246515673813503	2.517555730198798e-07	1.8866050727172273e-07	3.3048584889542785e-09	7.889274250423613e-07
YDR171W	-17.552256249787156	0.30400688519835745	2.5027377282799864e-08	2.4957568424985476e-08	1.4446361452028779e-08	3.927560628921074e-08
YLR386W	-11.721987496414792	4.638403100151805	0.00945078541293124	0.023274250083010792	1.2315656997510713e-06	0.09782856902230688
YGL256W	-13.998303230328881	1.3313010944585968	2.032441074296381e-06	1.7320284045129422e-06	9.22376137864106e-08	6.411051617632063e-06
YOR136W	-11.11693418298905	3.7649656069867845	0.003738693302634942	0.006612704607911555	1.2658506255710557e-07	0.016329199040233958
YDL040C	-18.602806281088256	0.567979517456317	9.850566782477182e-09	9.796247748228225e-09	3.2744614462033232e-09	2.121621346723126e-08
YGR030C	-17.473990824969356	0.4413490693293586	2.8335230591416267e-08	2.840732975826054e-08	1.2469322775532045e-08	5.322734559356161e-08
YHR135C	-13.098982469565223	7.961819540823369	0.05434072104397635	0.11390484821168188	4.1752109151791604e-10	0.934662950014363
YPL081W	-11.753733734069963	15.800739947828205	0.2283350522135786	0.3022098812410249	6.057691196525194e-16	0.9999999132833186
YOR268C	-14.97840137876569	5.972210724961291	0.00806248061972004	1.5572334866881126e-06	6.825586779564253e-12	8.13247328698147e-06
YBR057C	-15.29626893942345	0.9240707274727215	3.4950241709004927e-07	3.2566676382331437e-07	4.8654942404296134e-08	9.546045224318068e-07
YJL156W-A	-17.678267880336485	0.3171754745741909	2.2196490555139133e-08	2.2092963010023116e-08	1.2469124507417627e-08	3.538304620060126e-08
YNL099C	-13.398569704318058	17.235457218606484	0.22178030651542768	0.31563898470119106	2.9722322348206337e-17	0.9999999822874414
YIL120W	-18.14382942579045	0.9898280176538975	2.151542743302018e-08	2.130174308417008e-08	2.5806381040655403e-09	6.624853441541131e-08
YNL293W	-16.699211925494588	2.0685057673735074	5.369235164300006e-07	3.0079637239266813e-07	1.8249922131626594e-09	1.3327174220361245e-06
YOR228C	-17.96631521370086	0.22864033244870008	1.6117365601481744e-08	1.6166704784964213e-08	1.08100852948229e-08	2.293559265900533e-08
YCR020C-A	-16.729777833207613	1.9561452688462464	4.2012789084102797e-07	2.562033555071005e-07	2.1250332862064496e-09	1.1052390901723936e-06
YHR109W	-18.31747737724158	0.5058992564577418	1.2585422168373865e-08	1.2581894104923178e-08	4.8161897141842e-09	2.5420252291945717e-08
YFR009W	-9.648271285020153	0.9638119663016411	0.00010322773418935714	0.00012610681417811017	2.0235621699212383e-05	0.0003679971760540828
YLR015W	-17.618295575922225	0.4473887841089962	2.4938027863662345e-08	2.465587714331955e-08	1.0687037776744916e-08	4.653445410936262e-08
YBR262C	-15.071158296713245	1.4321534330405383	7.834257793140273e-07	8.40945649384337e-07	2.7197933229244823e-08	3.1819127085834235e-06
YDR498C	-18.136433857341167	0.16184162511534253	1.3477834016897687e-08	1.3462073349195055e-08	1.0179228980156893e-08	1.7336198548611452e-08
YNL127W	-17.927216461533085	0.8128218401289653	2.2487916143873826e-08	2.2500879998043442e-08	4.279275511058436e-09	6.132600621539927e-08
YBR160W	-11.373512702289142	3.3516772952134777	0.001625712989483498	0.0024932343582299782	1.1661019466410751e-07	0.005513190896128242
YJR052W	-17.90858430159728	0.6358487318833794	2.012489581968576e-08	2.0426353198463747e-08	5.863419351079313e-09	4.7446967671307843e-08
YOR182C	-13.273803841316246	9.502309241514245	0.0843206475785934	0.09544135747517168	4.2180875762390937e-13	0.9465529170088394
YHR020W	-10.935520910884359	0.12602235290820157	1.7993100842946012e-05	1.7898715181526804e-05	1.4452363929945482e-05	2.1820146458908313e-05
YDR540C	-15.983154547656293	0.5620353083971965	1.3439916865706613e-07	1.3402711260881702e-07	4.540322400365664e-08	2.882245266147401e-07
YNL102W	-15.611879780911245	0.30798686931377023	1.7423561383060196e-07	1.7265865556976177e-07	9.94184172009998e-08	2.7291007343727295e-07
YHR173C	-15.893467509516038	0.6366317014287076	1.5208816632997846e-07	1.5221595879400204e-07	4.37497932527857e-08	3.531339315710747e-07
YGL006W-A	-17.741241108503296	0.2867958132758402	2.050894600958425e-08	2.055613771831881e-08	1.230807788657607e-08	3.160561226713187e-08
YLR351C	-15.194723108311289	1.561406930798161	8.464616554933157e-07	7.490523559004796e-07	1.9107668375299727e-08	3.002055976526128e-06
YNL056W	-14.697287267205818	4.0094806372696254	0.0005883624729392733	1.2196000431409291e-06	3.3866645105378833e-10	6.40941503012995e-06
YMR235C	-14.04375067032465	0.43412661694150784	8.742879635466736e-07	8.750179182810537e-07	3.89705725802343e-07	1.625606755133221e-06
YGL128C	-17.380039979086128	2.0075045039428647	2.018105861580294e-07	1.444396274846025e-07	1.018637471775089e-09	6.223391454011957e-07
YDL124W	-17.758593158247955	0.3764127285014392	2.076081501413706e-08	2.0814820558309615e-08	1.0438355948573043e-08	3.6012216102776617e-08
YGR153W	-17.759519027423217	0.1978413466371078	1.9752900993524307e-08	1.975135268662498e-08	1.3985040555495923e-08	2.6812607232994885e-08
YJL088W	-14.099775810170238	0.8956048335940484	1.1209830107341094e-06	1.064918227732602e-06	1.6977728355611995e-07	3.065407478840388e-06
YPL168W	-18.19434672837901	0.5412383590457298	1.4512443310144171e-08	1.4508545779699145e-08	5.143507042005563e-09	3.049323411953291e-08
YMR254C	-17.57501236534967	0.4064283650721431	2.5363771454058038e-08	2.5279077500177444e-08	1.1929840643037245e-08	4.540003864471588e-08
YIL155C	-11.284375649463025	0.6366240449475039	1.5346738374690856e-05	1.6404377749553508e-05	4.958268256907615e-06	3.6327838069019096e-05
YJR032W	-17.55325122441804	0.37904562453040086	2.559137917061507e-08	2.5579022372456465e-08	1.2754593372493702e-08	4.438602330160358e-08
YLR085C	-15.73892239873471	2.749098382629216	6.4854166973405865e-06	3.175581320165549e-06	1.666229301627489e-09	1.4427367524680122e-05
YIL061C	-16.850526254122947	0.7872170350174522	6.62060484982801e-08	6.549387669825926e-08	1.3151500030051436e-08	1.752868557958768e-07
YOL048C	-16.344251748648226	6.231733217989027	0.005599716425114156	0.013008083259318712	7.86861306198873e-12	0.020045320077478015
YBR137W	-16.32508840085297	1.7406908968621315	3.549508868650588e-07	2.946469278276368e-07	4.563502419037091e-09	1.222135258837944e-06
YGL246C	-15.062455537227786	4.633581162214293	0.0008876413956972176	0.003141272788597856	3.4503301330859074e-10	0.0036244593878588284
YDL087C	-14.657410587759793	2.072471802532739	3.2725283789120425e-06	5.994947229129815e-06	1.553252399725453e-08	2.2972653402274977e-05
YER141W	-13.94822971012122	1.0744920384885122	1.5685144692962256e-06	1.5351886673338566e-06	1.5056760078873692e-07	5.066962479119768e-06
YMR238W	-13.586478564532579	1.6996192066367537	5.907812584281055e-06	5.272102267107812e-06	8.399210488969767e-08	2.21592270127933e-05
YCR024C-A	-13.653470314974536	10.771450162441226	0.10478824224115352	0.11360125039080426	3.1262824914991825e-14	0.9881924662165377
YNR027W	-17.62915686552237	0.9874567692598681	3.5883631656164783e-08	3.59753373460182e-08	4.348268152061007e-09	1.1199342751170292e-07
YDR508C	-13.27936061316809	0.7897830317838614	2.3236001078153795e-06	2.1065242801878012e-06	4.5290065709982075e-07	5.4193450101323755e-06
YMR084W	-17.434440664009294	1.2924842557730685	6.330429702358648e-08	5.894102769265599e-08	3.1723153965871296e-09	2.1473735471106638e-07
YBR019C	-18.06480726517561	7.554154729071495	0.009489208428784373	2.21940907533245e-06	3.617304609002586e-14	1.2886155690800243e-05
YPL070W	-16.379963197360617	3.2275478777562907	1.5102469577633019e-05	4.8157846356118695e-06	4.2865049465359764e-10	2.222202089026686e-05
YER120W	-13.352056797034445	3.586033606806649	0.0007336756940742662	0.0009231747851520539	7.306406381167962e-09	0.001400573705350577
YNL065W	-14.69779900257067	0.7791269163987752	5.630884946796727e-07	5.606163275112788e-07	1.1487339441738476e-07	1.4889921093092713e-06
YDR402C	-18.15199213707178	0.4510560229709283	1.4637450088385307e-08	1.4480386795254067e-08	6.225045727704023e-09	2.745430686811019e-08
YBR240C	-15.852538445070374	2.7800042917472787	6.5412039600610526e-06	9.897632928613741e-07	1.2542575492859558e-09	5.07356029146011e-06
YHR043C	-15.839216280140088	7.816520604649203	0.023679468952889703	0.040984748304473344	1.0614092344152543e-12	0.2511182489726057
YGR126W	-15.683000136160397	2.1773954056926934	1.728697661797967e-06	1.220693885029817e-06	4.284669323401161e-09	5.1427678802961825e-06
YER137C	-17.62054841522417	0.7329102511350981	2.8718088666239807e-08	2.9008086417710673e-08	6.650955479747749e-09	7.388167460631842e-08
YGL233W	-16.695051568521144	0.31418898467275186	5.861600363302253e-08	5.900091068049949e-08	3.347777404615989e-08	9.411723129012975e-08
YCR037C	-16.036325524278205	0.5465114266589884	1.2637802072768411e-07	1.2616628644658314e-07	4.4165695805064065e-08	2.6688195519863623e-07
YNL239W	-13.87624658191721	1.1145268033907978	1.7696506802410317e-06	1.5484162095980668e-06	1.4753190420345077e-07	5.103579703556081e-06
YDR383C	-16.501035016140072	0.7012802247648389	8.762850265855458e-08	8.70039727668095e-08	2.1488707550477465e-08	2.1538889227394115e-07
YGL203C	-17.350552712182385	0.2582186129761858	3.012500374919394e-08	3.014587653909279e-08	1.9066877265096833e-08	4.456997115448426e-08
YLR004C	-15.353130384516541	3.9347131729140665	0.0003089391788176695	1.9531367394781877e-06	2.5653991320852657e-10	1.0259649934299353e-05
YNL332W	-13.272930195257638	61.9298942135796	0.413784587221945	0.5913498456440781	9.22733809472555e-44	1.0
YML112W	-16.567932280967348	1.5336041939497866	2.0763098018519565e-07	1.6957925562764338e-07	5.005428338965806e-09	6.726226744812138e-07
YBR252W	-15.36814370413135	0.7476781095918562	2.762804312698273e-07	2.711811492422347e-07	6.10722552762929e-08	6.944715675066861e-07
YER042W	-14.801716926850483	1.4683185192295685	1.1042530231510102e-06	8.931184846582288e-07	3.2548184718526046e-08	3.475914156912342e-06
YKL060C	-14.886468202851526	0.8287836674274508	4.845498678716147e-07	4.821067819943309e-07	8.75448866318981e-08	1.3342671229520121e-06
YPL086C	-9.613643333716889	12.51657013248757	0.2229913578900926	0.37075989665326275	9.358604522164963e-10	0.9999990808663267
YKR100C	-17.80974528344172	0.3091537548796366	1.9226975607125135e-08	1.9322379448262168e-08	1.1072658774348158e-08	3.0617531757026216e-08
YKL173W	-18.376931886909865	0.5057017300633293	1.18490609713533e-08	1.185667712930406e-08	4.543344205620529e-09	2.3945195702774825e-08
YOR293C-A	-17.65883597451552	0.2866494371584951	2.236633346408564e-08	2.2314690027809857e-08	1.3362376273128546e-08	3.4312142154540515e-08
YJL037W	-17.01885261618822	0.8193934683071511	5.657667094939212e-08	5.655136742280943e-08	1.0526729876893464e-08	1.553577351036455e-07
YMR121C	-12.30554944022965	6.832161007284821	0.04093772879615177	0.056326960731759135	1.796475762664945e-10	0.49019441542324693
YIL065C	-11.055585059658322	2.7884826458536347	0.0006812857011675435	0.0008111430284363063	2.3826493097399202e-07	0.0020875490508073134
YBR022W	-17.770888089545174	0.4560372301543815	2.135801196308775e-08	2.124437090319804e-08	9.038407100292136e-09	4.052070293173005e-08
YOL026C	-16.292440902202493	0.3922485065098245	9.116558953020957e-08	9.070412907726577e-08	4.403401323435076e-08	1.600413119062566e-07
YHR008C	-12.57187916415655	3.541228083949808	0.0008508325766262857	1.584456988701591e-05	7.1649472830315136e-09	5.763750141221611e-05
YBL106C	-18.756480453354875	0.2748736109226371	7.454140169527508e-09	7.422438372879846e-09	4.545729434110436e-09	1.1229035303909087e-08
YBL108W	-17.411714479902862	1.5089553802025095	8.397716507760795e-08	8.641380003661453e-08	2.2918820309066693e-09	3.2982367533985176e-07
YBR264C	-17.280843754030634	0.7352394879144346	4.105029698916798e-08	4.0934624074022085e-08	9.316646242956252e-09	1.0465699949220262e-07
YGR196C	-18.610793435572255	0.22854998964036521	8.485968700814901e-09	8.486083992260294e-09	5.6754511642808616e-09	1.2037939548661062e-08
YPR180W	-17.32537280663832	1.0520835740613845	5.149452843483731e-08	5.1833797429631215e-08	5.288683749670241e-09	1.6791912804395976e-07
YLL053C	-15.153992266402335	7.200671238051164	0.02064064894745107	0.028960400595652563	3.505666037195423e-12	0.10262029709085609
YFL037W	-10.134610206035129	0.6026322860949397	4.7217362265514176e-05	5.2099385997454415e-05	1.6853829741166508e-05	0.00011483002929454183
YAR020C	-13.882981034600514	13.879524575606213	0.16248409554319757	0.17752150859642965	1.9349516619002201e-16	0.9999317604814097
YOR326W	-10.123991510737094	0.698441519242121	5.1749031709718756e-05	5.301536848594761e-05	1.720955694278012e-05	0.0001176445411751375
YPR051W	-13.691127186227229	5.034152528153218	0.004595621200786967	3.077812266866312e-06	1.221212122482478e-10	1.479156371921086e-05
YDR003W-A	-16.813009630067377	0.29672738271985755	5.19284311584981e-08	5.21527790001295e-08	3.062067257681185e-08	8.127897101593735e-08
YGL056C	-14.354899362301646	1.2288944004294853	1.271970221838489e-06	8.650278237080226e-07	7.125430296215499e-08	2.907168855952274e-06
YMR145C	-10.713676672597055	1.590454182666449	7.980289782056142e-05	0.00012761195382291594	4.021289024651459e-06	0.00046883570870244446
YGR090W	-13.573560882542504	2.4970282837650397	3.6054769216439545e-05	1.3310948394436726e-05	3.784646105377007e-08	5.172083508305663e-05
YDL121C	-16.705022627947024	0.625442257766864	6.756124057855134e-08	6.766463551109338e-08	1.987401064671148e-08	1.5556651075020904e-07
YCL001W-A	-17.655152582091382	0.5871412668083749	2.5437807354847503e-08	2.5496792685713153e-08	8.177178695723276e-09	5.632402505514601e-08
YFR032C-B	-17.247130083263023	0.6008135127109516	3.838839396122599e-08	3.872089847809712e-08	1.2023432409083672e-08	8.678997907266407e-08
YPR182W	-11.494662636768178	4.241663901960006	0.006935159001410804	0.007519555390182413	1.2718686943664784e-08	0.014312475943725004
YIL024C	-15.246245997598587	1.179547218265354	4.783228997000645e-07	4.2121185251352865e-07	3.345770185406009e-08	1.4421414510202844e-06
YPL254W	-15.674911835078953	0.930682153634189	2.4173895874425924e-07	2.299343067164543e-07	3.32485682186904e-08	6.814279527838536e-07
YGL038C	-17.507848938920638	0.667634337145874	3.139507073137644e-08	3.114331364107469e-08	8.307694291899618e-09	7.47128130742902e-08
YPL155C	-17.78872190819761	0.7208305250641575	2.4363104800105225e-08	2.437132519183196e-08	5.74109441697529e-09	6.143487069869309e-08
YJR011C	-17.550248026695904	1.946872563012104	1.5835206001410227e-07	1.3581809152189736e-07	9.648823991411826e-10	5.535558536316636e-07
YDR334W	-17.971315217343495	3.3548926792929974	4.185891968145986e-06	2.151992660476537e-07	5.6164836953721613e-11	1.1006923794382863e-06
YDR068W	-18.080229511012426	0.3451835735224109	1.5010940489871296e-08	1.4916900413366314e-08	7.96191258758822e-09	2.4786488233345776e-08
YLR296W	-17.385685884154505	0.25662811721468914	2.9002954053740482e-08	2.9087870459945336e-08	1.8449276334991506e-08	4.2918947943569995e-08
YKL218C	-17.474790135857752	0.3843564777984418	2.7839121722609e-08	2.7721136720594524e-08	1.367552714419413e-08	4.8429705756438915e-08
YHR142W	-13.9485383145447	18.213975582820357	0.23115846307687035	0.3539022559738599	2.1012284615083265e-17	0.9999999976971687
YCL058C	-17.263637297314695	2.267545234603148	4.560885352658665e-07	5.031345420165109e-07	7.686296724806604e-10	1.4727447170307776e-06
YGL097W	-12.953424053449405	17.113351850553506	0.2278199537003597	0.40714191528399035	2.0469410722925663e-14	0.9999999974773632
YMR131C	-12.842505342626234	0.9061128388334115	4.061736125828485e-06	4.484606093053016e-06	6.371040475288581e-07	1.3383312294636268e-05
YER060W	-15.468343102977949	7.790206628982197	0.026587563031676975	0.06862773889612785	1.7088851540486687e-11	0.6512905985629762
YIL151C	-17.56195159145222	0.2666543181233112	2.4436504341961425e-08	2.4451591881187898e-08	1.5214526382906864e-08	3.6580832662111395e-08
YKL025C	-18.137951516045128	0.24370656036881036	1.3694093963505245e-08	1.3665984084467995e-08	8.882079461367155e-09	1.9802594628599265e-08
YGL001C	-11.682542307994433	8.755550507886417	0.09851441440429291	0.15380525696855482	1.2276902498672032e-10	0.9904293369596724
YNL253W	-17.419056632636917	0.6996527101165807	3.435109702329834e-08	3.473125555766224e-08	8.603643457816878e-09	8.587337897838826e-08
YDR323C	-17.949542749754023	0.39125248371621507	1.7290131331193423e-08	1.7290816289159323e-08	8.410665201424623e-09	3.0468502192755324e-08
YPR036W	-12.510621139816928	6.884914155191657	0.038889313158679245	0.07592001072805006	1.2390297102893732e-09	0.7034901788817058
YLR432W	-11.467847516324534	0.2416426664199416	1.0742879948868284e-05	1.04168663486991e-05	6.876587615341638e-06	1.4901298903641715e-05
YKR098C	-18.56054974451485	0.40492787885606374	9.393754263957778e-09	9.437310428346557e-09	4.463691678359713e-09	1.6914311712618803e-08
YJR113C	-15.340087079203792	0.32249140873156307	2.2946273598577362e-07	2.2923000583049268e-07	1.2801861385545502e-07	3.696783229727223e-07
YHR101C	-17.56387588346201	1.8128484848456	1.1431594852407867e-07	1.0418634235357092e-07	1.1836655410153442e-09	4.25998358375763e-07
YCR092C	-18.37879670138222	0.4089052163319313	1.1385609819213468e-08	1.1337807257260286e-08	5.3219222696053275e-09	2.043202817822109e-08
YOL016C	-14.612036489380396	0.3639896427663451	4.79950725335881e-07	4.83067568332116e-07	2.481978933343343e-07	8.229461542965154e-07
YJR151C	-18.816585096873446	0.23982470409660925	6.942316514144453e-09	6.925175424853769e-09	4.534858376239353e-09	9.982165949648935e-09
YBL104C	-14.612685186403676	0.5589970985838162	5.263257233464488e-07	5.255194610192028e-07	1.7933599632970233e-07	1.125111569025311e-06
YDR279W	-18.229842202276764	0.3920239919873294	1.3146162635751229e-08	1.3068235571752855e-08	6.346673254097281e-09	2.3049909866272317e-08
YKR026C	-10.625626018118917	2.7862351367300686	0.0009286537844788024	0.0013631879679110463	6.219229825362134e-07	0.0037968652284067917
YKR096W	-18.398888696968193	0.5399986586098451	1.1785433087578836e-08	1.1824242850618459e-08	4.2006296468585534e-09	2.482352152921116e-08
YOR185C	-11.109705384639662	5.982832835330303	0.03712879601811751	0.05158670979595052	2.8715745177148715e-09	0.40204049840021217
YLR424W	-18.394490328814705	0.49893947289574025	1.1681759484690397e-08	1.1614276692538748e-08	4.514251542600192e-09	2.328749305374581e-08
YOL029C	-17.82956611818458	0.30446133709572615	1.893723677464406e-08	1.8909406298140835e-08	1.0939547464295378e-08	2.9771554936952698e-08
YDR473C	-17.852636177406517	0.7220457790233612	2.29101423201115e-08	2.2879463698905213e-08	5.374871109374504e-09	5.774625481021466e-08
YHR082C	-12.24293251134163	0.17556968079358595	4.9022445807653914e-06	4.94955000567642e-06	3.646917656445567e-06	6.5089417910767735e-06
YDR499W	-17.570839707354885	0.7240682712716873	3.045690510895431e-08	3.0221648285740395e-08	7.0925311032158405e-09	7.635414172911788e-08
YDL236W	-13.96397735899968	1.4024758392004282	2.291085812501233e-06	3.089036317627612e-06	9.159226371183101e-08	1.2288168048042036e-05
YKL170W	-11.886431307641894	6.09383712900872	0.030224643882639193	0.03872438428834212	6.095818401079591e-10	0.22988495749054297
YNR056C	-16.699633535355083	3.5176659007797557	1.63299520031133e-05	4.921806773260547e-06	1.8985696503794906e-10	2.1934087643874024e-05
YDR185C	-16.243628082877827	2.433235218400825	1.446514117725442e-06	7.168843573289702e-07	1.54978552389835e-09	3.1830928142133266e-06
YLR072W	-17.054148369709715	0.25393819232782855	4.058312045149146e-08	4.050702004556628e-08	2.582642340302238e-08	5.955121617563125e-08
YGR223C	-17.52203362880841	2.4632589848105737	5.844024837298374e-07	3.322836115924014e-07	4.254180372649824e-10	1.342063361530886e-06
YCR105W	-16.73494142790964	3.660053204905152	2.4779953520329095e-05	5.260294057610264e-07	1.0612121325993109e-10	2.7953643348343274e-06
YGL156W	-14.887818727781402	0.2929355213030864	3.563724499562878e-07	3.5736161778319653e-07	2.1136328133349074e-07	5.540833282133922e-07
YLR147C	-11.521497564209264	4.877234211634836	0.01403802869855787	0.015887172529369338	4.839992943481287e-09	0.042127602835480504
YGL222C	-16.319123617217834	0.23235627882299706	8.38891404350297e-08	8.401612918616956e-08	5.578765049076166e-08	1.198197010755019e-07
YJL214W	-16.108795232249527	5.262544520432472	0.002448878114477246	1.4287937630679413e-06	1.1524570488385909e-11	8.32502120031505e-06
YPL123C	-17.70831247651308	0.6752751132224173	2.559620559819506e-08	2.562353180629456e-08	6.713696994449479e-09	6.191465379943791e-08
YOR103C	-15.55378575714071	11.152444712519781	0.08976152625398164	0.10879843185860459	4.6269589707898335e-15	0.9841719516598031
YJR068W	-12.050596486566926	0.8566692328776839	8.437202223418785e-06	8.381554191643695e-06	1.4769694469873204e-06	2.294172642359313e-05
YOR124C	-18.456470104772002	0.7216463838706235	1.2695568307455021e-08	1.2520733693955468e-08	2.9438346928750037e-09	3.158630470875404e-08
YPL219W	-16.160552643553224	1.6239916694406986	3.4253587556110783e-07	4.680324112810429e-07	6.767242688609496e-09	1.7017513518659724e-06
YKR008W	-17.68492302667523	0.47061043469075386	2.310065974352113e-08	2.3312696463770067e-08	9.616229961084999e-09	4.5228488722569274e-08
YLR166C	-16.06066574088704	0.42606551507535684	1.1659220264242725e-07	1.1590901650265468e-07	5.25127304562974e-08	2.1317192128854596e-07
YOR386W	-17.375376712757266	0.4250011898343726	3.092377388810703e-08	3.098736658614785e-08	1.4088754025807503e-08	5.687638942041291e-08
YNR007C	-14.74137153791248	1.9597651762998485	2.73053323800399e-06	4.615688261360502e-06	1.721801821170874e-08	1.8518687122780516e-05
YJL204C	-17.235518696740606	0.2978954350987991	3.412198055640849e-08	3.418468331441938e-08	2.003023787251871e-08	5.337261682274149e-08
YMR092C	-17.290234656037633	1.6302999328822354	1.126998650294329e-07	1.3660264048665011e-07	2.1362925918435246e-09	4.931950038499695e-07
YNL098C	-17.13717705395988	0.7793353231433094	4.8369135686648795e-08	4.883205491753412e-08	1.00027771992374e-08	1.2974532209712943e-07
YER132C	-18.369050688627745	0.3505742393569393	1.1245943151046606e-08	1.12005318400015e-08	5.915245287483944e-09	1.8744442466353177e-08
YKL140W	-15.027632678750658	1.1473044531484542	5.635847641890067e-07	4.5552571599285774e-07	4.266086127487443e-08	1.4969693169961293e-06
YDR115W	-16.184983405161752	0.7306705287042076	1.2168884589513787e-07	1.2230778399939524e-07	2.811646436864735e-08	3.114934741897854e-07
YFR055W	-14.600124727542559	7.2643371765042755	0.025221364619888074	1.2900900819486878e-06	7.480208848089278e-13	7.172762068613565e-06
YPR194C	-15.719854796066052	0.7165950548590313	1.9056491071123414e-07	1.9530567933294654e-07	4.6079626228704044e-08	4.930105825915988e-07
YGL065C	-18.009430061291773	0.8627712157233057	2.1790631812430845e-08	2.191529209156217e-08	3.6495641648759707e-09	6.236871152217145e-08
YMR198W	-17.97708411313301	0.4117826633737958	1.7029847383757096e-08	1.6962246138889235e-08	7.915428696411996e-09	3.065790792685949e-08
YCL036W	-17.743391750530414	0.36006816882946885	2.10293653270406e-08	2.1004379675588895e-08	1.0887057751374597e-08	3.55733669388634e-08
YDR501W	-18.327480349217645	1.0893254921645643	1.982897953759423e-08	1.931744808970364e-08	1.816499587939756e-09	6.372445366165515e-08
YGL112C	-11.998214662643429	20.22406859460956	0.27545158273743214	0.48611549670116955	5.297503172449336e-15	0.9999999999968383
YJR015W	-18.236360227489918	0.5018458746100353	1.3664749591437857e-08	1.3631166019544814e-08	5.262382779431878e-09	2.7429558100716078e-08
YDL137W	-11.212278831103456	8.001525221976381	0.08942216909213188	0.11169721770638784	9.957469374958935e-11	0.9495896088190382
YOR313C	-17.13351550488091	1.5852427176199269	1.261639466686393e-07	1.1919210446512386e-07	2.6564989101318505e-09	4.719304281229504e-07
YCR005C	-11.876626121455908	2.643122400495224	0.00023430014736747427	0.00043427135522681987	2.6435654259756096e-07	0.0012826758916153823
YLR437C	-15.1514270636771	1.0066002709760902	4.2909269811944343e-07	4.4289348059702e-07	5.036207733594947e-08	1.399354442618925e-06
YDR356W	-18.148413955838755	0.6628822596254123	1.640516781460204e-08	1.6363945727902176e-08	4.412467665431662e-09	3.9066668072141024e-08
YGL013C	-17.808900798868258	0.4571753467671811	2.0386311726730854e-08	2.046889700333528e-08	8.691345976888133e-09	3.908233831213705e-08
YNL285W	-17.48373443516261	1.138497500145536	4.843281818793846e-08	4.724383739359838e-08	3.894075587913065e-09	1.60113613104046e-07
YER031C	-10.993915408610471	4.737921125162994	0.014877326062855566	0.020737894396093002	1.9427957080924178e-08	0.07513974083486276
YER092W	-16.101168279529652	0.4297772458861099	1.1232865677594884e-07	1.1145463515892053e-07	5.012107027584232e-08	2.0596170173347717e-07
YLR105C	-17.336802626138656	0.4492278075303028	3.2620825451605706e-08	3.27066141267947e-08	1.4118689307148635e-08	6.189422892524956e-08
YML073C	-12.808786821079545	25.617589638438503	0.30880899654022453	0.4014185044377911	7.292835403027094e-23	0.9999999999999922
YOL109W	-14.360851295369637	6.763030676328352	0.019926714527475107	0.025777580950501457	1.3460313068832183e-11	0.07894801414655124
YHR108W	-17.160920324117747	2.247776583133272	4.3548162475755757e-07	2.010357268158854e-07	8.366672906131374e-10	9.169449163800159e-07
YLR162W-A	-15.472657239720272	1.3277272773901136	4.530019013945574e-07	4.19244131323926e-07	2.1150685389516406e-08	1.5491150077718675e-06
YGL121C	-14.647060465643287	1.5427699100376673	1.5046441267800084e-06	1.0419227094060526e-06	3.3079202129375024e-08	4.1162543637559824e-06
YGR117C	-17.841928635833888	2.439410866618035	6.354431765774834e-07	1.9289125363558999e-07	3.1758148180428257e-10	8.242897026620682e-07
YOL141W	-18.60341729514125	0.3837159689648412	8.959853974863449e-09	8.964615356086357e-09	4.4283868908687905e-09	1.5649417015282225e-08
YDR438W	-18.03810190040253	1.605224441392671	5.2604209004111415e-08	5.2122542441619946e-08	1.0429550774871354e-09	2.029293458989504e-07
YFL022C	-11.07279362098138	0.23951527119687138	1.597311712427817e-05	1.606730387883669e-05	1.0572896742559183e-05	2.3053965380523057e-05
YPL045W	-18.043676009657197	0.7257890494492076	1.9303589752080924e-08	1.8967862154269178e-08	4.418024297376397e-09	4.805401154759386e-08
YPR088C	-11.739442175589781	2.7837712862547463	0.0003172834760496152	0.0007573594087148906	4.031553571243089e-07	0.002149943546576832
YBR062C	-16.108553442748367	3.084270506688472	1.1988738308934003e-05	9.877495941605324e-07	5.670089067229673e-10	4.836774783707391e-06
YOR283W	-15.605176886886463	2.1851758766324623	1.8820068102731265e-06	2.7440603721027844e-06	4.801884348846822e-09	9.411570891957607e-06
YCR019W	-17.647507726324825	0.477622103431513	2.4078955902225616e-08	2.4281390605641213e-08	9.868248947410665e-09	4.7496935548757006e-08
YBR135W	-12.151404103548836	10.737278442630817	0.1312303161320798	0.16510083894258262	3.951122930861616e-13	0.9986787123445203
YLR347C	-11.677894785964734	0.36406752263921494	9.084175315662578e-06	8.50151297975115e-06	4.535498670620851e-06	1.4010035668878644e-05
YER130C	-17.518864548333063	0.2930136986084388	2.574327027908028e-08	2.5723992436262212e-08	1.5216861804006478e-08	3.9900880044142145e-08
YLR210W	-17.429939276415958	1.0008505595849617	4.4112486376827754e-08	4.4488514942882295e-08	5.191189795384862e-09	1.3972693554233894e-07
YDL188C	-11.670119372306496	3.542739462642976	0.0022381950334388278	7.921679468998202e-06	1.2249794504373328e-08	3.3882957544901665e-05
YDR163W	-17.819670638616067	0.2980188973725508	1.903296129993543e-08	1.9068722939205614e-08	1.1171486475483481e-08	2.9779661901947708e-08
YNL041C	-18.466928872186095	0.34706323151883745	1.0115313642986488e-08	1.0140081762119905e-08	5.394771617133134e-09	1.6889435110165717e-08
YBL091C-A	-17.472498611307806	1.5332678803831916	8.012089958014092e-08	8.158015104115075e-08	2.0670914505241196e-09	3.160068272947395e-07
YBR297W	-16.847477674943498	0.9034032909365571	7.365439041389665e-08	7.258950488291557e-08	1.0910458357068572e-08	2.1311976580202925e-07
YNL162W	-11.070737971408514	18.54727535919859	0.27567470434373126	0.3237681624945091	4.8917177503334934e-18	0.999999999104614
YOL021C	-11.621438479975902	0.060315478891090214	8.987747383694359e-06	8.985418319454745e-06	8.121847001065663e-06	9.902590847025383e-06
YKR061W	-17.69349614285688	0.6225209232918	2.4995567519366687e-08	2.5095398548184237e-08	7.424228224534261e-09	5.7500991292222986e-08
YGR168C	-18.206537308670654	0.38028170430417746	1.32721355134455e-08	1.3313893869697517e-08	6.623143510983826e-09	2.3142480139710607e-08
YDR027C	-17.15261206091322	0.1003445285513946	3.5680163911124464e-08	3.57162231577324e-08	3.012724740619686e-08	4.191133660507889e-08
YPR168W	-15.06097343388769	7.899816333393587	0.030550851929263243	0.04376972182068231	1.344020625409268e-12	0.2962615965185858
YML087C	-16.621241804958977	12.912259311234337	0.10399081256408381	0.1790704391875447	7.674018056707145e-16	0.9996602023281093
YDR150W	-17.769704605126158	0.20787701345615275	1.9574757280135733e-08	1.9588033506358255e-08	1.3620975372855366e-08	2.6973266304913933e-08
YLR336C	-18.44948356763866	0.42869026370338853	1.0665527256072409e-08	1.0651599187052464e-08	4.799933198040507e-09	1.9667401391036802e-08
YOL043C	-17.74240678712244	0.7950506758995491	2.6542872653417654e-08	2.6803504810073396e-08	5.3079849699212e-09	7.204127637911103e-08
YNL281W	-16.229046871762826	0.5242660245879714	1.0102980457033354e-07	1.0257586619045084e-07	3.77498318266318e-08	2.1165126242125828e-07
YEL026W	-11.477593417796877	37.1046011476639	0.3870877867705888	0.4557025111022342	1.9366612236014976e-30	1.0
YMR034C	-17.236468474388808	2.312874277557643	4.6910976971007143e-07	2.189095461008169e-07	7.013078016915451e-10	9.913718934035447e-07
YDR246W-A	-17.61832239850714	0.3004477771742624	2.3411673558499948e-08	2.3334127444684005e-08	1.3602270588294102e-08	3.655026965454664e-08
YOR074C	-14.550366946507845	1.8589885402886248	2.917538873890499e-06	1.2956813467014996e-06	2.1104489288517754e-08	5.580332237090854e-06
YOL118C	-17.47022186382032	0.31905247342024484	2.7395270778852554e-08	2.721000556444239e-08	1.5297714398750534e-08	4.370066789814642e-08
YFL008W	-16.278941701552817	0.10793048635342965	8.56927983164982e-08	8.564612273577012e-08	7.1291866456249e-08	1.0168358173749809e-07
YMR272C	-11.68837954758869	9.304428996359963	0.11094321337455727	0.1789118803596058	8.809701271177725e-11	0.9968150925936553
YBR260C	-13.93050096032034	2.825158855213153	3.913295416574842e-05	2.1753683920068217e-06	6.575021805834947e-09	1.0192580644420474e-05
YBR193C	-17.178157252107617	1.1672470539330928	6.943477523392258e-08	6.815502321618524e-08	5.0690875723422745e-09	2.3499987117459102e-07
YBR241C	-16.875978799428545	5.477117214045532	0.002078799714176675	0.005893970149650709	1.9367795252651416e-11	0.006748679569778004
YGR046W	-16.32066611271234	1.469827597717149	2.42145806156293e-07	2.1365183475414646e-07	7.175509336547369e-09	8.301702625986092e-07
YJL222W	-17.03701900102255	0.7192913091778443	5.195637832380337e-08	5.1711275331033576e-08	1.2219562577758067e-08	1.30249959784375e-07
YNL310C	-16.594397849600632	1.2020304913829833	1.2580749763322517e-07	1.2779041954131344e-07	8.598351482232931e-09	4.477529280691463e-07
YPL132W	-16.49617784667584	11.528692970741435	0.08046647408040863	0.13879184614401527	4.7129163251003825e-15	0.9957503030516596
YHR022C-A	-16.95222362549334	0.96923189819727	6.885062367840905e-08	6.853422590343827e-08	8.77614603344957e-09	2.102576903027311e-07
YPR105C	-17.886490385652856	0.8710391575235135	2.4989794713842533e-08	2.4789475195524123e-08	4.059904105604966e-09	7.089791725855729e-08
YJR130C	-17.9080306048208	0.454652937288998	1.8490176965647013e-08	1.8509011186500986e-08	7.898080590534683e-09	3.524753576622867e-08
YKR025W	-14.190170930808515	1.5509029577315219	2.172670790498287e-06	2.162778107731533e-06	5.4289075206645015e-08	8.771850366877884e-06
YNL249C	-18.461741322295843	0.3148476080600479	1.005938869771037e-08	1.0083900370775493e-08	5.7150758276047975e-09	1.6101844474242373e-08
YHR059W	-17.15647687017276	1.2445576516733137	7.922936327950342e-08	7.723717827482185e-08	4.5701033129188774e-09	2.753449912338635e-07
YMR164C	-18.471394173969152	0.3921846189137748	1.026736404785298e-08	1.0266091155727879e-08	4.986538012055575e-09	1.8119730347586375e-08
YPL205C	-16.199654500692255	2.127518899132915	9.977202850808758e-07	1.0425643021619822e-06	2.8126620703096154e-09	3.484470458011071e-06
YLR256W	-16.202293598552338	0.11611945344299411	9.2416904697437e-08	9.254722501312426e-08	7.592712316357023e-08	1.112727623356889e-07
YNL066W	-17.48479482076886	0.4711759531113176	2.8521377676539428e-08	2.8484434063447458e-08	1.1735862598432007e-08	5.5300653090047615e-08
YFL007W	-16.975910766422153	0.23221766468564728	4.362926408147201e-08	4.3550535075390794e-08	2.8922564149608353e-08	6.211411369849447e-08
YNL072W	-17.32827304323377	1.3445133962229143	7.250207906209275e-08	7.333844044141554e-08	3.2581662987848222e-09	2.7106711614756455e-07
YGR245C	-11.448752868172003	0.033989054750900555	1.0672461191696356e-05	1.0671307016567043e-05	1.0085052408404825e-05	1.1278234879737241e-05
YCR030C	-18.22249451229522	0.37927316557763796	1.3170830654268221e-08	1.310331678487229e-08	6.533092576063379e-09	2.273840388236539e-08
YDR390C	-18.103075599378776	0.16656658925383	1.3897530102983454e-08	1.39320725166882e-08	1.0445738555461835e-08	1.8068793696317792e-08
YIL123W	-16.274934999056264	1.4166733520689392	2.3274960272949958e-07	2.286773033645999e-07	8.31410493602844e-09	8.729747393544458e-07
YMR070W	-18.12746722925744	0.255343158450311	1.3864952878235626e-08	1.3849847864402052e-08	8.805350771427184e-09	2.039766487610766e-08
YAL040C	-17.121858030911376	1.03580261082687	6.094080038892474e-08	6.183208262542765e-08	6.647457025832027e-09	1.9808408828891512e-07
YPR110C	-11.619854806526698	0.44463116037236694	9.987145689797264e-06	9.95548295877757e-06	4.3769147393065876e-06	1.8539894582123114e-05
YNL020C	-18.291138640802224	0.43130147666128493	1.2353265375768455e-08	1.2493677282259721e-08	5.59935590504958e-09	2.3140927183113017e-08
YOR221C	-16.519039239727995	2.5150180415089465	1.749704435777343e-06	7.511589244028991e-07	1.052337083653564e-09	3.3073324226162437e-06
YDR479C	-17.548322252380736	0.6209897959842934	2.921310964616225e-08	2.895408078578257e-08	8.605863092106431e-09	6.625219763992208e-08
YLR078C	-14.96744336246861	2.273383019706182	5.082208231118513e-06	1.1227889088370497e-06	6.80711334095543e-09	5.240544982570663e-06
YGL095C	-17.345551894749356	1.5305125331035105	9.260904291748311e-08	8.682806346389381e-08	2.346038044017737e-09	3.4092983397703196e-07
YDR456W	-13.218684388118115	2.973683551743443	0.00011599854556050405	3.5291778961201155e-06	9.963467805763093e-09	1.59807529817442e-05
YGL022W	-11.167215638845798	0.13699824097247185	1.4256676390336026e-05	1.4262730892134021e-05	1.129366215984867e-05	1.7674094034695423e-05
YJL215C	-17.674258255975424	0.2638514399847716	2.1883949349615198e-08	2.183895671087493e-08	1.3661191989873095e-08	3.2544604515226694e-08
YDR482C	-17.1759648012166	0.09233317704856675	3.485927878675214e-08	3.486800103108215e-08	2.982706514940851e-08	4.040841460383961e-08
YMR215W	-16.658516062082477	0.8960416464631977	8.806888704092454e-08	8.647579206008099e-08	1.3302146933328461e-08	2.5216997355506707e-07
YNL079C	-12.560935230861057	16.629622958659883	0.22699124210657579	0.30365901025853864	8.180540543781935e-17	0.9999999618854268
YER023W	-13.022724278279336	4.265180574127277	0.003078858221027378	0.0045361053993378305	4.814909369373691e-09	0.0072847681318671245
YGL237C	-17.634301483129953	0.7431532893667631	2.8955878506494695e-08	2.8961084117208545e-08	6.465650144676654e-09	7.454664640544956e-08
YLR038C	-12.44922825687622	19.31416163029566	0.2589411722945322	0.3002718798197598	2.508129014753551e-19	0.999999998891129
YDR046C	-15.710765372504236	31.510411968131066	0.3080241051811741	0.6100904732734665	2.1387274031621397e-19	1.0
YIR006C	-17.149639851727393	0.07612394959950622	3.5791057237227486e-08	3.574466410721352e-08	3.144635093313784e-08	4.0390859858644014e-08
YDR371W	-18.03687865833576	0.3181284646297172	1.5450554010327427e-08	1.544094174905441e-08	8.697861060226863e-09	2.4771583843536287e-08
YOR306C	-16.97817155514071	1.63412628570381	1.543171964136436e-07	1.514022927200132e-07	2.8702516036156836e-09	6.045049756390035e-07
YKL144C	-11.574965502594702	9.668548724153815	0.12285585227149459	0.16351033770059814	8.048931623487643e-12	0.9967870106877498
YGL138C	-17.93840432725205	0.293747827565873	1.6960163999654967e-08	1.69116350886194e-08	9.990720902292923e-09	2.6248167764995733e-08
YHR097C	-15.01392523757472	10.117119374161783	0.06796346685605262	0.1345406068769675	3.686670125929456e-13	0.9891214127373074
YDR243C	-17.46471637929148	0.5304391708028656	2.9820204650939616e-08	2.989030521658011e-08	1.0860659669895783e-08	6.208824232097342e-08
YHR150W	-18.151950185686424	0.11078760288813982	1.3147291675789483e-08	1.3163524178547486e-08	1.090339236497562e-08	1.569559392221365e-08
YMR113W	-17.46879141757831	0.8878004315011254	3.852337172781551e-08	3.8384799689179683e-08	6.005367188908958e-09	1.1143638332469712e-07
YNL134C	-16.67289500717829	1.8623514023932732	3.5778023608254656e-07	2.6631628382463754e-07	2.658943090693016e-09	1.1271525815361647e-06
YJR124C	-14.755697837223986	1.7941693055739	1.8557076626991447e-06	9.068481453876723e-07	1.867570488647742e-08	3.7838299191695496e-06
YPR157W	-17.62113932507868	0.609591221601668	2.6532930363498297e-08	2.677471684775307e-08	8.15307489097171e-09	6.057649367505998e-08
YDR536W	-14.371996288588841	17.18803968345164	0.20552152821255742	0.4070111394501112	3.133021234209991e-14	0.9999999959312527
YGL141W	-17.940283580967794	0.47055905802160103	1.8091036913928934e-08	1.80645668069111e-08	7.455330684133874e-09	3.505909845612907e-08
YML004C	-16.332667934509068	0.5544457664092503	9.39547732337097e-08	9.314166151660806e-08	3.221215467327012e-08	1.9803545378959685e-07
YLR228C	-17.91997156850352	0.2577192197635844	1.711688076289735e-08	1.7057420396762534e-08	1.0797939091731832e-08	2.5209810134046644e-08
YDR275W	-17.015204098302043	0.31685464634373695	4.2802332001535864e-08	4.286978370748069e-08	2.4199695550802514e-08	6.863271359639065e-08
YOL128C	-17.587429407395526	0.2685588436163639	2.3728172707915996e-08	2.3852877140684777e-08	1.479170649587457e-08	3.577239188896936e-08
YMR054W	-12.783171283438557	0.22470668269872565	2.8912615615836065e-06	2.8956304783249414e-06	1.949819379982852e-06	4.0866385814609105e-06
YDR312W	-16.06658697765028	0.3771001218569522	1.1316208486537662e-07	1.1249011688586633e-07	5.6415388531818514e-08	1.9448544959207643e-07
YDR077W	-15.718870289864705	1.263057001967931	3.1976600181588396e-07	3.50500437200932e-07	1.8817663493887586e-08	1.2597503246989578e-06
YFL034C-A	-12.001196099729848	23.381296877518857	0.30856583815100697	0.3675513691818472	1.4347627293384657e-21	0.9999999999995881
YGL099W	-12.834219920442544	0.5256033613763543	3.0585491407119456e-06	3.2459157929453403e-06	1.165156871337125e-06	6.797336643768797e-06
YNL042W-B	-17.45920692418526	0.5405207880677845	3.026806810290628e-08	3.0247761153736044e-08	1.0740874134337508e-08	6.35270955011193e-08
YAL012W	-12.037512775504135	6.4012167962668105	0.035980316535892364	1.7189337316067253e-06	2.6074844839977618e-11	9.28759116944793e-06
YMR305C	-16.91019033255811	1.4344529178841494	1.314433833110188e-07	1.222518642532227e-07	4.258260186663405e-09	4.664519011742758e-07
YFR012W-A	-17.44340987002301	0.8411896974020904	3.770973595103285e-08	3.781646502815403e-08	6.651103196683682e-09	1.0587265563207489e-07
YBR086C	-18.501413790531792	0.2945879571414823	9.673321471360167e-09	9.630550598778948e-09	5.679106546936891e-09	1.4968790109474938e-08
YDL116W	-18.068380235542413	0.7736785174393531	1.926396420445622e-08	1.918934036324134e-08	3.98370346137671e-09	5.078287764185372e-08
YOL019W	-17.44916569351785	0.5168233373861763	3.041492587813865e-08	3.018655496644834e-08	1.1280968374303568e-08	6.177069879851856e-08
YHR032W-A	-16.85424815967503	0.6063524479177921	5.746554141908815e-08	5.757525398636658e-08	1.7665072950154622e-08	1.2985855200317954e-07
YDR213W	-17.418460563339018	0.12966836914228283	2.7490909426160075e-08	2.7474421243153043e-08	2.2010186920878345e-08	3.3720471081970126e-08
YDR219C	-17.743954553728095	0.3081719163428083	2.0666133030009895e-08	2.0629398327206687e-08	1.184476841116269e-08	3.2646902695526496e-08
YHR040W	-17.084686951006866	1.123016547864769	7.062252837095913e-08	6.72788472049234e-08	5.911386938480191e-09	2.2534099223996886e-07
YMR158C-A	-17.277767050772077	0.573549342791273	3.701803242360163e-08	3.6932069677403934e-08	1.2196056934391156e-08	8.0409430989287e-08
YLR274W	-9.930887491697783	0.13528960462279366	4.9197023537419406e-05	4.878593002793321e-05	3.8747202769652604e-05	6.031207745558864e-05
YCR004C	-13.85579697150474	1.918782805034169	6.000566838078229e-06	3.968269091216625e-06	4.06499869542213e-08	1.69016707851414e-05
YDR104C	-18.48524326079582	0.27411942799703704	9.682473904001772e-09	9.732147463890735e-09	5.9695240964562875e-09	1.4709604581708868e-08
YNL036W	-15.288202461547323	1.2193827807461401	4.867225599112003e-07	4.6085181668292997e-07	3.0612766645795226e-08	1.6294948759244663e-06
YJR016C	-11.523579691624898	0.27336728887739764	1.0235405699690035e-05	9.82716819463041e-06	6.149905887189052e-06	1.460304712225993e-05
YGR255C	-15.820774890606977	2.7486900447057234	8.19394651149309e-06	6.12068444583748e-07	1.2548943340862346e-09	3.030598492051009e-06
YKL196C	-9.668200187204045	2.8657782425316825	0.002900838503658495	0.003083600848476595	1.1132729121378351e-06	0.008996494975825595
YLR303W	-12.71129986417595	2.106539366172987	3.116581834528825e-05	1.2841666172958568e-05	1.040151542988229e-07	5.136732040918068e-05
YOR272W	-12.253903477471747	7.192101011184463	0.05206995649780345	0.09135427704927808	1.1081298707230886e-09	0.832345950806584
YBR083W	-16.03039359262852	1.2672285003670876	2.4219400172291677e-07	2.540858493808121e-07	1.3659150233125002e-08	9.141298139211032e-07
YDR313C	-16.938954032991155	1.1319789075984976	8.439650178641259e-08	8.094838844355102e-08	6.786947578566334e-09	2.736804113369178e-07
YIL089W	-17.691837165614693	0.6460630020890626	2.5531073239790116e-08	2.548701251425554e-08	7.153803398270199e-09	5.98043200437931e-08
YGL247W	-17.593174822505667	1.1867061138340502	4.6087761445494016e-08	4.626973628565797e-08	3.247877110726265e-09	1.6112497051946964e-07
YNL305C	-15.92851134787356	2.680929179991097	3.7458289365804413e-06	2.0181994624703557e-06	1.4755209069426104e-09	8.63183125832672e-06
YPR124W	-16.66176784410431	2.572274675573413	1.9070845478730187e-06	5.457383057641458e-07	8.198655775205912e-10	2.6253215773435632e-06
YPR098C	-16.139698943713434	0.9656561065795203	1.5710265510263982e-07	1.5691435853826186e-07	2.001820413671369e-08	4.821316643826676e-07
YKL209C	-18.673629933292382	0.5352272518763306	8.980437197978232e-09	8.954626999877392e-09	3.216679525760502e-09	1.8696807985546382e-08
YGL081W	-18.10123214287973	0.23214204023028462	1.4103390128446883e-08	1.4139070742686839e-08	9.391422812338534e-09	2.0156516262102544e-08
YGR194C	-18.049778624431333	0.2238204049367627	1.4875684281534993e-08	1.4856758221898676e-08	1.002370145697646e-08	2.0932556260885083e-08
YBL090W	-16.650645109236343	1.15273236742687	1.1284518367958497e-07	1.1506704141448353e-07	8.814665783143001e-09	3.9394148264740356e-07
YDL125C	-13.958707453749364	9.513210037682706	0.07682628079225036	0.10008567861609868	4.082929465697407e-13	0.9518511431238241
YML074C	-12.998070484661136	0.46171145379418155	2.518422764866109e-06	2.3887649080207185e-06	1.0280345708237537e-06	4.505368712632406e-06
YER103W	-10.950658585869812	7.951912016806172	0.09146784475014104	0.1679962141819438	3.9053324815998695e-08	0.9879624020447899
YPL003W	-17.753165667026174	0.47472207303591574	2.181585260864151e-08	2.179464363457431e-08	8.921281247542645e-09	4.246678281182538e-08
YGR100W	-13.125673811963631	0.21459417095787683	2.033370892458823e-06	2.0317627241471725e-06	1.3966667108013299e-06	2.822669139078902e-06
YBL047C	-18.33714293700627	0.23132170630562426	1.1168962572697964e-08	1.1168499514945775e-08	7.430602148990477e-09	1.5905085139133834e-08
YCL018W	-14.076099736551393	12.871455018352599	0.14633549716704689	2.260001700288068e-05	4.3248894383477496e-17	4.276258992494627e-05
YGR097W	-16.608642753323643	0.11238651124680357	6.163320197338593e-08	6.161744513323266e-08	5.0894314191610936e-08	7.366257223915425e-08
YKL065W-A	-16.762947699165075	2.379171151403469	1.4623996555848998e-06	1.0021718223265998e-06	1.051768587482053e-09	2.8684571877021102e-06
YKR102W	-18.627789160113885	0.35663582789470777	8.704757975416766e-09	8.659887070400922e-09	4.518828247117348e-09	1.4607853030070724e-08
YDR209C	-17.389830390567063	1.2341573097058056	6.160461913809826e-08	5.994111961130062e-08	3.674127303483768e-09	2.130667169180336e-07
YML014W	-17.035010282962453	0.4929027367561598	4.463105915981367e-08	4.512347243331393e-08	1.77548605246568e-08	8.986191757855166e-08
YJR089W	-18.88536921006102	0.21198657806307833	6.415973507369554e-09	6.425225628078963e-09	4.431982564212408e-09	8.9019272672296e-09
YPR061C	-17.607854318798623	0.9352076906430258	3.513288013785133e-08	3.4868045330825065e-08	4.833310243049053e-09	1.046688856493473e-07
YER169W	-17.53295789902854	0.11060961527169615	2.44262532540852e-08	2.444481703608433e-08	2.0254136161329744e-08	2.9139067681078165e-08
YJL039C	-17.216724145016038	0.27545183067647966	3.4615924409376396e-08	3.460992959763362e-08	2.1178625073507064e-08	5.241586718971232e-08
YDR524W-C	-14.329194341023092	1.0964191323934338	1.0944166292733989e-06	1.101423233672983e-06	9.871681505695571e-08	3.6708005378644397e-06
YGR112W	-17.295371963752537	0.2650485783484043	3.189929720047036e-08	3.1911216543956297e-08	1.9923468371848674e-08	4.763011392305625e-08
YER157W	-18.343049185296827	0.6616782977640541	1.3425321996197776e-08	1.3408046694455096e-08	3.6315580018724424e-09	3.192406045859596e-08
YGR178C	-17.759483434846466	0.4422472493247729	2.1468129261224328e-08	2.1338661921585476e-08	9.352032530248128e-09	4.00104386686623e-08
YAL067C	-18.124775390599957	0.8990738147530807	1.9821230519840557e-08	2.0101577249238632e-08	3.0590587676022368e-09	5.882444904323806e-08
YMR195W	-17.2128891533875	0.7336905504349738	4.398207690145509e-08	4.3707744315554886e-08	9.997226898961393e-09	1.114693217835156e-07
YMR209C	-18.328004545874997	0.6115749810300622	1.3169821775750301e-08	1.3215147148862141e-08	4.007884470015864e-09	2.9943825893331484e-08
YGL242C	-15.490708373946243	2.6077577418168043	5.548870427024949e-06	8.60766828992528e-06	2.733221649107592e-09	2.3205683956013135e-05
YER051W	-18.101195697317003	0.6853165175087169	1.7246441284494547e-08	1.7380937632179707e-08	4.453330213835501e-09	4.235564004198792e-08
YBR037C	-16.279212173417314	6.759808220837258	0.010596173611272951	1.1068541648577129e-05	7.668935875297395e-13	3.058755737365563e-05
YOR341W	-9.892613651821145	0.0035890860873067053	5.0543143334228926e-05	5.054454989741237e-05	5.0246592771582206e-05	5.0843382718119065e-05
YPR153W	-16.184436633143328	5.848156317919986	0.0038769762036094963	0.005990899312714909	8.539876027061269e-12	0.003822112252165382
YDR450W	-11.1023421884101	30.664321710400205	0.3598586759216555	0.4416670974204467	9.950703489553338e-26	1.0
YIR008C	-14.870241519173712	1.0999845061473492	6.252124652510535e-07	6.329282575253837e-07	5.703064765440839e-08	2.115776593083596e-06
YLR170C	-13.60281619821121	16.40013757874316	0.19854482190813305	5.852498344603984e-07	2.5376273358970584e-20	3.099345049356095e-06
YOL002C	-14.276469785881043	17.850133731840437	0.2102188688480389	0.3398036785237672	2.0785746827205318e-17	0.999999994064894
YDR127W	-13.647282719387428	0.028319564438185976	1.1836913855657612e-06	1.1840114871332267e-06	1.12965686336575e-06	1.2399650226451784e-06
YGR029W	-16.122176937519676	3.597383425281245	4.748053736575423e-05	8.708283930756966e-05	3.0779362271382726e-10	8.925879039556773e-05
YMR188C	-15.69483596202276	0.997533976967344	2.510372658989531e-07	2.5176064707823275e-07	2.9592527176927442e-08	7.891317385264359e-07
YIR026C	-14.48850925172969	1.3939176467244578	1.3000858646747907e-06	1.1871748100172997e-06	5.105428759284388e-08	4.549915702199853e-06
YAR035W	-13.918679444462166	0.5510994980915409	1.0476395525541898e-06	1.0156265186089575e-06	3.579559658880096e-07	2.132962855348434e-06
YGR035W-A	-17.153806644485435	0.3851158169325636	3.8225276253363716e-08	3.823151458109487e-08	1.883953010984544e-08	6.688407998339563e-08
YBL004W	-18.131761611694806	0.09875708487836177	1.3413759401611288e-08	1.3413988479467248e-08	1.1346329373086236e-08	1.5702156832871675e-08
YPL099C	-17.525808276107405	0.43749798103812987	2.6963212723012358e-08	2.692355509080897e-08	1.1906551991014163e-08	5.022063961547013e-08
YDR328C	-11.11003550770051	4.068394150138753	0.006700542120698455	2.61363334247679e-05	7.96100917383568e-09	8.182023109379186e-05
YDR381W	-12.750407006526936	18.16702960374191	0.239108988260014	0.33648999906746796	1.1879870525169591e-17	0.9999999977770853
YIL056W	-17.977895163731723	1.0082370733291652	2.566820055900506e-08	2.590094809588402e-08	2.9649390644481094e-09	8.176790286382573e-08
YMR094W	-17.935983747091946	0.11708972909949275	1.633992532661946e-08	1.6348181061036896e-08	1.3389706858500554e-08	1.968197328486169e-08
YKL151C	-14.675812060603628	0.8045451098848528	5.809697422395475e-07	6.011575487882487e-07	1.1363792842730339e-07	1.6452705164232985e-06
YJR103W	-14.666433525105228	1.4078347721866487	1.157665992844469e-06	7.603494591524716e-07	3.9386031697201646e-08	2.807746901189859e-06
YOR065W	-12.006483270874876	11.488451206824614	0.15059272990654424	0.23197318709261192	1.3401953439688398e-12	0.9998960137364002
YBR194W	-17.65160540522715	0.4702407609351392	2.4200840243438627e-08	2.4083236712469892e-08	9.948070420596518e-09	4.669722871471544e-08
YHR011W	-17.417849738959326	0.6733426042733152	3.418824927744077e-08	3.415758984691995e-08	8.995405573006475e-09	8.234236858160184e-08
YJR105W	-13.158685764909885	0.3097378450853507	2.0271671065991184e-06	2.0451156453515496e-06	1.1679451802401566e-06	3.2502114445555306e-06
YGR209C	-12.995392110075906	3.1445380491554697	0.00023923849164423112	0.00032504637778322626	1.5353324107884653e-08	0.0005693104591635292
YGR061C	-13.34765291807066	0.028458661723802466	1.596821503194338e-06	1.5972505779839542e-06	1.5235492231719494e-06	1.6730853803110847e-06
YDL139C	-17.52275259684479	0.6514027786363181	3.0694851496473354e-08	3.03359113376486e-08	8.397520126931387e-09	7.159356986455144e-08
YDR029W	-17.268698956461726	0.4484151927612792	3.523475033444604e-08	3.499574126362051e-08	1.5133938333880537e-08	6.616779644691436e-08
YER096W	-18.171376903651385	0.49772841285395125	1.449718683054355e-08	1.4514588954437928e-08	5.653907587514211e-09	2.9050671026590274e-08
YDR429C	-13.261820496562857	1.2140872987111408	3.6695730190435227e-06	4.590666377843288e-06	2.546986821425987e-07	1.6922000774453115e-05
YPR042C	-17.399693522770526	0.9188711189523875	4.2647146912119804e-08	4.1734062263333744e-08	6.096110336968301e-09	1.2346628557232902e-07
YIL126W	-13.932680725652014	0.5371709653433222	1.0327650048061456e-06	1.0093541258602055e-06	3.644400205873291e-07	2.0973363114317364e-06
YOR238W	-18.201393095420777	0.48830779955309994	1.4068246971839943e-08	1.4025199658846617e-08	5.572492117451399e-09	2.778066671151911e-08
YER148W	-9.89498113613167	3.5153469611120935	0.006799984845694245	0.008281395560451144	4.1340751049149157e-07	0.024086402070028864
YKL003C	-14.314526802228054	0.9403076028360237	9.63961762848571e-07	8.953460779011724e-07	1.273475367246629e-07	2.6645755996341032e-06
YLR074C	-15.837453848734137	1.4566659396024648	3.6966425864541065e-07	4.041217667493664e-07	1.211337264300398e-08	1.5267904801885522e-06
YBR111C	-15.37217699748812	1.0622966724173564	3.601889731203182e-07	3.593949036462903e-07	3.648309904577851e-08	1.1677466664111593e-06
YMR119W	-18.722869913058226	0.54913272166205	8.558950707384774e-09	8.591634813125392e-09	2.9928119282652813e-09	1.822548768048128e-08
YMR202W	-13.484955944056262	22.1867873475658	0.2720612430007455	0.3817055982593953	1.8488742094596186e-20	0.9999999999968725
YKL069W	-16.679598330397262	1.0816919483263712	1.0277912294127642e-07	1.0172886044741109e-07	9.6079585018486e-09	3.3507608369262576e-07
YML024W	-11.513404231686716	16.061904432354964	0.23716218564534408	0.28968962184803165	2.078215399910858e-16	0.9999999244561218
YCL064C	-15.446794707670913	11.439301482594928	0.09040484527781219	4.0598631789046745e-07	9.43124789859117e-17	2.3160190107898786e-06
YJL123C	-17.786845927236705	0.06604480094221554	1.8889203054301638e-08	1.8889416064326043e-08	1.6907858943438796e-08	2.100909752052552e-08
YPR193C	-17.766990508062868	0.5347773645068474	2.227803114729501e-08	2.217217797415604e-08	7.970361213655965e-09	4.629848926747219e-08
YDL234C	-17.922457058878486	0.11784659069312116	1.6564010468798317e-08	1.6572422239576804e-08	1.355515250059747e-08	1.9974843211968656e-08
YDR518W	-18.17206344241726	0.6189215706744208	1.5479159628995176e-08	1.553478632673151e-08	4.632507879300851e-09	3.549196627943452e-08
YIL146C	-17.33296834045263	0.5498974100249792	3.4553177838035166e-08	3.451693093366903e-08	1.2009953547946743e-08	7.325739625532122e-08
YGL092W	-18.533868334860877	0.34938847022471	9.471779811144794e-09	9.488650914700154e-09	5.023398971866691e-09	1.585634978991294e-08
YJR099W	-17.496129317319124	0.26625111480635527	2.6219557904540972e-08	2.6114485050542122e-08	1.6260467056710965e-08	3.904379899729015e-08
YDR463W	-17.20079265142426	0.8068902739587724	4.6762450726868363e-08	4.661229462245132e-08	8.958340665588909e-09	1.2656307965442476e-07
YJL111W	-10.163413898721908	2.0554305650171534	0.00027339189777912524	0.0004878657568221091	4.91930171946055e-06	0.00177001235280135
YBR237W	-18.48880929741876	0.9380284032624023	1.4619510218258085e-08	1.4351197212497695e-08	1.9905900979634506e-09	4.311931137619361e-08
YOR023C	-17.938233007564982	0.8513216288384191	2.3213833972346828e-08	2.321405659696991e-08	3.987947629783426e-09	6.545349339385663e-08
YGL048C	-10.461506774584402	0.5311099762039458	3.3157533341800026e-05	3.0283098847561637e-05	1.1694147592591523e-05	6.070766779278119e-05
YNL103W	-18.752549922098247	0.37291662445593887	7.705415853701378e-09	7.691821207353045e-09	3.8832971640716065e-09	1.3252026829023919e-08
YNL265C	-17.178690040943316	0.4636022081527459	3.8403381088532395e-08	3.854897991089152e-08	1.6150751917846043e-08	7.417617871094902e-08
YNL213C	-17.659286216011374	0.2825165771226351	2.224221001397521e-08	2.2280486678084124e-08	1.3447561610755768e-08	3.406455000226134e-08
YOR227W	-17.878334175275945	0.8746578191790542	2.5028433988333127e-08	2.492709899556889e-08	4.063122721113005e-09	7.150137816587227e-08
YKL206C	-15.106293088720983	1.6075709777070168	9.73806613703726e-07	8.39564965123665e-07	1.9242883812747917e-08	3.4041412626861514e-06
YJR025C	-12.667350272095925	0.806663027015219	4.353309772825094e-06	4.222072432970178e-06	8.309160312180697e-07	1.1313887969211483e-05
YNL151C	-14.558362325494224	1.59297454623401	1.632296883016968e-06	1.2360648442674499e-06	3.357993565457687e-08	5.0022275044438274e-06
YFL060C	-17.00205912452015	33.348637143890365	0.3094016432841004	0.4217285307083658	1.679869007979662e-29	1.0
YBR128C	-17.509343612205107	0.622915273337901	3.002945346368528e-08	3.0159659431472675e-08	8.9196074945522e-09	6.917241363698475e-08
YNL033W	-17.45864510861515	5.374488772515425	0.0007409009937896173	0.0014509153146543125	4.308257028389414e-12	0.0003787716204123723
YGL226W	-15.477746756973781	1.539589826738606	6.144148750346293e-07	5.820815635320292e-07	1.499956620068096e-08	2.284135234314234e-06
YHL012W	-18.126764388515717	0.9209899500166522	2.020364585358477e-08	2.0453587490543094e-08	2.9447736198510954e-09	6.076876741456119e-08
YNL233W	-18.732170161231757	0.351060380928993	7.810837723134444e-09	7.78734020658966e-09	4.108475586108459e-09	1.3039924578549955e-08
YML010W	-13.441014748962468	0.08478736114018824	1.4594675135442434e-06	1.4609009883072212e-06	1.2659671610942998e-06	1.67349800196358e-06
YIL104C	-17.289350074942327	0.7166896741929938	3.992902369080256e-08	3.9962513472786586e-08	9.524237499855544e-09	1.0030920426167325e-07
YFR057W	-17.661393016686766	0.3707953104136499	2.2954914984548076e-08	2.2862572886267705e-08	1.159693714382701e-08	3.9253393794690126e-08
YDR235W	-17.410622910590014	1.7543288293347603	1.284009977797544e-07	1.2397273732539104e-07	1.528102972154107e-09	4.878604770584701e-07
YJL207C	-18.000342791020508	0.2588999595112175	1.5734877355534746e-08	1.574655809054885e-08	9.944720371883655e-09	2.3298523344533403e-08
YNL008C	-18.713141390086953	0.23016058497465375	7.659226532586389e-09	7.664539825658517e-09	5.111630589081746e-09	1.0895633721390551e-08
YNL274C	-16.52083506294816	1.4451527502157275	1.8863936986691767e-07	1.7326367960549235e-07	6.1327509864312074e-09	6.673691734939235e-07
YBR153W	-17.791142630384407	0.367026025645455	1.9996588792128716e-08	2.006011944227763e-08	1.0255263792260737e-08	3.428449986294177e-08
YMR184W	-17.40552782604295	1.6817260514907928	1.1399160042839103e-07	9.624360811251096e-08	1.7124125220020806e-09	3.9193420191204514e-07
YDR270W	-18.564030500762733	0.6136003363780473	1.0497610412229317e-08	1.0459645678652434e-08	3.157828363704088e-09	2.375051518060976e-08
YLR132C	-17.683250271446873	0.5426837687134243	2.4293621440862667e-08	2.4198105548114093e-08	8.554450242565417e-09	5.0956599750167304e-08
YJL098W	-18.140055902441368	0.26299602591719795	1.3639795695317282e-08	1.3698573183864943e-08	8.586317645376445e-09	2.0388833387327346e-08
YCR081W	-18.10276009473541	0.8589114646448973	1.9802112002047123e-08	1.9825442310234693e-08	3.3409409141958108e-09	5.621937023263254e-08
YOR234C	-11.469064731450041	7.762409961518356	0.07462499340292424	0.0886363208511752	5.965924246889363e-11	0.8708457980367207
YMR191W	-18.09796466060738	0.2823675805695208	1.433780036350382e-08	1.4369072200279039e-08	8.674300506862913e-09	2.1962445369148027e-08
YDR162C	-16.79482548098253	0.4102561811167643	5.540686397745316e-08	5.531096232318895e-08	2.5882924813909423e-08	9.981286756638329e-08
YAR070C	-17.180565382580376	0.8381230290990622	4.911900828957228e-08	4.911168860962404e-08	8.706046803626124e-09	1.371922111585101e-07
YJL099W	-18.535571489214767	0.4190491444360331	9.778058694061404e-09	9.727387511842238e-09	4.4714056966373175e-09	1.773737869368145e-08
YER019W	-16.52875734591084	2.8178065474307146	4.070391249203935e-06	5.633535903909427e-07	5.96106914513019e-10	2.7987468136069646e-06
YLR439W	-16.552870815496995	0.4958893291620998	7.315549322936047e-08	7.32419794933392e-08	2.863628592155859e-08	1.4636671450266964e-07
YIL154C	-14.090901922078908	1.0523253143905906	1.3228986253860044e-06	1.037507753550796e-06	1.2570909308951587e-07	3.1876334751275655e-06
YLR186W	-12.468765918893903	5.279695457149237	0.012221265070680812	0.01963793073857392	1.901284571725475e-09	0.06038631227158771
YOR043W	-14.952443923591042	0.6800834175544264	4.0838842300807023e-07	4.086639981702904e-07	1.0526297056699276e-07	9.94850925696076e-07
YMR109W	-17.458396314913394	0.08745848383547151	2.6235349996927053e-08	2.6277811023621097e-08	2.2669114391572948e-08	3.022700084418679e-08
YBR142W	-16.20121826117333	0.2476243142584402	9.430962662044927e-08	9.487390871960206e-08	6.121045881719859e-08	1.3823904605943104e-07
YML050W	-17.240557094214587	1.8201511797060126	1.742265224927506e-07	1.378150462533585e-07	1.6065065980054324e-09	5.733826604344671e-07
YLR145W	-17.747323066339	0.5636287483483831	2.3008032031437482e-08	2.2978444755376503e-08	7.751540412032574e-09	4.951076422977071e-08
YOR347C	-14.086078972862149	1.9302754488073643	4.718824461576266e-06	1.4299419269517668e-06	2.731715178591772e-08	5.913670186463917e-06
YIL165C	-15.07620888798642	17.795628224146597	0.19516936256910788	0.24772550010224761	2.703045260834461e-19	0.99999988644137
YJR106W	-18.71062273391812	0.6558394361482718	9.269262404681187e-09	9.277927326145787e-09	2.5441853808364403e-09	2.1986447060789493e-08
YDR093W	-17.662997163331006	0.17699292032187208	2.1639677916108904e-08	2.1673360078868853e-08	1.59446219031908e-08	2.85431139716584e-08
YJR138W	-17.341444777274724	0.13582999664778989	2.965519021732478e-08	2.9694857924677393e-08	2.3527457994634814e-08	3.67831255508587e-08
YER038C	-18.0734944763471	0.39783205656887677	1.529037826265738e-08	1.5306045525750564e-08	7.3501090488568485e-09	2.719186240118646e-08
YBR095C	-17.64856890007372	0.6449003968682111	2.6353194324333773e-08	2.649982391889796e-08	7.469012846288752e-09	6.200900279181076e-08
YOL130W	-17.352318456390044	0.08613157096060847	2.9246230185172635e-08	2.9213005875243604e-08	2.5257576111808757e-08	3.3531754955969424e-08
YER100W	-14.984199148945615	2.483163984522694	5.92971696883633e-06	1.2235918875300607e-05	5.868390589217323e-09	3.836349003195141e-05
YDR364C	-17.508366177521516	0.5609196022255506	2.9130040020588366e-08	2.916487745190999e-08	9.896753939786061e-09	6.270806005259005e-08
YBL107C	-17.618454089614666	0.5173154511700857	2.568422366064606e-08	2.5504389893673843e-08	9.524297711018513e-09	5.223627859502004e-08
YGL082W	-17.277259275892852	0.5192859427997124	3.5926559475253e-08	3.5887901041806636e-08	1.3342689978157918e-08	7.365429710932294e-08
YMR003W	-17.660263835369683	0.4871817118599722	2.4241381700959952e-08	2.4066100065515663e-08	9.591006188257619e-09	4.7600317715664465e-08
YFL004W	-12.762075455212605	6.588522809763301	0.03165674762474009	0.07868634344769525	7.313696546685613e-08	0.693580078553836
YMR098C	-18.448560865396708	1.4621581133016142	2.989941883955592e-08	2.810037192967227e-08	8.756113938021392e-10	1.0700590162030014e-07
YLR149C-A	-14.559659163053718	5.9482711626823495	0.010199421975993456	0.010323740880735548	2.8870276192939836e-11	0.010009915682350537
YHR001W-A	-12.972246326572483	7.034360512231221	0.03742859305874816	0.04283435272772739	3.178367749409596e-11	0.2855775926131676
YPL101W	-17.66925393425567	1.0273527900511001	3.573979356849176e-08	3.55408230984778e-08	3.899175716740335e-09	1.1338841475372474e-07
YJL035C	-17.250250963382264	0.8824180807078189	4.693222861568852e-08	4.734708336663275e-08	7.528113144454924e-09	1.366606847625689e-07
YER158C	-18.01129105990271	0.25716234016098266	1.5617726347059802e-08	1.5564337692558786e-08	9.860534212366746e-09	2.2979124481857797e-08
YKL155C	-17.502865726354635	0.6024943976228488	2.9813180545006014e-08	2.9938398156480835e-08	9.275625383629854e-09	6.719679728974826e-08
YMR201C	-16.780223899252583	2.0502279142946698	3.9408984422685207e-07	4.3206857937747326e-07	1.7807795052352461e-09	1.6374418246240446e-06
YPL039W	-18.23256653259609	0.3148820527592699	1.2721864757132938e-08	1.2681505560807736e-08	7.186653592423034e-09	2.0250211132362782e-08
YJR082C	-14.379195962967922	0.5481055892464295	6.633480041530696e-07	6.596655366384798e-07	2.3060384819883672e-07	1.3971287054111972e-06
YMR089C	-16.190291969797677	0.23889423425880568	9.601428107678969e-08	9.57249182363197e-08	6.280290124548542e-08	1.3776701952787263e-07
YGR172C	-12.722764990693529	3.2916223325032417	0.00045489296165400614	1.44078038908403e-05	1.0147990633628936e-08	5.4319089074135315e-05
YER123W	-11.829793435864255	0.5997381121769805	8.705015283259488e-06	8.472227244457854e-06	2.7422074854518787e-06	1.831917543075434e-05
YBL008W	-17.869607608904467	0.2542404832093518	1.7925497003471177e-08	1.7921245312924832e-08	1.1416216250266612e-08	2.6360713324075727e-08
YIL040W	-16.022472583565964	1.6941840996136859	4.44308981581819e-07	5.020767371785196e-07	6.8164750510953274e-09	1.9059335452048933e-06
YER047C	-18.411475364025087	0.5541176984849099	1.1677353747713584e-08	1.176595281469011e-08	4.0527669728782624e-09	2.5088453282580116e-08
YLR393W	-17.634008353686063	0.6071456231836699	2.6574754240090294e-08	2.6393031754516396e-08	8.081301616554943e-09	5.956206557925517e-08
YOR084W	-17.677378226880087	0.1956665707787476	2.1512911144372584e-08	2.1435044325499777e-08	1.5241516188612522e-08	2.9004153541865358e-08
YGL232W	-15.83021626306522	2.0581236494696182	1.0455887590143443e-06	4.545433161615613e-07	4.186071531135891e-09	2.0451281963829918e-06
YGL143C	-16.899917134281118	1.5534617797860202	1.555833861672064e-07	1.401056807521837e-07	3.52719120831621e-09	5.536833415395677e-07
YLR291C	-10.858014904858416	0.9440968377262611	2.986032941143569e-05	3.732308092409161e-05	5.35441956812909e-06	0.00010903589193720941
YCR017C	-18.250910401512506	0.5980261447437987	1.4256103661510421e-08	1.414439017131321e-08	4.426754590211955e-09	3.160187225166661e-08
YNL154C	-12.045033320050559	6.549388184121679	0.03714400956592836	0.07579816517067646	7.32980141032151e-09	0.6839730866572867
YBR246W	-17.57186241148606	0.47311065057741714	2.601976569188038e-08	2.6136977983912337e-08	1.0731176447980003e-08	5.0850835088988574e-08
YIR013C	-16.34484876928486	0.5434293206919149	9.320117324277725e-08	9.228461771460145e-08	3.257761911361005e-08	1.94532581711558e-07
YAL007C	-13.087306380323705	3.1991372677319374	0.00029155982525138117	4.258020747237523e-06	6.806578138810081e-09	1.9103817088725327e-05
YDL216C	-17.61877339702273	0.26390193277368257	2.3054951861864634e-08	2.3069642186474878e-08	1.4433307332442159e-08	3.437518231022111e-08
YGL060W	-18.836872543289196	0.5158259136122757	7.500405987059396e-09	7.532134830434758e-09	2.8208903796874326e-09	1.539562208023971e-08
YNL302C	-11.776537063699786	23.97947695752875	0.30870255310171274	0.3870298501111513	1.2238990059089411e-21	0.9999999999999141
YML057W	-13.2886323466309	0.6175217035613548	2.0756274751486766e-06	1.8984777281159465e-06	5.924384263663885e-07	4.207821237583744e-06
YLR089C	-15.00188806687306	8.969699661819131	0.048370376421639404	0.12447275553362892	1.9765686990757137e-11	0.9662858171981035
YLR429W	-17.9991420348751	0.5987065771522335	1.8125325126085853e-08	1.8220141504986785e-08	5.687749815126443e-09	4.0733822699299815e-08
YOR278W	-17.89293246622487	0.41488353520327864	1.8432469488513394e-08	1.8471153257440086e-08	8.56086123403582e-09	3.351986146596024e-08
YFL005W	-11.717150746758259	3.51884566175539	0.0019031494760290066	0.0024634377293192753	4.744829061979669e-08	0.004757897834082596
YOL036W	-19.07172797514881	0.3950460386696305	5.651609700807467e-09	5.636645225179102e-09	2.721189263900654e-09	9.981590266950505e-09
YNL024C-A	-14.113855789350916	6.170536004939494	0.012375155048519066	0.01655403479129547	3.710303600042793e-11	0.029047467844044727
YLR352W	-16.183521235646317	0.27993835408795237	9.722233811959281e-08	9.741815733843125e-08	5.910147539775034e-08	1.4844775921044659e-07
YPR014C	-17.625116179807215	0.3723959634147548	2.368012830504136e-08	2.374915421401464e-08	1.2007980935653527e-08	4.088354889772343e-08
YMR072W	-15.875668010784418	5.4874043433316375	0.002663651521729833	0.004827651349112952	2.2734882264442274e-11	0.0033387724514010323
YDR059C	-13.100409467523557	6.024262688639584	0.018051987909979215	0.024913308133003857	1.9193162150700787e-10	0.08463543789646932
YGR014W	-18.760426540241447	0.25993225812845244	7.391753915115903e-09	7.362912504930328e-09	4.640601645239715e-09	1.0913523286066021e-08
YOR329C	-18.238250340183136	1.3142928658176585	2.9285244920532874e-08	2.7644945816026816e-08	1.3755370482320825e-09	1.0145754873193673e-07
YEL050C	-13.14239823578914	2.696240770260453	7.081884916152724e-05	1.8746044074592441e-06	1.3491107244653742e-08	8.035896269726596e-06
YMR074C	-15.759856098790758	8.936185311969052	0.0415413904435372	0.05689847470947192	1.2080516555768694e-13	0.5529238932510248
YER177W	-10.906358819273871	4.858618966437144	0.018427173731546044	0.025370140501139254	2.3250527486783445e-08	0.10780865933751362
YFL003C	-18.0906885662343	0.3177084341741142	1.4583545549424264e-08	1.4628737603281047e-08	8.243704216093756e-09	2.3445719885809004e-08
YDR245W	-14.679920507937775	2.052100586986536	3.2138134477722613e-06	1.3605487410994205e-06	1.3535591313975877e-08	6.1617329004992295e-06
YBR268W	-17.066995034802808	1.2510280095173036	8.36098574317319e-08	8.433442070922194e-08	4.935096823692102e-09	3.019204191629146e-07
YMR176W	-18.621686246501618	0.37547894090541745	8.77899591497184e-09	8.76786319193212e-09	4.4049477874990985e-09	1.515040780586743e-08
YNL183C	-11.678943423635198	0.5441898050864907	9.854006335848915e-06	9.7894388722547e-06	3.6144154799267472e-06	1.971174136529485e-05
YGL174W	-17.924769086727743	0.22935732733378122	1.6860578070963926e-08	1.6857005837084355e-08	1.1255366870755786e-08	2.393673667835676e-08
YDR036C	-16.64593257886458	3.6957044482313437	7.974590853409974e-05	4.3661904736484074e-07	1.0351003848992705e-10	2.293702742989482e-06
YMR144W	-17.724906746640904	0.16267764979485663	2.0333555573344948e-08	2.0319705798521502e-08	1.5344546233742858e-08	2.6198383545178893e-08
YPL215W	-13.543954419314966	3.951821910517417	0.0010273373487886825	0.0020224717814452254	4.456850230422725e-09	0.002968932462957318
YDR116C	-16.480625233995802	1.4094708980366646	1.8627237423352182e-07	1.9724972779307746e-07	6.8800214382891e-09	7.347357397692687e-07
YIL127C	-17.108232992229155	1.2899327105676235	8.700224576872821e-08	8.373009775497176e-08	4.432709981948517e-09	3.044019899604538e-07
YMR103C	-17.14203242689195	1.696705319360578	1.481953200729904e-07	1.4057282957967447e-07	2.191932109264292e-09	5.604908180544648e-07
YOR060C	-17.31430337458091	0.90217589397906	4.506264860867667e-08	4.55197401963665e-08	6.85456696515129e-09	1.3354697248303012e-07
YJR123W	-10.10610635548887	16.94838379575095	0.2813712306912005	0.36951051302052335	1.4981609572106144e-15	0.9999999980946384
YOR138C	-18.476044658419546	0.31715613191209663	9.940042632280337e-09	9.948339390658358e-09	5.6153874926967715e-09	1.5933506816883422e-08
YOR233W	-17.49756983352649	0.24484432624604088	2.587931805302621e-08	2.592546757963128e-08	1.6819584855946405e-08	3.7625146224413546e-08
YOR007C	-13.419852361309447	0.870449236924243	2.1503376406777353e-06	2.2540022705274054e-06	3.6128321451532275e-07	6.519951528228916e-06
YML011C	-15.574066428461217	1.8292987863908194	8.462870027587409e-07	5.791349784385959e-07	8.158721293436614e-09	2.4795924852432853e-06
YFR019W	-15.767573250945995	0.23668394884360408	1.461686735811917e-07	1.4603402413521158e-07	9.619292373137725e-08	2.0948462278030685e-07
YOR090C	-15.483066040317633	0.8682150335314363	2.7260143096415806e-07	2.6045517739210433e-07	4.437014729433449e-08	7.343001132411527e-07
YMR152W	-17.573734231752447	0.9304710473607367	3.575228090717331e-08	3.606331181461936e-08	5.047735678620513e-09	1.081048014177228e-07
YML097C	-17.608790254330366	0.59668716867293	2.6995226588187593e-08	2.684612415252904e-08	8.423595670407091e-09	5.987059906010533e-08
YMR086W	-18.803197683760068	0.42824720760717677	7.454832548488435e-09	7.467146263089254e-09	3.367754391169609e-09	1.3769607377703612e-08
YIL134W	-17.651461373815387	0.7340730982000593	2.7766651178397425e-08	2.8193932932556182e-08	6.443717582514281e-09	7.193800254181644e-08
YHR078W	-17.477044024032644	1.7822677264169104	1.3801443462126536e-07	1.2883470449224276e-07	1.3734235880257485e-09	4.945536672406059e-07
YPL095C	-17.05441377392794	2.4838870779867204	8.046573090662257e-07	3.558499384049672e-07	6.409035434600899e-10	1.6441687200507524e-06
YGL075C	-17.95198908677498	0.2157205559764389	1.6352639473227357e-08	1.635362387935774e-08	1.120184946896126e-08	2.277775030594507e-08
YPL184C	-15.667392313124717	1.1644163589127003	3.0728953085518176e-07	3.274889951923683e-07	2.337412043337527e-08	1.1331801971232868e-06
YOR296W	-18.066668485343094	0.6116926050269392	1.7162407185198922e-08	1.717951003506388e-08	5.208983485522849e-09	3.8932568024669646e-08
YER033C	-18.77587376350943	0.25264472469866833	7.239170734938632e-09	7.2347755687978055e-09	4.624629198629435e-09	1.0614013127280568e-08
YBR166C	-14.841440298555378	0.9924610008267186	5.771778389280132e-07	5.894846383825909e-07	7.027657654405046e-08	1.8488651215950923e-06
YDR111C	-16.271060659776545	4.178965603310725	0.00014881654798742976	8.313368910494468e-06	9.48769267104719e-11	3.3422611624870704e-05
YDR502C	-10.586941484588303	6.082737119736827	0.04698386477184688	4.1949552009983475e-06	1.6263728609511129e-10	2.0377165506605293e-05
YGR035C	-17.13723226950328	2.4007525688153066	6.901067509553839e-07	7.737906674018792e-07	7.00867800198295e-10	2.1015529584088448e-06
YJR092W	-18.547445773868226	0.22515714691170644	9.025026570083691e-09	9.0330869755829e-09	6.0804837486895805e-09	1.2753876640835834e-08
YNL313C	-18.192669023200274	0.36787887983875994	1.3380435365274827e-08	1.344168225145503e-08	6.85822807699814e-09	2.2992218256537333e-08
YHR140W	-17.15544008625961	0.846180081780696	4.986324248378092e-08	5.0495869539912246e-08	8.798097687348213e-09	1.4178980392538207e-07
YGL248W	-15.386796949657716	0.675725688059615	2.625869940848315e-07	2.610125817935989e-07	6.836931088833661e-08	6.307639813421742e-07
YKL086W	-15.118424213484966	3.0301180193821016	2.1608478275765838e-05	3.299931775069161e-06	1.6878095869479573e-09	1.3730911917618742e-05
YMR023C	-18.20794822344846	0.39532606227614436	1.3399521642894973e-08	1.3371264630753448e-08	6.451984030412414e-09	2.368832573634674e-08
YDR464W	-18.79298799501789	0.2644655309360644	7.125928986943494e-09	7.133450092568114e-09	4.45852610363289e-09	1.0638376268013486e-08
YNL282W	-17.38634373500185	1.8394833280125076	1.4157797022814496e-07	1.6536436658654758e-07	1.3688634566569077e-09	6.042661892154509e-07
YGL049C	-18.033883722910964	0.3059045206443596	1.5425298591792334e-08	1.542569353801125e-08	8.896789961480129e-09	2.43393569874971e-08
YOR005C	-18.208023011707105	0.42797588223340616	1.3563377779474704e-08	1.3530939705026597e-08	6.109641075821004e-09	2.4940889677517063e-08
YOL034W	-17.045724417029255	0.788491713062614	5.3474213707449995e-08	5.406461894413907e-08	1.0810312453760763e-08	1.4487102468905512e-07
YDL175C	-16.72709065136673	1.4538710716526884	1.5618549313294945e-07	1.4710794171835072e-07	4.941305691432467e-09	5.661652298862517e-07
YDR487C	-13.583142703720066	1.9001703467213675	7.107090401461803e-06	2.986737698799686e-06	4.934657765498654e-08	1.2339283754355372e-05
YGL096W	-17.90393960149317	0.431356299589169	1.8499827300769096e-08	1.8403082598416663e-08	8.246265482414503e-09	3.408617918062298e-08
YKL191W	-17.53025663772582	0.3732280068913049	2.6356297491921564e-08	2.6116244654734494e-08	1.3176897951517111e-08	4.4986333791219114e-08
YER022W	-18.19737082285514	0.3161232082697437	1.3119385686997173e-08	1.314024481355107e-08	7.428899298115244e-09	2.1018449496151654e-08
YNR052C	-12.49323626599739	1.1782157721914173	7.615636299676287e-06	7.432948835944324e-06	5.748573344734549e-07	2.4953392277734326e-05
YDR293C	-12.96031034699349	0.30356849405102926	2.4652288676165374e-06	2.426311875695306e-06	1.413578226610741e-06	3.7986271398663557e-06
YDR475C	-18.703743749175324	0.3929599756124429	8.087510419362411e-09	8.138112632667921e-09	3.945154340409886e-09	1.4381278863146744e-08
YDR430C	-17.761576184239807	0.7030192382995823	2.44799062347851e-08	2.468391583292785e-08	6.0746417484093025e-09	6.11684482900208e-08
YMR033W	-15.426320487743348	0.6941129858095869	2.5548760852496256e-07	2.536142874358161e-07	6.369100701697553e-08	6.235343577858211e-07
YNL130C	-16.577947179562166	0.912414273280256	9.610890005655832e-08	9.386932353961352e-08	1.3993452231189164e-08	2.762723947358962e-07
YKL033W-A	-16.290974505861364	2.1294295949253583	8.352583720638662e-07	5.079481314053127e-07	2.4818659555435322e-09	2.2386814823420876e-06
YML107C	-17.929141170804492	0.474602042773202	1.8371738891935077e-08	1.8285184202280005e-08	7.483208988469596e-09	3.563432156713883e-08
YFL049W	-18.604862225712118	0.8645853977781981	1.189243911429038e-08	1.195856976614471e-08	1.9977886638653457e-09	3.396727754149831e-08
YMR316W	-17.903310514641767	0.3794310535258005	1.8042287146288082e-08	1.8026753857061292e-08	8.981775240443681e-09	3.129626472320887e-08
YER119C	-17.313184002990006	1.0409700454688684	5.219300221642551e-08	5.224630353515172e-08	5.4614977309088004e-09	1.683040002707277e-07
YLR042C	-17.785835410967543	0.7230789645708521	2.4417347946983753e-08	2.4503085563983446e-08	5.743054406597101e-09	6.191190867367012e-08
YKL190W	-11.812028714565665	5.4280160922314975	0.019010298461277705	0.025979236195724852	2.1845879717454347e-09	0.10319460357928001
YIL009C-A	-17.50587602925311	1.4547892136549716	7.064659005324304e-08	6.79030998166587e-08	2.2644445850573234e-09	2.6084027387700424e-07
YGR239C	-17.891754666657057	0.2549343949012563	1.7468195904610277e-08	1.7529430352127047e-08	1.1153409041117714e-08	2.5802238125052386e-08
YCL044C	-15.136645263971284	16.29950068112581	0.18338858556860216	0.32847734134566214	5.19556249409827e-16	0.9999999114564556
YIR039C	-18.646096963428995	0.48354386015472656	8.963804234477276e-09	8.968417874742967e-09	3.6001756643900634e-09	1.7668927541235304e-08
YMR008C	-16.178120021949276	0.553009236417988	1.0933981707732189e-07	1.0984751974291666e-07	3.791948958410035e-08	2.3409126116186339e-07
YEL003W	-15.004080245614157	1.886741350703074	1.860353126567466e-06	2.1120875367963386e-06	1.396698957560983e-08	8.013236034583005e-06
YDR183W	-17.019072023999748	0.32526896439907343	4.2732989669979354e-08	4.283074207049946e-08	2.378696855284339e-08	6.935579062439093e-08
YDR172W	-14.184326903084136	0.0666448729509411	6.932984562307374e-07	6.930751550715925e-07	6.196800037676384e-07	7.71595130176937e-07
YDR461W	-13.656733694072452	9.264836872248726	0.0725438293218867	0.07979258096363179	3.5742248908386824e-13	0.8709909353994051
YJR060W	-17.62337015650059	0.3194276999984147	2.331677031905133e-08	2.3357529240750095e-08	1.3124076467772134e-08	3.751840952473456e-08
YDR294C	-17.36029604088339	1.4332730167237753	7.753824891408465e-08	7.677131715503165e-08	2.713952796314333e-09	2.9343724603161294e-07
YOL140W	-15.401323078517587	1.0640055559652388	3.6132228336769306e-07	3.4986770392723805e-07	3.5335249775974574e-08	1.139268193574493e-06
YJL199C	-16.88246559525664	0.8925052474837387	6.817688613579783e-08	6.944151447413421e-08	1.072589365649958e-08	2.02424633187971e-07
YJL062W-A	-13.468931455042318	8.297774263826378	0.05349071591618499	0.06672210835664917	2.7286936044380593e-12	0.69941231803508
YJR070C	-10.50246144312491	9.594499586387661	0.14030505964822246	0.2070140953294983	1.091632684513236e-10	0.9990886356486717
YFR038W	-17.927933618750963	0.3185064165253875	1.7268152221515403e-08	1.7220810228138218e-08	9.692965938046998e-09	2.7625914860525022e-08
YIL093C	-15.289230210700177	1.27336409800343	5.199184344668909e-07	4.954235346143516e-07	2.8030245034389636e-08	1.7936286240926232e-06
YGR039W	-17.675183554057135	0.25559044675504555	2.17540973650224e-08	2.177512540711693e-08	1.3841136425732072e-08	3.207607662320185e-08
YDL103C	-17.327419246191262	1.2756893958985487	6.916258280328695e-08	6.456842391124388e-08	3.637362753811729e-09	2.3357050465248448e-07
YJL091C	-18.027324451825685	0.5569760734739932	1.713676422417651e-08	1.7299044944145373e-08	5.923007017714347e-09	3.7012509996134245e-08
YKR104W	-17.538103188614464	0.16431906033618307	2.4494126847537165e-08	2.450008551372079e-08	1.8446296332373856e-08	3.166457981620935e-08
YLR368W	-15.600538648862264	0.36009327553109	1.7920306503924207e-07	1.779441097142463e-07	9.23676479720652e-08	3.0114047535217357e-07
YBR236C	-16.878577608841574	0.7206759216918226	6.06147541091102e-08	6.077364461245062e-08	1.4301366697756047e-08	1.5348977763951455e-07
YNL045W	-18.284775430912255	1.0411641554221622	1.979862746945832e-08	1.9776141602011766e-08	2.066409031268081e-09	6.37201265748603e-08
YDL028C	-16.04891013206447	0.5979768392149951	1.2781666822479095e-07	1.2897236158346142e-07	4.018828641171621e-08	2.887787879341852e-07
YOL120C	-11.349228071449895	22.85997575450938	0.3121811646951443	0.40028009795172015	2.3781575684453278e-20	0.9999999999997451
YBR171W	-11.586733529454202	5.832247020332641	0.028751484015538377	0.03955252792595035	1.8513846127771623e-09	0.2416537508692793
YPR151C	-16.784282446948914	1.363903873437184	1.3834940903627995e-07	1.2565115094725463e-07	5.42514706226191e-09	4.686327455091265e-07
YJR131W	-17.69475378467991	0.6859536147017881	2.6259778867705124e-08	2.6081952193926198e-08	6.679512912798093e-09	6.359219793746173e-08
YAL011W	-18.532935093150577	0.5782000682266225	1.0485530872573731e-08	1.0567204305792116e-08	3.452892053509384e-09	2.3137375678761145e-08
YBR008C	-17.539095379172927	1.8680014820758852	1.3190127148775266e-07	1.409018220047681e-07	1.1211595257414573e-09	5.358573302746209e-07
YPL194W	-18.15481169960635	0.3418491108263765	1.3831945916492698e-08	1.3827960530038517e-08	7.430383453241198e-09	2.2879395635589313e-08
YCR093W	-17.04656404765496	0.08769011296697349	3.9674505339147255e-08	3.9669299280078295e-08	3.4207832303239136e-08	4.564750114737398e-08
YGL207W	-11.998589151263284	0.0752997030363679	6.1645630608986525e-06	6.169377824649871e-06	5.435383839053446e-06	6.961662483397038e-06
YDL167C	-17.33880767609748	0.4333572462498928	3.2485383040437964e-08	3.2335074451665246e-08	1.444305939046594e-08	6.00118247184199e-08
YDR011W	-12.46637384605942	0.18651100895819786	3.925676476495854e-06	3.970066873548114e-06	2.8673045653945136e-06	5.307214284871037e-06
YNR076W	-13.95795119462941	31.659244529926266	0.33604920023691265	0.33998920647544545	3.139181584036157e-29	1.0
YBR205W	-15.961351828177564	0.4433863702540812	1.2825719038701018e-07	1.2907767019675282e-07	5.640507377943808e-08	2.4256473021540617e-07
YDR022C	-17.66398676283365	0.36977483114403303	2.2626745265802333e-08	2.2812719536657365e-08	1.159322521961841e-08	3.9132518831067424e-08
YJL194W	-17.334391275890944	1.2805890064316878	6.744909564916355e-08	6.819828372246483e-08	3.612500726855261e-09	2.4658151995031255e-07
YBR085C-A	-14.895432330312312	1.6116533497576313	1.2963834844744151e-06	1.34148970202547e-06	2.4216556556970593e-08	5.199449042574984e-06
YLR080W	-17.753551548427772	0.8995619592034437	2.9267986023002808e-08	2.8816679844982293e-08	4.417829312185972e-09	8.411529125122906e-08
YOL059W	-11.706696355192387	5.508306953111898	0.02107669006751757	0.03903911790836161	1.2217825120108942e-08	0.23617598901701387
YAR073W	-14.90973182518878	5.32333780441862	0.003784803813607779	0.005521614408241358	7.161055811614223e-11	0.004519109262591654
YPR011C	-15.256879214278294	3.3571831074580385	4.3421307392564083e-05	1.7813075446135956e-06	7.918863509448065e-10	9.032767234572082e-06
YOL166C	-17.43681239219672	0.43812399602191815	2.9430791605612484e-08	2.9445163820022793e-08	1.301047774528797e-08	5.4990025171053535e-08
YOR255W	-17.79459115361619	0.6470088190591874	2.3045391419454995e-08	2.3023057596872264e-08	6.445181665258199e-09	5.41041303859879e-08
YBR084W	-13.009077788135025	0.3446584641275207	2.372859806365412e-06	2.3927184531094946e-06	1.2776157456714103e-06	3.972701451417058e-06
YBL001C	-13.730951131547906	7.10556785478338	0.0313453523070876	0.03782011633615744	1.488829145627125e-11	0.20790477466426682
YOR257W	-10.878561256679811	2.3101535135261018	0.00024076707729962421	0.0003253442360832142	5.926903472093928e-07	0.0010669780110287264
YOR045W	-15.026203302019846	14.006396576433465	0.14790877673952382	0.1624957159556671	5.261638906853829e-17	0.9998523725305147
YNL018C	-17.87078836128871	0.3591259979695692	1.839674198009099e-08	1.848819318130528e-08	9.599662577183725e-09	3.1287759813230815e-08
YML060W	-17.86389465675979	0.4357764730710415	1.907558815206358e-08	1.9189119036505666e-08	8.521005455400627e-09	3.571285324903594e-08
YMR049C	-10.16969192686606	2.4657776192522802	0.0007414795505025531	0.001341908127330868	8.031229688093752e-06	0.004463689416894162
YGR234W	-17.378592542802785	0.23046948989081445	2.8917526951014493e-08	2.9111427012709298e-08	1.9398395535576186e-08	4.140570167887828e-08
YJL140W	-10.509697223716055	8.047746158614109	0.10192491596901783	0.13389019056977725	2.7631850487552285e-10	0.9777851586437679
YGL146C	-17.416601850994034	0.5618878405889844	3.215776960608718e-08	3.191615113483098e-08	1.0820898557175136e-08	6.859722861673543e-08
YML023C	-17.884102027245667	0.13709587846045593	1.7262085528555858e-08	1.7262509642157183e-08	1.364872271656987e-08	2.1422939038298267e-08
YDR087C	-17.126714203820434	1.4154202899174402	1.0478481621881165e-07	9.269673538274141e-08	3.5225174171466566e-09	3.5282776921746557e-07
YMR277W	-10.743671237484657	0.11997930069654246	2.1773454227089928e-05	2.1789903101321872e-05	1.7777179827380643e-05	2.632498761772793e-05
YOR327C	-13.130452577542153	3.6915341326736986	0.0006950024887028873	1.0342001990995647e-05	2.971765921925894e-09	3.758965794205763e-05
YDL086W	-13.355944852374657	7.545047653760691	0.041922996676933826	2.063820997634817e-05	1.9278634936971606e-12	4.9422317861580964e-05
YBR189W	-11.077966734818753	29.268711766122742	0.35305945016505325	0.45710644275526735	3.1363434479828516e-24	1.0
YBR026C	-15.057118696794484	1.8511669982955508	1.6445883274503215e-06	6.417247868454045e-07	1.2213679599193034e-08	2.688270965900063e-06
YOL024W	-17.7443492078391	0.2641126504690688	2.0373824374585343e-08	2.0355774973384056e-08	1.2730975769225257e-08	3.0341829949296085e-08
YLR241W	-11.33222449899126	0.24726076857410956	1.2391194613082477e-05	1.2432146566858011e-05	8.072090584421418e-06	1.8000488578667236e-05
YML132W	-17.272127512719585	2.797491391204067	2.0084983752200575e-06	1.9342090787293353e-06	3.192812746428935e-10	3.6925046313555143e-06
YMR222C	-16.364235552719897	2.791129086043528	3.4689068934780996e-06	5.511325012645732e-07	7.185388257969999e-10	2.723570072206524e-06
YJL208C	-16.061093438177473	1.987296507815374	7.333251098596844e-07	4.969439254156236e-07	3.951361650170865e-09	2.213306723220427e-06
YGL245W	-11.788475384601904	0.039180049103051444	7.592269578100866e-06	7.593346398919078e-06	7.114085661594525e-06	8.092297000775884e-06
YOR289W	-16.920501650421052	0.8090937243876223	6.165649272446755e-08	6.21210166977733e-08	1.18288213927711e-08	1.69204003693832e-07
YER089C	-15.114007807999721	12.633266283945765	0.11636194979894722	0.23886525439145395	8.184601660835544e-14	0.999938110675869
YHR152W	-16.864101506454013	0.5050048343262059	5.3719792241708535e-08	5.3851032777920664e-08	2.0648469455824042e-08	1.0875211914813177e-07
YJR083C	-18.004366639500354	0.20459456879497234	1.5451672123516706e-08	1.5483566751891545e-08	1.0826761661461707e-08	2.1223787276575312e-08
YBL097W	-18.3553148669534	0.6504019066220084	1.3330394133043075e-08	1.3174762979150058e-08	3.658386394550019e-09	3.105492743984629e-08
YKL194C	-16.799410285538166	1.1011127147977768	9.345862298351522e-08	9.305715901869719e-08	8.269418735952395e-09	3.106511182667312e-07
YPL007C	-18.42931948761629	0.7720495213406136	1.335309178987455e-08	1.3320014821148491e-08	2.7807394781588397e-09	3.512800779670473e-08
YLR014C	-18.707483481318327	0.2632186016227484	7.774782717072755e-09	7.769651977875706e-09	4.866504435918183e-09	1.1569200140860173e-08
YMR062C	-14.476012564257823	1.4188143967356557	1.3933743213633945e-06	1.575728525461473e-06	5.1683497448537486e-08	6.248329573488816e-06
YNL202W	-15.67674704500764	2.638264261101832	5.168635818208423e-06	7.241061717299941e-07	1.7785470268993497e-09	3.520333165807851e-06
YGR017W	-15.929808478330367	1.4973409757800835	3.839532720356361e-07	4.158018116259979e-07	1.0405812349289096e-08	1.5636278274117071e-06
YDR303C	-17.240245984074996	0.4848567488586562	3.667931226266271e-08	3.661649767361217e-08	1.4664765333145088e-08	7.222715404491251e-08
YDR350C	-18.410753702039933	0.3438238056801383	1.0749223249818629e-08	1.0714339069596366e-08	5.7338316248640015e-09	1.777050210272688e-08
YKR030W	-16.019465658472605	9.505293555559886	0.04729834488751108	0.08384398920672889	9.67131398228925e-14	0.8780351057563532
YLR175W	-12.287454872269288	0.9268360472367012	7.055066619066972e-06	5.9853769681809785e-06	9.886760495483278e-07	1.642893229858541e-05
YGL255W	-17.435387657221277	1.8140448704172418	1.3680597885264598e-07	7.797026340217078e-08	1.271221190947585e-09	3.308515550187533e-07
YPR143W	-17.1504127072048	0.795822798373065	4.962491037322548e-08	4.8962977158616484e-08	9.619120836206e-09	1.3205608124760515e-07
YMR158W	-12.790694952062902	10.931610203113948	0.12328493846226507	0.15986961944156863	1.6614814624626538e-13	0.9984774542633386
YMR288W	-16.441323169744415	0.25011556421519826	7.476904756207214e-08	7.462745900934007e-08	4.7928530158403255e-08	1.0908998656775993e-07
YPL273W	-14.668662633100164	1.5492121219143478	1.4074706386242142e-06	1.1944282783325123e-06	3.291107727686759e-08	4.800949495615139e-06
YLR051C	-16.671420765801436	1.304713018552081	1.3478506996406938e-07	1.3145896317278669e-07	6.695682874765302e-09	4.806243262523511e-07
YNR046W	-11.903768886805617	5.824284053498514	0.02643850934708063	0.03196351464815724	8.802951267620326e-10	0.15343337191826661
YGR099W	-18.95621387333899	0.8143060432351623	8.05998225933682e-09	8.148613437906918e-09	1.5314950447598716e-09	2.231487400108196e-08
YEL048C	-16.756670138675823	0.7453660936976153	7.084180011180103e-08	6.959452887052922e-08	1.54761823075148e-08	1.795243529390179e-07
YER066C-A	-17.66592877671878	0.4942472092245053	2.4052049246394683e-08	2.3994372141041024e-08	9.419068420616264e-09	4.784580767479628e-08
YNL138W	-16.383784303678972	0.06663626928612028	7.682910044227936e-08	7.683965802467025e-08	6.870810489198225e-08	8.554955039582612e-08
YMR291W	-14.422481386100978	6.138293366181023	0.011270318749495665	0.03321299142933295	5.358489670654246e-10	0.16873477809462314
YMR036C	-18.027343264192446	0.42414322235117735	1.6270857026974642e-08	1.6210177663267486e-08	7.37092587739758e-09	2.9753429068392603e-08
YPL062W	-17.518214672564632	0.5318061900173995	2.8418399902574987e-08	2.837086261165355e-08	1.0271754816347864e-08	5.903623789157484e-08
YIR023W	-16.980611893094597	0.19794795752282182	4.302416402637802e-08	4.304230440380968e-08	3.046930558772331e-08	5.843730670242186e-08
YDL226C	-15.99280792555596	0.9022015689009409	1.7322731698755556e-07	1.6849397003970551e-07	2.5585795537866457e-08	4.928033939654755e-07
YPL063W	-14.646108818554191	1.1407706632841155	8.396094892168485e-07	7.932990719102185e-07	6.636391536903556e-08	2.709163860330205e-06
YDR156W	-16.49925186411651	1.2413142479930332	1.5353497003830582e-07	1.492807220781699e-07	8.864868422685875e-09	5.315848434633918e-07
YBR290W	-14.761329613968835	0.7807447316184469	5.18991381962059e-07	5.315124118814769e-07	1.0778487946079513e-07	1.4186713124876923e-06
YPR165W	-9.674422207573068	16.18780820782053	0.27407425767602084	0.36069462373662775	5.5123861704677735e-15	0.9999999942518518
YOL129W	-13.837664986372099	10.351885673499854	0.09463158998515332	0.12984345466460198	1.662933841418011e-13	0.9914046271156437
YBL057C	-16.285937186760698	0.793646918193615	1.1515734015017164e-07	1.1460590746417717e-07	2.2799253084682022e-08	3.076244629723311e-07
YPL024W	-15.924818207619817	1.5662248728833614	4.241035254221652e-07	3.3584614143280833e-07	9.020569027718295e-09	1.34534839055084e-06
YER048W-A	-16.172043639781755	5.919059853255913	0.0041437234080809095	0.00573716439098243	6.829383911863358e-12	0.003044582680897864
YLR247C	-17.76468512397782	0.11971074676841174	1.943504085274793e-08	1.9409158713996572e-08	1.5823073336304915e-08	2.3464781038193945e-08
YLR060W	-10.787437055580947	1.1753306134981827	4.1773102564958474e-05	6.173943868125213e-05	5.54805121718506e-06	0.00019991635406274802
YPL149W	-17.979819610912223	0.9727393069547082	2.500908222773844e-08	2.485144549886412e-08	3.132301569700354e-09	7.662306629761135e-08
YER004W	-17.040802385069533	1.0881285881688112	7.11061324089858e-08	7.136443244234883e-08	6.624595876801537e-09	2.3596658634658173e-07
YAL029C	-17.229676310170312	0.17664895129456304	3.3449449598762e-08	3.3397321611162354e-08	2.4585583860014404e-08	4.396187303163075e-08
YBR068C	-15.278409168481582	6.53938325275244	0.01220316467443939	9.375465279657634e-07	1.713758046844355e-12	5.45887067851894e-06
YGL254W	-18.04208477341394	0.7202261417508935	1.8992993312863396e-08	1.8900246946312722e-08	4.460594929507349e-09	4.763760614318484e-08
YGL238W	-12.347898877335817	0.07554402136193539	4.3486271870682495e-06	4.355487055360443e-06	3.8350665582793455e-06	4.917700563705848e-06
YMR097C	-17.446006574894405	0.5028502440629892	3.024973984078676e-08	3.0060401631247795e-08	1.1580050245241106e-08	6.055943982401032e-08
YCL068C	-16.199471431457773	1.4889058945014613	2.805999790060724e-07	2.8816175866880745e-07	7.980328293714865e-09	1.09314651113846e-06
YLR343W	-18.00108420021656	0.2475632144043745	1.5704444311017735e-08	1.5682855030432834e-08	1.0120395939294379e-08	2.2851532237627276e-08
YEL074W	-17.557034497841364	1.1564420496307783	4.576076548679634e-08	4.62978714819516e-08	3.5392867426640274e-09	1.5894167229527888e-07
YGR248W	-17.181041139520808	0.765020999559104	4.6731632196917604e-08	4.616416813678583e-08	9.801820642766756e-09	1.211445537377869e-07
YFL014W	-14.925658709072147	0.877865470532846	4.838821257838512e-07	4.812216989538128e-07	7.753582349476769e-08	1.3846946479389835e-06
YHR104W	-12.835613845782925	0.6431083151536868	3.267231882740572e-06	3.1916598934269296e-06	9.164422400811929e-07	7.379270478924576e-06
YOR287C	-17.443789293837604	0.19525147725845418	2.7045730398076212e-08	2.707357396382937e-08	1.9265092429763395e-08	3.661089306528541e-08
YPL126W	-17.593306412128136	0.36963384849767794	2.4569666518786396e-08	2.4495995445179846e-08	1.2452542947945912e-08	4.201362373253095e-08
YKL048C	-18.51165896610923	0.4551357411601828	1.0035648934991482e-08	1.0118170320009222e-08	4.315427709746858e-09	1.9275452724111487e-08
YFR034C	-15.964529158162756	0.8104778062909671	1.597616973789226e-07	1.599339648390986e-07	3.0579867114161903e-08	4.348859601193259e-07
YDR283C	-12.017503999545577	4.516743452560366	0.006910716714910519	4.028744389580916e-06	1.7512949773887446e-09	1.709440524833306e-05
YGR016W	-16.569634974694914	1.0000184466157425	1.0410998278772804e-07	1.0550306226452823e-07	1.2288157693903814e-08	3.314330869388169e-07
YMR263W	-16.582917279557428	0.7886900242094658	8.483074410107567e-08	8.592608787868969e-08	1.7166871512433978e-08	2.3049737541908113e-07
YMR021C	-17.49830738838586	0.7661913117788208	3.347393842375857e-08	3.359167482234686e-08	7.114599060672355e-09	8.816285438920205e-08
YCR034W	-12.041411246028426	9.073337017562315	0.09844962943265942	0.1555624442872375	4.471689931006855e-11	0.9925161742590164
YDL186W	-17.31709070875599	1.4997618956378915	9.494187476104984e-08	8.630080902613661e-08	2.5393813214824566e-09	3.355037882434946e-07
YBR229C	-18.43129019744169	1.2808983362167363	2.2649564827674675e-08	2.1419811969774406e-08	1.1933264964123975e-09	7.762317857525702e-08
YLR138W	-14.95933147766568	0.0613186236784348	3.1885895437858577e-07	3.1917551100061166e-07	2.880024516421906e-07	3.523774302616903e-07
YGL014W	-16.89669331546697	0.16044442141092435	4.6511386881124074e-08	4.649356255320802e-08	3.524735082769314e-08	5.975429683913148e-08
YMR042W	-17.01576373376242	0.4255904043153739	4.458834090708317e-08	4.4614725738148286e-08	2.023514568225671e-08	8.201499640649659e-08
YJR076C	-11.413215844558133	3.027456411862457	0.000941093021598149	0.001404393985736809	2.549570502247176e-07	0.0035279014479246656
YDR296W	-16.93268273979715	2.824833774221285	1.972952941637194e-06	3.5378871571112253e-07	3.863189028563793e-10	1.7231892714208881e-06
YER140W	-17.632705595075954	0.24163395321968426	2.2701489692563036e-08	2.2637609979646743e-08	1.477142099230528e-08	3.270908376660426e-08
YDL058W	-18.64098714658116	0.22353171474632555	8.236490153481109e-09	8.224553699052427e-09	5.55233890724355e-09	1.1583975571847404e-08
YCL011C	-15.83693880793812	0.859027466935704	1.9227656475614798e-07	1.9305081734458669e-07	3.228594168533601e-08	5.495051983386772e-07
YBR180W	-17.78376492321781	0.6151809804548383	2.283596867949121e-08	2.2819455560374155e-08	6.865889815868095e-09	5.190852098604596e-08
YJL129C	-18.327992521161782	0.1651479857804664	1.114167751150773e-08	1.1121893192844316e-08	8.359064099029988e-09	1.4395791035530557e-08
YML062C	-17.40960800306579	0.37631888608591396	2.9459262515585987e-08	2.948225636441001e-08	1.4791082149600656e-08	5.098261279375096e-08
YLR340W	-13.060813837037992	0.5542765981775356	2.46029875524735e-06	2.3157960983785746e-06	8.255877280590505e-07	4.822678321896913e-06
YGR214W	-11.335826424002287	7.340179772876261	0.06222186233175146	0.09506703051314165	4.0592557068896864e-10	0.8739721771726133
YGR057C	-14.785917292924703	1.8727033913988795	2.389543354583346e-06	1.0670526405415864e-06	1.6198180716178555e-08	4.571238352735617e-06
YKL054C	-18.08715190769812	0.24963776927918643	1.4362671643368595e-08	1.4401133123468034e-08	9.257820488604148e-09	2.1047024066866383e-08
YDL045W-A	-13.845340704669931	2.704244839291409	3.441061865148536e-05	4.60210747431846e-05	1.2326551994173358e-08	0.00011183485236379356
YML125C	-12.734174547033897	4.00389653161166	0.0016955635844431059	4.782436814280508e-07	8.627415284201298e-10	2.181931944688241e-06
YFR032C-A	-12.196570391076373	23.623704551612096	0.30985681386955133	0.3337832199284253	2.0838093070606192e-22	0.999999999999087
YOL112W	-17.82413895951408	0.10629835324911684	1.827198714786963e-08	1.8261438458968887e-08	1.524527844668962e-08	2.1627894053566598e-08
YMR304W	-16.722086143557085	0.16479926253518296	5.543120387600847e-08	5.541400521461136e-08	4.168288928896151e-08	7.16840707475244e-08
YBR296C	-14.202268630005117	1.3608284036383602	1.7365950466360189e-06	1.4812162736352586e-06	7.242001596415312e-08	5.6150652962311216e-06
YDL198C	-12.414549090834905	14.544994582356273	0.19879419280990698	0.3005917812816079	1.1143755668135669e-14	0.9999993866741419
YOR036W	-16.03512792413762	2.3414114224485916	1.4058579069311826e-06	6.709748660248478e-07	2.1987588034191717e-09	3.0721453955724844e-06
YML100W	-12.43719994180078	0.10420489236277337	3.989714641898381e-06	3.986552646583501e-06	3.340855623894814e-06	4.70465313778794e-06
YJR006W	-17.7676216016634	1.130140157471914	3.646272487722916e-08	3.6449638921367145e-08	2.993980572710454e-09	1.2330790832820938e-07
YHR129C	-15.788202953634888	2.2599756069671892	1.696562996061829e-06	1.0155040719514877e-06	3.330152015545848e-09	4.591868261674319e-06
YNL052W	-13.362380246567179	4.494338356291267	0.003183402849246038	0.004200451291143742	1.469577388841967e-09	0.005071905896056919
YCL009C	-11.702453100727277	8.187660314911279	0.08167763058165456	0.12400083983451204	1.3215127911207486e-10	0.9665715683131889
YPR119W	-15.15135026621733	2.6872216854027533	8.362511558669191e-06	1.5807333152111871e-06	2.8899280992559407e-09	7.7542454433971e-06
YGR240C	-11.048512993221218	0.28435514028128356	1.66308335870629e-05	1.476295178290032e-05	9.212091069712204e-06	2.1937890837951092e-05
YOL097W-A	-17.62635047314047	0.35651755800404783	2.3617223574082808e-08	2.357610880920349e-08	1.2303529114262833e-08	3.9757701238525204e-08
YLR119W	-17.369475318665486	0.6640920380941964	3.5613167749604206e-08	3.5641259941434506e-08	9.586156534821994e-09	8.512092998822718e-08
YNL312W	-11.443638918914937	3.1312870567323197	0.0009895944383337073	0.0014772104046249937	1.3637776509008402e-07	0.003379962150722643
YLR091W	-17.353388780721566	1.5518052211432818	9.816712367892436e-08	1.0103355284636615e-07	2.2698090214554766e-09	3.827463638162822e-07
YMR272W-B	-17.739245563389836	0.6427996201116283	2.4546728017595578e-08	2.430506846197243e-08	6.866384632007182e-09	5.690611303464711e-08
YCR042C	-17.46314534809148	0.39508959943655875	2.8154701544009955e-08	2.8081948874460036e-08	1.357616241904845e-08	4.971146366031853e-08
YGL205W	-12.891479933016806	8.854109024908462	0.07879307789562912	0.17668647770300586	7.66816604724836e-09	0.9931344985415758
YKL162C	-17.909706825733288	0.681508602815996	2.1028655140917945e-08	2.101400820706209e-08	5.427133138048649e-09	5.1086787031731516e-08
YNL283C	-17.748449219151503	1.7218407699321112	8.311190921881787e-08	7.478148180439202e-08	1.140456702672805e-09	3.037670012326716e-07
YOR024W	-17.475160721915877	0.5852323262417881	3.0363754623681715e-08	3.0555947738737256e-08	9.829801162729934e-09	6.740987000652587e-08
YAL034W-A	-17.541726457734462	0.28813453009257417	2.5100734231573192e-08	2.5093927709638393e-08	1.4985862110345184e-08	3.8651604588900736e-08
YHR176W	-18.02229927805542	0.43811514702939214	1.6576125258876935e-08	1.6390403421006516e-08	7.2397135094043466e-09	3.059844945202458e-08
YCR095W-A	-17.68866223363961	0.15816367151379315	2.1076805935131502e-08	2.1054212254972964e-08	1.6029486990301377e-08	2.6964578935056665e-08
YJL127C-B	-14.550459027109307	7.17089360766966	0.024681188639959387	0.027510875389650025	4.39191130482114e-12	0.08502646455683316
YOL005C	-10.683313777256396	7.949329164364799	0.09374556100887392	0.1126750542397262	1.140134704231172e-10	0.9538698462834695
YLR427W	-18.088329334271243	0.40706473035811835	1.5105130891923173e-08	1.5145295223013305e-08	7.132616214589705e-09	2.7218370624835663e-08
YPL244C	-16.90415246749121	2.2684453043939956	5.383060052161519e-07	2.7579243302187155e-07	1.0526414015228854e-09	1.266583044775547e-06
YER114C	-18.064129392231685	0.24710621912410796	1.4743668967447753e-08	1.4728568283973485e-08	9.51296379041717e-09	2.1439220346269658e-08
YJR112W-A	-17.244439792347244	1.2395027052948557	7.031043472360172e-08	6.723191960487867e-08	4.186874388689583e-09	2.393904007727715e-07
YGR257C	-15.700582088779763	2.0888318539998036	1.3227900762090133e-06	2.485377703698308e-06	5.20768981146372e-09	9.019707806802125e-06
YDR100W	-15.574437926400558	3.814851913647536	0.00012248743348128606	1.7120422631400552e-06	2.493354482734335e-10	8.158240533039555e-06
YHR031C	-17.811321772293873	0.1019996613340314	1.85090744873598e-08	1.8487925874273986e-08	1.554897953603362e-08	2.1748975406288095e-08
YCR046C	-17.223084790392882	1.0299405170351685	5.699658700059961e-08	5.6023664087217426e-08	6.075822596344649e-09	1.7907490337456927e-07
YFL059W	-15.696792920957657	19.042399935736224	0.20628969498781285	0.32687004648723433	4.536615644131868e-19	0.9999999971612639
YCL045C	-18.689046191016082	0.6367447484052099	9.470116637977439e-09	9.359417528644612e-09	2.67989669017155e-09	2.1771967222865318e-08
YJL061W	-18.324852612299715	0.2849820926661622	1.148397310942259e-08	1.1461381838589498e-08	6.883806547888507e-09	1.7579661103406673e-08
YMR282C	-18.598921507241307	0.41771867626808995	9.111134717585294e-09	9.129133505496127e-09	4.208944625677597e-09	1.662334924907022e-08
YMR055C	-14.992967849703698	3.767115164336608	0.00018171522151678066	0.0004633739962942097	9.680634516218234e-10	0.0005627591108633697
YMR047C	-18.773223375789662	0.21887411243212435	7.192498977877081e-09	7.1978958989459015e-09	4.9020431054498666e-09	1.0071728713150093e-08
YAL033W	-16.604460263269125	3.4326267742492855	1.5585243383000698e-05	3.269635364507829e-05	2.356630335873222e-10	3.656474182114462e-05
YMR108W	-10.450499397503288	0.234246718770473	2.9725057394041923e-05	2.9642450978269182e-05	1.9769924956581288e-05	4.215277712470359e-05
YOR310C	-12.7461361201867	11.807204323781313	0.14233925629138486	0.26687320854913305	8.117662050768108e-12	0.9999563526303408
YHR139C-A	-17.59663223183538	0.2267236488834025	2.3450158948660426e-08	2.3389560875974318e-08	1.569462728091781e-08	3.308973557518903e-08
YNL206C	-17.586715978651178	0.10570805429348458	2.313096667365613e-08	2.3153560261486428e-08	1.934944704621022e-08	2.739706325566818e-08
YLR022C	-13.705874948173866	1.305470023944352	2.58802272060394e-06	2.5109895508627934e-06	1.3113217708193463e-07	9.279732467978744e-06
YML025C	-16.38309745501551	0.8581166745893845	1.1091791312379248e-07	1.1106558998361913e-07	1.870137217888673e-08	3.151701508007958e-07
YNL141W	-15.983978213386713	1.0923214125216318	2.05701510373243e-07	1.968739878655437e-07	1.8731796718708293e-08	6.486808248778519e-07
YLR010C	-17.61034719048707	0.23836023549949012	2.306693521307517e-08	2.3127014713769244e-08	1.518705001457704e-08	3.3256489098858675e-08
YER112W	-17.023653947014232	2.1666588926365042	4.290609917923393e-07	2.918206860579669e-07	1.1293778781269131e-09	1.2297996814805397e-06
YOR106W	-16.968215965630357	1.8124101629979863	2.2215909948205705e-07	1.9152233754575219e-07	2.1552337912142486e-09	7.881560395287857e-07
YHR137W	-16.823497283771708	1.146256686655653	9.607946254034829e-08	9.541147967669049e-08	7.494856552759433e-09	3.260836601189506e-07
YPL208W	-18.11384773390541	0.35894725340992256	1.4570065428201244e-08	1.4492356102450818e-08	7.526184707942805e-09	2.4515343661943683e-08
YOR004W	-16.44586809770494	0.9351140587370601	1.1175516895579109e-07	1.1125645753344636e-07	1.5450972786820937e-08	3.3399894544261843e-07
YDR005C	-16.358979621080785	1.1036612873072003	1.4246768957844286e-07	1.4324939360262989e-07	1.2769206556391546e-08	4.777908879297496e-07
YEL002C	-17.14709671216128	2.2562934775549723	4.827847221872189e-07	2.9490226208333896e-07	8.639979939057319e-10	1.2610031992517945e-06
YPL269W	-18.4738643907121	0.6202931107098356	1.1555385381708638e-08	1.1471781634490717e-08	3.4145603028451174e-09	2.6226854318162764e-08
YDR240C	-17.360190366504817	3.8057250244574705	3.161049748468656e-05	3.072261693200551e-07	4.377824385277315e-11	1.627012731036367e-06
YLR023C	-17.516120149398326	0.6189968120418394	2.9903587057133357e-08	2.992583156378682e-08	8.925549544630539e-09	6.833232296558078e-08
YDL239C	-18.591050761890934	0.4791620331473224	9.459445890415583e-09	9.45869169354076e-09	3.834390681590446e-09	1.8534852027628053e-08
YPR164W	-18.145750137301498	0.35312318817629873	1.4071508717654455e-08	1.4017757011131171e-08	7.364274840556674e-09	2.3532696240597133e-08
YHR084W	-16.349221607951172	0.41737042783339584	8.740565837671727e-08	8.67015374498767e-08	3.9970932915388446e-08	1.5789643220013594e-07
YGR288W	-17.66063212008971	1.8858602739541968	1.3290123208018432e-07	1.1294000247653131e-07	9.554480975712528e-10	4.5603016646730046e-07
YLR134W	-12.169987381997041	8.459806313265187	0.08439664793225984	0.1563216212393109	1.3081417838654256e-09	0.9870249753816767
YPL165C	-18.029123798355563	0.5036032358053181	1.667613578363415e-08	1.679294957598176e-08	6.460667166005336e-09	3.384345413859353e-08
YNR016C	-9.333994170877256	0.4447592689787388	9.766742899842359e-05	0.00011046492308002056	5.082993916672631e-05	0.00020258097038683908
YMR128W	-14.474922217917035	0.19478299218937903	5.274658302234972e-07	5.263811843724902e-07	3.7502664825959247e-07	7.111503788943297e-07
YIL101C	-18.039440748973853	0.42871290899530357	1.6013835076553032e-08	1.60491182465767e-08	7.23266496366911e-09	2.9617238203786032e-08
YNL331C	-15.3235520783282	1.0770424347782728	3.9522171558665697e-07	3.943518305973275e-07	3.7638112020546285e-08	1.2994359768237159e-06
YLL058W	-18.534997508429065	0.4064898065151385	9.645443758898263e-09	9.68173229535154e-09	4.5674569106753545e-09	1.7385364186318297e-08
YDL181W	-12.271073517324973	7.858093255812489	0.06346706353627819	0.07391098277088949	1.861666675424828e-11	0.7655455833419295
YGL131C	-18.64641235072572	0.2898326371901456	8.337490054164062e-09	8.316643044015192e-09	4.951176893491614e-09	1.2841605305945513e-08
YKL043W	-17.65127837603081	0.4318765877479795	2.3694113724394944e-08	2.3682386067852918e-08	1.0600219675155708e-08	4.3861060743370306e-08
YNL219C	-15.998845382485293	18.11326482117935	0.18743644666236928	0.3944900361559529	6.59888196176684e-16	0.9999999974737894
YDR179C	-17.512388170934123	0.42470190845588957	2.69965771866144e-08	2.7140975761873168e-08	1.2332747128133616e-08	4.983998562937654e-08
YDR483W	-17.657577232800527	0.15184836372522031	2.1652456507265543e-08	2.1692338539596663e-08	1.6704204239208524e-08	2.7522057674955522e-08
YLR221C	-17.448692569822875	0.19506937576355757	2.690491177726868e-08	2.6935458697641872e-08	1.9170620182617698e-08	3.6420918220354496e-08
YFR017C	-17.186743040446295	1.2457506361018	7.51486846120335e-08	7.406111310608373e-08	4.416351151909938e-09	2.644796996390929e-07
YPL249C-A	-11.910731362754584	8.626750131197332	0.09169135072335353	0.10373050953364783	9.079298377016252e-12	0.9492501074834365
YBR217W	-16.826073800993022	0.9988200436305013	8.068303477523092e-08	7.971037318989865e-08	9.48179553412222e-09	2.490962805027945e-07
YCL048W	-17.774014750605552	4.816876369438576	0.000369560878901636	0.0010764031490556707	1.2228764878350576e-11	0.0007410819332439374
YOR285W	-16.448477336431957	0.40547207830563703	7.806998169309454e-08	7.790888041563653e-08	3.683703224351002e-08	1.3974636112862153e-07
YDR533C	-16.505609570763177	8.43809580791455	0.02980113613529544	0.047088785162775884	1.9509565854039386e-13	0.3543674829709011
YHR046C	-14.897092897547688	2.328315502267424	5.207560996669327e-06	1.7807543744688345e-06	6.960779283538419e-09	8.197781879011285e-06
YER093C-A	-15.947136937168532	0.582734626101696	1.4151101252320984e-07	1.4054582403337415e-07	4.54502633501687e-08	3.0913370722890273e-07
YDL120W	-16.00110097729425	0.5267709933354487	1.2820663856420136e-07	1.292831841451883e-07	4.7259100123249976e-08	2.676090352561568e-07
YGR001C	-15.289913058158115	2.461302916152539	5.227730052067072e-06	1.0027234453675009e-06	3.576266806152409e-09	4.7503638018485895e-06
YLR146W-A	-15.424235183651897	0.3813093483198563	2.133242984843771e-07	2.151010876845678e-07	1.0682372545900837e-07	3.7429726473470053e-07
YLL038C	-15.781572472414107	1.6485079119125257	5.408578009637825e-07	5.3528197120529e-07	9.324023526990123e-09	2.130218269316786e-06
YJR117W	-11.576657114991528	1.1189674738400726	1.726511834051112e-05	1.5693573338860163e-05	1.6432385466185063e-06	4.785545752428736e-05
YLR124W	-17.620068920769832	0.4693095186913039	2.495387712647378e-08	2.4783654689229704e-08	1.026711941123041e-08	4.797540781028671e-08
YML131W	-16.190016814035467	0.79117500934483	1.278298834993433e-07	1.2260371225957178e-07	2.494322189439526e-08	3.2548918661867906e-07
YJR143C	-17.0796945379197	1.3654810039629222	9.66740839775348e-08	1.0016260357542638e-07	4.053531639868856e-09	3.7090967059385633e-07
YLL033W	-17.30516853415697	0.7624896160099442	4.1600212378465905e-08	4.0850342500832213e-08	8.704402627834024e-09	1.0708100973707016e-07
YHR161C	-17.98051292468967	1.0961034157578857	2.8643203555449196e-08	2.7781483146507382e-08	2.5457871216449084e-09	9.211177565224286e-08
YKL134C	-17.44652923230837	0.11646938409450593	2.668329303304939e-08	2.666853112540453e-08	2.187071617374057e-08	3.2076966070649886e-08
YLR237W	-14.72849454276088	31.23255019983619	0.31589953831756	1.245021077297525e-07	2.084589669514748e-33	4.2189140648711964e-07
YLR460C	-17.557564849958858	3.6754192944351947	1.0227222241606525e-05	2.217481800721873e-06	5.6452708840972126e-11	8.150079989842854e-06
YIR025W	-17.737171118228567	0.27141832455534876	2.046559392182398e-08	2.0550694613186723e-08	1.2669365139760067e-08	3.094260022824301e-08
YIL132C	-17.240997488342096	1.0936610401812472	6.040496106024159e-08	5.817603577881467e-08	5.364132654633152e-09	1.928767489886779e-07
YOL013W-B	-17.60253758739504	0.5401401843952514	2.6195395882290903e-08	2.617637208708199e-08	9.304407311448629e-09	5.496225565594561e-08
YPL028W	-11.958500480891368	6.263936367572895	0.033145712692879914	0.058213341337825325	2.764207713673492e-09	0.4872978672852973
YML009C	-12.674405220365722	24.92588538088508	0.306797966632522	0.3427216276781053	1.9715984400049245e-23	0.9999999999998663
YEL009C-A	-17.51985965307626	0.691492621997657	3.103242684713301e-08	3.10599123955444e-08	7.866442024321869e-09	7.609898520458302e-08
YKR014C	-10.029098295833089	5.220779344004918	0.035007951859419	0.045535166559595955	3.12751553177412e-08	0.31407658484800305
YMR053C	-18.146752018998946	0.3858006451159771	1.4080462065438997e-08	1.4165923808863293e-08	6.971883703789483e-09	2.4792094056727783e-08
YHR100C	-15.966358289247134	6.228981236686815	0.007467077405835824	0.010872602044839105	6.865751803544201e-12	0.011726421702950626
YCL052C	-17.633363680947646	0.7394461756523237	2.8873052068667012e-08	2.8922375342629323e-08	6.511302047407338e-09	7.425076049117961e-08
YGR146C	-15.69345388927554	1.0487495085449083	2.694246227466936e-07	2.6123039930691237e-07	2.7147904992898336e-08	8.440275536472894e-07
YLR064W	-15.848764402669028	3.2155748917672167	1.8525929646930708e-05	3.282514417340594e-06	6.435649846166328e-10	1.3781822013960742e-05
YLR326W	-17.077519711915507	1.206990839608387	7.939168282080399e-08	7.95437661154955e-08	5.260831221018656e-09	2.7953689925166286e-07
YBR271W	-17.69173021264664	0.3148030094513847	2.1718540853055623e-08	2.177889422158174e-08	1.2344271420176896e-08	3.477405727819802e-08
YPL183W-A	-17.518259210196398	0.2669818800467317	2.5456153151543395e-08	2.5550909653141308e-08	1.5892239319957082e-08	3.8251481913963665e-08
YLR046C	-17.944803467519655	0.25640424717039084	1.6651672990593938e-08	1.6632319721194843e-08	1.0555916152922642e-08	2.4528309503098232e-08
YNL025C	-12.770598056952574	0.9798398541793856	4.610177119657723e-06	3.48164121204338e-06	5.294707134518991e-07	9.842206263449571e-06
YEL025C	-18.716109724301482	0.40402315426937674	8.095175991094503e-09	8.064057527862262e-09	3.82385608922586e-09	1.4437375106799086e-08
YDR184C	-17.077407689875095	0.4358895413298944	4.188505403762326e-08	4.2129916827416366e-08	1.869278864451917e-08	7.842818736753286e-08
YDR282C	-18.232051613734207	0.1968105088546692	1.2326856366654186e-08	1.2311878031629375e-08	8.736135373051296e-09	1.6687260396781178e-08
YER124C	-17.9944404378411	0.5595362097159815	1.7804167439122446e-08	1.7911016569529475e-08	6.100728519923518e-09	3.8411128130821724e-08
YHR007C-A	-17.100564121029443	2.277886372720129	5.347569916311522e-07	5.473022641465526e-07	8.863037870722651e-10	1.67032252146304e-06
YIR010W	-16.587029083199873	3.61935893672191	2.2293872421950608e-05	8.074963303752539e-07	1.3892068218749043e-10	4.26533053546687e-06
YKL031W	-17.30112746659956	0.5518070849209604	3.5702243909943665e-08	3.5644485343040823e-08	1.2348718775032165e-08	7.579826467110817e-08
YDR522C	-17.41470045339606	2.8335842521920656	1.287723954980033e-06	2.413953677408997e-07	2.383070055588672e-10	1.1784324824571565e-06
YOR316C-A	-17.45899258157528	0.24272720094405922	2.700183586407818e-08	2.6943682214919963e-08	1.7548976163474612e-08	3.8984434142249e-08
YPL091W	-14.46946700665371	0.9724010965696485	8.387854319996817e-07	7.901152402763069e-07	1.0356811066945119e-07	2.4077640517131867e-06
YMR281W	-17.764569998130305	0.7863959344802154	2.6316116350858735e-08	2.6143572785591432e-08	5.272927559814508e-09	6.982536678305007e-08
YDL006W	-10.798635888692795	6.2591851618670304	0.0525518307809806	3.4148258491351703e-06	9.029311394000723e-11	1.6887260534168237e-05
YGR049W	-14.834042877127056	1.6597490257692629	1.3981553535686898e-06	1.2688092930393264e-06	2.3422169489574903e-08	5.168788186528332e-06
YDR446W	-17.947896134771277	0.2711015514236366	1.671328771747506e-08	1.66447234656714e-08	1.0267498892874988e-08	2.5050362495043826e-08
YBL084C	-16.177337491529165	0.40935473110634046	1.0295260799475016e-07	1.0237671194318073e-07	4.803352790953898e-08	1.844423707222905e-07
YAR053W	-17.542789282969302	0.4736868248668148	2.7062185969821114e-08	2.6916326752358684e-08	1.1037278895348885e-08	5.244025443861746e-08
YGL171W	-14.51242975646978	0.38850929194785655	5.400238698437684e-07	5.39858800580999e-07	2.637126887011434e-07	9.49100046836266e-07
YNL053W	-17.88363058910995	0.7149161857829123	2.1978678772052626e-08	2.2084047068389615e-08	5.2723675846597615e-09	5.5395754414290805e-08
YLR313C	-18.38636766187205	0.480676020025999	1.1683182616682247e-08	1.1601057917844118e-08	4.690006763645148e-09	2.2766397702698918e-08
YKR053C	-17.98624430991999	0.5009550729569979	1.7644512452821514e-08	1.751054998783555e-08	6.773163168208039e-09	3.520101090754483e-08
YJL066C	-13.980290829110297	1.1370703920280327	1.6035294307361746e-06	1.3486830948627877e-06	1.2552507968989915e-07	4.449424841818557e-06
YDL143W	-10.037216458324972	0.6815873970591582	5.569954159264007e-05	6.199550115251934e-05	1.715861164849718e-05	0.00014691557489867604
YDL237W	-17.92680231632489	0.7509744044254109	2.1884328665939326e-08	2.174570026918975e-08	4.7642364495809675e-09	5.6361691403157934e-08
YBR054W	-13.567444640147139	3.003252386259063	0.00011631021033149902	1.0933891932174311e-05	8.820972843148538e-09	4.467535481060448e-05
YNL153C	-14.955616046435305	0.8775566230477638	4.70432648139435e-07	4.676371761585412e-07	7.539160999612958e-08	1.3450369703552627e-06
YKR003W	-14.888118175375846	0.8429553194821481	4.901485804737137e-07	4.906854559441618e-07	8.561537373342934e-08	1.378184280466257e-06
YOL159C	-17.296651735429755	0.8910478705489746	4.580434855833255e-08	4.541523401010743e-08	7.08528674460165e-09	1.3194370403590683e-07
YPR053C	-15.293412777923502	0.5770950087912293	2.7009918479498586e-07	2.6574256378657923e-07	8.763361138677714e-08	5.786422400408895e-07
YMR297W	-12.878850432375609	0.8205657707290579	3.4744166419030674e-06	3.0835777223180417e-06	6.360149775055586e-07	7.98592717987361e-06
YKR068C	-11.19787282953707	5.096955681225366	0.01964124470560687	0.02559066229127775	7.803307393803722e-09	0.10558833106064058
YDR010C	-17.735961218707367	0.5636098033174723	2.3420949458832644e-08	2.323504935756724e-08	7.840359032053791e-09	5.0074946772733433e-08
YBR144C	-17.469841924140333	0.4135561931314236	2.8361956525619802e-08	2.8141938218490122e-08	1.3089562181345642e-08	5.096107431083947e-08
YLR071C	-13.838413112237456	0.24820861036172737	1.009455433350283e-06	1.0098973982601225e-06	6.507635827832016e-07	1.4731105592248356e-06
YDL093W	-18.045385742873755	0.7782124887244717	1.9436305423875236e-08	1.9659101173000107e-08	4.041043339074001e-09	5.2157926442145474e-08
YBR119W	-17.129732726368225	0.7704825230522622	4.909046813923058e-08	4.877165705619662e-08	1.0225491911444022e-08	1.2851142312735705e-07
YCR022C	-17.561949926538496	0.26562553827125934	2.451476684080916e-08	2.444517419829821e-08	1.5240346283205205e-08	3.651909996119334e-08
YOR110W	-17.4039438170957	0.30984820680035935	2.907296310530824e-08	2.899499209850172e-08	1.659558833465034e-08	4.5994207590753935e-08
YIL073C	-18.229190586652244	0.1808614625798116	1.228403059556849e-08	1.2311599885492029e-08	8.99406177308933e-09	1.6306860660996884e-08
YBR251W	-13.69667454633686	7.6781039321566436	0.039170374685245764	0.07018392342701649	2.4439782071954934e-11	0.6901959300371827
YFL041W-A	-17.700432020815192	0.343311470572268	2.1872558089113145e-08	2.1797394918494844e-08	1.168257743818573e-08	3.612624491060448e-08
YJR132W	-17.061565199918682	0.1615075904360568	3.941332478222319e-08	3.944143528182318e-08	2.984526960266477e-08	5.0773513886354733e-08
YCR079W	-15.208377694890212	6.555528509919637	0.01354997208063174	2.0124551817377954e-05	3.5303448626024574e-12	5.747388597600025e-05
YML032C	-17.457709549115812	0.5713187367222798	3.1023097164076165e-08	3.082444645913013e-08	1.0225075013054647e-08	6.698314747400267e-08
YLR077W	-18.240525891532293	0.2793425425310775	1.2451991405487541e-08	1.2449573677327096e-08	7.55934374552325e-09	1.8949953894327058e-08
YIR019C	-18.68002743677875	0.23690928289751484	7.928691706002514e-09	7.934697208336249e-09	5.223417822669961e-09	1.138807386107244e-08
YJL205C	-14.276356393173907	4.949851952042113	0.003590812974994306	0.003930636108252077	2.0667392845485547e-10	0.0028976159972698865
YOL063C	-17.919834719644264	0.24438885549383535	1.7046025772412105e-08	1.700198323716798e-08	1.1034525667063675e-08	2.4666402209721202e-08
YDL173W	-16.269521772389403	2.3854160903034165	1.3088482683871091e-06	5.6584716033194e-07	1.6225755228677102e-09	2.6275731735824648e-06
YDR070C	-16.936425636516056	0.935291902301379	6.729738475413434e-08	6.82297288437151e-08	9.457627900687387e-09	2.0486858714197536e-07
YKL023W	-18.03548658685117	0.6710915426524242	1.8605170513491696e-08	1.8389885672036527e-08	4.8684890381249485e-09	4.423663357328009e-08
YGR021W	-16.202619829092278	2.0077603796096555	7.172224964352643e-07	3.926032155846631e-07	3.2524176372928422e-09	1.7432599324346709e-06
YIL050W	-17.401630296336357	0.3594396097123802	2.9384715275898877e-08	2.955639105512705e-08	1.533856321148889e-08	5.004391335917648e-08
YNR031C	-14.657631770395662	0.2888078104951036	4.5035546319145615e-07	4.5092888925377443e-07	2.686281377361758e-07	6.959886496520791e-07
YJL203W	-17.821429049909916	0.48467874155810353	2.03691584681186e-08	2.046945882496526e-08	8.197111968331064e-09	4.038023793079339e-08
YOR029W	-17.156971279990962	1.6177104328058463	1.3231402564315515e-07	1.0296375521731793e-07	2.409290658303134e-09	4.1705816688153034e-07
YKL081W	-13.225715343601175	1.3407048005503008	4.4661999929329234e-06	2.8016162302028824e-06	1.8637825605637892e-07	9.633993661886496e-06
YPL118W	-16.017540943609625	0.3145231334636237	1.1618440284737911e-07	1.1615398756446584e-07	6.588047743045575e-08	1.8541578846608938e-07
YFL036W	-15.387817303585459	0.1775520881051066	2.1099979279265895e-07	2.1091597821203877e-07	1.5499323908543946e-07	2.780495258232093e-07
YJL201W	-16.489118219899815	1.417396589650677	1.90406895694889e-07	1.940253070103789e-07	6.71839041530776e-09	7.315742729072686e-07
YDR320C	-18.772903533296763	0.5068601174238655	8.071505599892376e-09	7.99416537641082e-09	3.051961032475479e-09	1.617259475618421e-08
YHR159W	-17.809266538236393	0.1528848871268807	1.864173908940651e-08	1.864706707996587e-08	1.4332204570231864e-08	2.3700342188664026e-08
YMR031C	-18.551333166197715	0.4859561289255287	9.94045672905633e-09	9.87129763915005e-09	3.94234009729445e-09	1.950236270509808e-08
YJL189W	-13.153639523407898	15.068840447632926	0.19345437467703175	0.2110786066943664	5.796117551975089e-17	0.9999952672266893
YMR320W	-17.64100338343355	0.17224035394565645	2.2082020573534487e-08	2.211941060689353e-08	1.641805995564349e-08	2.89266945403588e-08
YDR395W	-15.344219372368523	0.09573151415729081	2.182149979135017e-07	2.1780701877833677e-07	1.8522500649584715e-07	2.537546783572907e-07
YJL178C	-16.95944579841393	0.7705197621258212	5.7815347527540186e-08	5.797466945358059e-08	1.2123059938930625e-08	1.529428899155355e-07
YDR226W	-11.047018920821708	25.02264823989901	0.32834483122979546	0.4465824835451596	4.910485783818389e-21	0.9999999999999976
YDR262W	-17.197857907966814	0.569405170730051	4.032680145558499e-08	3.990278653814602e-08	1.3301083343987484e-08	8.650799640409822e-08
YBR210W	-15.444527690176026	5.324435979455593	0.0032509367836174308	7.482734468039485e-07	1.395209905221962e-11	4.14175938277359e-06
YDR444W	-18.44712064612481	0.26869585633219295	1.011600487738637e-08	1.0096630287579093e-08	6.2598112978997865e-09	1.514560458290826e-08
YKL033W	-18.75023393032547	0.5239530911513808	8.301536736819718e-09	8.245966355949164e-09	3.0352969514552923e-09	1.7014700634184997e-08
YNR019W	-17.564553617042243	1.216095595232735	4.974136267617929e-08	4.908005784043473e-08	3.1782546398798548e-09	1.7300288708420412e-07
YDR385W	-8.565595537097531	1.391389266798879	0.0004987039920683643	0.00054501979049699	2.644405695606141e-05	0.002005176048310056
YCL038C	-15.670109460473165	9.873663885402975	0.05976224297272345	0.14088364478587515	1.659167696248769e-12	0.9878137040512385
YKL005C	-18.431255969096078	0.43305545146090807	1.0767686309952981e-08	1.0863557787347485e-08	4.849890184564118e-09	2.0159542153790782e-08
YDR023W	-10.92231863786669	2.3941261939948513	0.00026527207477537983	3.652390834594812e-05	3.436790941724514e-07	0.0001313034219001434
YHL040C	-16.082098654494025	2.609725483565318	2.778423894044915e-06	4.243803977025475e-07	1.2239730578404604e-09	2.07007807878431e-06
YKR021W	-17.626271177222357	0.539699605452508	2.563555548083941e-08	2.5613938316674203e-08	9.108499247724908e-09	5.3773527688295526e-08
YMR231W	-17.503799191349522	0.6356474146836527	3.045698142275409e-08	3.063543146072482e-08	8.792061458834774e-09	7.11708983510886e-08
YMR223W	-14.145469133008143	0.8623344164137049	1.047042132753451e-06	9.687012247450177e-07	1.7023997610183873e-07	2.6965066818493326e-06
YGL194C-A	-17.63962215848091	0.8686775526576618	3.207859734077255e-08	3.170203330719055e-08	5.2169862795715806e-09	9.05260093448563e-08
YHR143W-A	-10.996528719021578	45.267932248166545	0.3973751876594446	0.44850847444793857	9.681686172633434e-37	1.0
YPR071W	-17.752174638903803	0.291993253197495	2.0356575877830918e-08	2.0301520218398563e-08	1.204243270816337e-08	3.1412458382070355e-08
YAR008W	-17.39548421251761	2.6901336855077758	9.796509786127474e-07	6.608150833726519e-07	3.337400844345349e-10	2.3184382386689283e-06
YBR257W	-17.450603472848293	0.8846984821267695	3.997950025976403e-08	3.889198170899651e-08	6.146907474377904e-09	1.1258549259991059e-07
YGR084C	-17.51984512180656	0.4083832462666944	2.6769131546026553e-08	2.676040211945618e-08	1.257417064984335e-08	4.819217232640925e-08
YDR206W	-18.637163147614906	0.3922082551213493	8.65234086236785e-09	8.697677324676569e-09	4.224639916096823e-09	1.5352392558158124e-08
YBR276C	-19.046486353669884	0.27062212450645884	5.554450591230509e-09	5.547381778505767e-09	3.4252780619214992e-09	8.343728868612916e-09
YDR311W	-10.943732185108226	0.40299546186704427	1.895763158633042e-05	1.953761261304197e-05	9.513443691162744e-06	3.42390787670379e-05
YDR211W	-11.603525558210956	0.10149612025342632	9.182052023651877e-06	9.250903152475922e-06	7.784742607400113e-06	1.0877835926246002e-05
YKL038W	-17.737384944332867	1.565709183542712	6.525387068848769e-08	6.25127489576614e-08	1.4960506212713e-09	2.468556059950493e-07
YOR259C	-10.019944419204828	0.6401351050308749	5.3989982212191756e-05	5.9558152338888596e-05	1.775619729358742e-05	0.0001364603665313628
YEL030W	-12.34114584609865	12.195772440430146	0.15667309275315996	7.282921100941922e-07	2.2017729503568832e-16	4.2838204528705614e-06
YLR114C	-18.85029973624564	0.1649104350187711	6.59985185644605e-09	6.5962320752635405e-09	4.960122321157162e-09	8.533281766263037e-09
YOL138C	-18.081469200719717	0.5050164081672084	1.5900136554820544e-08	1.5957495130198252e-08	6.116943652227876e-09	3.221817278535019e-08
YDR477W	-8.748309352894418	0.25911963647188535	0.00016395024259192336	0.00015506591938614392	9.831748689365577e-05	0.00022895092866827578
YMR285C	-16.85729442664246	0.39434056347227125	5.166224755998509e-08	5.158018143661465e-08	2.4944769250387732e-08	9.123015866128981e-08
YDL090C	-17.70190326935785	0.19455667873583726	2.0934205982691772e-08	2.0909058885871414e-08	1.4894803620293181e-08	2.824990363929177e-08
YLR111W	-17.182892844773	0.5000599710581177	3.9022579442071266e-08	3.9055032823074506e-08	1.5134726968689323e-08	7.842585344006214e-08
YDR044W	-10.309884765004378	5.438138867779985	0.034654547959050964	0.05256577755108368	3.442854645775819e-08	0.39960019524364043
YBR005W	-17.466226063749623	0.5049637094446254	2.9554942554236372e-08	2.9484672454043306e-08	1.1308835978048375e-08	5.9505636683931036e-08
YGR206W	-16.47009201549094	0.7095359608990511	9.173733526548253e-08	9.05414119113388e-08	2.1889615251560417e-08	2.2595481827166164e-07
YDR039C	-13.586206754517614	0.24955413789410652	1.2973891079691745e-06	1.2989033335789202e-06	8.349310977872409e-07	1.898392701331425e-06
YML012W	-10.497527068416227	9.041286335252332	0.12528570488088614	0.1675637746093084	6.290808287452186e-11	0.9960593782074701
YBR045C	-18.51738472177471	0.42708344275142146	9.887148514292649e-09	9.945172959733825e-09	4.496700970859699e-09	1.831526372186655e-08
YPL075W	-17.451515373010757	0.6486181609739172	3.251452086517073e-08	3.251742787111207e-08	9.058999789723434e-09	7.65287388183993e-08
YLR121C	-17.39007272093381	1.4752983669242807	8.433377358198724e-08	7.116779114048113e-08	2.4290347850728324e-09	2.7674178683333875e-07
YDL101C	-12.673730893083254	3.935777171376598	0.0015815103800960971	0.004282119915416473	2.8361244676133174e-08	0.008785617447131024
YAR031W	-17.66796758793584	0.4813272021432311	2.380438473670959e-08	2.3794749929309805e-08	9.60219462982295e-09	4.674717187881407e-08
YLR063W	-17.333813099766253	2.0311260673098785	2.2738135011663476e-07	2.102249602200541e-07	1.0461035332170489e-09	8.241326895753655e-07
YML022W	-16.075266253953437	1.2541559666365338	2.2139072206881295e-07	2.2027595553480888e-07	1.3183116804685833e-08	7.906937115471548e-07
YOL131W	-17.625742198543726	0.2802139531861388	2.2946719001527925e-08	2.302804264976337e-08	1.3959122439785464e-08	3.509354535516998e-08
YPL216W	-18.607033352302956	0.3891936838710496	8.961712572685208e-09	8.940374662973766e-09	4.370061768694261e-09	1.57143442954936e-08
YLR070C	-18.233466822880423	0.48089241693436313	1.3587734145946283e-08	1.3534285227203195e-08	5.462893264419079e-09	2.657791041182782e-08
YBR275C	-18.444352039740757	0.2282135544681408	9.994397376318545e-09	1.0020438441660313e-08	6.706957480890006e-09	1.4204894968523649e-08
YPR074W-A	-15.059485837388772	0.40030257502037947	3.121377826757113e-07	3.111489030799239e-07	1.4881949584687016e-07	5.539855392218874e-07
YGL031C	-11.881124509666686	23.965743575098834	0.30397108987287397	0.38984278642502285	1.3634690499562705e-21	0.9999999999999163
YGL257C	-18.486805821762523	0.2578709371389003	9.689251636550032e-09	9.67554827875112e-09	6.121816327549895e-09	1.429966202514071e-08
YJR041C	-18.549611453571693	0.37582178707777897	9.433791356204352e-09	9.427143041841265e-09	4.7343266374638324e-09	1.6291852135102278e-08
YMR125W	-16.69592103402187	0.13794985188106454	5.6514517812591464e-08	5.664933216761828e-08	4.472005906276256e-08	7.040521528367386e-08
YGL126W	-17.88912865146353	0.5967666194693427	2.021409735434542e-08	2.032280062159124e-08	6.3695088011835e-09	4.536959285359742e-08
YMR100W	-17.413059002596988	0.3547237830329914	2.9184523950503805e-08	2.9169452584821785e-08	1.5282353395844924e-08	4.906506132869508e-08
YOR211C	-14.81299355297683	0.29127474330157516	3.842600233107614e-07	3.8653939266648156e-07	2.2915486623553626e-07	5.985650724733175e-07
YCL010C	-16.83397220979618	1.1976418144274998	9.828709886425618e-08	1.0046284711285117e-07	6.8156085452608545e-09	3.511761532601554e-07
YLL022C	-17.656772581592072	0.23460428035485945	2.2140571998921997e-08	2.2058691278920303e-08	1.4588041598208004e-08	3.155266728460053e-08
YHR061C	-17.746983521156785	0.5194144062369832	2.244283711982794e-08	2.2450552898788622e-08	8.346681629539473e-09	4.609481758624621e-08
YBR179C	-17.759597639110275	0.31847549607377024	2.035362678855036e-08	2.0375780217799282e-08	1.1464756649657898e-08	3.268902639798476e-08
YJL122W	-15.558587276399473	3.761560451827104	9.118526146953037e-05	0.00020822849598880677	4.255298959583355e-10	0.00018959821553445904
YOR370C	-12.972415044315264	1.4879999902296346	7.249376239844022e-06	3.2176125666030535e-06	1.792629335352717e-07	1.1105343980800705e-05
YJL001W	-11.7124352299224	11.40500709384305	0.15623428635390435	0.21329826388663264	6.027415299286228e-13	0.9998408702168863
YOL164W-A	-16.911395145806587	0.5426999682759167	5.259477447502889e-08	5.239427362482307e-08	1.8509425444021064e-08	1.1035741812286624e-07
YOR264W	-18.249102449271	0.308198140899905	1.2460203000694051e-08	1.2446657725369696e-08	7.147018055462799e-09	1.970052334810918e-08
YML043C	-18.040711736078215	0.22089019087315573	1.500652576241829e-08	1.498132252118212e-08	1.0163919135483517e-08	2.1021740030821584e-08
YER126C	-10.645057331706036	11.92386638337724	0.18934417078066376	0.26404517536398653	1.7808357072702185e-12	0.9999803836740089
YBR125C	-14.858306442584714	4.716695590839977	0.0018014652773125164	0.004104906233684495	4.1375688050854313e-10	0.005179120025587392
YGL017W	-18.122684940922177	0.279461380593895	1.4051470993523496e-08	1.4007355998929526e-08	8.503090242685971e-09	2.1324096854214728e-08
YDR470C	-18.007757036212702	1.3136788974455618	3.615575051033819e-08	3.500528023049975e-08	1.7338588264449709e-09	1.2843755769196465e-07
YAL015C	-17.462876198963336	0.3215700426040284	2.758537788220793e-08	2.743885275182578e-08	1.5346750470757458e-08	4.4205372587870436e-08
YNL291C	-17.332994894001736	1.1316090678532749	5.6320717977516226e-08	5.652571565443405e-08	4.612703823895957e-09	1.9158833909352138e-07
YBR077C	-16.537188630864826	1.1409787087954713	1.2574223276610333e-07	1.2473100827381318e-07	1.0029755570741303e-08	4.2418344268510526e-07
YOL165C	-17.340964538970134	0.5911784855542709	3.458452588980417e-08	3.5070433390356614e-08	1.1132109354390793e-08	7.784882771620752e-08
YOL123W	-12.027312211725937	4.6706368056332	0.007566954610122156	0.01755387536008693	4.608703805079127e-08	0.05911613543368119
YLR216C	-12.394829860612797	0.4486672937096945	4.5737203132066915e-06	4.666092860978695e-06	2.009153819415945e-06	8.835837858908385e-06
YDR159W	-18.171401324471795	0.28041478543085746	1.3334856570559862e-08	1.3349363403153256e-08	8.089703968056138e-09	2.0351138544103967e-08
YMR308C	-12.095710481888952	0.04308698896875573	5.5879593107840456e-06	5.589531175199448e-06	5.202067792952209e-06	5.994297142725215e-06
YNL144C	-18.69124861270479	0.3163923498239437	8.007175571909704e-09	8.020128457995098e-09	4.531516985911815e-09	1.2838794323467909e-08
YJR072C	-11.693821794696257	0.48143594649052357	9.398460990124998e-06	9.53341566822444e-06	3.871420382689449e-06	1.8522901795176514e-05
YKL001C	-13.139272025023226	18.72460330993454	0.24299490189287026	0.3286577807813763	2.163764223259969e-18	0.9999999985162391
YHR049C-A	-17.324543815216153	0.3310347727926468	3.157196175525944e-08	3.16098310545855e-08	1.736022302194391e-08	5.155930558566687e-08
YKL148C	-10.0124660100309	5.486983180596709	0.041705407134927715	0.07165838918828771	8.77727392960781e-07	0.5946240587666798
YNL166C	-18.16499684937748	0.28517258181556304	1.3496173734836197e-08	1.3448205516190848e-08	8.07452371966068e-09	2.0633406098923102e-08
YOL071W	-16.80353438784818	1.1683290199876182	1.0097939454225102e-07	9.83577413412669e-08	7.34582891025007e-09	3.3921521581873876e-07
YLR401C	-17.478493142633802	0.22570722820999475	2.6334152745475704e-08	2.6318734357612152e-08	1.7698719628959535e-08	3.717705858934637e-08
YGL106W	-11.9574502555924	7.132008307793609	0.04997343495064276	1.9436491728983708e-05	1.0187037335918824e-11	4.512912370420927e-05
YNL051W	-17.94956182126129	0.2715238054987717	1.664237359584312e-08	1.6617770880569797e-08	1.0243286382551243e-08	2.502603114902199e-08
YFR006W	-17.019768218736267	0.32896063992829155	4.2935961258319405e-08	4.2821173317089625e-08	2.3614067891219196e-08	6.9656313530247e-08
YDR351W	-18.5166393125482	0.40188182799966954	9.86923034921708e-09	9.844909066310817e-09	4.687512723552151e-09	1.7585325404332947e-08
YOR258W	-17.570428583298913	0.6476412370110985	2.8915618391384788e-08	2.884115699075293e-08	8.056297426910137e-09	6.77694408202221e-08
YPL021W	-17.56205970269452	0.5050866150105341	2.6904372243773058e-08	2.6801181622654854e-08	1.0273300602797315e-08	5.412236004850932e-08
YNL009W	-16.318012543860227	0.513755103258661	9.33848261483315e-08	9.301226011791566e-08	3.505281737353316e-08	1.8938562597278202e-07
YDR012W	-11.712420865675947	16.750780161098028	0.24385865431936893	0.371381063245699	2.596981347495347e-15	0.9999999949913383
YGR118W	-12.257421663257398	48.25220105410709	0.40086594152114907	0.49373507824026	7.151645306401051e-38	1.0
YNL290W	-12.239335074490507	0.5340471891481938	5.531950149731013e-06	5.0800487620788165e-06	1.9168515997496704e-06	1.0224232715239878e-05
YNR023W	-18.23419226003984	0.4798091683670519	1.350700007641497e-08	1.3518964009401226e-08	5.472877473145114e-09	2.6511399915605432e-08
YER122C	-14.753767854764144	3.173808261852919	4.35161654521516e-05	8.92362592116286e-06	2.340274176936657e-09	3.858098339653625e-05
YMR153W	-17.940825867198278	0.2294506024864228	1.6609245682394603e-08	1.6587673646725316e-08	1.1074384139515588e-08	2.3559069975696337e-08
YOL126C	-14.234854854986176	1.5035315950360277	2.0558783817325915e-06	1.7069743990373587e-06	5.4900983863728206e-08	6.782619113422951e-06
YGL252C	-11.348219822747476	4.602466548970792	0.010859565797752841	0.021800070613722897	1.6219517224940471e-07	0.08717892569336709
YCR072C	-11.988815020217723	0.2941653254304915	6.5004169878297886e-06	6.739681976604084e-06	3.9487391524663515e-06	1.0516448769999559e-05
YER017C	-14.734539952821203	0.04309487307957043	3.9927110771247297e-07	3.9928626101421365e-07	3.7160667748304494e-07	4.2821054068119e-07
YIL010W	-17.159630746224998	0.7623492614722134	4.6313971727622935e-08	4.6837480655041725e-08	1.0033585034349943e-08	1.223264768359749e-07
YKL012W	-17.96261586431587	0.3880154338481365	1.7075199321632396e-08	1.7040029519644435e-08	8.345792041785724e-09	2.9894657393067026e-08
YGR232W	-16.035700322209728	3.2742679927120464	1.9677066266389984e-05	1.3832477851167315e-06	4.4319082499088065e-10	6.568049116486598e-06
YCR065W	-17.53175004307281	0.7843479229820546	3.3353887785182094e-08	3.299847176214905e-08	6.686136601958696e-09	8.805617344503043e-08
YBL039W-B	-15.931795741774247	2.0504442298880186	1.210176383126125e-06	1.069057343580823e-06	4.158374316704328e-09	3.764145318560115e-06
YOR161C-C	-17.675604380078717	0.24969507117780246	2.169727462886492e-08	2.1729915408532255e-08	1.3964555423075706e-08	3.175345061024753e-08
YLR115W	-16.275007085082457	0.694328603124325	1.0847235449047835e-07	1.0760195771769695e-07	2.7127762212197615e-08	2.6400311691606784e-07
YKL073W	-18.255327920404802	0.7542878080442575	1.5539982517181284e-08	1.5671734368360852e-08	3.4074161186629584e-09	4.075210761390922e-08
YJL118W	-16.109318860319895	1.060184961634819	1.7939347462792987e-07	1.7916711705084803e-07	1.7666616813204842e-08	5.849256457906206e-07
YPL161C	-18.852411747874562	0.5412216192779943	7.53128974515683e-09	7.515217446784103e-09	2.6636508899908026e-09	1.5804241928642733e-08
YML055W	-17.019726941559334	8.817457110552114	0.030198957727694643	0.0439843319497636	4.428559188960324e-14	0.29639376950910334
YMR143W	-11.79541988210344	20.699199780516427	0.2914086268046482	0.3524254978185065	1.6286747142625675e-19	0.9999999999722446
YJR095W	-13.853371043333889	10.040243751990666	0.08832682006743664	0.14692216554351073	1.0589617783556954e-12	0.9937715073484596
YGR091W	-18.001333384651794	0.7035282834654466	1.9411251790938258e-08	1.9430578139460836e-08	4.775638303578021e-09	4.816865129333968e-08
YGL189C	-12.415783104087447	17.680946757480193	0.24460807594455333	0.29132503669353976	5.1745870192129604e-18	0.9999999874874433
YOL083W	-17.878927585324114	0.45544467191166943	1.9197704315602374e-08	1.9065129575414198e-08	8.120722627563722e-09	3.633566429185837e-08
YMR312W	-17.62842458133759	0.3834934478899014	2.364292662068898e-08	2.3746668436655597e-08	1.1744610876645949e-08	4.142287928600609e-08
YDR052C	-18.297553696401287	0.1475007169780382	1.1421556460907662e-08	1.1433695988996412e-08	8.87358325200517e-09	1.441269685328438e-08
YLR365W	-17.576955765013686	0.22238620542757398	2.3940772104502256e-08	2.3831100312172893e-08	1.612122601760277e-08	3.3507577166826486e-08
YMR127C	-16.372840665827376	0.9918616787769393	1.26253341108096e-07	1.244451994132955e-07	1.5090818263432624e-08	3.87525675895332e-07
YDR229W	-17.140263522397568	1.075152398868994	6.381118461321663e-08	6.476203198044416e-08	6.1480514847483435e-09	2.1313209144097355e-07
YPR010C-A	-13.290568280027353	9.184956614645829	0.07981749877969237	0.08847512631026357	7.206853195867159e-13	0.9150456938005508
YPL108W	-17.385002705233042	0.7682476421270555	3.7407708182381294e-08	3.7647852091815036e-08	7.941199939111529e-09	9.895124099294638e-08
YPR078C	-18.14820058922573	0.32796336316447855	1.3921807539164628e-08	1.385763842371329e-08	7.656669909183957e-09	2.2511550203892592e-08
YMR043W	-13.765848252712155	1.4643751498496669	3.199539755665859e-06	4.173497148808846e-06	1.0209452417358076e-07	1.6805260932541246e-05
YBL051C	-16.724384402627898	1.4802576878729818	1.6465658809768823e-07	1.7033393706042045e-07	4.8001510477582315e-09	6.466146464371229e-07
YOL075C	-15.331407481026824	0.7651763828168077	2.952886221080294e-07	2.856943110770083e-07	6.161628882232555e-08	7.434969374424188e-07
YLR187W	-18.65893563055301	0.3125131486959555	8.29252174684469e-09	8.27313733429494e-09	4.710325888313636e-09	1.3169494817737705e-08
YMR322C	-17.57290578586339	12.974248109062756	0.09494818901901454	0.14487030178356852	9.41842591675625e-17	0.9986871906237914
YKL047W	-18.258480596349678	0.3353236005852949	1.2447573964468169e-08	1.2440276657750908e-08	6.7710301859954e-09	2.040630795546716e-08
YLR093C	-12.02888096264446	2.977044780305015	0.00028854429836113	1.8405126407456985e-05	3.349603224826178e-08	6.87422213869908e-05
YLR058C	-10.442119494867208	2.249891045846313	0.00036595335343399504	0.0005586193239315586	2.4421057495945806e-06	0.0019307711403929767
YML038C	-17.85662897423476	1.028659458265737	3.0579438657132666e-08	2.9671673967911118e-08	3.231293598536716e-09	9.483712786348184e-08
YGR004W	-17.461540210258086	1.0353136747252265	4.3351846059268974e-08	4.465214007831573e-08	4.752502798955105e-09	1.4327698588912746e-07
YNL152W	-17.66666813261049	0.23336177919736426	2.1887269123269518e-08	2.1840994211904732e-08	1.4473978225644643e-08	3.1189955334264816e-08
YJR065C	-10.795356532435969	4.34381888736959	0.011606663440899395	0.018462434387445187	1.5906234631048317e-07	0.06734791391973188
YBL080C	-17.853257330943002	0.4302905963225138	1.9430267802323976e-08	1.9343934959114838e-08	8.684216732670337e-09	3.5770827629394744e-08
YGL221C	-16.93576949484936	2.910310936586744	2.6932918491390588e-06	1.296141936905073e-06	3.6793027731370955e-10	4.962436154073886e-06
YLR438C-A	-12.345304961775534	2.5307828682368356	9.405831923412744e-05	0.00012318249325189484	7.674223557160963e-08	0.0003449814731327779
YOR184W	-13.73136862966289	1.2350618297367844	2.27092306965107e-06	2.5056781800649992e-06	1.4750487711423298e-07	9.19383376345266e-06
YJR039W	-18.697646962297718	0.5517627455419637	8.897371692501735e-09	8.800947473912506e-09	3.053299860830717e-09	1.8705815024612405e-08
YOR034C	-18.68751217843323	1.2248089141590428	1.6465543342449498e-08	1.6094708042882323e-08	1.0192087475048538e-09	5.697891113311407e-08
YNL162W-A	-16.14857309532176	0.5821593957146539	1.1348072426113777e-07	1.1496770688230288e-07	3.722800003156954e-08	2.527305815132505e-07
YCR007C	-17.742821383632823	0.5179393622520232	2.2470010805763932e-08	2.252524274654036e-08	8.401855570409306e-09	4.617489579569e-08
YOR035C	-18.53796082149433	0.3677886429573906	9.500289499640696e-09	9.513208604288228e-09	4.853583169731652e-09	1.627639239008196e-08
YLR045C	-18.007429731333964	0.22744271479113232	1.553383539063028e-08	1.551333929448308e-08	1.039890907911097e-08	2.1968449924356454e-08
YNR018W	-14.28572163188887	5.450894284880453	0.006915225183173311	0.010565354475476197	1.6446915869552827e-10	0.01619390424229917
YMR001C-A	-17.57450218800745	0.5137131889389643	2.6444812124644467e-08	2.6597278449071543e-08	1.0011392372092687e-08	5.426088143968809e-08
YDR158W	-11.207079231790837	9.534593188136627	0.12409112387634191	0.19485770306465555	8.670851141711248e-11	0.9984382444683368
YMR261C	-13.153860260493227	0.15720317322209437	1.9638484818350277e-06	1.9605597256761617e-06	1.4952606101681913e-06	2.5073720881468504e-06
YPL051W	-14.003401224611432	6.646735986674381	0.018825426957500235	0.031147375622975232	3.500455899878989e-11	0.1337841486994214
YNL230C	-17.688520518096034	0.22967798332199021	2.1370239433255773e-08	2.1352327675656113e-08	1.4252512064652814e-08	3.0342744157676116e-08
YDL126C	-9.985366791072872	1.050857832487191	7.719724630839172e-05	0.00010957401922587757	1.5416607902407692e-05	0.00033160379692832474
YJR104C	-11.939963415258669	8.795614770483656	0.09063033026365937	0.11782715738692541	1.107657511955482e-11	0.9722382349197262
YKL023C-A	-16.64757276058021	2.46466609188573	1.4537859609697674e-06	1.415060288114967e-06	1.0297258264011704e-09	3.8060585483672526e-06
YLR019W	-16.860065230394817	0.34095628240326686	5.023335094871411e-08	5.0443436580126854e-08	2.716132306901119e-08	8.334347596620448e-08
YLR173W	-18.293404610355488	0.5675410614418789	1.3158549575707237e-08	1.3320105485737535e-08	4.4609786457821995e-09	2.8809973364933265e-08
YDR388W	-13.55560069303551	0.6195575034403037	1.5441805744701338e-06	1.5842962491157414e-06	4.703473821333798e-07	3.625451587611211e-06
YLR106C	-17.513499164045193	0.20149104827990266	2.5262101874817594e-08	2.5272353325963225e-08	1.7767195021439068e-08	3.454212220868427e-08
YHR187W	-17.588807783636135	0.2887592484707692	2.3895449996467973e-08	2.3954267955096517e-08	1.4288561574181091e-08	3.692890830141558e-08
YKL106C-A	-17.234195741003482	0.3845731675231874	3.526751409946616e-08	3.525698544827552e-08	1.7389133386055466e-08	6.162476768726672e-08
YHR175W-A	-17.591711115551284	0.2789106981073106	2.367781970613095e-08	2.3817261489876123e-08	1.447982803496598e-08	3.6230691078508936e-08
YLL063C	-17.48432246431998	2.2207834123403902	3.5684596757295077e-07	1.2963465319472218e-07	6.265851325563741e-10	5.90124174456789e-07
YJL083W	-18.00420837310316	0.21356352237158577	1.5555100489419165e-08	1.5515315091063137e-08	1.0669735814203908e-08	2.154233607076705e-08
YDL133C-A	-12.763230730249186	11.554556276763048	0.13118195587804676	0.14312468949601256	1.9174901430604313e-14	0.9984172139875657
YER084W	-17.793806459049797	0.46875590120660654	2.1015976242309964e-08	2.088727933343407e-08	8.650546254936496e-09	4.0439056701133276e-08
YBR188C	-17.68150370215239	0.23215972008509592	2.1482459123817924e-08	2.1513979603355796e-08	1.4294396730560763e-08	3.0670003997593054e-08
YHR089C	-13.446723421505292	29.54896945787088	0.32892234286262434	0.44062429080225857	2.8377700015623735e-25	1.0
YBL087C	-12.165975242861302	6.147585051476523	0.026862112795430843	0.03652281315289111	4.121596894832891e-10	0.20186882981712054
YHR138C	-16.492656403447604	0.2605405172940142	7.091649017086058e-08	7.113918133282027e-08	4.47919971254706e-08	1.0555047017239095e-07
YNL240C	-17.596769636694212	0.8632268718271185	3.310981859816405e-08	3.2924281259206823e-08	5.4945463961156565e-09	9.365025553594498e-08
YLR325C	-11.817399464366597	18.397321269157956	0.2619899267521262	0.29434729539925225	1.6239490888995024e-18	0.9999999965188178
YDL208W	-12.00030102364776	22.618604418983164	0.2968825427399074	0.37780711827142865	1.0300605755852407e-20	0.9999999999990703
YAL059W	-16.87928781941168	0.8247605750791137	6.5416386766648e-08	6.53016903449903e-08	1.1996760363981313e-08	1.7996478777412607e-07
YER080W	-18.607052662985502	0.34984742714198963	8.841550424605486e-09	8.824100467192496e-09	4.667980665397795e-09	1.4756737468600972e-08
YDR061W	-17.86640228411938	0.191886069015141	1.776692236359528e-08	1.772943505671606e-08	1.2691223871205885e-08	2.3859972197752856e-08
YLR398C	-15.229024609500764	0.12035049771442603	2.447950491759924e-07	2.4507491099052523e-07	1.9959069249123165e-07	2.9654922555532363e-07
YGL195W	-17.480020606447347	0.15895946809086364	2.593136501310248e-08	2.593912218697366e-08	1.9717531597763262e-08	3.3263926384137385e-08
YDL225W	-13.629283435912791	0.7562099140085753	1.5703895218989919e-06	1.5243114862297381e-06	3.414163850996225e-07	3.900826446882613e-06
YIR038C	-15.119171418883477	1.6825797391357973	1.2108243569111897e-06	4.355492716828423e-07	1.4508963935873203e-08	1.6895714076809914e-06
YBL088C	-18.44275988247768	0.30486611803149666	1.0256255320196327e-08	1.0239907012429846e-08	5.918223616420621e-09	1.613553866010378e-08
YML104C	-18.4507143984601	0.4529948426824302	1.0755950961860154e-08	1.0753584485908957e-08	4.606143705730619e-09	2.0444458163825868e-08
YPL038W	-17.277586644712706	1.2359349691266188	6.695835818087618e-08	6.683473334825656e-08	4.098546301714271e-09	2.3765910710513554e-07
YML093W	-17.924971387278624	0.18675237832172253	1.6777079190438924e-08	1.6705812051981638e-08	1.2074471200090741e-08	2.2313605970845858e-08
YHR099W	-11.400629954784515	0.03471621287761273	1.1193856636593115e-05	1.1193353224342024e-05	1.0565526091015564e-05	1.1842537717383267e-05
YAR014C	-18.46679209634835	0.3842535288154223	1.0249079439806547e-08	1.0280067706719299e-08	5.0753237854728115e-09	1.7956322261488023e-08
YDL092W	-16.61842555502603	1.7669482660215372	2.8457722123166547e-07	2.3788997200074592e-07	3.2678625415230377e-09	9.878027777848384e-07
YKR052C	-14.345098847931647	12.130870900486595	0.12085694290340299	0.20018070448012532	3.3113127770536413e-14	0.9997806004434404
YPL090C	-12.046761380327505	11.264547261496828	0.1429030949017907	0.20308766001406772	5.377908764548984e-13	0.9997339210865235
YGL118C	-17.48398721776261	0.685478646912468	3.214600092369337e-08	3.226920447851744e-08	8.262197337761928e-09	7.870995986123327e-08
YCR020C	-16.993709213599637	8.002083485871061	0.0196688553150138	0.03160091448730652	1.8386905781264292e-13	0.12060625872999575
YMR025W	-18.016628550679293	0.43114034292230263	1.640537266505837e-08	1.6434718556441566e-08	7.364983637604205e-09	3.042175323331589e-08
YOR066W	-18.034581777749686	0.09324805438832987	1.4770416425341488e-08	1.4776489911070082e-08	1.2620144507799507e-08	1.7148737728587912e-08
YGL073W	-18.142726578306743	0.16013286827860151	1.3361934872572683e-08	1.3374802293077182e-08	1.0146475110923323e-08	1.71791405013641e-08
YGR225W	-17.162602589110016	0.4445237361482382	3.914531705805869e-08	3.877581142685403e-08	1.6911854892046124e-08	7.294859473287658e-08
YGL122C	-15.250230121390766	11.183654265800225	0.09228536150600351	0.18856995849212393	3.726001612722624e-13	0.999015570506339
YOR270C	-9.479644995933038	0.12352422454234813	7.682557948201504e-05	7.733689974773767e-05	6.26616148165378e-05	9.398313650839072e-05
YDR524C	-17.376631497166223	0.3908142307743189	3.0521056875528006e-08	3.066411364195762e-08	1.4935766765337047e-08	5.402839923513017e-08
YKL090W	-18.039228864007733	0.424682919828799	1.5945995716061723e-08	1.60210305822553e-08	7.277366699463906e-09	2.9427973696672197e-08
YPR179C	-18.43882571184526	1.1941435134571559	2.0039681477755977e-08	1.996563523959456e-08	1.374658889145829e-09	6.975172121013931e-08
YNL325C	-13.876428976357554	1.9693654107664538	6.769348597616924e-06	1.6399864920368069e-06	3.119574662575067e-08	6.701521884150622e-06
YER034W	-17.866836803958854	0.17708371370548304	1.7712671202770442e-08	1.7673607843427267e-08	1.2998698483110599e-08	2.327644882574082e-08
YOR387C	-16.77293646567791	2.5496692307930995	1.546158261314617e-06	2.069738669890956e-06	8.063585045965656e-10	5.054065675934862e-06
YPR158W	-17.73823518060903	0.16323170250179386	2.0016945183845813e-08	2.0052136287593818e-08	1.5127590861861463e-08	2.58750656538483e-08
YNL048W	-18.10256383902101	0.8427531759472067	1.968515550890908e-08	1.9578412364249165e-08	3.4316953179195807e-09	5.483364234124478e-08
YBR106W	-11.110119910962519	9.241860604546266	0.12416931411343743	0.1573015394397198	2.108618231622713e-11	0.9950581727119086
YPL056C	-17.83468691701359	0.6695442555186037	2.2631031874811733e-08	2.245488147324429e-08	5.9663240866795344e-09	5.393678103890126e-08
YGL137W	-13.60042470588173	0.22067854270750548	1.2787617758890355e-06	1.2745281873821875e-06	8.646317946759313e-07	1.7883090712927544e-06
YHR214W	-16.2911426006985	37.870338520935455	0.3341369353538343	0.4601109508065944	6.985663716306524e-32	1.0
YGR186W	-17.601447534508175	0.15055022936314089	2.2909879428392918e-08	2.2943518774545723e-08	1.770642553076975e-08	2.9056062433873363e-08
YOR394W	-14.530401521821611	34.17293767162347	0.3355504366956137	0.3421315779897626	2.4840194502249075e-31	1.0
YJR139C	-12.482608297193062	5.025364266555571	0.010846343073634787	0.01753318066726663	4.7125236908923205e-09	0.05309116652864931
YOR381W-A	-17.591105645166813	0.23142178642849492	2.3534964903588206e-08	2.3538405237305825e-08	1.565999297316614e-08	3.351858820916468e-08
YGR174C	-16.419999478742234	1.5687227080182646	2.626765340954422e-07	1.9592955407500827e-07	5.4338652061884145e-09	7.867266831136053e-07
YLR350W	-15.205171279238991	10.155046693325755	0.07114304220812728	0.10682910422752216	6.594921753498605e-14	0.9696969035654618
YIR027C	-17.919265771743945	1.6511478057264037	6.457627019425068e-08	5.8267389181820966e-08	1.0832808314376374e-09	2.3369733379971874e-07
YLR057W	-18.837448150087717	0.4688898866241124	7.302046258286291e-09	7.34976814373485e-09	3.045789572075845e-09	1.423386936510011e-08
YBL040C	-14.037670858838235	8.822137466742994	0.06078253222479099	0.08820459251452077	1.6371067458731434e-12	0.8893137881047115
YGL180W	-14.948663268624793	0.3866748468789006	3.492537039739142e-07	3.4691377943902615e-07	1.7036058203439186e-07	6.079238415758176e-07
YLR418C	-17.45579941683622	0.5171284664122212	3.039132291271851e-08	2.9974149573013354e-08	1.1200752384841944e-08	6.134228132874257e-08
YPL074W	-17.873477872512872	2.976193273100772	1.2065867744885996e-06	3.120974463792592e-07	1.2561688272659025e-10	1.4701094649793727e-06
YPR147C	-17.43535662721201	1.4417728934618401	7.87383233446976e-08	7.423583929658423e-08	2.4941223859719242e-09	2.8242828999571884e-07
YIL160C	-15.376011145403888	2.1476869083082457	2.1909980209103286e-06	6.437156608479534e-07	5.517087245611253e-09	2.9211133068877677e-06
YHR196W	-17.442070569720222	0.14417503850386384	2.687966361252558e-08	2.6882910029658377e-08	2.098487045392446e-08	3.3721221254381433e-08
YLR195C	-14.086233181232226	8.152465918440493	0.047646917250154235	0.09444348047762283	3.143004991430991e-11	0.8792678176196992
YLR029C	-12.513738961491024	1.3396213663189112	8.792411744129865e-06	6.8756305114759615e-06	3.929737312362162e-07	2.4347032842033146e-05
YKL052C	-17.996583417644565	0.19997753228757056	1.5638730099231652e-08	1.559046087352139e-08	1.0994624500208605e-08	2.1227942212318127e-08
YGL058W	-10.823015239490767	15.037817507621545	0.23495300622122936	0.3025770118296918	4.193360789940532e-15	0.9999998357913144
YER176W	-18.41313086324312	0.33437374001749315	1.0650445258292047e-08	1.0658252078699702e-08	5.809921069748613e-09	1.7464458748020414e-08
YJL055W	-17.08994287112086	0.31192423487063253	3.973145964087723e-08	3.973073397151267e-08	2.2651331843317697e-08	6.320776734074035e-08
YNL337W	-17.42569053638085	0.8367254634088025	3.788927175903285e-08	3.839622151064056e-08	6.829091257729529e-09	1.0712098257818653e-07
YJR010C-A	-16.1826565946621	1.8124517792961705	4.7385597797319337e-07	5.189084474551027e-07	4.768780548061203e-09	1.947360130263042e-06
YNL308C	-17.59394992104439	0.7021705498343797	2.9065866586578423e-08	2.915526795802914e-08	7.185198264039224e-09	7.223084188784445e-08
YGL124C	-17.63536490977726	0.8889634409629529	3.252105086672561e-08	3.25148477834607e-08	5.074181034102662e-09	9.438377319954008e-08
YLR430W	-16.859194204350338	0.5055502458151464	5.4017265278021097e-08	5.4229909734375644e-08	2.0748198140640856e-08	1.096508965237148e-07
YJL200C	-13.221401683321298	0.035478181617848055	1.8121369853386753e-06	1.8127016729722549e-06	1.7088208776386534e-06	1.9203819032192904e-06
YOR044W	-17.304226831060937	0.6450148335957041	3.7644405496533436e-08	3.761911240875438e-08	1.0569922780989528e-08	8.82404450526295e-08
YJL101C	-16.63272827502164	0.2677126636637963	6.179037530595206e-08	6.193094346909924e-08	3.8464329809851736e-08	9.276399039376692e-08
YDL201W	-13.600726848978363	1.306518137853313	2.853938495437344e-06	3.6822630379997292e-06	1.5418800409678642e-07	1.4100097340132955e-05
YNL126W	-17.514345383294263	0.3912644613753668	2.684629561397543e-08	2.6714255368105208e-08	1.2996475524763801e-08	4.7082927813343924e-08
YGL150C	-16.51588626732059	0.15533497150771922	6.796085832590046e-08	6.799024325592593e-08	5.201907319853152e-08	8.671712940687037e-08
YNL007C	-12.536453133267921	0.4971268555908391	4.080807764317951e-06	4.1381815899871666e-06	1.60772959142564e-06	8.290425210506518e-06
YDR382W	-12.246007615832193	6.51866107232597	0.034184932889784796	0.04263668187999	1.8399070025794166e-10	0.28323314224304547
YOR048C	-14.470473976974015	0.12686704717930614	5.242625010648588e-07	5.232043647643504e-07	4.2127575531541276e-07	6.393601886687759e-07
YGR036C	-16.8103712327947	5.136039689807701	0.0010683471847768946	0.0020021714938369497	1.551610911356499e-11	0.0010415492106460342
YIL108W	-16.00854297497876	1.143975061143567	2.1684369849407945e-07	2.24888260917296e-07	1.7119987782105228e-08	7.696571206554447e-07
YOL072W	-17.344965490517048	0.7561938348246682	3.8965040579115994e-08	3.8941459575803345e-08	8.441654296776993e-09	1.0135023203960129e-07
YBR163W	-18.222529455081663	0.24363305267452107	1.252041883828543e-08	1.2553053851821213e-08	8.162731046250616e-09	1.818731515806706e-08
YPL121C	-16.66789048359437	0.6907074326227063	7.298525840682496e-08	7.336461439975631e-08	1.852620341466568e-08	1.7994830584950934e-07
YMR253C	-17.29436899266961	2.357414113068607	4.460006835822049e-07	2.957040788997366e-07	6.311053992071542e-10	1.2864486608515563e-06
YBR196C-B	-16.53675604797258	1.7601410363679837	3.4247576881872593e-07	3.14990268547389e-07	3.636931282307872e-09	1.2036864015241577e-06
YPL106C	-9.608567336200347	1.6547339712869087	0.0002550426878615091	0.0003739685123206926	1.3353092345890597e-05	0.0013903734982099784
YPR008W	-16.530604033735422	0.8240227430061333	9.42812829694318e-08	9.11679445614521e-08	1.6932963418136658e-08	2.5040933343850376e-07
YKL138C-A	-12.71398061693703	1.438871624340064	8.334818748730973e-06	5.5332034204345685e-06	2.5909699891991224e-07	2.0152184766652356e-05
YGL147C	-12.526924582795752	10.690344109179927	0.1245989385458294	0.16795766487283587	4.871442114724373e-13	0.9986151383001237
YPL058C	-15.552723545167234	0.403966133853689	1.9037483041468264e-07	1.9087428312794516e-07	9.050325734887114e-08	3.418614327012375e-07
YNR067C	-18.63613966298812	0.3141942543263068	8.46078515631134e-09	8.46550774921913e-09	4.80561494621094e-09	1.3503636663431354e-08
YER040W	-17.341868498949175	0.16343970360669263	2.976195237495181e-08	2.9806755440235496e-08	2.247817426541036e-08	3.847421511271949e-08
YBR200W-A	-17.160531549591674	0.7728895581757914	4.803726755839261e-08	4.7318586042749815e-08	9.863932282071059e-09	1.249515810222351e-07
YNL280C	-14.329844629618444	3.8734743281040864	0.0005259277679916373	1.8807175408935026e-06	6.622056955375135e-10	9.726329953001485e-06
YLR376C	-16.59461527023172	1.0104403054032212	1.0401665086265456e-07	1.0177465078859827e-07	1.172427558108708e-08	3.209823957735257e-07
YAL038W	-11.977909759008023	1.6251277608094472	2.439605089333785e-05	1.6471507420896867e-05	5.067946896734384e-07	5.924861361249659e-05
YNR008W	-15.8783990308229	0.30856324233217236	1.325741133363375e-07	1.3316741918934426e-07	7.642452480998684e-08	2.108107733153089e-07
YNL185C	-12.806638155126118	1.0811171131716264	4.840857935054809e-06	3.5732843517349542e-06	4.263198515293858e-07	1.0868948844417526e-05
YJR001W	-14.210483532756323	2.2112177982294847	6.472625577469295e-06	1.3778406387035326e-06	1.4752547761275501e-08	6.042201386905015e-06
YBL074C	-18.112437523749527	0.35469856613866313	1.457110572605337e-08	1.4488413797768384e-08	7.589716074770309e-09	2.4379125713307802e-08
YCL032W	-16.348157776291323	5.107710806077532	0.001108217200869792	8.381391152998526e-06	1.5390395139444036e-11	2.879404104447286e-05
YPR007C	-18.26803908729284	0.33049420617958397	1.2298178731417365e-08	1.2304803348416336e-08	6.763736725932471e-09	2.006301288727595e-08
YDR119W	-17.444061960785753	0.580644588818375	3.178807700158926e-08	3.141614896663972e-08	1.0207625183762073e-08	6.895226245046917e-08
YGR266W	-18.43929004691831	0.2614336571948502	1.0123607104521152e-08	1.0155764598413945e-08	6.382171268643504e-09	1.5083576811130852e-08
YDL240W	-16.849934697785052	0.09822910159758161	4.822576558154683e-08	4.833842637457075e-08	4.092526971025554e-08	5.653808417478482e-08
YOR292C	-15.802944271236763	4.826339815959937	0.0010792604559322423	0.002520924232639826	9.062702695426455e-11	0.0021304288611382178
YGL241W	-18.436061469977126	0.44501124965794053	1.0934851576443857e-08	1.0872098019773522e-08	4.732551881352128e-09	2.0460986256831887e-08
YDR079W	-14.437016863951564	2.5948273893694616	1.4203122066443319e-05	2.0113503958105995e-05	8.03883570278855e-09	5.368653353759246e-05
YKL057C	-17.848906970023513	0.9126604951885616	2.675494762390924e-08	2.683318451166707e-08	3.947430066435007e-09	7.925988159618115e-08
YPL141C	-16.700851961614667	0.11675762071894445	5.609853753170129e-08	5.621950551054483e-08	4.607013262028518e-08	6.765869993188806e-08
YCR102C	-16.466847242431818	6.672582454285806	0.00813309451062666	3.760929941981526e-07	4.193580755341148e-13	2.1043585605349133e-06
YHR018C	-12.693250770128495	0.6894733015610929	3.8513043643463975e-06	3.5554102979373e-06	9.6341074378083e-07	8.309495207679497e-06
YLR254C	-17.33255434516918	1.098852160424101	5.5296847254327714e-08	5.4102401281455505e-08	4.861662010304347e-09	1.8000940232063194e-07
YGR174W-A	-17.390844821690685	0.25066725095370107	2.891449026061079e-08	2.8896326503486744e-08	1.853537671220578e-08	4.2281878647877755e-08
YMR296C	-14.379224711673439	2.600834503479126	1.9124312767589285e-05	3.7304504357214756e-06	7.793386145793549e-09	1.7853474441739103e-05
YML069W	-10.662019297532376	0.48270347534319763	2.623671815317015e-05	2.5633601557203207e-05	1.0833275171521128e-05	4.885075700413893e-05
YMR157C	-17.497846866485766	1.466166530356348	7.430671201066005e-08	7.284272268920404e-08	2.2507893543156705e-09	2.780570133030773e-07
YOR195W	-18.197352184733013	0.3501028442347427	1.327023299325704e-08	1.3290753534161243e-08	7.024799513040372e-09	2.2225941846266208e-08
YBR235W	-16.061826723912368	0.8745438231048942	1.5538022314442496e-07	1.5588680929669642e-07	2.513458932801907e-08	4.4837495903436415e-07
YER039C	-17.057598379023098	3.0675448117244626	3.6394331444000314e-06	6.560612765745719e-07	2.382751842303161e-10	3.069827037751782e-06
YPL100W	-15.383726306136802	1.0962970806264545	3.7674328453828766e-07	3.7496906636815607e-07	3.427497412719234e-08	1.2474715883499351e-06
YLR135W	-18.712041751329657	0.2484406637448524	7.67370090704985e-09	7.704492103330648e-09	4.96369520565776e-09	1.1240267025435275e-08
YBR220C	-16.624892417102224	2.1587295208643287	5.875984843891549e-07	2.851749945536084e-07	1.6470398091908099e-09	1.3033724648065453e-06
YBR154C	-11.04111793570423	8.984262242185267	0.11531915699939946	0.15381264511469275	3.964735363456635e-11	0.9932296482186979
YHR151C	-17.828879589674166	0.43737449345935453	1.984301489300595e-08	1.98863261440817e-08	8.801487357301971e-09	3.708274823815737e-08
YNL167C	-18.16094361058726	0.34557455525861763	1.3781307292565524e-08	1.3764088450694664e-08	7.343858199159679e-09	2.289182998626317e-08
YBR097W	-17.539269933965393	1.1415743315495344	4.6176473161955126e-08	4.172246010767337e-08	3.5987005843623906e-09	1.404618758283743e-07
YLL042C	-17.694163470377084	0.4936766625575018	2.3372207573369316e-08	2.3307253844670932e-08	9.16545798802189e-09	4.643358704696252e-08
YMR123W	-16.76364557782012	1.8142354233201443	2.8845937920195e-07	2.169681875563063e-07	2.6136613699431565e-09	9.098995369939946e-07
YPL267W	-17.579543679335025	0.603992159648883	2.7510232553862553e-08	2.78035054490973e-08	8.578079090197233e-09	6.25105151911531e-08
YOL027C	-17.610898471198148	0.656286001375551	2.784815326793589e-08	2.7830395552464933e-08	7.627422856724678e-09	6.594255496643556e-08
YGL005C	-17.83546536940134	0.2331668298380476	1.8414299805092403e-08	1.8446863017655405e-08	1.222980731229981e-08	2.6337097425771703e-08
YGL261C	-14.185622641286452	68.61848458479517	0.40999490205165806	0.4823721119263672	1.1468768308254677e-53	1.0
YGR129W	-17.45088742844468	0.7781234047906392	3.536531979584584e-08	3.573338844793699e-08	7.3330609911604045e-09	9.485635440418366e-08
YDR135C	-11.803878282161302	1.0429789588568605	1.2676832015607693e-05	7.1233836958628e-06	1.2787712326165432e-06	1.7393474293804654e-05
YOR338W	-17.760536388371243	0.17736610531561917	1.9664723346913526e-08	1.9656127824067397e-08	1.4449859247559001e-08	2.589905689297695e-08
YMR311C	-17.092738325206433	0.8657182315338833	5.487793485560865e-08	5.5004603923764945e-08	9.08342884883691e-09	1.569595921344693e-07
YKL035W	-10.39280584279272	3.0373586741054095	0.0021925884055834	0.0031608832990596917	1.2826826624863337e-06	0.008914143321301181
YJL077W-B	-17.716227085090345	0.36704989433991436	2.1582675525089513e-08	2.1637244763329018e-08	1.1059111918630328e-08	3.697475642186656e-08
YOR280C	-17.09396053104951	2.7345834405011766	2.1323222749941626e-06	2.961412105572342e-07	3.876116874002737e-10	1.4490985306980329e-06
YMR163C	-18.73779902044857	0.32460726868998047	7.652911844269026e-09	7.673429474638583e-09	4.267294229044239e-09	1.2415116625007359e-08
YLL024C	-9.882330103363481	2.477077582886669	0.0010548551408699678	0.0015587091243727004	6.175014622815064e-06	0.0051652044926809
YDR335W	-10.882219963031227	0.19426319255687172	1.9126561277220186e-05	1.8997914095682456e-05	1.3649745685673105e-05	2.548016391807239e-05
YDR314C	-18.94215246184553	0.3229308378775689	6.223886323089098e-09	6.254200250119979e-09	3.4900065342605225e-09	1.0092639412358362e-08
YGR187C	-14.798094515827822	0.3698753251304308	3.9957304236471163e-07	3.991279844227488e-07	2.0311656813832453e-07	6.838125416847596e-07
YGR282C	-12.081368123502168	12.824095245358864	0.17374647059711681	0.2726305140805948	2.6759413501410374e-13	0.9999910148649291
YDR486C	-11.628804842061934	2.1193405548488125	8.35822439541109e-05	0.00011886131467241765	3.9728470105054836e-07	0.00042510844262630377
YPL078C	-11.625411479145393	1.9910848236568963	7.645080851932986e-05	9.27760113569212e-05	4.904671865579372e-07	0.00034411405581599903
YER048C	-13.193925981017808	1.2380492577154256	4.091943325598237e-06	2.4088824987653063e-06	2.1785579077169042e-07	7.752010331438648e-06
YGR208W	-17.884777145104586	0.40610489690050044	1.8487332101054335e-08	1.8560085317249043e-08	8.762318561024437e-09	3.33319633090068e-08
YDL136W	-11.77582594210339	31.23451164233431	0.3538189235263922	0.41963074442340015	7.870346337491839e-27	1.0
YPR115W	-18.91432327869638	0.4228596695314888	6.695755661225228e-09	6.6713765409761055e-09	3.0424915504802313e-09	1.2229548679079963e-08
YNL190W	-14.792622979163704	7.019114263063321	0.020664082257214843	0.02955995969260497	7.305081113456782e-12	0.11122076285602286
YDR525W	-17.21571154589123	0.4756307856220657	3.7733700168799865e-08	3.733915674583323e-08	1.524722370998434e-08	7.285184098631159e-08
YHR195W	-18.10982464238709	0.19473933216775094	1.3903023674303604e-08	1.3906568091254295e-08	9.902530030086948e-09	1.879270662622409e-08
YLR396C	-17.95162544198042	0.6058915982361648	1.9068624064441164e-08	1.9199960476455004e-08	5.894387917244838e-09	4.3264870288631654e-08
YHR166C	-14.826130480004347	24.63220873099255	0.27137714191987017	0.5482818464270586	3.204142357290392e-16	0.9999999999999969
YML096W	-18.102782962720944	0.4560662104975003	1.530770603663802e-08	1.5240272586557882e-08	6.485314833369839e-09	2.905631988564571e-08
YPL013C	-16.222322872949867	0.9550082117605395	1.3906981207505815e-07	1.4270641629920653e-07	1.8727412191926378e-08	4.3482926650110905e-07
YJL049W	-18.20218433361601	0.8377002385510735	1.7722081759865952e-08	1.766021677047147e-08	3.1322571996214086e-09	4.9290341579876254e-08
YGL140C	-16.084958095984753	0.35903265871069096	1.1039407807390723e-07	1.1034680241296886e-07	5.72991744849433e-08	1.866953307041879e-07
YCR027C	-17.147892744826954	0.6956372614477436	4.588878511110866e-08	4.548794656964096e-08	1.1371093567986365e-08	1.121314201359183e-07
YHR057C	-16.274713736952386	1.1894087565905251	1.7252284893860194e-07	1.7101037430993616e-07	1.2039710839345654e-08	5.957735980767809e-07
YMR187C	-16.725860933184727	0.1938683609265944	5.555688094407125e-08	5.5494012533912545e-08	3.958690150489947e-08	7.491179835593394e-08
YER008C	-17.859790750452653	0.7822831227506496	2.3576438956788872e-08	2.382951702741875e-08	4.83870497877986e-09	6.353270192186477e-08
YPL043W	-14.45553501739864	0.26039577313763	5.483504211132613e-07	5.47635466365635e-07	3.445728029585647e-07	8.12938314215635e-07
YNL106C	-17.998464953642674	0.35907415222981187	1.6240744643988533e-08	1.6252938891261454e-08	8.440043736553515e-09	2.7487774976494348e-08
YCR043C	-15.915446609485066	0.6187673301354852	1.4843140044939604e-07	1.485063606328775e-07	4.425502363879998e-08	3.3922354153321023e-07
YCR095C	-16.549779891117346	1.4826310492055976	1.9481235519737866e-07	1.9246277602981106e-07	5.653292144877446e-09	7.389596387163578e-07
YMR262W	-17.689667767838678	0.5674780303804968	2.4425162155685527e-08	2.438269997803895e-08	8.159711335532143e-09	5.273414284319291e-08
YBR078W	-12.255158728273225	2.506683081740319	8.20490193113121e-05	4.158445109997117e-06	4.686760573409842e-08	1.6639785260739647e-05
YHR047C	-18.26836191035631	0.10107944365726168	1.171458632902246e-08	1.1704874618309563e-08	9.861436233086179e-09	1.374966232588175e-08
YHR021C	-11.680718790209491	24.285819723316628	0.31572299170243134	0.35787121761232354	1.9328823724840584e-22	0.9999999999998745
YOL068C	-15.822283734455546	0.7239260993300822	1.7455586192128133e-07	1.7479213555669812e-07	4.0859907688792446e-08	4.422230495220337e-07
YOR229W	-16.68174391643783	2.2379832081399114	6.858620547987586e-07	3.7625152838360617e-07	1.4030272317474698e-09	1.715013138632961e-06
YER163C	-15.645479542546079	14.077134976331573	0.13587494288718055	0.20352037097396422	1.6401579812430178e-16	0.9999625123775893
YGR246C	-13.347121563093376	0.7511776562389797	2.111825481230744e-06	1.9933313750465796e-06	4.5653034910240583e-07	5.034419419562838e-06
YJR120W	-17.00029047543007	0.6580424351915888	5.130143706553968e-08	5.1417206510696826e-08	1.4020477008359286e-08	1.2217221923522226e-07
YFR053C	-11.986004551109497	4.528216342374288	0.006869667065948251	0.014088215518379766	3.403809005966775e-08	0.041535008651037084
YDR278C	-17.35176837839476	0.5086216322187259	3.3266052735534154e-08	3.313060050675712e-08	1.2604060737906565e-08	6.717814977516665e-08
YHR117W	-18.5125627228635	0.9578580662064173	1.4214143942349757e-08	1.4365041990456252e-08	1.884246251724003e-09	4.3825449045672306e-08
YOR009W	-17.89309328933536	0.6332665141059494	2.076135995252417e-08	2.0680370263084214e-08	5.974248294115253e-09	4.7886491448461856e-08
YKL211C	-11.1306172046397	0.9193151424888145	2.240505776133947e-05	2.0354244110233657e-05	3.528638611959757e-06	5.4918075086597854e-05
YHR179W	-13.673406032329646	0.7473197207991689	1.535697575191124e-06	1.6338921187579983e-06	3.469723163199605e-07	4.310707131790873e-06
YOR128C	-12.917128137888492	0.43857079708892865	2.70221476745125e-06	2.787519079042195e-06	1.2181088483208296e-06	5.243583244489045e-06
YHR073W	-16.68477223933673	0.7713536786689978	7.629663958313098e-08	7.663609834860801e-08	1.5972659116300017e-08	2.0256193236125807e-07
YNR072W	-14.484911678585329	4.9594619648805445	0.003479487276328683	3.36753054813464e-06	9.181269263279297e-11	1.763714594198278e-05
YDR347W	-17.083612153340205	0.21580617420558187	3.899371065828461e-08	3.897504674602993e-08	2.6699909135176097e-08	5.428792353801409e-08
YCR075W-A	-15.628178145846457	5.853783035826518	0.004272602705503256	6.545169765640737e-06	6.006392710174608e-12	1.849764894988041e-05
YPL124W	-15.760719215661945	0.6116544057301251	1.7254613039754068e-07	1.717322267849386e-07	5.2166435904564797e-08	3.887061052427057e-07
YPR073C	-16.427431450568243	0.7099994913582095	9.458679838496159e-08	9.409268695818689e-08	2.2774424689842004e-08	2.346458939627127e-07
YNL232W	-17.221054593222057	1.6420392659312941	1.2882330983516008e-07	1.1981589049798487e-07	2.2163460049594847e-09	4.765257222808916e-07
YBR214W	-13.845416327331757	9.828361321950904	0.08581628872536334	2.5403897997158553e-06	1.2537596896531154e-14	1.4287550040686177e-05
YMR091C	-16.327691017800085	0.5878406706542015	9.5644613209507e-08	9.626230082565055e-08	3.080438704645659e-08	2.1286759672308282e-07
YKL092C	-17.473072174522663	0.3749463555747701	2.778140391252275e-08	2.7634237312323124e-08	1.391295236880135e-08	4.771124599532254e-08
YHR072W-A	-12.483690985995915	3.6822518179093215	0.0015429166002329836	1.171264107744195e-05	4.8617465296616986e-09	4.118673325695457e-05
YLR225C	-16.164723924121922	4.167572953031092	0.0003310133789004192	6.981269109173409e-06	9.989492304608218e-11	2.763892367418788e-05
YDR034C	-15.299415649606951	0.42737770950822657	2.4981965260013603e-07	2.492231613015049e-07	1.1249182297094307e-07	4.5956953142475184e-07
YNR050C	-14.175465196037246	1.3568835441476461	1.6958142340719248e-06	1.2959934891027245e-06	7.184578364369447e-08	4.745692701989551e-06
YGR191W	-13.021742127974855	4.127867718334791	0.001724112891750056	0.005526653580304002	2.44527810125841e-08	0.011871078723384573
YKL044W	-17.083808270858704	0.6914887683466167	4.791703448477286e-08	4.8376396367546326e-08	1.2206676794284644e-08	1.1873948848456567e-07
YCR094W	-16.140268581432743	1.7300253619475279	4.4806279693474907e-07	3.2674230044774067e-07	5.556788938096029e-09	1.3719257565839822e-06
YDR344C	-17.68199707147955	0.4454820306972984	2.308767340637645e-08	2.3117892428760935e-08	1.0058988683151787e-08	4.355701833939685e-08
YKL098W	-17.927508665242335	0.19901926283353383	1.6666776991667897e-08	1.6703131908970808e-08	1.1803280938150225e-08	2.2717527666976824e-08
YKR081C	-12.38217328272817	0.3151101098449867	4.394072229738985e-06	4.373990531939902e-06	2.4854452218791143e-06	6.969829180004188e-06
YBR025C	-10.627313991711114	2.1236174260072067	0.00022435658427588662	3.664888789492006e-05	6.433898404348404e-07	0.00013122780651343168
YJL074C	-16.585048933201456	0.10421858569617937	6.302790365872322e-08	6.303904607491019e-08	5.281424666885841e-08	7.441464044616265e-08
YPR006C	-17.97442400513041	0.13270043568725967	1.5785196629703707e-08	1.5762807583411828e-08	1.2560466648421164e-08	1.9436044726276552e-08
YKL192C	-12.668048119922739	8.275774426944439	0.07100552074551462	0.0840551557748793	8.64874519927842e-12	0.8588866646298741
YPL125W	-15.155187420948048	0.1585588502952801	2.651394220508376e-07	2.651325429202509e-07	2.0169307191492536e-07	3.3981260926615476e-07
YBL043W	-17.25277828253906	0.6239547299251756	3.920677716774702e-08	3.8906962984853645e-08	1.1497243488326683e-08	8.919993214348612e-08
YER125W	-10.295549745977903	2.952981317050858	0.001622483702109863	0.003429693976904744	6.524536078831936e-06	0.010411482351183853
YDR321W	-14.750057023536053	3.7018190185496844	0.0002418797448825507	0.0005653223955832167	1.6485436191476261e-09	0.0008076405923408234
YJR073C	-15.524872105329402	1.2253137068974136	3.7808770459657785e-07	3.8379768870484053e-07	2.41140862788033e-08	1.360966806782514e-06
YNL142W	-15.001416221873066	1.575101692357678	1.0441655519450835e-06	8.751432372439703e-07	2.277862054308183e-08	3.620519719938609e-06
YOR273C	-17.381566513672574	1.5982155977807118	1.0464897565346975e-07	8.541301995692358e-08	2.008417304221147e-09	3.438754266296333e-07
YER168C	-16.478504134102828	0.667485622413597	8.71455288935766e-08	8.683713773270059e-08	2.3211210223617346e-08	2.079736162304092e-07
YLR346C	-17.07609299453265	0.5306468323473884	4.4206599502964466e-08	4.4141459276720385e-08	1.6013442202719784e-08	9.17638867927468e-08
YDL164C	-14.61168790600727	0.5272350768957937	5.209583061440329e-07	5.159451515509104e-07	1.8900316816411212e-07	1.0664712319981743e-06
YIR009W	-14.985415746014903	1.6427479913655645	1.1908691809123425e-06	7.013212273433482e-07	1.938722101633314e-08	2.824033255866155e-06
YGR150C	-18.752718316093656	0.5103199489115726	8.19848713035122e-09	8.170426546742949e-09	3.0965008824813384e-09	1.6596454836168662e-08
YDR287W	-17.233684382744237	0.7552173076613714	4.350877833927251e-08	4.357151742227448e-08	9.450496860983386e-09	1.1337246292972736e-07
YDR071C	-11.971466340351023	8.006150531600861	0.07396710997220889	0.09767274370058543	4.6288298821116974e-11	0.9109869650862108
YOR032C	-17.534379539113566	0.4452263861973517	2.6726080419506788e-08	2.678271360210924e-08	1.1655664144726126e-08	5.0428445571236835e-08
YER180C	-17.555636909900336	0.32843820320611294	2.496487486561129e-08	2.505326672179933e-08	1.3829917439395318e-08	4.0725195807229554e-08
YDR125C	-17.826970766874133	0.5106306310232693	2.0538342041797534e-08	2.06108181263395e-08	7.810810320616807e-09	4.187253428206805e-08
YJR161C	-17.43106317321594	4.719263121030036	0.0002491258494433249	0.0005261544606159778	1.3607538092253107e-11	0.00019489434699388337
YIL030C	-17.88776661168317	0.1100735781288362	1.7177529525554684e-08	1.714210170378188e-08	1.4216909741865818e-08	2.0417455515952547e-08
YGL125W	-12.652459617115662	5.971723177844938	0.02154693252141524	0.04809993990415145	9.057549783002429e-09	0.3428803598421296
YOR026W	-17.78378878041344	0.35774562143136557	2.019822290792138e-08	2.0150830987170364e-08	1.0490034904279579e-08	3.403479617771959e-08
YBR287W	-14.553807292359986	2.6943674286891035	1.6812329476229273e-05	4.9658824308790996e-05	8.161916235396217e-09	0.0001477826744918838
YOR307C	-17.54802897245913	1.537167234206536	7.204429552457966e-08	8.229361346109782e-08	1.9138387670547086e-09	3.097601710226951e-07
YBL102W	-13.007988685677399	12.151493462609412	0.14673387780079572	1.377658495500517e-06	1.8530594646110545e-16	7.3420559280247865e-06
YKR024C	-14.652049052100617	0.45162107634280235	4.819827156654818e-07	4.797278238782864e-07	2.0609061327105757e-07	9.099538148720819e-07
YDR006C	-14.705476797597791	0.3047456573677162	4.301489848464168e-07	4.3085764541087765e-07	2.490038323125179e-07	6.789497185881009e-07
YIL111W	-15.46703271848032	4.275361153391722	0.0006312772910049141	0.0007217851403602444	2.0776527347389948e-10	0.00047702225070852264
YDR494W	-17.224877969395443	0.4588613102716744	3.660868455074054e-08	3.667960565474962e-08	1.5519678274382992e-08	7.017524454305808e-08
YCR073C	-18.24154762960911	0.2926314388473469	1.2501506420663114e-08	1.2473247678483841e-08	7.384722641332881e-09	1.9330453310281828e-08
YIL100W	-17.416150355472332	0.9760093274905688	4.4470261208029354e-08	4.34344103555166e-08	5.457165254562246e-09	1.3388729025344762e-07
YOL105C	-17.925484213273144	1.961011553401144	1.1601334156065738e-07	7.680030574340153e-08	6.356442562428564e-10	3.295224722103846e-07
YCR057C	-11.69194176572723	0.0849840622922808	8.385647257032787e-06	8.43077574871279e-06	7.30276710242758e-06	9.661167302621e-06
YGR218W	-11.508424727436202	0.15907556883780052	1.0144000006572115e-05	1.0107607428593083e-05	7.708702630679482e-06	1.2927131901379106e-05
YGL225W	-12.946705673793028	16.883387798718406	0.22101148155697004	7.33060038998554e-07	1.6880144310826203e-20	4.092365781858055e-06
YKL013C	-11.148326761490305	7.68371218193076	0.08352097448698993	0.10113098045795225	1.557398795667643e-10	0.9159580368034043
YNL150W	-17.657247712480007	0.37934208982249185	2.2937602159391774e-08	2.3047427718921618e-08	1.1489192778931294e-08	4.002144142677265e-08
YGL258W	-17.36573413269884	2.3772940616645886	4.523553762877902e-07	2.3010202735900544e-07	5.579616577902602e-10	1.0181376802903535e-06
YEL062W	-16.867471841284846	2.905621593443626	3.1453894001568604e-06	1.18551920602038e-06	4.0256367833766735e-10	5.549618295965916e-06
YHL003C	-14.686997571953677	2.3741739067254763	6.698926025612446e-06	4.200954551276233e-06	8.848290063778261e-09	1.9185319250281217e-05
YLL023C	-16.920245175461737	10.021475726734172	0.04707679543665756	0.08640823723550166	1.812904902830337e-14	0.9026214021683802
YCR063W	-12.874889729363483	7.213545328410925	0.04047412547673332	0.05542252263284017	4.326570397553697e-11	0.4873004455669514
YOL110W	-17.201312181155068	0.7715345492715016	4.535395327948393e-08	4.545850523900254e-08	9.502663485597817e-09	1.1984055636699264e-07
YGL173C	-16.308233101409265	0.09977605085967042	8.309289671818127e-08	8.309508126223901e-08	7.015765658346391e-08	9.741703003628572e-08
YHR044C	-16.844790819676696	2.415382805295454	9.53922713877498e-07	6.600474874253761e-07	9.096058149639985e-10	2.5111635042197737e-06
YCL033C	-16.58796667997826	0.8883777938395724	9.301001920005821e-08	9.30152867144866e-08	1.4497108448141456e-08	2.7028904143482615e-07
YDL098C	-17.502834951538667	0.53442544349101	2.864257528376567e-08	2.8882877893280802e-08	1.039494878563217e-08	6.026108503688782e-08
YOL135C	-15.637240403412713	1.273598869632202	3.5183125667356706e-07	3.4250216879512585e-07	1.9743980154386182e-08	1.2413889835855615e-06
YDR088C	-17.830634077073178	0.24056233473898822	1.8629911212506346e-08	1.8566229267028972e-08	1.2140297725538892e-08	2.6788248289383725e-08
YDR284C	-16.179931045037797	6.693628412703488	0.010075783152518131	0.01888740470658095	4.11648130155205e-12	0.039633594009894274
YDL046W	-16.6333196365676	0.8596306822122618	8.563202185836427e-08	8.56359663665325e-08	1.4465371107933938e-08	2.426519204265091e-07
YJL080C	-15.431407303772128	0.10730084323706247	2.0012202032153529e-07	1.997934539773375e-07	1.6647367579365285e-07	2.3699071821289667e-07
YOR295W	-17.845485287013567	0.22068256836639147	1.8189284845611632e-08	1.8208934048835675e-08	1.235934454400822e-08	2.5545020030633494e-08
YFL055W	-18.210901700535892	1.0341119006878243	2.1146869059056062e-08	2.103120479655336e-08	2.2470809708841035e-09	6.74769923975746e-08
YNR075C-A	-17.704865366563304	0.27836183212292803	2.131684685932894e-08	2.126681790859317e-08	1.2942353189369236e-08	3.2325304533159354e-08
YLR307W	-16.174945627449183	2.1137037772112524	9.779261673267747e-07	5.028326376353985e-07	2.851019607255136e-09	2.285661746828506e-06
YPL229W	-16.61578447510778	0.6437275532087149	7.515042611320134e-08	7.471512287733557e-08	2.1063513028583014e-08	1.7492022680224434e-07
YJL041W	-15.829286432018257	0.20821670483375443	1.364434743162724e-07	1.363395703373792e-07	9.470851040060639e-08	1.8788347258312052e-07
YEL031W	-11.962072656498046	0.022744918704849938	6.384373122985337e-06	6.383281917583296e-06	6.147102146572552e-06	6.624728997182315e-06
YGL032C	-17.722528803708833	0.272475891369383	2.0803519730277024e-08	2.0858271096904094e-08	1.2833871001078036e-08	3.145362265270924e-08
YCR020W-B	-16.36815102770283	0.6648266585279552	9.731431743138011e-08	9.719719496117969e-08	2.6088602511827763e-08	2.3246294276156418e-07
YPL113C	-17.76599195086687	0.5508523036175736	2.242001782625153e-08	2.2362889414565083e-08	7.769920589923321e-09	4.750153210314637e-08
YKL062W	-17.627349525228915	0.48117225871335145	2.4793802630965417e-08	2.4827732735846016e-08	1.0018215835165175e-08	4.878522717433574e-08
YDR238C	-11.03653326649596	0.06618861820059349	1.6123171288510852e-05	1.6212834670237654e-05	1.4507113126601445e-05	1.803830089449662e-05
YNL107W	-14.041761199238815	4.160017046767021	0.0014220358911422907	0.0018022619262901942	1.3831491258732036e-09	0.0020115550788299802
YLR066W	-15.499100172769383	4.041754076538701	0.00023101014549067764	0.0004597580244576027	3.037507006166665e-10	0.0003635446068637163
YML006C	-18.180832407820112	0.2636623264028856	1.3129563527740699e-08	1.3158870118350763e-08	8.234201156177754e-09	1.9603863684976676e-08
YBR060C	-17.936820124240462	0.7045289380553814	2.0778030483637296e-08	2.0773549311206112e-08	5.085499520323817e-09	5.157907324068165e-08
YLR359W	-10.544066052178957	3.795449467832507	0.00619439864616422	0.010437320893929986	4.6144546911129433e-07	0.03167456933442549
YOR104W	-16.968389348819024	2.0147062941600753	3.392894435851167e-07	2.0334477738888287e-07	1.5094441792437976e-09	8.904657238818285e-07
YOR077W	-17.2171910664701	0.6430942878208613	4.108788161003405e-08	4.1001601944587824e-08	1.1567593069874582e-08	9.596100834133678e-08
YDL129W	-17.726465222186512	0.5665326000705435	2.3587360577434133e-08	2.351553598255303e-08	7.884309093452036e-09	5.08421928168454e-08
YIL112W	-18.75127073717244	0.4234675682622921	7.844091599894816e-09	7.849837203004411e-09	3.5753059370000416e-09	1.4400010976256277e-08
YDL213C	-14.144579322361958	4.435558357147154	0.001124205271024477	1.07181733092327e-05	3.4457894428585105e-10	3.7231729617427513e-05
YLR342W	-15.56422793489123	0.3038726379573731	1.8260187019383686e-07	1.8296398080710562e-07	1.0585768147507332e-07	2.8809016914814676e-07
YLR097C	-17.719376560381484	0.8018047267490688	2.7743466343043703e-08	2.7777470644424065e-08	5.3852619118710376e-09	7.520844146768243e-08
YHR092C	-13.727969827786135	15.976975444782315	0.19350793908781694	0.3934809130920253	4.0677339447107933e-13	0.9999999770519729
YGR243W	-15.298211504982598	3.395153711990164	5.1602985399196544e-05	1.442258160916441e-06	6.747163347159371e-10	7.188954901493145e-06
YKL027W	-15.647754801750986	6.792626544798005	0.012922513697864247	9.410892119523794e-07	8.001583105404063e-13	5.4754219212582285e-06
YGR107W	-17.684832033229164	0.31285469301326546	2.201930005748717e-08	2.1919111662050916e-08	1.2475901813534222e-08	3.4902833457203485e-08
YBL072C	-11.46338509622087	18.446143756923977	0.26958559920673314	0.35488080772285335	2.140964833243729e-17	0.9999999994384063
YNL330C	-11.847799440257356	0.2803804415865824	7.419971547438962e-06	7.354660793270243e-06	4.484640179307651e-06	1.114476300495245e-05
YIR004W	-17.514361983547992	0.5212525675278059	2.827572235862215e-08	2.83633411859311e-08	1.0500909533300118e-08	5.834337202587883e-08
YLR240W	-11.164856583863136	0.5290556619867299	1.6394709345569133e-05	1.7863366362580587e-05	6.7925144903160945e-06	3.560681827052047e-05
YBR041W	-14.805609762749507	1.1422574745931378	6.945366768079587e-07	6.285300428505038e-07	5.5317753734361316e-08	2.1091893680363064e-06
YDR175C	-17.49134713725011	0.2563019397881831	2.6065300800718852e-08	2.617358145674258e-08	1.6615086231274942e-08	3.8594745038659766e-08
YHR123W	-15.094380463947298	1.983601623092954	1.9230599359176466e-06	7.855156665476196e-07	9.686263211865632e-09	3.4383717112065434e-06
YJR116W	-16.64967042789153	3.779360542059975	4.565942401715501e-05	1.1067940900428267e-06	1.0203770476912349e-10	5.65058232769289e-06
YOL161C	-14.93399843543825	18.98125081781265	0.21343642109331695	0.2675593059838708	5.08087215972617e-20	0.999999987184541
YOR164C	-14.579004694141029	1.7977359296087596	2.2694980795629855e-06	1.5664128130197714e-06	2.3530152634869847e-08	6.687841046046262e-06
YPL089C	-18.826445740175537	0.2320161743996945	6.8285958063717405e-09	6.846502775574544e-09	4.550156931151984e-09	9.758192547763318e-09
YLL015W	-17.71145061431975	0.29298664632586563	2.1132649456456052e-08	2.1204732094816174e-08	1.2545897923018235e-08	3.287886893648456e-08
YLR068W	-17.244340375914312	1.1248052026908906	6.140909313715447e-08	6.125161647726239e-08	5.097044347807567e-09	2.070146605122268e-07
YGR048W	-15.14059990419714	1.0797926909101294	4.765180371110683e-07	4.4199542369799293e-07	4.421954286183055e-08	1.4401363537719225e-06
YIL130W	-18.42512117552628	0.35154008722096663	1.0550694330632237e-08	1.058955812818025e-08	5.5838231453416435e-09	1.7740551881602975e-08
YIL075C	-11.884642757356184	0.05086454377644167	6.897965492035541e-06	6.9027628643810956e-06	6.340948152792225e-06	7.494767488182106e-06
YKL167C	-17.182996377109653	1.1537252614960476	6.484216899527227e-08	6.663687024159882e-08	5.158192440154188e-09	2.2831397048649534e-07
YNL070W	-13.44753367354219	25.320339556867168	0.29795404972687606	0.3292232148277257	3.6616490565234625e-24	0.9999999999998257
YLR083C	-17.083993417088045	29.227546085283887	0.28020811916195515	0.5919032465526805	4.4487324271674674e-18	1.0
YFR045W	-16.822547609794988	4.0241800246991195	9.018851638325206e-05	0.00021919571440834812	8.58715735214343e-11	0.00017947807493400226
YBL011W	-15.548291463602206	0.423817828952256	1.924434718261975e-07	1.940388149070852e-07	8.822086790288835e-08	3.564551254235415e-07
YOL151W	-17.301897235208294	1.0822743110205366	5.3235328114642957e-08	5.354048405253938e-08	5.125041032067175e-09	1.760025749563045e-07
YHL048C-A	-17.569586552789538	0.21353612533652824	2.3886575056843456e-08	2.3962345008312094e-08	1.6484489735504626e-08	3.326803093262332e-08
YIL043C	-14.521633093486296	2.2365696261489387	5.849778161256787e-06	1.1114408926042478e-05	1.4275604955384051e-08	4.056898500050211e-05
YMR270C	-16.76373242490167	1.184050194077516	1.068278100074956e-07	1.041507908782012e-07	7.448580920435732e-09	3.6216366500716676e-07
YNR054C	-17.39946858802518	0.30129840208799624	2.9122002078508756e-08	2.904510370332589e-08	1.6906360838422138e-08	4.555590495065215e-08
YIL005W	-18.938975505535332	0.6994059128991498	7.700785007122162e-09	7.602127856991406e-09	1.882636659651835e-09	1.879646925407459e-08
YDR234W	-13.436210515520495	1.0342946389866685	2.5238942951743904e-06	2.1733354519063134e-06	2.609063734308719e-07	6.721002784297801e-06
YBR102C	-15.564292201125633	0.5382585959598142	1.9993209434943727e-07	2.0112551460940027e-07	7.177651143767171e-08	4.21740204091568e-07
YOL089C	-18.208036779827076	0.29026003177010046	1.2869782822789409e-08	1.2901966658489479e-08	7.673413810295192e-09	1.993011733757458e-08
YAL069W	-17.47294180793046	1.1140351495232939	4.8587139996669515e-08	4.8002135153203334e-08	4.127928701576706e-09	1.6123648473112748e-07
YEL040W	-17.791750109980917	0.3077776103245005	1.9610535192220175e-08	1.966209628309812e-08	1.1299291000761664e-08	3.110306738991807e-08
YJR069C	-15.188340625486441	1.6099872637607064	9.018823035072511e-07	5.767258475924168e-07	1.6856285468579457e-08	2.316726990977137e-06
YGL066W	-17.756242434807923	0.436181798939519	2.136899529893883e-08	2.1366055828278647e-08	9.476564525237088e-09	3.979849012124613e-08
YOR254C	-13.28901833015784	0.4943304913574118	1.9118187170210484e-06	1.8587428416837902e-06	7.395645074943314e-07	3.6667410365467494e-06
YKL095W	-16.91622497766452	0.9440711032053103	7.112335016135183e-08	7.000083534516752e-08	9.512119648898844e-09	2.1144426375425118e-07
YNL299W	-18.291699314338025	0.3455328648490456	1.214294461120068e-08	1.2076639258509875e-08	6.440616808582131e-09	2.007354722202267e-08
YDR247W	-16.984237381687258	1.0561669551454447	7.200495618221777e-08	7.206442412195374e-08	7.363984775617467e-09	2.3339326410438152e-07
YIR036C	-17.531072765233098	1.0902563380083938	4.353054448921816e-08	4.403191472939986e-08	4.043115325629356e-09	1.4578555269511446e-07
YDR341C	-16.228079447982005	1.37140259821275	2.3306882963955445e-07	2.6074902630676973e-07	9.510957706345605e-09	9.499679777194975e-07
YKR020W	-17.0026200734655	0.5826491243128148	4.907333765486982e-08	4.895379995923002e-08	1.583477742913468e-08	1.076712689376263e-07
YIL077C	-18.13697727035555	0.2502583916563786	1.3702762277774553e-08	1.370206945708237e-08	8.79533911465485e-09	2.0036472991434757e-08
YGL211W	-12.72839505175302	12.055544672678314	0.14505840095944472	0.24362686399892416	5.242643777346969e-13	0.9999478394742903
YJL170C	-17.293640746146544	0.3902917283405745	3.325049194564583e-08	3.3308760293092524e-08	1.6242139004816787e-08	5.8653137473319566e-08
YOL122C	-17.180054748075186	0.508675102075993	3.9550620559442186e-08	3.93803063671646e-08	1.497614483384996e-08	7.990012791211206e-08
YNR021W	-17.264404456837788	0.809484225588647	4.386334781816568e-08	4.416178221623914e-08	8.392081311263911e-09	1.2050959489190904e-07
YNL194C	-17.00837821582622	4.1139195610937564	5.1507338493318546e-05	5.722466007259567e-07	3.679051091558465e-11	3.0415439139034936e-06
YGL158W	-17.887603983713184	0.24376798610494402	1.7517339189829235e-08	1.7550120311328823e-08	1.1407626141501071e-08	2.5428519897941713e-08
YGR037C	-11.898951159550913	27.041393115371804	0.3362061703236027	0.3798187276582103	2.495965421563774e-24	0.9999999999999989
YPR159C-A	-17.46129971555724	1.0482913321554796	4.5629784431218435e-08	4.4500763470207236e-08	4.62988389820973e-09	1.4348619015809258e-07
YPR148C	-17.307981514598346	0.263972758621701	3.137695681596635e-08	3.1505103207675915e-08	1.9708666969325378e-08	4.695021066758704e-08
YCL057C-A	-12.599461653554451	12.466764005632717	0.164024848746573	0.1877016409918811	1.135174448244883e-14	0.9998643590227557
YNR013C	-14.931809865164675	0.10944053784092468	3.289734152327188e-07	3.29600689181135e-07	2.736309070344701e-07	3.9222341886790856e-07
YGL220W	-17.190982580964324	0.186110303343965	3.479812346189899e-08	3.479670354609228e-08	2.517472671458457e-08	4.643856446297052e-08
YOR191W	-18.199617556231665	0.11758988670001717	1.255661863666929e-08	1.2560305593719765e-08	1.0278238765527737e-08	1.5133204327217026e-08
YMR150C	-15.75155958976479	1.2523240020197377	3.1206201101600394e-07	2.923477566348236e-07	1.813149127818462e-08	1.0468918272278281e-06
YER104W	-17.733973962597652	0.2682122716657454	2.0632100928273338e-08	2.059629661175328e-08	1.2777208714091468e-08	3.087856720627297e-08
YOL108C	-16.9424148815096	0.774705283607367	5.97924419839317e-08	5.926559730242721e-08	1.22617940870475e-08	1.5703255453338596e-07
YGL134W	-17.84672659329312	0.3356424523942303	1.8761241788430965e-08	1.8781024282624516e-08	1.0215255437917338e-08	3.081871233649285e-08
YKL186C	-13.922582556952827	1.8954891503014906	5.392468281873647e-06	3.417983774256894e-06	3.8681951127719965e-08	1.441381656852348e-05
YNL055C	-10.908432452176337	10.052618950493514	0.14643758444615151	0.20534500449258367	2.2151760958741017e-11	0.9993467280067269
YNL164C	-17.463247835746138	0.3695045265272438	2.7921311997388236e-08	2.7896287397915915e-08	1.4185157331523995e-08	4.7838931798962924e-08
YLR197W	-12.839912949647394	13.346023752440537	0.17315008164147977	0.3150326761368259	1.5199425621570817e-12	0.9999974321485234
YMR014W	-17.97151370113074	0.879438528622823	2.3503742940864e-08	2.2994443568265934e-08	3.6828972306532696e-09	6.629904539356029e-08
YDR544C	-17.604283800575054	2.1281157469888874	2.1698888459095508e-07	2.1852813712311587e-07	6.82704739397965e-10	7.496872614359334e-07
YDR435C	-17.734054594759932	0.18275749304568248	2.0242478323128538e-08	2.0203231652729194e-08	1.4706494496867627e-08	2.683074312631469e-08
YCR014C	-18.582389650045066	0.21997571854112122	8.71324407198776e-09	8.715034755227501e-09	5.924071310523371e-09	1.2211479176011851e-08
YBR133C	-18.269349858012852	0.243467580954036	1.1969356143890826e-08	1.1985308306807194e-08	7.79451627230294e-09	1.7364215155841656e-08
YLR209C	-14.852683304336958	12.384751325018486	0.11911623391923859	0.1975856213157855	1.2983776539606483e-14	0.9997909259403717
YIL027C	-16.60960200451604	1.2113403789590105	1.3137871608986236e-07	1.2857603992293357e-07	8.339905685277908e-09	4.521566318915219e-07
YGL159W	-18.291378930786728	0.26814245372986134	1.1778654056688818e-08	1.1795933339064174e-08	7.318263050492601e-09	1.7681919742249234e-08
YHR034C	-18.11043953566054	0.37740308085840313	1.47090698981644e-08	1.4638680079785529e-08	7.325839235776118e-09	2.5356548989974106e-08
YKL160W	-12.238726636446652	8.25308166117932	0.07451393404369881	0.09379098632651463	1.6555808495626424e-11	0.9067805030979948
YKL210W	-11.91018961608365	0.032576122817818694	6.725947439074895e-06	6.725063036391932e-06	6.370818826880398e-06	7.091155399807025e-06
YMR090W	-16.93319769680324	1.247860645625419	1.003351586126402e-07	9.386091603805151e-08	5.648507470752012e-09	3.3522414228583317e-07
YOR316C	-17.218978657624525	0.4506428354269532	3.6958239301503885e-08	3.6741947099578734e-08	1.5824407037550983e-08	6.959510065651596e-08
YIL006W	-16.31330563058959	5.029073464715411	0.0010970435575477222	0.0030087635555933966	4.3701154166988426e-11	0.002561878885461658
YJL216C	-17.44922580720681	1.188734076182302	5.459962088367404e-08	5.045731581307838e-08	3.695817173730104e-09	1.7500098538409672e-07
YGL057C	-18.029863503638758	0.5336097609477842	1.686828762094729e-08	1.7033407571306658e-08	6.139721325767505e-09	3.549755026643312e-08
YER091C	-10.644763754445146	0.16533956098976865	2.416374470208574e-05	2.4233007143349527e-05	1.826224726146707e-05	3.1295894539945675e-05
YPR160W	-10.347544374578272	0.17214480453900513	3.2491016692433864e-05	3.257437300099624e-05	2.4255084501167478e-05	4.248570106816747e-05
YBR103C-A	-16.88627279910083	1.767460624533637	2.1161339599127255e-07	1.588688649158603e-07	2.4628047947929283e-09	6.678099729671626e-07
YGL040C	-13.498767726444337	0.9593565368203562	2.1851535526260284e-06	2.0741641976205524e-06	2.806700116504827e-07	6.264972345130796e-06
YPL103C	-16.457476465854548	0.8057518636247024	9.853107855638949e-08	9.84203938647734e-08	1.8898202498965334e-08	2.6737272226809913e-07
YBR216C	-18.542742018785198	0.6461198220634683	1.090565152243796e-08	1.0879306975588341e-08	3.051434650236466e-09	2.551412907204237e-08
YFL011W	-14.819579433570604	1.5651008608324883	1.2576109354566014e-06	7.775115095564404e-07	2.615489390729004e-08	3.0638407704155807e-06
YPL169C	-13.361884877515829	2.6376033944378254	6.194654966962075e-05	2.0657108571243706e-06	1.3875190224801138e-08	8.995453816928997e-06
YKL117W	-11.883184821163875	1.7186297693409596	3.0173040725452857e-05	4.14636373898086e-05	5.234821732497792e-07	0.00016005381889810808
YIR034C	-13.7386142563309	1.700390229250038	4.357386412973213e-06	2.563246419113488e-06	6.288544392220033e-08	1.0388212658343217e-05
YDR105C	-13.80382486357207	1.4585733962351721	2.939113751762909e-06	5.101841359369215e-06	1.0565472489285087e-07	2.1323380644351846e-05
YOR269W	-17.54180282467218	0.5430519894480265	2.7967267823268856e-08	2.7906265279482353e-08	9.848240304918956e-09	5.878549999543068e-08
YHR194W	-15.16588014689564	1.995162517452262	2.2843615587944866e-06	2.2793686382868194e-06	1.0406788554127945e-08	1.051719845624827e-05
YMR016C	-18.883820009295	0.3276143378071205	6.634991076419897e-09	6.640259118831481e-09	3.671248774643031e-09	1.0781541329426683e-08
YLR337C	-18.79871467846619	0.23791281833516487	7.0320657978147576e-09	7.048197458251505e-09	4.631182874204024e-09	1.0130276258204508e-08
YOR126C	-17.154700763749993	0.8510127567547903	5.027101385246814e-08	5.085044604106276e-08	8.734821750182955e-09	1.4341280035955093e-07
YER090W	-11.994060413458053	0.6980119813973181	7.762425545831859e-06	6.600029677038366e-06	1.845830117630159e-06	1.5070601155557193e-05
YBR292C	-17.594874746043338	0.3879114251988039	2.490778587151955e-08	2.4607286778131785e-08	1.2057294581898957e-08	4.3174503715308536e-08
YCR008W	-11.666026928688504	4.3501781083126705	0.006180082203889268	5.082572374003554e-05	6.980469975904415e-09	0.00015853512070500083
YER075C	-18.62008659698126	0.6826881373955641	1.033780921317844e-08	1.0344255549577753e-08	2.664939855677788e-09	2.518319640926178e-08
YDR035W	-10.715808323207009	4.3308549852720155	0.01175920430701744	0.01757874165978335	1.0536708806073582e-07	0.06188945701725196
YJR149W	-17.959690603654003	0.4779276632676914	1.7657944575973617e-08	1.7754718825689833e-08	7.218422418162202e-09	3.4724828655527334e-08
YIL035C	-10.473304859647167	1.3587554007958502	7.034596364055554e-05	9.387016337758374e-05	4.924008915474092e-06	0.00033421758515591124
YBR092C	-15.834753837513697	9.933052698191007	0.057396274663302535	3.276206275643611e-07	1.2248949626438602e-15	1.8575111640393572e-06
YBL021C	-13.090687507000391	3.7150369387273687	0.0007757132541498064	0.0012038395546742427	6.237605919424912e-09	0.0015866146344215859
YPR022C	-17.79949441068397	0.34081925475697716	1.9683432888995645e-08	1.9724552352284185e-08	1.0624215128855468e-08	3.2585310938316176e-08
YIL110W	-17.669129390652365	0.1905209504885218	2.1543057258975097e-08	2.15879011311929e-08	1.5493667118085154e-08	2.8998141817419737e-08
YPL207W	-16.208225376839387	0.34248091812804093	9.711752334715244e-08	9.689179878448436e-08	5.199374551604247e-08	1.6043056408476515e-07
YDL003W	-18.126975223193718	0.27448188403701224	1.3873765713318338e-08	1.3926355919804629e-08	8.536392000228976e-09	2.105976466025104e-08
YGR002C	-16.98672524207445	1.5887768817740142	1.5418696620847451e-07	1.4955443037930388e-07	3.0742440342056033e-09	5.798289026234509e-07
YFR042W	-17.097245348494603	1.4796387037948244	1.1781377293682629e-07	1.1506464677329488e-07	3.3016918157040183e-09	4.3552264780624576e-07
YDL130W	-11.811308704717655	8.482696010612743	0.0846457697916233	0.10325802730402385	1.3819825818419193e-11	0.945228460993048
YBR014C	-16.8836611855158	0.2268790770546622	4.758798340511537e-08	4.7710004756568654e-08	3.2009526123292344e-08	6.752173647034486e-08
YDR026C	-18.04448859416238	0.1269980427602681	1.4703633243306374e-08	1.4684965427801383e-08	1.1820909554750074e-08	1.794804650317291e-08
YDL122W	-18.029162177867825	0.6453491330755904	1.827687649517729e-08	1.8204920633022983e-08	5.1115085727549795e-09	4.2675061268059464e-08
YDL217C	-14.280679139302217	4.215566146456925	0.000971161341757099	0.0016656394991457612	9.416206415046761e-10	0.0017009619590688239
YHL023C	-17.98566520879917	0.20316900326779133	1.5786555805639567e-08	1.5772501161716895e-08	1.1060661671437847e-08	2.1580851215954946e-08
YHR066W	-14.856997842835833	0.5527703713354173	4.132884551320779e-07	4.109353605937909e-07	1.4203815170448623e-07	8.746166822429912e-07
YGR237C	-18.17936896340047	0.2168285127972384	1.3026160232973745e-08	1.3031574828060166e-08	8.910422502466774e-09	1.8178236837688686e-08
YKR066C	-15.017752876975416	1.6886400852828765	1.255475135842282e-06	1.2884789495792759e-06	1.9042524574606665e-08	5.370317210962327e-06
YMR105W-A	-17.118179450270823	1.545372096883296	1.2002881814381245e-07	1.188870588153469e-07	2.8879049486494343e-09	4.605084031945641e-07
YDR485C	-18.862269630136275	0.3093841114655099	6.755797615249414e-09	6.7435410375733575e-09	3.8635067663234364e-09	1.0691264553448826e-08
YLR452C	-18.249391315003727	1.4959591356271393	3.732439769014176e-08	3.355945043272349e-08	1.0035058900215661e-09	1.303264113439006e-07
YLR448W	-12.116426979883679	28.799071231232745	0.3345441482013573	0.43448776228366104	1.3341728736330096e-24	1.0
YLR369W	-15.324930366758915	0.6831627287902267	2.762186778933493e-07	2.79846591301941e-07	7.192688621099447e-08	6.815022564993493e-07
YML113W	-16.040910651202417	0.8018155944514591	1.4960660071668178e-07	1.4858670407749477e-07	2.885011381673473e-08	4.0240694160490396e-07
YHR192W	-17.297074391500196	2.303064174551405	4.291250174893579e-07	2.3073876092605224e-07	6.783687540533634e-10	1.027176039637115e-06
YPL183C	-18.28835226949827	0.5096347489954781	1.3028472810468938e-08	1.297889804860287e-08	4.92809005380382e-09	2.6332347277143557e-08
YPL249C	-18.692465896391646	0.3877149635163187	8.179566295659919e-09	8.209968253653759e-09	4.024506041864728e-09	1.4401558989985722e-08
YDR256C	-14.017098266119271	0.32075264563530037	8.630902333142056e-07	8.578889077584731e-07	4.810513868514174e-07	1.3797903699507509e-06
YPR152C	-18.03406915623868	0.34301024104203054	1.5596320952820453e-08	1.560916922932535e-08	8.36794330959995e-09	2.5864915901313032e-08
YDL024C	-17.703643309644526	2.4308162054658107	3.893126008227994e-07	1.3829842134413485e-07	3.557811241492119e-10	6.40341656310524e-07
YDR038C	-13.769405599720764	1.2348295998419339	2.2582380528230414e-06	2.7413510238104594e-06	1.4460173242718018e-07	1.017958657328421e-05
YKL182W	-11.260296636487462	0.19788277015457512	1.3141129502627131e-05	1.31425376843816e-05	9.418508846641369e-06	1.7630385792805517e-05
YGL133W	-18.45172292112779	0.5613830272007775	1.1249503080646216e-08	1.1352140092011189e-08	3.850056268215731e-09	2.4410125849944264e-08
YPR041W	-10.379367098613281	5.379493871372786	0.036317692875394894	0.052460491198680216	6.10485685919159e-08	0.3924397811321095
YDL095W	-16.02333903856283	0.3566414573892837	1.1741497000256775e-07	1.173463826633455e-07	6.121581484286583e-08	1.9800676285502882e-07
YGR043C	-14.647213732577208	0.8395298289365433	6.15728417892366e-07	6.152656172031479e-07	1.0925797737226266e-07	1.7158150189321803e-06
YER007C-A	-12.383913240563695	8.29357249526551	0.07725198454024251	0.0973323000916463	1.7552996324750066e-11	0.9178358745727957
YOR063W	-12.230049749829911	2.3062700465036263	7.771253283846755e-05	5.8131555480136175e-06	7.912571866483259e-08	2.2828862736753283e-05
YML067C	-15.29396538972737	1.4105399540606833	6.261953806796743e-07	5.904962272368839e-07	2.2348410276947965e-08	2.2586018677569594e-06
YNL301C	-11.384210182754893	35.82755168521795	0.37104261996012833	7.501818611645357e-07	4.032911577636443e-36	1.7150028507026713e-06
YKR059W	-8.974447765322973	1.9131328774891339	0.0007500864163333453	0.0009060903316529325	1.076920250939334e-05	0.003421168218538071
YGR060W	-10.83807649408204	13.05690867356962	0.20890771416286366	0.3044998089407799	7.58241482148051e-13	0.9999977886231836
YIL140W	-18.033782246021424	0.7447429444113658	1.9806939974561633e-08	1.9449166915297425e-08	4.324981591446925e-09	5.018674515813249e-08
YMR022W	-13.433615652175783	1.5255061124391334	4.732047519831132e-06	2.563301432755016e-06	1.0805112850987821e-07	9.55070275736354e-06
YDR021W	-13.346566808207124	2.0743648476710974	1.4795745913796485e-05	7.916014088035524e-06	5.6120964618544677e-08	3.342832153884129e-05
YFR043C	-17.72479576535347	0.7317361586157394	2.632279067946332e-08	2.6228966891925232e-08	6.018211149299523e-09	6.682986132331189e-08
YDL192W	-10.775682775821176	5.562011605726925	0.03161028123735177	0.04204226090810089	5.913769106108679e-09	0.2735543734184824
YJR096W	-16.198450204997194	8.105824338270898	0.024343126227718153	0.046956192521096805	5.907649575263664e-13	0.3496130810157784
YDR164C	-15.998791353770635	0.5031918663114613	1.287878268025205e-07	1.2766688977261639e-07	4.9162508173809735e-08	2.571839064960345e-07
YOL104C	-17.986394280997906	0.4666002158733913	1.7245600550265947e-08	1.721389894003681e-08	7.165879187650073e-09	3.3237065265678646e-08
YIL098C	-17.26411297413228	0.6573635383067742	3.965820112460405e-08	3.934836807119332e-08	1.0758642623894713e-08	9.334337554572853e-08
YKL087C	-17.037178654140867	1.387324369764715	1.0257827678744574e-07	1.0470766254406338e-07	4.071403765073661e-09	3.916646799576944e-07
YKL082C	-16.475732481915607	0.5634052979187606	8.140151378422783e-08	8.163802575074647e-08	2.7606382592643676e-08	1.7572243208804264e-07
YBR103W	-17.885057526605074	0.525641129553568	1.983324901818791e-08	1.9586690845773984e-08	7.190108034233491e-09	4.0461298963860056e-08
YNL329C	-17.41859591744373	2.20498004065514	2.599577940628129e-07	1.593418096017025e-07	7.017354123193225e-10	7.197838742260008e-07
YMR323W	-16.21843748527403	14.864992103413794	0.1463136366160511	0.23532790311090254	8.46741451350438e-17	0.9999925097557845
YDR069C	-18.27680180689726	0.24700435698370551	1.1902341771690444e-08	1.1906427974622205e-08	7.69176768144995e-09	1.7335863846811643e-08
YDR469W	-17.58144061880825	0.16693212847321756	2.349850537805127e-08	2.3468955919350727e-08	1.7583494645226383e-08	3.0452116350612445e-08
YPL064C	-18.23764970063798	0.2725713114711978	1.2462619483758196e-08	1.2458109525406009e-08	7.666114023774346e-09	1.878603795983132e-08
YKL093W	-17.736089492326705	0.5794596453284743	2.360032019617797e-08	2.3453502656917877e-08	7.644495094266296e-09	5.1389794839251056e-08
YDR375C	-14.82704654105414	3.5328915312614373	0.000134507480611625	6.585985983324823e-07	6.361537105740958e-10	3.2976348825332954e-06
YJL161W	-17.498963365906953	0.6709976236332034	3.128137246996766e-08	3.1481844530843085e-08	8.335597461063027e-09	7.571648920943485e-08
YPR200C	-14.921367843570758	2.273278336943901	4.9253865337741445e-06	9.17748370961527e-07	6.701832734489481e-09	4.131494881673925e-06
YNL236W	-15.134022763254459	0.7564739118943677	3.5740189205275214e-07	3.5929573462724355e-07	7.73624643845009e-08	9.387124256122785e-07
YHL026C	-16.33166085706484	4.313172677026076	0.00022432745502069134	5.772221764919644e-06	6.251000809467272e-11	2.1934530528880654e-05
YLR193C	-14.870998431107134	4.688217283300255	0.0016559546723159749	0.002495209100174912	2.2490198751100438e-10	0.001982701663382841
YEL013W	-11.067134144251165	4.478877966527373	0.010540736348454883	5.488171172290061e-05	7.896044053515266e-09	0.00016503020589619236
YOR378W	-16.217095549226492	1.610675139699804	3.3700174553939687e-07	2.825237270962199e-07	6.320385300014971e-09	1.1469333745542964e-06
YLR288C	-15.77980008324898	2.22604703419535	1.5459081507533045e-06	9.671605449777694e-07	3.5899396076291046e-09	4.536921238235173e-06
YLR183C	-17.827282195671565	1.6134943514022204	6.854109108612236e-08	5.811821739194156e-08	1.257258392087724e-09	2.332274280917719e-07
YMR060C	-18.177994163787794	0.3945819736878489	1.3817728703658633e-08	1.3774819164129817e-08	6.65632103348096e-09	2.4378792441816603e-08
YBR284W	-18.58647294743509	0.5613537887597679	9.844817017492489e-09	9.922509948627604e-09	3.3648582375298223e-09	2.1331821407077484e-08
YER068W	-15.767724936716101	0.8144599899826636	1.9758509477598372e-07	2.0010968798669308e-07	3.7326103011498746e-08	5.498436950966508e-07
YNR015W	-17.097714017761014	7.250997889781615	0.010780941719738264	0.026655309907987968	1.095078323214222e-12	0.08794351085119072
YBR261C	-13.282694545568072	21.904142818058794	0.2796684688297034	5.19646901809515e-07	6.728292191386322e-25	2.335590800266385e-06
YJR063W	-12.211791298869636	35.03211148927234	0.37250426343784676	0.4409922796491272	2.2356425117497742e-29	1.0
YBR159W	-15.247313538425212	1.2782266919332004	5.427387907768294e-07	4.773620967971949e-07	2.858439875338652e-08	1.7229191873375323e-06
YER117W	-11.61568521323438	11.236837009985	0.15138802760778144	0.19002801595559377	3.261797287352469e-13	0.9996590107069953
YJR151W-A	-17.234720573172076	0.32637885242621006	3.444836678139564e-08	3.4529556257304955e-08	1.913776522882692e-08	5.5974967061964374e-08
YOR368W	-17.388549698521224	0.4689193729937455	3.136822718881875e-08	3.129388577711236e-08	1.2969624664314073e-08	6.057127434799866e-08
YIR001C	-16.901276842073408	1.5581931452874338	1.508058158098722e-07	1.625650578055725e-07	3.5300426290916766e-09	6.155776882679088e-07
YER069W	-14.19487866106733	0.24376383308190372	7.061198588973765e-07	7.079885307786188e-07	4.5985646828961093e-07	1.026643204051825e-06
YGL206C	-11.58899999906948	0.05084303431136034	9.284842366374241e-06	9.27648259211697e-06	8.521760745773571e-06	1.007087235789423e-05
YDL159W	-13.07768508645763	0.4228454871560021	2.2781344037989852e-06	2.2685925258787654e-06	1.0389378529792537e-06	4.1421209991651335e-06
YER159C	-16.456236391292755	0.3299293766524772	7.533922195368996e-08	7.527631156148093e-08	4.1420641913075225e-08	1.2263635268988834e-07
YER170W	-17.17899153171397	1.2127781780725198	7.300077045313025e-08	7.280404059510622e-08	4.708160386062813e-09	2.5647050053994876e-07
YFL013C	-18.05783075013182	1.460924927539988	4.1477413915428645e-08	4.2003239067915124e-08	1.2998715445922551e-09	1.5932438464451332e-07
YDR231C	-14.055848344426474	1.622899086451079	2.981622378289012e-06	3.84617741191976e-06	5.7681576089940325e-08	1.558142647527184e-05
YKR044W	-17.73031160688783	0.3486394359182159	2.1176986038073274e-08	2.1196670074020924e-08	1.1239728896780538e-08	3.539086333040027e-08
YPL235W	-12.135040730347962	3.14130337293704	0.00046983047454390257	0.0011598944802661832	1.13616864958452e-07	0.002740023620980728
YER013W	-17.344975835753708	0.22083632580184542	2.9969625533420824e-08	3.001671499705248e-08	2.0367936923729925e-08	4.210406874212278e-08
YOL052C	-16.10963323374103	18.246457200558265	0.18794036655282623	0.3479379884813442	9.689762887584035e-18	0.999999994146731
YDR379C-A	-15.33776354777451	3.466955923839935	9.26758092719437e-05	8.788705745277685e-05	7.737607278250648e-10	9.124390743390722e-05
YPL252C	-14.786416891959513	2.042094066225342	2.712303980595862e-06	1.1038359505211579e-06	1.197611266601138e-08	4.90839861114473e-06
YOR375C	-10.463697913562052	2.713139226009062	0.0009647220467378677	0.001505157447900864	1.4529148109087595e-06	0.004469938739156499
YNR065C	-18.546290850085775	0.4433757216403623	9.766568713920947e-09	9.731267703887235e-09	4.250039129446895e-09	1.828922866943853e-08
YNR001W-A	-14.559487723331538	1.379330158871404	1.2259492586194548e-06	1.1117823570734845e-06	4.839414726875449e-08	4.1697381933545875e-06
YER175W-A	-17.64601265789765	0.169723854357261	2.2031141074462202e-08	2.2013219670491446e-08	1.641283167353134e-08	2.8679175861380922e-08
YNL012W	-17.72214597043871	1.0415519892346674	3.4849988651839545e-08	3.4205145243448285e-08	3.6127545683454674e-09	1.1006846718899276e-07
YHR180W	-15.596412874009681	0.3104766485124645	1.77084121414457e-07	1.762259552336751e-07	1.0085115698924239e-07	2.796674583199414e-07
YLR405W	-17.253864610106525	0.6354505461185128	3.924736287275103e-08	3.904970101963769e-08	1.1257754277216523e-08	9.051751074935481e-08
YGL006W	-17.733741486991626	0.44554427773163763	2.185427712137568e-08	2.1955110220193993e-08	9.550751303665762e-09	4.136473999750014e-08
YBL048W	-17.064151236781022	2.656593923798719	1.2481757254147936e-06	3.1768804903142037e-07	4.589088408603084e-10	1.502599550210265e-06
YIL145C	-17.015864773763447	0.5727257105089425	4.832576899421903e-08	4.7964832647426026e-08	1.5869057350034923e-08	1.0434278755054046e-07
YOR253W	-16.420807576848297	1.7888624549653471	3.847064636765241e-07	3.47257972102126e-07	3.884446732919895e-09	1.3773233774595828e-06
YMR194C-B	-17.065245451049982	0.7148394839774352	5.067474993143632e-08	5.004710565573295e-08	1.1953103414027338e-08	1.2555726817164782e-07
YDR103W	-18.646875143888742	0.5900052204232934	9.515839009336704e-09	9.491959831408025e-09	3.0218011162410337e-09	2.103071965608779e-08
YAL032C	-17.841773267217782	0.5089824556336209	2.0284225017848586e-08	2.029349059531954e-08	7.71695641704438e-09	4.114579318488895e-08
YDR523C	-13.13899146118724	2.106428309718497	2.016138249929112e-05	3.3189979665190922e-06	5.0421003401548426e-08	1.3570144707241512e-05
YKL138C	-14.890661921734997	4.020688586377145	0.00038699139457552795	0.000597699714983017	5.517239474783208e-10	0.00047759730618863083
YDR374C	-17.793756394174984	0.23613336362626822	1.9330422512617097e-08	1.9247536709973212e-08	1.269335249051456e-08	2.759301231302147e-08
YDR437W	-16.538569182966008	3.385456091830145	1.7692057124756117e-05	2.7650860859990976e-05	2.673354174282674e-10	3.124205394078242e-05
YMR105C	-15.398398460581072	2.273170033840833	2.336228200230686e-06	1.2277351738245742e-06	4.759398624925386e-09	5.833091872864537e-06
YEL023C	-17.901280298706247	0.32490920434241727	1.7671507146496723e-08	1.7717265793254535e-08	9.84537218616571e-09	2.8672248638089173e-08
YJL109C	-17.088197178928517	0.08589042455039611	3.8049711706717536e-08	3.804273118978297e-08	3.2905653690992355e-08	4.365063697289949e-08
YMR216C	-16.056276919983198	0.29822262585086384	1.1133084698854391e-07	1.1111572124677759e-07	6.5070338298496e-08	1.7349048619458694e-07
YBR146W	-13.472138389261952	1.6337857055990903	5.178286140032378e-06	2.321167564635572e-06	8.505934831400618e-08	8.787993134100395e-06
YFL038C	-10.704933397407283	10.679602318523367	0.16033188579867183	0.21377307425696598	4.692297634805667e-12	0.9997424237632848
YDR082W	-18.21147995019505	0.3298842062575558	1.3045255834113996e-08	1.301354340473905e-08	7.160717638857812e-09	2.1197978116567756e-08
YNL163C	-15.474442190702527	0.16904883273155374	1.9280671412540363e-07	1.9314096108164462e-07	1.441731026323631e-07	2.514321641239737e-07
YOR293W	-11.148044314985734	15.999647785627205	0.24746145613619033	0.28598210456444517	2.302000250903087e-16	0.9999999205787741
YGR167W	-16.976338284636718	1.4224083310987143	1.1882476705080657e-07	1.1971428449091624e-07	4.09346755999305e-09	4.4908987545923477e-07
YLR126C	-16.905500070883996	0.9667564377404819	7.238176827289738e-08	7.224127465966177e-08	9.26217382109948e-09	2.2147522592717707e-07
YKL159C	-16.614238957955372	1.5850037424772383	2.152528867233764e-07	2.2754460394802104e-07	4.51237900765562e-09	8.621396921586577e-07
YKL070W	-17.72863345254968	0.2783702889073271	2.0779056783285296e-08	2.0757567895173324e-08	1.2632561071404277e-08	3.1552433607322305e-08
YEL072W	-15.3214619690852	1.0528902224416454	3.820535889464582e-07	3.3913493499676635e-07	3.794512126410129e-08	1.0735958363568382e-06
YMR010W	-13.890019342471485	0.9849890505167231	1.5371054927409155e-06	1.4057032368839969e-06	1.8133845003347622e-07	4.301962120848287e-06
YNL287W	-11.480133173245983	0.09226694474457407	1.038587713432103e-05	1.0364616823606018e-05	8.872903623046935e-06	1.2005555786844022e-05
YHR149C	-18.8179119452006	0.1767706471662361	6.824439736701577e-09	6.8273810740003506e-09	5.024317313958997e-09	8.987659412631814e-09
YBR254C	-15.433026607374766	2.44431364542898	3.943856682658467e-06	5.8267880504727404e-06	3.759132310784099e-09	1.754568655184167e-05
YBL030C	-13.39906149232497	1.9591734996819399	1.0239790365141256e-05	6.2127193498537555e-06	6.138149401840412e-08	2.6127668671126444e-05
YJR054W	-17.643180385924047	0.5895837822404649	2.61795686106337e-08	2.5877620921517683e-08	8.242449959552588e-09	5.7339305863447734e-08
YIR042C	-15.477947172906122	0.5074179952630576	2.1596493696657507e-07	2.1619077217716165e-07	8.23885066325237e-08	4.380962622140905e-07
YNR020C	-16.53490234651776	0.6251999764457279	7.999909707246585e-08	8.018225002954642e-08	2.3568986169503598e-08	1.8434243182103594e-07
YBR265W	-14.460719638861471	1.3530891753899972	1.3678574376415408e-06	1.6245343400595307e-06	5.889377224471243e-08	6.23115463051475e-06
YDR408C	-16.694289387430167	1.7666357750178807	2.5663566408849466e-07	2.9877878151618575e-07	3.091254879138032e-09	1.1029028891754047e-06
YHR013C	-12.803788410224067	0.8112662823083643	3.829893664640578e-06	3.792688666111769e-06	7.269567144507562e-07	1.0284503259205617e-05
YNR057C	-15.488215575410274	0.6479792413190213	2.3068101473485113e-07	2.2912630910911292e-07	6.432594174228914e-08	5.372354130868443e-07
YJL126W	-18.004822793293847	0.23009261540756154	1.5516996657000538e-08	1.5562513106617475e-08	1.037688425982859e-08	2.212192105309641e-08
YHR050W	-16.641314799425295	1.4069718409637522	1.5809463576629918e-07	1.490002652614267e-07	5.8038807317610086e-09	5.668443179320358e-07
YPR029C	-18.64474408179462	0.6063730348661015	9.610683026533083e-09	9.602192345644116e-09	2.944942653336001e-09	2.1650175346811815e-08
YDR190C	-11.708431178835733	0.9137568128124274	1.2668561834477821e-05	1.2498687163582007e-05	1.9942083196138135e-06	3.471838659267984e-05
YJR051W	-16.97894331432048	28.47436407670381	0.2752344221073007	0.5273326552796912	1.1785908242250182e-21	1.0
YDR214W	-17.2937985434773	0.347577234228032	3.2569337718907564e-08	3.277136939336688e-08	1.741198716901681e-08	5.463437534514973e-08
YOR246C	-14.497949706282222	17.5817016351552	0.20619492558308936	0.3342901392376547	2.834768272989323e-17	0.9999999890932806
YBR294W	-17.278535627811785	0.4428713785270166	3.449838574340836e-08	3.4539197500304645e-08	1.5112373340228164e-08	6.48333744336089e-08
YDL202W	-16.759339646546273	0.6638006254582027	6.544031728414814e-08	6.573418896111565e-08	1.7672287084152462e-08	1.5710536299105787e-07
YDR107C	-17.931481935193865	5.033119590365287	0.00032796988258537566	0.002480413010651955	1.3962280639009606e-11	0.002584884540129591
YER043C	-9.702216275320959	3.0512718986644454	0.003133009229287011	0.005043845946406842	2.390007318196335e-06	0.015359350033340264
YGR287C	-15.946915491361276	0.3024940773792984	1.2419926808386744e-07	1.2346145467631822e-07	7.183716106354211e-08	1.9367810855151476e-07
YLL005C	-18.405229168995852	1.0832914281004447	1.8255471830839952e-08	1.8243384274333494e-08	1.7092603408161361e-09	6.023653769266811e-08
YOR391C	-17.318409779335475	16.263756644360218	0.14798036376385673	0.19875851844739184	4.250677657108944e-19	0.9999927111456134
YIL114C	-17.221912312704212	0.5983822345385311	4.008669636574449e-08	3.951232225245967e-08	1.2368104810029336e-08	8.822813677378426e-08
YCR104W	-15.396422988554102	17.15351158411284	0.19259945501406225	0.21990181003316636	3.340974077684504e-19	0.9999992952798523
YML066C	-17.354427028440973	3.90864014646797	3.808211145044534e-05	3.124734797372735e-06	4.685322378532849e-11	1.1915644556495176e-05
YJR055W	-17.79843516562773	0.5909864108627241	2.2188346812645293e-08	2.2185396667308474e-08	7.047542683394933e-09	4.920703558846722e-08
YAL063C	-18.05066731909114	0.35637808602757987	1.5471166656941433e-08	1.5420878849545684e-08	8.051021268310653e-09	2.600418609499119e-08
YLR234W	-15.959237745258129	0.1731710386274407	1.1911845596911638e-07	1.1898922476848107e-07	8.816127372433552e-08	1.558059067126383e-07
YCL055W	-14.010779393714026	8.647720823491408	0.058549780408040555	2.2524146855233784e-05	1.550223338721311e-13	5.152994130418998e-05
YJL212C	-13.845055746533896	0.5680243705565153	1.1472107577330888e-06	1.1637539735570806e-06	3.855754681555087e-07	2.532921318867642e-06
YBR173C	-14.169623679125786	1.6926661053201044	2.8951614075608494e-06	1.638064535891359e-06	4.040059520470183e-08	6.645670762776417e-06
YML094W	-13.263570747666515	6.181782121084646	0.018385415995037614	0.027143529879523124	1.357548622369406e-10	0.10113202718932673
YLR441C	-10.344014780996938	13.223303403983737	0.21515913506221288	0.30145268103921524	3.545041360540702e-13	0.9999984475492174
YNL074C	-17.615833438577233	1.3053076600416285	5.400900385980245e-08	5.126689637050255e-08	2.6014532620136814e-09	1.8749083370874616e-07
YBL031W	-17.778718328369855	0.3535057903692228	2.020745384574638e-08	2.022422690140189e-08	1.0617221554151499e-08	3.3970288781873705e-08
YKR023W	-18.386067066422534	0.31379942802907584	1.0859983282437376e-08	1.0873944034305895e-08	6.178094225939611e-09	1.733773850255709e-08
YIL057C	-15.690056428656087	2.158928898663333	1.6432705768760925e-06	2.089739230923697e-06	4.524400439042237e-09	7.075468145099365e-06
YDR421W	-18.58168851647583	0.2675604625845002	8.818851378862184e-09	8.819951223210891e-09	5.479543057589699e-09	1.3213996771819488e-08
YNL314W	-16.77682619389902	2.5660265684730605	1.2168437346916248e-06	2.382559571418156e-06	7.884955771480002e-10	5.7923240461231906e-06
YKR079C	-18.29137413294388	0.208870521532349	1.1654054307495825e-08	1.1631068322379147e-08	8.068542650219904e-09	1.604090550828917e-08
YGL187C	-11.504421690414299	22.825198687153243	0.3059628280449104	0.3861836177241766	1.2395496036594637e-20	0.9999999999995761
YOR087W	-15.52652817300345	1.618687284675868	6.500492233202725e-07	6.258561793929855e-07	1.2702832665328757e-08	2.623773814663861e-06
YJL051W	-18.682983368337723	0.19011745567302316	7.817720673329895e-09	7.833163344775438e-09	5.6268287043099705e-09	1.0514073620167953e-08
YNL264C	-16.072464478312163	0.5494499251083571	1.2223360226976442e-07	1.2146548515691335e-07	4.2318201175166887e-08	2.5752321961159614e-07
YMR229C	-15.199637959035451	0.13288956337622992	2.5297308618797497e-07	2.524854766628858e-07	2.0109012602014468e-07	3.112939580092215e-07
YER049W	-15.505155207524647	1.8400105893398562	1.0301559521322227e-06	7.12059640663485e-07	8.790685190802671e-09	3.098761600736885e-06
YKL150W	-12.598421110779734	1.5597085168498295	1.3237540899512755e-05	8.242339995630743e-06	2.628696401050108e-07	3.113415242101748e-05
YAL021C	-12.006152963113843	0.5912662409481754	7.203096733851608e-06	6.0731049921280085e-06	2.1445850190331357e-06	1.2474245660304888e-05
YEL073C	-17.369977431831053	0.5706638344574461	3.357396533340803e-08	3.3648221602775e-08	1.1174713397335238e-08	7.304655120916052e-08
YGL039W	-17.462998013162128	0.2745955218351527	2.7142003148489584e-08	2.705040498023641e-08	1.657886226009468e-08	4.091628992368153e-08
YPR018W	-18.33484078381384	0.42488411537230103	1.1931293757657148e-08	1.1923918188469392e-08	5.4131213198913404e-09	2.1903894094472623e-08
YFL054C	-18.750496659421465	0.2524010793813682	7.424882585616884e-09	7.422922754057079e-09	4.745394060875201e-09	1.088685500868057e-08
YIL079C	-17.116560758870897	0.9227983165160768	5.649394603089421e-08	5.609921114384454e-08	8.050879595912871e-09	1.6688288089900357e-07
YLR226W	-15.320055022101721	3.3791924830836413	5.78996465782772e-05	1.918578971627288e-06	7.357655105805105e-10	9.888121947819633e-06
YNL083W	-17.415745765895686	2.8254562194509107	1.9594528545127716e-06	2.354341811770902e-07	2.4023022231824253e-10	1.1540787323821557e-06
YDR512C	-16.87565597763109	0.7852148092583406	6.370458769381327e-08	6.333691620892185e-08	1.2835181498648207e-08	1.6888338024713342e-07
YMR309C	-12.224473251809238	1.4314979257424199	1.356354909214143e-05	6.696122836716178e-06	4.491598597655716e-07	2.1410645433831293e-05
YGL094C	-15.380167291667883	0.25097478752555713	2.1528228604406897e-07	2.15672752101961e-07	1.3830350645849412e-07	3.1568284203083895e-07
YKL223W	-17.47279533335763	1.2969287578357647	6.159415232554235e-08	5.994952035138342e-08	3.0558834713316966e-09	2.1786422481140911e-07
YIL166C	-16.294634830549462	1.5185950628552969	2.6255905475637835e-07	2.7225768670581016e-07	6.927202325030335e-09	1.0517964161305925e-06
YER113C	-15.259232814882987	3.383425838059927	5.029713298916681e-05	4.2025263137602765e-06	9.33235011003314e-10	2.1575343009411733e-05
YOR021C	-14.789029212778539	0.7374222376469248	4.962184352748862e-07	4.790290259988883e-07	1.1072428481376283e-07	1.2134818410016902e-06
YGR094W	-11.534181616691919	0.018808174531079747	9.792839584394953e-06	9.791835325938723e-06	9.491919542022924e-06	1.0097498492473308e-05
YBL095W	-16.94674991559527	0.9347653960896791	6.72880549624883e-08	6.731282671561832e-08	9.368605402192496e-09	2.0198400510138276e-07
YOR354C	-18.686397946782513	0.46369585954729026	8.565983364346128e-09	8.535690483030347e-09	3.5728466996854074e-09	1.642638875794518e-08
YLR443W	-17.81750368120715	0.3706469895965506	1.9598087262799244e-08	1.958125113339984e-08	9.934971498495408e-09	3.363150447028335e-08
YNR036C	-12.888590316085308	3.5346371859042254	0.0007237103281671051	0.0009637917561011067	1.0350739818869245e-08	0.0014225410106500685
YDL240C-A	-17.603998059982537	0.22094437388022886	2.318642650606835e-08	2.3189141534782052e-08	1.5733970649817188e-08	3.253641256537411e-08
YDR353W	-10.629129951267666	1.3731271495338018	6.015047425883661e-05	8.067823764957244e-05	3.821753425504363e-06	0.00028973102896225343
YDR222W	-16.945572614819817	4.884763867166037	0.00042675325418788345	1.483788720122938e-06	1.1110347123536075e-11	7.969764329734083e-06
YNL269W	-17.52875968999519	0.3684974853904845	2.6051203275640325e-08	2.610873299443522e-08	1.3299829268772992e-08	4.470483797217556e-08
YLR181C	-18.290118512236354	0.14062915554591998	1.1493553057474182e-08	1.1507620500771033e-08	9.039395642650194e-09	1.4357209916584511e-08
YIL159W	-18.3730499196326	0.3071866238649942	1.1037436612526147e-08	1.0995350444543121e-08	6.32438801363195e-09	1.7383595774864753e-08
YPR047W	-16.684495800634018	2.2463244673069456	7.379130670473616e-07	2.5030586761502725e-07	1.31226738180168e-09	1.1581004744596848e-06
YLL034C	-11.7292558724484	0.1715742909723985	8.164862272646807e-06	8.243908165102852e-06	6.1259011881599145e-06	1.076649911534729e-05
YHR165C	-12.167862954383006	1.2784950196588123	1.218506999742513e-05	5.427575798861158e-06	6.200620685248964e-07	1.4626077456172012e-05
YNL075W	-10.704892821807286	1.88179725738526	0.00013458546486730622	0.00017739586214258706	1.7144135945271832e-06	0.0006654989187400051
YBL007C	-17.253549026289825	0.35824188970715926	3.4246550935821155e-08	3.424731349565483e-08	1.7811572006441497e-08	5.788386630306668e-08
YLL062C	-17.316274444216965	0.4015566531772358	3.253370676303053e-08	3.268083564006395e-08	1.5577107748313486e-08	5.8337940514199705e-08
YLR224W	-16.920008435111363	0.341719805242907	4.741431719436496e-08	4.755121010861477e-08	2.5562857752525762e-08	7.867884160238517e-08
YML088W	-17.75951911787792	0.26691346400179927	2.012879725798137e-08	2.0075790575552657e-08	1.248694295378513e-08	3.004841340027022e-08
YKR046C	-12.950330009000888	4.59718402010399	0.004234822832543776	1.85727142393096e-05	7.597393590258653e-10	6.045270469301781e-05
YJL162C	-18.33403767900831	0.4749087833684856	1.2309382311896878e-08	1.2195293414617478e-08	4.989122962057771e-09	2.3781699629088754e-08
YIL063C	-17.560125134413234	0.20034948880673295	2.410672508158937e-08	2.4124662146963066e-08	1.7006113372484826e-08	3.287486768264181e-08
YDR108W	-17.53521753599575	0.31582726942275846	2.5492054886014318e-08	2.548511979639994e-08	1.441866634814863e-08	4.075477070733152e-08
YHR162W	-14.838632515210472	2.628767943624459	1.0623703715744229e-05	1.5496554346659856e-05	5.092182749849255e-09	4.064543262842575e-05
YHR215W	-15.283542375466775	21.053553479025002	0.22988461283678407	0.29884541107957585	2.0735296174472643e-21	0.999999999638489
YJR156C	-14.758846558704088	11.37387159283606	0.09881717981870682	0.17535893668783015	7.719367300765041e-14	0.9989739074796822
YOR355W	-16.26600981409951	13.288111027616807	0.11290592793156394	0.2506604245698255	2.446456825212402e-14	0.999968849821788
YMR061W	-14.777013484382175	0.40967445192323776	4.183426347215481e-07	4.167863392546067e-07	1.9512947610918745e-07	7.520281131523902e-07
YOR099W	-15.653876986755629	2.104264164131145	1.4928829616263358e-06	2.908234732600091e-06	5.376440348853359e-09	1.0775837263660471e-05
YCR101C	-17.765737560804105	0.3108600715938628	2.032239748436453e-08	2.0191244790827266e-08	1.1538359088643953e-08	3.2068914762819906e-08
YJR148W	-14.822214820452198	0.44697018659551174	4.028077466892536e-07	4.0284082882033305e-07	1.749272732302188e-07	7.595485364306915e-07
YBR105C	-17.502368342328687	0.17753331019938548	2.5501117430396904e-08	2.5446425883284864e-08	1.870100754829498e-08	3.3537002167667636e-08
YBL013W	-18.141399416716872	0.4509972056696461	1.4535673137008779e-08	1.4638465905775486e-08	6.296488031276116e-09	2.776401572311165e-08
YNL035C	-16.802355374668828	1.7498709040089242	2.198168253696645e-07	1.9180584346369165e-07	2.7966844253778735e-09	7.955088865354271e-07
YDL179W	-17.619327451299746	1.2764588943130497	4.998768594537634e-08	4.993697498787186e-08	2.7241767765236346e-09	1.8045791876785276e-07
YPL203W	-11.444422289548081	0.7487014083007366	1.4040573566458093e-05	1.373125643287851e-05	3.2434484286856063e-06	3.378364525967901e-05
YNL297C	-17.65013976374116	0.5175466620550379	2.4784372938269008e-08	2.4716576030585542e-08	9.231378036615755e-09	5.062633558048632e-08
YDR346C	-13.537465696798742	0.608062162052331	1.5837033994050028e-06	1.5993824627334581e-06	4.880529810467612e-07	3.615003745386808e-06
YMR133W	-17.566783723997055	2.281052652166171	3.27706519193941e-07	1.7246299803943703e-07	5.372354320122165e-10	7.529720778833581e-07
YLR182W	-17.56052116353471	0.7298936496787836	3.053343785335406e-08	3.0837622527602145e-08	7.105915312384391e-09	7.843151222553515e-08
YMR274C	-17.63349365628614	1.0342225933705484	3.7406380305754786e-08	3.7447666718391636e-08	4.002254420566657e-09	1.200275938226698e-07
YDL128W	-13.571534001087409	1.5992649675915023	4.553485550369355e-06	8.17944486077691e-06	1.0940045670043443e-07	3.394301159737156e-05
YMR104C	-17.381758710828713	2.274841035872536	3.78214456233123e-07	3.003920428036822e-07	6.699678092617683e-10	1.1965273654484114e-06
YPR019W	-12.115675502770452	0.08357275148714764	5.494017268607691e-06	5.496962164149705e-06	4.77451395884828e-06	6.283779491679112e-06
YPL270W	-16.838098022658365	0.5544006399379032	5.691591007695638e-08	5.6698725001776935e-08	1.953702328612192e-08	1.2094825425861742e-07
YDR192C	-18.018373181698685	0.15135427859175254	1.5165124104072272e-08	1.512552092339543e-08	1.1657155866598943e-08	1.9175297453026466e-08
YGL103W	-12.213638765265339	6.763779442147343	0.04328497410568452	0.05208104229216612	1.6273398657379803e-10	0.42619973354750956
YLR065C	-15.749564185295592	2.252179132995018	2.066701479775354e-06	2.556610978485208e-06	3.6743695154774433e-09	8.303375297105115e-06
YNL261W	-17.07071479792007	1.7426591323452778	1.7196689463330447e-07	1.4477502630307232e-07	2.164081381846498e-09	5.997226923495129e-07
YPR025C	-17.629604646434878	0.364374136287125	2.3528277472514533e-08	2.3567273317618277e-08	1.210593228401367e-08	4.0143503078043964e-08
YPL173W	-14.887760595848656	1.6044012641030645	1.2154293817600511e-06	1.0269918408468433e-06	2.4068845996588816e-08	4.1823030488474164e-06
YAR064W	-17.415766770479372	0.613889366938251	3.33032773662257e-08	3.298546640382188e-08	9.950997955285091e-09	7.498778284299114e-08
YHR098C	-11.254260586888401	6.131992637108573	0.041363482148084885	0.08724722738139812	4.622647336794651e-06	0.7389248093775026
YHR120W	-18.01120069965777	0.1524527339202801	1.5256000385427547e-08	1.5236963069957286e-08	1.1719871159634845e-08	1.9348221514509312e-08
YPL036W	-11.416359996765957	0.5321727092397408	1.2649410784743037e-05	1.2628807542764173e-05	4.887866994931907e-06	2.4774436266327575e-05
YEL027W	-13.68440109711896	22.183042628610988	0.2724762214244963	0.34534113204133415	2.9750908369559708e-21	0.9999999999906641
YJL012C	-9.4206309376686	1.6516358078651558	0.00033532118962593775	0.0004365500949828348	1.574113420211495e-05	0.0016287416902167676
YDR322C-A	-16.14302630302786	0.8806620215426944	1.4305708978294168e-07	1.4408351571705166e-07	2.2910189139638753e-08	4.164287075502445e-07
YPR140W	-15.306892866742553	1.1107758860962786	4.193407852437005e-07	4.154332064074961e-07	3.620459476034402e-08	1.3940990369089883e-06
YOR112W	-18.751165196729694	0.47540392248537805	8.090007832589451e-09	8.040066141316963e-09	3.2848380163265305e-09	1.5683383150501024e-08
YJL038C	-17.30002934415183	0.548921122397289	3.5749714579011494e-08	3.559532291419865e-08	1.2421171069208264e-08	7.54565572613651e-08
YIL149C	-18.105210372153074	0.19183870064057973	1.391353655367641e-08	1.3960054282843255e-08	9.995956193701617e-09	1.8784073421648738e-08
YMR218C	-18.52102623393234	0.4728258370616786	1.0182839139851197e-08	1.0117530717841408e-08	4.155604411893502e-09	1.9688235966181773e-08
YDR462W	-16.487909345415524	1.7969921369119564	3.5671225066880396e-07	3.249326311004191e-07	3.5840474963724477e-09	1.2939621037300436e-06
YHR093W	-17.394036429811372	1.3804175332067954	7.386099516420721e-08	7.234808304657804e-08	2.882020388129525e-09	2.698208123653685e-07
YNL307C	-11.623017127422779	0.8271524015029789	1.2643474107599416e-05	1.2189049142872373e-05	2.390642103163916e-06	3.1957861292231274e-05
YHL013C	-17.117676218266702	0.1703984252720059	3.7358660505694626e-08	3.7339335858611516e-08	2.7799486972784775e-08	4.869694343899614e-08
YPR159W	-11.257989571656205	0.38233794070031846	1.3895242635786051e-05	1.3824132343341506e-05	7.011470811010937e-06	2.3587904442891172e-05
YEL068C	-17.80424925416532	0.21143808846530474	1.8957254881685307e-08	1.893931440437144e-08	1.3077197781730034e-08	2.6219053269896317e-08
YHR146W	-17.95305053089846	0.3198130146867214	1.6804979055932607e-08	1.6801705231420792e-08	9.432245977679809e-09	2.701240847815092e-08
YOR214C	-17.284607636270216	0.3452447503029803	3.303452856498117e-08	3.305501634586556e-08	1.764037624365594e-08	5.492788020336182e-08
YFL017W-A	-13.119266903894593	3.27176470885586	0.00045850284432345074	0.00037218841978300623	1.0461590111996481e-08	0.0005664456796050251
YHR160C	-17.91213907623837	0.48010640304725916	1.8701792011518928e-08	1.8629991009825244e-08	7.537060647766664e-09	3.6546300752943844e-08
YOL146W	-15.371223947958194	2.4433779583046076	3.471681888906693e-06	1.984357080561966e-06	3.7181376599659537e-09	8.557897939218895e-06
YNL172W	-17.99145792985741	0.4074223897342032	1.669332711023841e-08	1.6692025862170733e-08	7.858631902294208e-09	3.0004617972670826e-08
YIR040C	-17.4706439237279	1.248741366710673	5.685682126187991e-08	5.656710162256891e-08	3.315096377661788e-09	2.0209848146729822e-07
YIR035C	-15.712484554832324	20.939902863541903	0.22619731033127574	0.3434193446222534	1.6230486958421005e-20	0.9999999998687314
YNL306W	-16.978974023518226	1.1793939706915515	8.374189504103835e-08	8.281971178499995e-08	6.040996253923708e-09	2.8709664104831933e-07
YDR489W	-14.884048984699755	1.1602412288824744	6.622937283041655e-07	6.215815591010522e-07	5.018963846137137e-08	2.1228429679827005e-06
YOR360C	-16.04340711025811	0.8738036977458498	1.5831866776057427e-07	1.5692400907745723e-07	2.552571026790878e-08	4.498188661630258e-07
YBR230C	-13.89373492041427	1.2572342441099467	2.082337006801574e-06	1.871127495990056e-06	1.1550969316325294e-07	6.694969980333004e-06
YHR155W	-17.944785354361507	0.3109079383889382	1.696072808657378e-08	1.6887169531563985e-08	9.64606876200911e-09	2.6827177878804613e-08
YNL237W	-17.36521386005274	1.7357187423534586	1.3689281102798312e-07	1.0317432773310351e-07	1.6216015535081008e-09	4.273961366188898e-07
YLR204W	-16.40721006574399	1.9547226985061064	5.290906861208993e-07	3.642198162563555e-07	2.950100135988202e-09	1.5514719151888707e-06
YER027C	-15.208573662989645	0.6810472022498406	3.143983145382361e-07	3.1527265994496743e-07	8.117223000659076e-08	7.679373468080662e-07
YHR003C	-17.887908360885326	0.3715488198222879	1.8216251252598708e-08	1.8248202647590732e-08	9.240336585107616e-09	3.1372996047874975e-08
YCR097W-A	-17.325265947490102	1.5760658841326192	1.0327710801409477e-07	1.0492813152803498e-07	2.237652809883714e-09	4.026782206462113e-07
YGR179C	-17.979370015288573	0.29056967814428886	1.615007204403087e-08	1.6215477532525018e-08	9.635498603753663e-09	2.5063375644886428e-08
YLR191W	-17.367267611168195	0.7746389714389109	3.858970665685372e-08	3.860953833785097e-08	8.008512719520446e-09	1.0215927247537412e-07
YJL059W	-16.795332656071828	0.750011305584247	6.822499645915033e-08	6.68477964067385e-08	1.4740381703769706e-08	1.7278946237512673e-07
YKL039W	-14.44791926945704	0.6551467980985234	6.617795124476457e-07	6.375152959832568e-07	1.7821245580492418e-07	1.493694751824041e-06
YJL213W	-16.083100188517115	0.39954826364894375	1.1215043636525599e-07	1.1206220517656024e-07	5.363938244086379e-08	1.995629000034924e-07
YOR145C	-14.45601706159591	1.5364739321289644	1.7439811938119794e-06	1.2992224220330688e-06	4.096667865914302e-08	5.173407591389186e-06
YPR122W	-18.566484451462152	0.285883232743611	9.029300357795375e-09	9.004126852525148e-09	5.400619191504682e-09	1.3826564156688713e-08
YOR160W	-17.73997590079029	0.14545426544074244	2.00184833281479e-08	1.996296791298682e-08	1.5549411901946207e-08	2.5092199314993783e-08
YDL031W	-12.862039199383569	0.12144507431608427	2.613021517444015e-06	2.6168411476880592e-06	2.126905388244985e-06	3.171525429941814e-06
YDL157C	-15.263950310058997	4.345891395536345	0.0008854492651478261	0.0008940854934929333	2.1966129585108277e-10	0.0005626510094696533
YOR201C	-16.758513994974187	2.2114049906234716	6.110300228513897e-07	1.129513896485341e-06	1.4368527941373633e-09	3.229693623202467e-06
YNL156C	-15.49642320325888	7.575306034109406	0.0240503623598178	0.04272732672946245	2.9435191298736244e-12	0.2812520875649133
YDR529C	-12.572597098821413	9.281994146048772	0.09165771983512996	0.11347589655617112	2.0054859903295666e-12	0.9738350099019474
YIL121W	-17.324062851149343	1.61746818549926	1.1057451442172467e-07	1.0166777504496892e-07	2.076659557321135e-09	4.0566510437682593e-07
YJL028W	-17.254781934077023	1.854734674868242	1.927227317630468e-07	1.4231881129954698e-07	1.4958159584323822e-09	5.916610246645945e-07
YHR143W	-18.210175164892412	0.2280300724606524	1.2676228346558331e-08	1.2666681123041731e-08	8.479270376963618e-09	1.7954255154751254e-08
YKR016W	-17.225381981935193	0.3804321452265237	3.554483136153224e-08	3.553537746774323e-08	1.7673855639989293e-08	6.178626962526173e-08
YCL076W	-17.335368409630014	1.1105203834273591	5.543543534119555e-08	5.4855640166577436e-08	4.764205655540194e-09	1.83949975192003e-07
YGL078C	-12.361484025565867	3.8877660246081716	0.002023182730656983	0.004739857950833455	4.7951270251900005e-08	0.010287232518420581
YIL028W	-17.684468649088508	0.4315016570057922	2.292609708538587e-08	2.2819338529997153e-08	1.0239270582447777e-08	4.222777914177638e-08
YCR011C	-12.366106070062367	0.17960358717222252	4.337671812073415e-06	4.419076952390884e-06	3.2277270619369928e-06	5.856454109062271e-06
YGR009C	-18.485116177901496	0.33286948619525436	9.91431632422788e-09	9.91008267395329e-09	5.422685469810741e-09	1.620266095356323e-08
YLR139C	-17.910128757438493	0.24226125734168816	1.7205276627396576e-08	1.7152973489061874e-08	1.1181249732567141e-08	2.4800725538921437e-08
YMR041C	-17.686083019355415	0.4434778965496734	2.294175413831094e-08	2.299392653217677e-08	1.0043923021766402e-08	4.32059636670783e-08
YPL148C	-17.826306521071224	0.631197291186976	2.2066684015034613e-08	2.2092833245608778e-08	6.408672547041875e-09	5.1071998156223006e-08
YLR275W	-11.211298325616506	4.526408555346791	0.011925756533832635	0.012881776057357025	1.210382877758503e-08	0.03219037027688948
YMR193W	-16.750518199748463	0.881835814212864	7.959904164665072e-08	7.791988525992268e-08	1.2420357519480394e-08	2.247232281918621e-07
YPL231W	-12.632916771385633	0.03098329380349523	3.2659886959214604e-06	3.264350581658192e-06	3.1005350380594855e-06	3.433249515763772e-06
YDL069C	-17.677853140547946	0.7152567680338373	2.717256942105733e-08	2.7087719281741817e-08	6.4733657077691155e-09	6.793497800292468e-08
YDR025W	-11.790120214508486	13.28738215996894	0.1895025047039644	0.24084901450431306	1.550515969406909e-14	0.9999904167800249
YIL158W	-17.14328256229505	0.3298182078614254	3.779527973245998e-08	3.788322204999231e-08	2.085187790520251e-08	6.17147187009213e-08
YLL049W	-17.626721096567913	1.2349998181728468	4.6912714446168106e-08	4.5598029230583096e-08	2.8780388121176605e-09	1.6183467487114115e-07
YPR137W	-12.676702804857038	3.0337655694726195	0.0002730439894313384	1.4362934947407276e-06	8.696289708561009e-09	6.132353213804135e-06
YOR374W	-12.796530401542393	0.41514472299196215	3.0267923499453113e-06	3.0355394132029734e-06	1.4069085832329291e-06	5.5024556482445286e-06
YDL182W	-10.94374698795668	10.767513709050464	0.15826204106633104	4.0217103841116944e-05	3.2158839333237975e-14	8.047130388988715e-05
YFR028C	-12.51147246909836	0.31895409943874375	3.870072696642305e-06	3.846510867678398e-06	2.171210242022152e-06	6.153133231129329e-06
YKL127W	-15.185838380978518	1.471701070674695	7.512860500183086e-07	6.043941401582492e-07	2.2042708152968625e-08	2.3682925267147823e-06
YJR075W	-15.719076270667708	5.796020087610251	0.004851684561691456	1.3889021959232569e-05	8.47024158699636e-12	4.389039170564066e-05
YPL134C	-15.050805435625941	1.8626582662366098	1.606756927514181e-06	9.35412788321232e-07	1.3023116275054335e-08	4.101819099567805e-06
YOL052C-A	-14.90718069625377	5.084846041606781	0.0029919780020284804	0.0034305460899364914	8.836692261697141e-11	0.0020730813751314316
YNL242W	-18.254792694607154	0.424906962801412	1.2780752741788082e-08	1.2904502050334239e-08	5.860040003560924e-09	2.369798987982112e-08
YOR148C	-17.85099666413675	0.33952240779227566	1.8841437503534207e-08	1.8720225957175137e-08	1.010695262720019e-08	3.088368831608501e-08
YDL060W	-14.813648332878936	0.13259391993550101	3.715663374953716e-07	3.719806164302793e-07	2.9640213260372383e-07	4.585886767426171e-07
YPL026C	-13.78733030899543	0.4115971982928368	1.1224274429502516e-06	1.1371945405391223e-06	5.278180081701795e-07	2.0647302816073497e-06
YDL106C	-16.52496158579465	4.400918050035878	0.00025498762526619736	0.0012136466905319726	1.176958485728851e-10	0.0013550787756497187
YBR061C	-13.380595935771405	5.142799686630773	0.008020130921965582	0.012704858654723294	1.0187646221268228e-09	0.02735107303239876
YPR097W	-17.71774220995662	0.9354471248074305	3.147717360826967e-08	3.1148337380290834e-08	4.328622876116492e-09	9.353291268924596e-08
YDL133W	-16.94440830079197	0.43153338172526595	4.816553602130223e-08	4.802750586830079e-08	2.1505525459144243e-08	8.894551726467327e-08
YGR125W	-12.746962482656224	0.32620265204330146	3.0845560411103093e-06	3.160925767102183e-06	1.741804275021679e-06	5.1449683999026476e-06
YMR170C	-16.176756569992854	14.456864949324688	0.1311197552922809	0.28596020145086504	6.940534427375838e-15	0.9999965527555538
YDL130W-A	-16.701929479947417	1.4116716993369982	1.5069409351964776e-07	1.4882520595506336e-07	5.4571551811508504e-09	5.611185589820089e-07
YHR157W	-17.72045420692752	0.30823448368766504	2.1096296699100447e-08	2.1122001143211135e-08	1.213115377172624e-08	3.3426638913239394e-08
YCR071C	-16.893966766533545	0.3113017853120899	4.834380757508477e-08	4.832084172306517e-08	2.7583524561536705e-08	7.681342104830672e-08
YJL006C	-14.779640794346912	1.5392296844955293	1.2566461011125269e-06	1.258333884178916e-06	3.069076816139031e-08	5.063354390320744e-06
YKL162C-A	-17.083239546854152	0.6959189708593484	4.829701338790666e-08	4.8459174234829475e-08	1.2111442862083267e-08	1.1940976800850727e-07
YMR227C	-17.438764134386425	1.13470926960216	5.021314193494199e-08	5.105099825597674e-08	4.1286283622960265e-09	1.732419936687251e-07
YLR203C	-12.134136636422179	7.387310113651658	0.057890359158803494	0.09960445148607999	8.53575979274053e-10	0.8811780733353185
YOR030W	-18.468690842616475	0.40075748523136484	1.0334542870834617e-08	1.03250653442829e-08	4.926860049790128e-09	1.8414999720201826e-08
YDR460W	-13.748456817870599	2.7803575587459965	3.60611377088488e-05	1.9344144589444546e-06	7.905377822649681e-09	8.88866563836639e-06
YFR014C	-17.201285799114835	0.5331979118517526	3.8997608763522245e-08	3.899969573867983e-08	1.406986374789173e-08	8.130588410286075e-08
YPL157W	-17.46733578058133	0.7580504340911194	3.480428669309078e-08	3.4394167806228816e-08	7.4375239745832716e-09	8.962353970260456e-08
YBR186W	-18.209366402698784	0.2504507337348981	1.2653098799552074e-08	1.2741167784132802e-08	8.178560030400946e-09	1.8635725386787925e-08
YOR299W	-18.271343054330778	0.2632945076249539	1.2029924302710287e-08	1.2019345258904047e-08	7.52620811500095e-09	1.7896614636879223e-08
YKL175W	-17.4173832106107	0.5598559347602793	3.194535786614982e-08	3.188727399361101e-08	1.0848682245665887e-08	6.84381100965152e-08
YDL233W	-17.731089551926694	0.5692574513821465	2.358894093975541e-08	2.344927596784043e-08	7.812835673471407e-09	5.083497139620397e-08
YML068W	-17.890920288708863	0.3334346365273798	1.7900325855066955e-08	1.7951453675003645e-08	9.809230701551928e-09	2.9379586870541767e-08
YDR358W	-18.53259485043686	0.3796093062025441	9.700006329430576e-09	9.609488837051032e-09	4.788547600399383e-09	1.6684954169919225e-08
YLR321C	-14.17890533903205	2.597715234933151	2.1322795617347687e-05	1.3040823520476232e-06	7.184489266039516e-09	5.963420359712026e-06
YMR186W	-9.316129776875593	0.7026139663606837	0.00011447587853839117	8.576545801442424e-05	2.4829648247986475e-05	0.00020117489323516897
YBR121C	-9.803835982021107	0.3028488172061078	5.790017846816673e-05	4.628035772213945e-05	2.7987096741208514e-05	7.06532462802255e-05
YJL026W	-11.764329512851825	9.952921132229783	0.11626261724472334	0.20430819579742635	4.589857981522038e-11	0.9990413578041787
YAL046C	-16.730773604701376	2.3517090238398235	7.594435161622308e-07	4.228111408761662e-07	1.0984603252182066e-09	1.8697828450712492e-06
YGR058W	-16.470155376352473	2.8072900675217176	2.9934449363816857e-06	8.379830929764603e-06	7.630378418671629e-10	2.010373757442039e-05
YDR268W	-17.4120739904401	2.0988465631428106	2.5656289174572195e-07	2.5911864529044126e-07	8.711180792385399e-10	9.260134944303408e-07
YBR069C	-17.914221312960713	7.635836483586303	0.011705592126245976	9.389146933642816e-07	2.6953303569757206e-14	5.175869669492927e-06
YNL086W	-17.002536693435964	0.8172189484007991	5.7181559080407584e-08	5.762572523724428e-08	1.0752360326486502e-08	1.5817744305700576e-07
YDR387C	-17.73370295739091	1.8916783275790332	1.1078533076261063e-07	1.5487350204939243e-07	8.930614880834418e-10	4.978394513065184e-07
YKL102C	-17.632524247856914	0.22292370727453487	2.2561039329465682e-08	2.254182406615974e-08	1.523633866576679e-08	3.172441036606274e-08
YDR329C	-16.940805447601583	0.20159800879072687	4.4860122090550944e-08	4.482057334193738e-08	3.151665706363917e-08	6.117626613877433e-08
YLR189C	-17.84686374145617	0.25041466633018317	1.8240465122615678e-08	1.8318629950645125e-08	1.1757353189627566e-08	2.679794764558414e-08
YHR083W	-17.976098594918717	1.08940725983154	2.903959022107761e-08	2.8074772398315495e-08	2.5944842490247375e-09	9.296569088814527e-08
YPL245W	-15.452969560786139	0.9744686028233613	3.129182909507227e-07	2.8943695854628416e-07	3.8301907670591664e-08	8.784368357005322e-07
YGR044C	-18.081986670608735	0.3660848718819701	1.493098479968545e-08	1.5000978797677955e-08	7.679056955374219e-09	2.5607619996007346e-08
YKL051W	-16.060646670791307	2.639634334641404	3.2722428602900756e-06	9.841229361134118e-07	1.326441595843607e-09	4.761375277454516e-06
YBR228W	-17.515056310651694	0.900233872288098	3.768249754371448e-08	3.693200500046305e-08	5.617665825075589e-09	1.08126312466164e-07
YER107C	-12.098467825418036	3.454155870118237	0.0012038240354063816	0.0020660059911757457	5.761608642698157e-08	0.004281148249379593
YKL224C	-13.752260063186393	62.98594782371283	0.41854549559669413	0.49916503518140376	8.304045756609699e-49	1.0
YFR032C	-17.492657692903727	1.1712245113543822	4.9717579996990175e-08	5.00212988135023e-08	3.6770516727444616e-09	1.7270902982655594e-07
YCR089W	-18.585936193231596	0.2842299248144412	8.844538140326528e-09	8.820603908644171e-09	5.306178395084137e-09	1.351727015511186e-08
YJR093C	-17.711282966040876	0.4194905016216718	2.2206305518872993e-08	2.2187672622693632e-08	1.0188550879100117e-08	4.0502291803044254e-08
YBR056W	-18.099982045438942	0.982823378432611	2.2425179554510153e-08	2.2267123867761077e-08	2.7319115081057715e-09	6.9080691420466e-08
YLR406C	-11.649082022145146	31.87827629874854	0.3596407964721569	0.4226224954669819	3.135232568864426e-27	1.0
YFL052W	-17.808422611554256	0.23722906889064185	1.8997467108369906e-08	1.897377931031461e-08	1.2486022480010251e-08	2.725062874332025e-08
YPR015C	-15.223060314868187	1.2948954129579255	5.673651421715569e-07	5.703697232271887e-07	2.91431691794183e-08	2.0853513992531984e-06
YBR285W	-17.086179809329174	0.45628189512788525	4.2524668379844036e-08	4.213401577054613e-08	1.7917687756869263e-08	8.03926971858734e-08
YJL094C	-17.00696845326906	0.5782347349713414	4.884831207583838e-08	4.7983509374240934e-08	1.5763854248570995e-08	1.0467057766821091e-07
YLL051C	-18.1113826187729	0.49587213897775223	1.5652302996114436e-08	1.5401088310475445e-08	6.021868986343406e-09	3.077743452043206e-08
YBR192W	-13.355347559286153	11.310062439323993	0.12261596372367663	0.21196831511933745	8.77864908717906e-13	0.9997045960141757
YPL248C	-18.790503652730827	0.3457195971798513	7.338527062550622e-09	7.331678737768177e-09	3.909902785097638e-09	1.2193529332243686e-08
YLR108C	-17.724027849494583	3.926836168083855	1.6246830700768196e-05	2.1652079141796583e-07	2.4285050889072528e-11	1.140896835130667e-06
YHL010C	-17.817067173186793	0.2980549233701287	1.9217040095041658e-08	1.911707960852911e-08	1.1199945202148784e-08	2.9844825218017904e-08
YPR058W	-14.632917014759139	6.4357673598383975	0.013681852000290647	2.0410007958706597e-06	4.064399639264085e-12	1.097520831454323e-05
YGR040W	-10.624071661027253	2.440659926972385	0.00040495441128570397	0.0006763152144539993	1.183672836964894e-06	0.002174232777855087
YJL164C	-12.501551259826508	0.48360501429368585	4.186609924427776e-06	3.7548718861754876e-06	1.58349176244358e-06	7.111127373987374e-06
YBR073W	-18.42280475602542	0.6330725380687361	1.2256269380398523e-08	1.2192877270043081e-08	3.522176874084292e-09	2.8242555030485143e-08
YOR312C	-11.08686319115163	22.830911403064018	0.3081824873766252	0.3972691709135951	2.4095634425579207e-20	0.9999999999997431
YJR107W	-16.532575655954993	0.9766216515214864	1.0755374094237255e-07	1.073668231802656e-07	1.3273173595713697e-08	3.3247820106341604e-07
YGL044C	-14.198303054400592	3.3948385511413006	0.00013454390648464775	8.688838072718796e-06	2.3228450848601788e-09	3.519877036087002e-05
YOR276W	-12.409954839554254	6.483451834915471	0.03284596612619549	0.043156191604953154	2.1832461713060272e-10	0.29024533817863907
YMR307W	-12.842946443740354	0.3192951787583249	2.776364638289877e-06	2.6831832471303333e-06	1.525463213164771e-06	4.270820538179823e-06
YOL028C	-17.51865430559787	0.24280570657412365	2.5374368102469276e-08	2.5381495983160396e-08	1.652403883899488e-08	3.6731317662877494e-08
YPL055C	-17.966741516248426	0.4785747540700421	1.7682360194866588e-08	1.7644737050444368e-08	7.1600720087462065e-09	3.454390670893128e-08
YLR329W	-17.786941664170577	0.4916399598499351	2.1309687363266044e-08	2.124776027995515e-08	8.388042525196182e-09	4.224478880523749e-08
YDR084C	-14.238233108147094	8.353127395990546	0.04738268218610949	7.223813253977878e-07	9.899736536406897e-14	4.0896606837861505e-06
YLR436C	-18.08669863704649	0.4016862885036173	1.5144375353888556e-08	1.5140744826495814e-08	7.212441417097465e-09	2.7022884844486335e-08
YDL235C	-12.239486384897598	9.479969018673717	0.10369234454647522	1.839299983614591e-05	8.780916169227187e-14	3.69178761768332e-05
YNR041C	-15.95925744680512	1.4734544432178027	3.5357064363755965e-07	3.6204437570146543e-07	1.0432684925699478e-08	1.383794645165922e-06
YNL223W	-17.734819277503398	0.44651806635252694	2.1923313979170703e-08	2.1927254746395378e-08	9.518389681523791e-09	4.135686311611931e-08
YNL006W	-10.771902163681213	18.43022072406489	0.2777065465772147	0.4113555106744674	5.862793745197586e-16	0.9999999998769822
YEL014C	-17.258462658494814	0.5459375680191366	3.676289732347338e-08	3.708872843733315e-08	1.301212560142468e-08	7.841203547150695e-08
YPR034W	-12.887384285940195	0.9914697011087842	4.1052247289083065e-06	4.604157188171943e-06	5.284749902149111e-07	1.4533349135413508e-05
YDR020C	-14.825765261420154	1.6814424781397304	1.5541122283078575e-06	1.9362166408745217e-06	2.3789765107683316e-08	7.676482134226627e-06
YGL053W	-17.674968228319763	0.7847966342100665	2.8626487240000602e-08	2.8651998132286138e-08	5.789692621972454e-09	7.645853226644781e-08
YBR006W	-15.368792870541208	3.1063751814178744	2.7422693637297688e-05	9.066942900352453e-05	1.997624731918996e-09	0.0002097331205539023
YFR052W	-13.233441609300778	7.392870227608948	0.04065274375773127	0.06554508793504475	4.9045037231315015e-11	0.6282197596654355
YIL055C	-18.58065854051251	0.575777513474594	1.002324950533516e-08	1.005936656113277e-08	3.305123121162493e-09	2.197138317775815e-08
YNR066C	-17.668417334782994	0.6215939346796524	2.5853406753200087e-08	2.5626134546755152e-08	7.609249840457156e-09	5.863785622768656e-08
YNL011C	-15.990100732066772	4.33822725788782	0.00046582999534518666	0.0011768439738827764	1.8876965092065443e-10	0.0012270739756046049
YBR162W-A	-15.958950658788078	0.8636014330615908	1.7335663895319793e-07	1.6876760593165992e-07	2.8207157337442365e-08	4.793693044788984e-07
YLR373C	-17.779773009556216	0.25706361366943203	1.957718544954375e-08	1.9612766969336613e-08	1.2431343117960522e-08	2.8948854367101323e-08
YKR060W	-16.930301494045985	0.5919850851207932	5.296713807392572e-08	5.28715539032104e-08	1.674705811363649e-08	1.1742635863262359e-07
YNL026W	-17.455726292880122	0.7755853008991846	3.579835947491207e-08	3.540194203152061e-08	7.319106020824669e-09	9.377212275506167e-08
YDR471W	-11.71980953495308	21.57643916462739	0.2893354242170919	7.653306446837824e-07	3.864219785099342e-24	3.429977536580773e-06
YDL007C-A	-16.906147890252164	1.8138286058058188	2.2767620329619178e-07	2.4528416830180347e-07	2.3012081904242346e-09	9.196746942443321e-07
YKR064W	-18.51371240690873	0.2754186499104273	9.471064293949447e-09	9.463793213331086e-09	5.792126663154232e-09	1.4327297054092345e-08
YHR067W	-17.943484912969275	0.392442781384898	1.7379655498505005e-08	1.7402607637752855e-08	8.44520227502483e-09	3.071365562362425e-08
YAL019W	-16.003675919951043	0.3119915297096571	1.1762481162264218e-07	1.1775239526108857e-07	6.711280499804483e-08	1.8731744027619668e-07
YEL029C	-16.03656620975466	8.545771247139367	0.0329075579312301	0.0628144456615899	4.836658490154149e-13	0.6215251964472288
YLR205C	-17.158230924313962	1.6825700810528912	1.4449351527245356e-07	1.3036623495458582e-07	2.2016117817840155e-09	5.261008363521383e-07
YIL038C	-17.383822913304307	0.5082825568833884	3.220201177035122e-08	3.209876552419772e-08	1.2223204472771776e-08	6.507559660536924e-08
YCR068W	-17.488174326012945	0.26730351201573954	2.6338729855942895e-08	2.6308601436205986e-08	1.6354960580602384e-08	3.939004318826762e-08
YAL067W-A	-17.643382140312447	0.6784815948011906	2.7703668892011132e-08	2.738993539554621e-08	7.126395414050239e-09	6.641757898267063e-08
YNL250W	-16.701132035385804	0.06292115571087031	5.59045461299568e-08	5.593291227759285e-08	5.033147787260526e-08	6.190721964361026e-08
YJL149W	-17.706418127640923	0.5642526195070692	2.3997101407093738e-08	2.3955701355880185e-08	8.074186936924252e-09	5.167753617708101e-08
YOR156C	-17.88581856991454	0.3511406105982755	1.8126464064115016e-08	1.814622702175504e-08	9.576110798209167e-09	3.0384642869739845e-08
YGR006W	-17.17244091186962	0.8332126615486026	5.012139861226913e-08	4.92577848593238e-08	8.836460463528659e-09	1.3701587029862937e-07
YDL230W	-16.460530260891524	1.336600525103003	1.7777842844792482e-07	1.7619717347505014e-07	7.894875934520843e-09	6.496064767746223e-07
YDL075W	-11.34953749196661	15.613489841227233	0.24139383586495552	0.27444224109354776	3.181421080935061e-16	0.99999981134897
YGR131W	-16.629386782523348	1.986544297535888	4.2861698360182405e-07	3.8751040370059094e-07	2.2771061931910068e-09	1.5300615856526533e-06
YKL188C	-17.654245306876824	0.14633352565842817	2.1774461838422015e-08	2.1753406166969464e-08	1.6916797425402773e-08	2.7377840821125135e-08
YPL151C	-17.30994721742986	2.0153935265429457	2.424520880383395e-07	1.7157744408492887e-07	1.0888999999667372e-09	7.277050008265166e-07
YPL098C	-15.248332180367422	3.2315688734341617	5.412185124210691e-05	5.4909307253611394e-05	1.2736082674356934e-09	7.81516210280244e-05
YER058W	-15.33254983330057	1.0565815887577166	3.794165295970214e-07	3.881516953015041e-07	3.864307023077482e-08	1.2643071420820228e-06
YLR075W	-11.275858215224568	13.367316221225346	0.2031863631345458	0.2724107651307791	5.645520997816174e-14	0.9999966118012646
YGR128C	-17.998955475945827	0.40965727900715615	1.6642181762186705e-08	1.657259277291331e-08	7.766216868949414e-09	2.987048820478821e-08
YNL311C	-17.508161930157208	0.7751475866456539	3.349893953460649e-08	3.346894950915731e-08	6.9416043347558776e-09	8.847782156340752e-08
YIL090W	-14.811759662516986	1.5910421567808821	1.2731299361074193e-06	9.851486703680812e-07	2.654981435439699e-08	4.073698496598963e-06
YGR080W	-17.194563252262874	0.40534810324001824	3.699150153214962e-08	3.698298240054962e-08	1.7483729521785662e-08	6.634292575984061e-08
YHR127W	-17.544194429524346	0.7036292321670989	3.059373404211644e-08	3.0794515446293745e-08	7.550594442688337e-09	7.644078864993448e-08
YKR075C	-18.127815427717856	0.21097698941958604	1.3725988439961029e-08	1.3703341711879725e-08	9.46937725864882e-09	1.8956795152383093e-08
YBR059C	-15.326346025679365	0.12609760814962703	2.218740243579201e-07	2.2233231959065765e-07	1.791968033303665e-07	2.7138501250405163e-07
YJL125C	-15.74023793975807	0.35203110521922043	1.5498954112436973e-07	1.5510228671452667e-07	8.168109122933072e-08	2.599310461410089e-07
YEL060C	-15.48887435229785	1.1109873608833738	3.4958610830167625e-07	3.4083769467365274e-07	3.006318023054919e-08	1.144095642609571e-06
YOR235W	-17.318290008109166	0.6340001343118127	3.6824428062284374e-08	3.673502973635578e-08	1.0602116011081792e-08	8.518624271727921e-08
YLR285C-A	-17.45263546611472	0.37222985364600997	2.8107772711185558e-08	2.8210936304463782e-08	1.4263870981449394e-08	4.853764045190645e-08
YDR085C	-18.949054574627503	0.15515982439547785	5.9688425361282835e-09	5.966721452058027e-09	4.566424779632691e-09	7.607962350586608e-09
YIR028W	-13.60332876075058	2.9097076137926408	8.290065980447715e-05	1.748772967360913e-05	1.3766570215903476e-08	7.068074489647509e-05
YER016W	-16.143102924915134	0.4627909448261784	1.0873751547220458e-07	1.0838949368920173e-07	4.5486114970291995e-08	2.0834925007343473e-07
YMR167W	-17.804469921008554	0.16222025575648263	1.8782689698215473e-08	1.8761091394809175e-08	1.4177975821364338e-08	2.417654322119869e-08
YDR063W	-15.062745763953851	2.986006616464316	1.767738300823726e-05	1.485480529172641e-06	1.7547032487304965e-09	7.228035127929194e-06
YNL143C	-17.667612799087642	0.3244991514598107	2.2516691055993874e-08	2.2377214393283536e-08	1.2445314311741535e-08	3.619508493639461e-08
YJR094W-A	-12.431071527354058	10.310148814408286	0.11931101081069255	0.13738751318621642	3.615068787873375e-13	0.9949718387255357
YER093C	-16.021980856698924	0.1066552642158978	1.1062342534939646e-07	1.1070640578827489e-07	9.237355763207241e-08	1.311560244866763e-07
YAL008W	-17.183048893341898	0.4384424529955615	3.790751665195335e-08	3.790255147060737e-08	1.6736492278375965e-08	7.076286854232405e-08
YPR030W	-18.495310108549297	0.42122215170253335	1.0200064872923629e-08	1.0137840061718895e-08	4.638477633826844e-09	1.854457274174821e-08
YBR065C	-17.983383108855328	0.22546906422812413	1.5974037448465204e-08	1.5883398193406654e-08	1.0682782412582658e-08	2.2430250684694662e-08
YDL131W	-11.113518996448827	4.833315535333685	0.01711601506845584	5.173984226019419e-06	1.4001606781312615e-09	2.3712742084346317e-05
YLR283W	-17.382813642609968	0.37822994763917767	3.0123146917713954e-08	3.03279003582127e-08	1.515419428026271e-08	5.259531130601101e-08
YNR037C	-12.540619797183306	2.348984834050151	4.825844951589345e-05	9.20781127004149e-06	5.903256394992811e-08	3.665395563497027e-05
YGL036W	-18.698818278055974	0.23045082199312786	7.763063247968801e-09	7.774013989691363e-09	5.180985945672998e-09	1.105808915086138e-08
YDR224C	-11.687896519369085	15.610561465129459	0.22227734639206048	0.27955192570070286	3.5721302309737916e-16	0.9999998077957893
YBR151W	-16.796425781555577	0.332323106915142	5.374214701298013e-08	5.3606164830842405e-08	2.9360450383233738e-08	8.756979563077298e-08
YLR255C	-17.48537439212027	0.4960896283235895	2.897759098791301e-08	2.881388254045779e-08	1.1257648734375698e-08	5.7578393824002496e-08
YGL083W	-18.261793152771993	0.19688501152033705	1.1929424558583785e-08	1.1951022650483519e-08	8.47909584325243e-09	1.6200246761035557e-08
YMR250W	-15.157846320297674	0.7428937764284902	3.50581517005196e-07	3.45650592032323e-07	7.70592265103104e-08	8.908780133677517e-07
YGL253W	-10.685127556259383	0.3270120714980434	2.4042956822459254e-05	2.3867576185564637e-05	1.341145569201935e-05	3.829211514684106e-05
YPR080W	-10.759824365138181	1.5277357244158145	6.779894321320783e-05	0.00010067359966120943	3.280487350130378e-06	0.00037074803201531424
YDL064W	-12.411762788128678	10.62895282654195	0.12366018904627878	0.16177014580796856	4.4073585392777563e-13	0.9982823810290734
YHR001W	-14.882430039805465	0.7039771008664703	4.367555709416736e-07	4.420534683366778e-07	1.0819604658516843e-07	1.0990829874357351e-06
YLR423C	-17.447299031079588	0.6489393146185993	3.2600459660166075e-08	3.269170555596126e-08	9.101913479279503e-09	7.697254976938696e-08
YLL055W	-15.800496583721674	21.784427469889412	0.23528840875960869	0.4645858264494849	1.726239498352023e-17	0.999999999997615
YMR315W-A	-17.785548528184286	0.2706910831034324	1.950965077305723e-08	1.9577112618018422e-08	1.2090742479781414e-08	2.9446096407409754e-08
YHR048W	-17.636276482365197	2.5364749736846157	5.096700421760494e-07	3.9386406997174526e-07	3.391329187410186e-10	1.468312837136485e-06
YBR038W	-12.561528077866521	0.5863549759741861	4.123768569611592e-06	5.258798158599559e-06	1.533223392750864e-06	1.2159435480121109e-05
YNL268W	-14.694602863565658	19.115381545019623	0.22257497520432162	0.45753536127733435	2.3180377581256384e-14	0.9999999998962883
YER037W	-17.017023149289294	0.8226747494949278	5.649601429719643e-08	5.698078858244942e-08	1.0502943076293743e-08	1.5709967289614442e-07
YOR314W	-17.58033023156981	0.5112137311680474	2.651504295810434e-08	2.635517679130435e-08	9.977884660438486e-09	5.3548720047888585e-08
YMR129W	-17.44385682365914	0.5784105540761632	3.150682798715763e-08	3.141159457339681e-08	1.025683361104535e-08	6.877730149253501e-08
YOR173W	-14.259522962726757	1.7628481507919653	3.3713083792851166e-06	1.8314251357169668e-06	3.412636149185418e-08	7.742934884754236e-06
YNL015W	-14.177072203420673	6.947428372474051	0.02430150035354708	0.028443256085078347	1.0349640831404483e-11	0.09839528301089553
YKL096W-A	-14.615376765891549	2.646296164859804	1.098992361020762e-05	3.2648866396192147e-06	5.268084829829615e-09	1.3816013287500336e-05
YCR036W	-17.696624937111615	0.25427349869582583	2.133190460796739e-08	2.1305629275355317e-08	1.3576902570400215e-08	3.132776822427887e-08
YGR271C-A	-16.07523729395411	1.441661518061037	2.917768428164909e-07	2.69255312188053e-07	9.631240894405024e-09	1.0362691422982018e-06
YDL035C	-18.508623686670894	0.3390003031959119	9.720389361926865e-09	9.700028849886078e-09	5.243549644102679e-09	1.599515073633984e-08
YIR002C	-17.83285000258997	0.09024011479410851	1.8056839566203507e-08	1.8074183327479923e-08	1.5517587123889707e-08	2.088137468949886e-08
YDL002C	-13.390653451134265	6.18953096993159	0.016293186143935327	0.027654813543452797	1.3706809516559036e-10	0.10625937183633125
YNL067W-A	-15.67195263568369	0.34405467837234777	1.660738490746333e-07	1.6577821723142548e-07	8.870847058730174e-08	2.7513741310525263e-07
YOR157C	-12.462309831721493	2.2765978881950777	4.549531259589858e-05	2.277878329110222e-06	4.888403499709442e-08	8.624739006738934e-06
YHR029C	-17.780771294875144	0.71898905241453	2.438571279379257e-08	2.448654893249007e-08	5.80449474913168e-09	6.159643249980804e-08
YER171W	-8.097645556489576	0.39280903406115275	0.00032926948599750107	0.0003323970823762704	0.0001621492117620504	0.000585365349872029
YDL044C	-18.07395202092534	0.3945742024356242	1.5372886296369703e-08	1.528497658474986e-08	7.386262622177238e-09	2.705151365313648e-08
YER044C	-13.295694711669919	37.66282109453784	0.36166196309566223	0.4555807916491061	3.103599255441264e-31	1.0
YDR419W	-18.061784691258204	1.133253819586637	2.7123954838135025e-08	2.6796002935343154e-08	2.211546556024438e-09	9.069565757448644e-08
YPR085C	-18.138935224652364	0.2863900229510764	1.3802867082706173e-08	1.380864610409005e-08	8.271128148206979e-09	2.1220628289274198e-08
YGR195W	-10.560691285813798	4.8179016975443485	0.01978643266780073	0.027461395515583267	3.21625735463019e-08	0.12547582621921466
YFL016C	-14.133123962067609	0.37576985283754305	7.807624337503828e-07	7.815992300260413e-07	3.9253068302842073e-07	1.350551884299282e-06
YHR124W	-17.53599285636387	0.45217071603996145	2.6689753505241703e-08	2.6840610742628434e-08	1.1512900564469357e-08	5.096186988801456e-08
YDR055W	-16.84586162426144	1.151699125415756	9.168529400538156e-08	9.471574090006766e-08	7.277176447796678e-09	3.241228384367228e-07
YDL043C	-17.567772558272686	1.0028565508070324	3.875399024646917e-08	3.890489779603258e-08	4.507892967280219e-09	1.223347706381152e-07
YJL138C	-9.316795277111803	1.6733116274894122	0.0003423475461197806	0.00043423524621424397	1.0527323324386193e-05	0.0016484325112353163
YKR057W	-12.459601103787415	19.66369988418061	0.26588548165229964	0.3040556893764028	1.3880368391676787e-19	0.9999999993841513
YMR048W	-17.97675852159677	0.19663029229388912	1.592627094429327e-08	1.5890554074764855e-08	1.127674695982731e-08	2.15342028994766e-08
YDR078C	-17.381435158539666	2.6098649000227265	8.325751148731096e-07	3.671192550680248e-07	3.78255483141817e-10	1.5707915013754743e-06
YGR241C	-18.03069385978683	0.9444282250112611	2.3465227900691722e-08	2.3082680799274116e-08	3.1237089894312575e-09	6.98341263805225e-08
YNL191W	-15.024622116638918	1.4609951748481027	9.405382171295628e-07	7.820749969062732e-07	2.6798476079974693e-08	3.0700626097119903e-06
YJL025W	-18.137313741729436	0.18410571901522216	1.3495736285925495e-08	1.3502629136616676e-08	9.807081375159087e-09	1.796642700670854e-08
YGR106C	-16.727443711400106	0.9678278720894168	8.713896283159944e-08	8.699338054668666e-08	1.1064918702610884e-08	2.6757851189732173e-07
YOR158W	-17.206912451533704	0.41097627915664703	3.679999822818863e-08	3.660065513423538e-08	1.7109850536139365e-08	6.609409785990622e-08
YER121W	-17.674967432271792	0.3669654055478571	2.234650631947605e-08	2.2548929031406363e-08	1.1526552991350721e-08	3.854951156176644e-08
YGR182C	-17.26279552513092	0.4486172221757863	3.496536212822572e-08	3.51913704153871e-08	1.5207565500041248e-08	6.653391308776101e-08
YPL112C	-17.078991846680715	1.0048915124828801	6.462819569574985e-08	6.37971096517372e-08	7.336567640380507e-09	2.010827668901386e-07
YGR175C	-12.250357239209686	1.5939555474845755	1.7779822311936924e-05	4.252184105119324e-06	2.5919765090111514e-07	1.389158847996093e-05
YGL011C	-11.302393551327393	1.1720940367420805	2.410224524755188e-05	1.703774133877912e-05	1.7032652806140459e-06	5.320263442527548e-05
YOL103W	-13.59485750973631	2.1102945343880974	1.597104284183483e-05	2.9788873404341e-06	3.501387592768693e-08	1.2729025612584449e-05
YOR198C	-12.25043362617084	8.232777886195539	0.07249626859173382	0.13400283656560955	3.8305320714836604e-10	0.9726485834724182
YHR189W	-15.001996075553459	4.672162860341585	0.0011115264025966947	0.0022794214382911766	2.0231324517186857e-10	0.001766352330638953
YLR273C	-18.89997293524079	0.3757129823718263	6.61485792182815e-09	6.644949115841715e-09	3.3376213463125843e-09	1.1481375562023855e-08
YNR034W	-13.606769021761417	4.620585490146481	0.0033529279395136	0.006006565568247095	1.6718720889492243e-09	0.009442686493066572
YOR115C	-15.281975166982145	11.673378357040264	0.10038285105814364	0.1578097222138307	1.1535800182649526e-14	0.9984959032517298
YJL092W	-16.409361190301702	1.45384153045133	2.1937393907029077e-07	1.6394507781626685e-07	6.572133375942367e-09	6.294631168190341e-07
YKL171W	-17.97528020847762	0.1157328650732042	1.568131004329476e-08	1.5715299653912547e-08	1.2904926806602491e-08	1.8881391731674843e-08
YOL087C	-18.060802792832824	0.4627159464972523	1.5949965917609826e-08	1.5955422215097117e-08	6.69467030846922e-09	3.0680102497863414e-08
YDR289C	-16.061459708836033	0.401544640609348	1.1477007548356027e-07	1.1485825494757621e-07	5.470318484244704e-08	2.051246148729601e-07
YGR161C	-16.60930535429447	2.2736212929991155	8.367745345344816e-07	1.236751728872474e-06	1.4909317811762996e-09	3.6000165201579276e-06
YGR092W	-11.585780982038111	4.916907785450031	0.01406365414609682	3.2263601011330923e-06	7.73588501023292e-10	1.5382890792542742e-05
YPR117W	-17.639915087661343	1.838033807790787	1.119359721929511e-07	1.2211854146711047e-07	1.0710868019414788e-09	4.845983847260103e-07
YDR009W	-17.355853197958773	1.2770080390233634	6.530852193741354e-08	6.64616872013206e-08	3.556664497510978e-09	2.3992006087393964e-07
YDR506C	-18.0564831655874	0.621606532075973	1.7587644898726866e-08	1.7459170138709595e-08	5.177187681227146e-09	3.997717385042248e-08
YPL129W	-10.835299047809665	14.116592417531807	0.21777187479038007	0.3085719263184532	5.2502471711828884e-14	0.9999995003423255
YJR133W	-14.29915506062475	2.1285329270994193	6.431674250161002e-06	1.8593243192198001e-06	1.678641396114883e-08	8.234298304982396e-06
YOR220W	-16.53284634078677	1.4703834561805065	1.8909912490033982e-07	1.8283839867267582e-07	5.839425170531173e-09	7.077496246846682e-07
YMR165C	-16.308212099008365	0.2226901201942831	8.451253002703539e-08	8.472444790956411e-08	5.730454840564893e-08	1.1918277993137065e-07
YMR106C	-18.324508629005273	0.994950626367771	1.7995987058228807e-08	1.804473385821948e-08	2.1427686396623244e-09	5.647643815394573e-08
YLR048W	-11.278135018358578	17.015424471400713	0.2560571817324495	0.3573870717025203	6.011682237028948e-16	0.999999996271079
YOR081C	-15.895507437752665	0.3537519727190341	1.3324820237846117e-07	1.3297103335516684e-07	6.977549223377916e-08	2.234307564863466e-07
YNR058W	-15.785653845866316	3.1901637886721232	2.1615349296197983e-05	5.159610850955116e-06	7.917397086737469e-10	2.3215393710480488e-05
YFL023W	-18.322752045490184	0.28030088822501803	1.150786673860861e-08	1.1462144140105951e-08	6.94854109050816e-09	1.7465948835712983e-08
YMR206W	-17.612203356919913	0.3117835792400968	2.3583825835916247e-08	2.3563926403447495e-08	1.3439384637696995e-08	3.748479413341887e-08
YDR461C-A	-16.889458418817362	1.7668126957750327	2.203452424197309e-07	2.0722238325910858e-07	2.5209506593305724e-09	8.197928951070351e-07
YGR145W	-12.98917454923953	0.10075368403759166	2.300510960873662e-06	2.292130861002943e-06	1.9325191307097012e-06	2.691163598194355e-06
YLR445W	-17.20964622624974	1.9149773045676481	2.123732275441501e-07	2.0209742231835774e-07	1.438426678255664e-09	7.786486906219464e-07
YCL024W	-18.61490946928911	0.2558564194966405	8.498971322717888e-09	8.507581273190586e-09	5.403636888705116e-09	1.2538722677484173e-08
YLR308W	-16.595936388003743	12.21435835319727	0.08526929832113524	0.16058395504456568	2.062169459031952e-15	0.9988424049604346
YHR087W	-12.821306518650951	5.463198865358067	0.012335934836665657	0.016150820055085623	5.141741702213709e-10	0.03613139501927385
YPR028W	-11.804701164300193	11.088056377909174	0.1410735818720496	0.19218425850678472	5.278871878102291e-13	0.9996050784438331
YPL033C	-17.652328605524367	0.529811891809333	2.485482891973071e-08	2.475386774907582e-08	9.00445903507482e-09	5.1370691042839136e-08
YDR315C	-17.85848059644281	0.42681523328106813	1.921170456973954e-08	1.9209543864440607e-08	8.68855249323555e-09	3.5381820312830246e-08
YOR027W	-11.13256729564541	0.20917324514117588	1.491740413919474e-05	1.483984474568477e-05	1.0341580118571714e-05	2.0381367957035497e-05
YLR259C	-10.078190866560314	0.31130684984143325	4.4044949432488304e-05	4.253829111213977e-05	2.467470946347186e-05	6.688765527277743e-05
YER098W	-18.546720879553455	0.3138455921877788	9.316747453012423e-09	9.260847378604372e-09	5.2581428415211405e-09	1.477312717829764e-08
YPL017C	-18.38284668255887	0.8606999515080019	1.4847805881327664e-08	1.498709215794106e-08	2.5173859253065875e-09	4.255217387332643e-08
YDR493W	-17.24910049104887	0.4945554525526454	3.6444962632397096e-08	3.6434813701355217e-08	1.4294113408618211e-08	7.26830856904987e-08
YOR072W	-17.568803156952477	1.0794945861585543	4.156822989795427e-08	4.161159653271222e-08	3.956175119334581e-09	1.3697913663694253e-07
YHL015W	-10.932324678921711	11.820904092358461	0.18148039969755034	0.21585299564876068	2.3666425608330787e-13	0.9999262794902489
YPL277C	-16.666969915932846	31.146326433875313	0.2969865702689206	0.5470829481639244	3.509928128092002e-23	1.0
YPL241C	-17.837002874694868	0.42084596512079725	1.9654689729362002e-08	1.9547925707918483e-08	8.958828229009845e-09	3.572482817257505e-08
YGL193C	-17.498860226588427	0.3932689648016733	2.7078995281284205e-08	2.7154878373524832e-08	1.3155801226814916e-08	4.7975465929225865e-08
YJL090C	-18.425577721097348	1.1307593163762546	1.9295194952160285e-08	1.8727543422085905e-08	1.5462301219457917e-09	6.335158984964908e-08
YJR030C	-18.903471022139406	0.5604491456036874	7.2463971502159595e-09	7.209291274070788e-09	2.4521840034719013e-09	1.5471866667000414e-08
YBR152W	-17.585352886898313	0.6388547910893504	2.8056722533558863e-08	2.8154893965094674e-08	8.044389987231636e-09	6.554079117802784e-08
YGL110C	-18.145222328451332	0.41633219695574414	1.4350765315716797e-08	1.436298122272585e-08	6.6405302626555785e-09	2.610766545946811e-08
YBR002C	-15.956123185483145	0.7024292525085107	1.498115249119181e-07	1.5110550848512525e-07	3.7069533469233e-08	3.750687921404994e-07
YHR126C	-17.028233342681183	1.3365236570269567	9.503227566646329e-08	9.809747468914138e-08	4.45648292731182e-09	3.619215389500279e-07
YOL085C	-17.623465363046257	0.2606662820444411	2.284446605873807e-08	2.2960073350889065e-08	1.4454614123036574e-08	3.4061581654601295e-08
YLR190W	-17.11159998396119	0.4947237324207005	4.191891477713125e-08	4.181615363321615e-08	1.6396554545509237e-08	8.341978159909887e-08
YIL150C	-17.741757747332436	0.29122484842422364	2.058684341402083e-08	2.0572465554053568e-08	1.2212420910773414e-08	3.1820049787773075e-08
YDR492W	-15.715476458536566	13.782499528674395	0.126847408220914	0.22274570826100307	8.664801514360281e-16	0.9999694679131347
YPR166C	-14.034153230016225	4.11395998047065	0.0011371292520679852	0.0012816802467451641	1.134131682185608e-09	0.0011579510340516822
YDR166C	-17.329669021674768	0.2375851466739235	3.061211561900401e-08	3.063164474559744e-08	2.0141405351313312e-08	4.400995694068431e-08
YBR004C	-17.67354187962423	0.4103921387799841	2.3002474440863327e-08	2.295374055082748e-08	1.0740125298885805e-08	4.1435902729691484e-08
YCR033W	-18.80553529055846	0.24813326413864562	7.0032661454634706e-09	7.016207339861569e-09	4.522943863338096e-09	1.0231834538109525e-08
YBL055C	-18.089565816794625	0.46777848196564054	1.5490314773893584e-08	1.5522968414606907e-08	6.446081960461442e-09	3.0014540402542753e-08
YDL018C	-16.33178456128457	5.126110913869576	0.0012565036598393181	5.637747240406626e-07	9.582838716295004e-12	3.082300713168111e-06
YDL114W	-17.515135196264005	0.5389458960800092	2.8849961976963005e-08	2.8588972597993425e-08	1.0183017342450998e-08	5.996823741278464e-08
YLR094C	-17.765163218712537	0.5269819350863816	2.2197462970875618e-08	2.211702291146068e-08	8.088091391021984e-09	4.5754156274435344e-08
YDL017W	-11.536931099451019	1.3979000038080482	2.6461417905684494e-05	1.9672652250738857e-05	1.147860479489525e-06	6.535593398182722e-05
YFL033C	-16.28062635995679	0.13055907071757275	8.572257986018864e-08	8.57417779708302e-08	6.858564716140311e-08	1.0536224948237096e-07
YBR091C	-15.441789008903422	2.0572461635839425	1.848844391561285e-06	1.9346285367781364e-06	6.7790673736463796e-09	6.8825661191138594e-06
YPR054W	-15.221643741265277	2.003614213738985	1.8485315573058318e-06	1.2256159957191956e-06	8.99014997214323e-09	5.459566560931792e-06
YNL214W	-17.661551175487098	0.8313420486622418	2.984429392189128e-08	3.003602449928656e-08	5.427756825576132e-09	8.331189458143745e-08
YGR034W	-12.085779814508848	29.28175931396045	0.3346584963333451	0.41008624708628033	1.4975883912633137e-25	1.0
YLL010C	-15.733446045553999	0.3483540703543504	1.5628423008864312e-07	1.56213201012571e-07	8.282994334642507e-08	2.6070957045305223e-07
YNL080C	-16.539818196125402	1.4340236814282652	1.8780447211783197e-07	1.5266391667544327e-07	6.045343164829483e-09	5.855547648598389e-07
YKL184W	-17.585418125608108	3.3209875942728084	4.799060562459154e-06	5.445981583888806e-07	9.271731021770492e-11	2.5969430778653928e-06
YMR088C	-15.442997016704746	3.827435390739124	0.0001858222524412343	9.25784330005362e-07	2.5386617099931966e-10	4.95365095161765e-06
YGL054C	-15.041037157520757	2.058427450307011	2.359497856249862e-06	1.584134078165578e-06	9.709763273352815e-09	6.7320729890861005e-06
YOL004W	-17.945968930515797	0.37972541750311267	1.733051385587491e-08	1.7273057238366027e-08	8.607742316587905e-09	2.998557593211586e-08
YKL089W	-17.767622960142894	0.2472320523435325	1.977387353294497e-08	1.9811280415323674e-08	1.279372626880349e-08	2.8856370883801717e-08
YOR108W	-12.693242717895325	0.39091598262582106	3.3183412214936775e-06	3.248303195468142e-06	1.59574114725521e-06	5.6776123372986696e-06
YEL047C	-15.452110918261448	4.272498589832932	0.0003863489774176399	1.1125425701081968e-06	1.1217843544994898e-10	5.940150118155751e-06
YDR373W	-12.755962004063756	4.309238199914275	0.0033908926717809585	0.004786321180712643	4.2677384433232875e-09	0.0071774855107282825
YOR089C	-11.003158062922873	4.234977452569332	0.008801958236145501	0.011582826695705515	3.7127341500894255e-08	0.03065040845808824
YHL048W	-17.619614464340835	2.8433796494152594	1.2161250406267147e-06	3.4355532551943234e-07	1.9988639472198055e-10	1.5261019825818378e-06
YKL132C	-18.07477737194217	0.4315059264298738	1.5405303785572348e-08	1.5509780240234155e-08	6.944750500761164e-09	2.8720463618018327e-08
YMR080C	-10.92511949978593	0.6505551689420248	2.224831961977043e-05	2.4617555210651507e-05	7.71383566051862e-06	5.375411826767719e-05
YHR005C	-13.879267200777528	0.7065139711745098	1.1932947239224207e-06	1.243183682234111e-06	2.974881418138462e-07	3.1240489679912957e-06
YLR312C	-17.980271129018497	0.36355672539127826	1.664349194497182e-08	1.6592137633410184e-08	8.536704511486007e-09	2.8231851785260796e-08
YFL034C-B	-13.42399414296319	9.841413734088775	0.0914730863330297	0.14324633903092024	1.6333957933698088e-12	0.9925402081114624
YML121W	-11.224041786678706	7.169350215326679	0.0638804532993652	0.09759760639108783	1.0235359075329484e-09	0.8750030119076092
YDL247W-A	-17.298525426413967	1.0668021578736382	5.4940597287279935e-08	5.428209904464837e-08	5.311576749312419e-09	1.7761031473956444e-07
YDR042C	-17.704911304631374	0.4544642971049915	2.2799843702164458e-08	2.26661651505859e-08	9.679881634730004e-09	4.3141166981284495e-08
YOR239W	-17.328365821268513	0.18814827771049558	3.0299561055762736e-08	3.0328853957708346e-08	2.1863107389482888e-08	4.060109664796723e-08
YBL003C	-11.092674815729831	36.31805435149493	0.3824545715538254	0.457370154402675	1.0084472614722728e-29	1.0
YGR216C	-17.785152984776637	1.3224718768555312	4.7202666151795294e-08	4.590384834892233e-08	2.1440435704605923e-09	1.6802500409432528e-07
YBR165W	-17.33367638677459	1.1825385616566113	5.9513432037034746e-08	5.845797637127634e-08	4.2231064992443375e-09	2.0277889249801466e-07
YGR143W	-15.041532582946227	0.4956841897854456	3.3236947871736244e-07	3.295076588559406e-07	1.292296671632122e-07	6.569430957314377e-07
YFL044C	-17.014960570603712	0.7751128909395039	5.582423674554292e-08	5.4845687303648384e-08	1.136787573175274e-08	1.4505845285704781e-07
YNL034W	-17.8764407080534	0.29044104554398575	1.7901775054742632e-08	1.7977218992499424e-08	1.0687340497853897e-08	2.778761198514702e-08
YOR097C	-17.317924493026062	1.3784741144837078	7.857927633825976e-08	7.520287833990259e-08	3.1061648713679813e-09	2.8202652625238786e-07
YDL102W	-11.079385254831275	0.12237431379708588	1.553400454581569e-05	1.5712897835475716e-05	1.27481396552998e-05	1.9067433646488898e-05
YEL071W	-11.113166775955458	1.5116734965002154	4.694296374112598e-05	7.662905741700926e-05	2.490144826311826e-06	0.0002797214925916275
YJL158C	-15.600384780064767	1.0061959362759068	2.7559776262003943e-07	2.752253775749156e-07	3.196061246705208e-08	8.657066521069825e-07
YBR087W	-14.32511435707506	1.6279333303217065	2.298487414389094e-06	1.028770897188683e-06	3.6423753443202135e-08	3.970864194890385e-06
YBR209W	-17.69340188300061	0.4441526620398026	2.2791031347069863e-08	2.2826831838826947e-08	9.959609545771688e-09	4.290798076435281e-08
YHR106W	-15.36497529560888	0.1749648447468506	2.1577674938416248e-07	2.1556530093061298e-07	1.5920607825055988e-07	2.830267093585545e-07
YLR435W	-17.297322315244806	1.0770248797953	5.457310434808482e-08	5.513719681637321e-08	5.229291641019295e-09	1.8146410282976162e-07
YNL061W	-11.427449914369342	6.977965998056935	0.06137830072936913	0.10996613694923205	2.8662143564443573e-08	0.8967296728022478
YGL201C	-12.050412416320748	0.058314398278507144	5.8537399404430465e-06	5.856054948657508e-06	5.31121648476632e-06	6.434473429283598e-06
YGL091C	-13.756413881347678	0.8036246875049752	1.4646158339316273e-06	1.443867168943757e-06	2.8176117364415307e-07	3.897954812696401e-06
YNL336W	-17.68135559825982	2.2214212995283895	2.7563728193769955e-07	2.693821448889778e-07	5.421302833536348e-10	8.41486096780083e-07
YEL070W	-14.350824801790575	31.97328126619769	0.3244929363360045	0.5873962044667329	1.3330409808786817e-21	1.0
YML079W	-16.06215837061695	1.2983568966684724	2.491765291216476e-07	2.5365162963061876e-07	1.2547376659685661e-08	9.214455129560976e-07
YFR039C	-18.55955324185647	0.20865566872998279	8.901831097302643e-09	8.894616904125548e-09	6.17276910944725e-09	1.2263285346558122e-08
YOR075W	-17.668364994930876	0.4054722694489882	2.3093607340207136e-08	2.303945748005886e-08	1.0890744973805916e-08	4.1342386790721454e-08
YPL019C	-15.304425602845138	0.5039426392144056	2.542616384376685e-07	2.5588493735960704e-07	9.840247902480062e-08	5.160453710911699e-07
YOR152C	-15.345678058039036	1.417809835373464	5.899002695669993e-07	4.813035305782859e-07	2.0406378482290113e-08	1.8348584922808422e-06
YML003W	-17.66560175630088	0.6080396744601693	2.5706260841339346e-08	2.560272209027127e-08	7.826069433452318e-09	5.785082414129741e-08
YML123C	-12.538016381878103	6.182959893958608	0.026782773359853667	9.89229453613371e-07	2.2238161245832605e-11	5.329395700804955e-06
YDR180W	-18.346964944409542	0.2867449440465614	1.1270740869395749e-08	1.1212790890023413e-08	6.713744181184019e-09	1.7245086977131644e-08
YOR245C	-16.72639316009458	3.3438755920269108	1.788726049722888e-05	1.3264672507645393e-06	2.1185767439108465e-10	6.300094821182129e-06
YJL073W	-18.232998224754688	1.3229623958182524	3.000727161845467e-08	2.812258545958974e-08	1.3631627298304807e-09	1.0343809420579225e-07
YER011W	-17.637635141993947	0.31387816954064757	2.3042305600480513e-08	2.29823398960036e-08	1.305028511601343e-08	3.665122485528504e-08
YOR196C	-15.795434011529276	0.8854581551770496	2.0567785574087214e-07	1.9926150003934276e-07	3.190565659310602e-08	5.735185959039741e-07
YNR032C-A	-14.688431213290594	1.4972070160393423	1.2998407763926063e-06	1.351958016162555e-06	3.5843760777163776e-08	5.1935892867497885e-06
YKL212W	-14.840855121460615	1.0299441667787521	6.05101519909188e-07	6.561803035399115e-07	6.710898173081933e-08	2.1337286006004765e-06
YLR151C	-17.041408168494804	0.727431142424093	5.1540515156645885e-08	5.184798061334834e-08	1.2004231991183369e-08	1.3173389647721905e-07
YML007C-A	-14.999190037830838	2.5596925783035593	8.52728950372442e-06	8.751698553194135e-06	4.598637824502042e-09	2.2764520230671117e-05
YDR169C-A	-16.741753469331293	1.4797867974899344	1.6086087232040004e-07	1.6149588050035008e-07	4.698839760299374e-09	6.142759694754674e-07
YJR145C	-11.60981086931947	9.103861298430335	0.10144617575607859	0.1513487998255913	2.6048550558192457e-11	0.9925740382714536
YAL065C	-17.509664064965314	1.69276571287717	1.0707253286063516e-07	1.0221945475139394e-07	1.5316622383329115e-09	3.9834007016011876e-07
YIL124W	-15.96418548946617	1.8459386570082699	6.811070449362565e-07	3.8785601586360264e-07	5.356280674760728e-09	1.669784713064104e-06
YJR009C	-10.907086650834524	9.688953692729964	0.13605485050626182	0.20345536082409754	7.409362912801713e-11	0.9990001123158818
YDL080C	-15.033763744716405	2.449101837154851	5.617734378626302e-06	2.087362654482893e-06	5.3050246906922715e-09	1.038276708309042e-05
YER164W	-12.199841056027205	0.07788466083010663	5.044590818122166e-06	5.020368639525696e-06	4.40586391290156e-06	5.686235519080551e-06
YDR129C	-9.417414779943053	0.1795716244275612	8.224202088340686e-05	8.318803215644499e-05	6.0988873986272324e-05	0.0001098822179824424
YLL054C	-18.876120763067725	0.253296199311366	6.56231475719384e-09	6.547836184469968e-09	4.179018875878203e-09	9.615756016063538e-09
YGR041W	-18.500562604393913	0.23599902663440134	9.473398624657014e-09	9.492577508023596e-09	6.261959819229811e-09	1.3606336491797415e-08
YOR361C	-12.62313767286191	0.15118831060620383	3.3375067106095857e-06	3.30857828070167e-06	2.5532852565021093e-06	4.189580906451744e-06
YBR101C	-15.669066837051057	1.3805930454606155	4.167570162877607e-07	3.610437182736147e-07	1.5922102712370764e-08	1.365374499286838e-06
YAL066W	-17.553970904548756	0.6037621808772605	2.850646817588545e-08	2.8513031758949563e-08	8.803606399449688e-09	6.410548873374019e-08
YDR366C	-17.049457625130295	1.2001859116799891	8.094542409265347e-08	7.911017475848191e-08	5.4400242794960394e-09	2.767472916639614e-07
YJL181W	-18.45768770342051	0.38340782300432136	1.0364546056710351e-08	1.0370933469752911e-08	5.125726945698518e-09	1.8095383637062417e-08
YOR165W	-17.082624486320988	0.31152064734510815	4.000913760195182e-08	4.0020576393441955e-08	2.283286448758556e-08	6.362978585643639e-08
YFL015C	-17.602971117471448	0.8763897096281095	3.300021678862056e-08	3.314851160130182e-08	5.350887275047237e-09	9.523191493666295e-08
YER053C	-13.240575261211186	1.0651358665704074	3.0454474262767887e-06	2.6831685813923523e-06	2.9985810705041106e-07	8.423563503358947e-06
YLR413W	-18.15434289424315	0.619501541810368	1.5643709426444952e-08	1.579631397571898e-08	4.706166145067407e-09	3.608936938830031e-08
YOR001W	-18.691479789639693	0.28611932975509574	7.937776434899024e-09	7.9468611242981e-09	4.764201292086637e-09	1.2212282093337316e-08
YJL177W	-11.194354245971178	28.324548116970156	0.35023241222630763	0.4478940432030358	9.768234549095794e-24	1.0
YBR255C-A	-13.890119085911417	3.094182548949211	9.59544597244499e-05	0.00013194427686921922	6.566359356184697e-09	0.0002306227734158447
YGR286C	-14.115080995165906	0.7093767278527495	9.447125692178908e-07	9.889482997787586e-07	2.341686511760219e-07	2.4967789509844298e-06
YLR244C	-11.526391413813096	6.341935618163515	0.039580907654249514	0.06742795214917659	4.067890483972242e-09	0.6005573795116981
YOR003W	-17.560451793943635	1.122245518507769	4.3379114998616446e-08	4.372583128029591e-08	3.7179351992708484e-09	1.4733456870522392e-07
YNL097C-B	-17.326699159334517	0.3943514627953148	3.233261663273876e-08	3.2277125556230034e-08	1.5609387663771664e-08	5.712608119755321e-08
YER020W	-16.479933660340016	2.5172471321227246	1.8539679587986407e-06	6.022371064952096e-07	1.0728579067225799e-09	2.844423485456713e-06
YDR249C	-17.619302697513326	0.7269858013302182	2.8958679983964093e-08	2.9026619087807647e-08	6.740251913268582e-09	7.360151463708364e-08
YML001W	-9.891415941697185	5.744392751887415	0.05257123574865792	0.0642293679355134	1.497179658876614e-08	0.5547116590215977
YKL201C	-18.656996036233018	0.8562763579637296	1.1519329011063666e-08	1.1363735980523629e-08	1.927753647045242e-09	3.215935663504923e-08
YPL116W	-14.967981509974331	0.9811889923500422	5.081741175689554e-07	4.788188382140699e-07	6.180551222793688e-08	1.4644439457296352e-06
YMR279C	-15.908411574892803	17.406700831685637	0.1777338169406144	0.3815833001619763	1.7392239079503238e-15	0.9999999911811662
YEL056W	-15.164738310389064	1.5239786500847563	8.068295380635238e-07	6.831828317248166e-07	2.084272725678483e-08	2.756005343299673e-06
YER147C	-18.5585866528208	0.7138113404061622	1.130449704938027e-08	1.1211849118784107e-08	2.689465989357005e-09	2.8058864829290317e-08
YBR280C	-18.168092560802457	0.5315346392332545	1.4928625187989265e-08	1.482614343116379e-08	5.3699449689588854e-09	3.083586051077495e-08
YOL127W	-11.675004897981987	20.881309538493923	0.28984380856344133	0.35676434350220126	1.392843155803257e-19	0.9999999999820897
YJL044C	-17.93605769410437	0.6237268053078884	1.98379050015415e-08	1.9709465304254014e-08	5.813609440119393e-09	4.5250715632873165e-08
YHR204W	-18.694965754832943	0.28251613907916645	7.905266985063563e-09	7.910788406755036e-09	4.775845655489793e-09	1.209239832349142e-08
YBR072W	-15.95989256141997	2.377034384798783	2.129136002319443e-06	3.040427555832062e-06	2.4475220202412528e-09	9.192414049197924e-06
YDR352W	-16.63211470061737	2.6468134150542073	2.0129654560719115e-06	1.1844920096561242e-06	7.754650919800495e-10	4.671782110080777e-06
YFR031C-A	-11.581915391835489	17.512444794876316	0.2582867329089939	0.35961956908147436	2.0950373801578467e-16	0.9999999979951688
YMR135C	-16.494879575759974	2.5401456033555863	1.4944210127328762e-06	3.4527619874251496e-07	9.457815102809483e-10	1.6608119909893973e-06
YLR293C	-10.993810033128236	8.039219630526592	0.09232005941594267	0.12332415392896294	1.7236689509071348e-10	0.9669242638073281
YLR300W	-11.935049177897733	11.573615521745436	0.15527276700446915	0.26803845389360814	1.3498637055518705e-11	0.9999567192668363
YNL211C	-15.50749973847355	2.309321768958858	2.400612976230172e-06	3.1301753026583713e-06	4.2017041594720875e-09	9.817111871800754e-06
YBR055C	-18.565134284342044	0.33406545909717533	9.16362097630811e-09	9.149816513841735e-09	4.993170954245919e-09	1.498609541902484e-08
YJR109C	-10.63833274557778	0.023691718636756644	2.3988670977858928e-05	2.3984626860273883e-05	2.3061044403603104e-05	2.4929431603583475e-05
YIL169C	-18.83945760595902	0.4080638419443259	7.18543036031829e-09	7.150004380679323e-09	3.3620728229043402e-09	1.2863653583917684e-08
YHR071W	-17.495856171787587	0.46016610001718666	2.8122888602445282e-08	2.8005179482153596e-08	1.1819094681415412e-08	5.367212770924867e-08
YLR067C	-18.138639300065684	1.4647493760289954	4.0217440541505764e-08	3.819783024333706e-08	1.1886544849994349e-09	1.4581926499945427e-07
YGR033C	-15.717690244427056	12.638275292981128	0.10675665560918825	0.1682859058310818	1.2660573740289842e-15	0.9994996647672517
YMR256C	-13.927120945351769	23.814699954136522	0.280776408160799	0.31050074223584856	2.619838997336674e-23	0.9999999999966716
YJL166W	-13.88824201985785	12.542002190279428	0.13697139859294413	0.163033061511	2.4655904600876734e-15	0.9995848706730965
YDR041W	-14.940611005521484	6.508139158143849	0.015179972716216912	6.493498009060223e-07	2.0426264230231673e-12	3.6743373517122376e-06
YAL005C	-9.529844760713738	6.569797801135813	0.07873198300163664	9.020289634220578e-05	6.149468364340755e-10	0.00021448981251869225
YFR027W	-17.034819229976115	1.8015797084344802	2.0587980862249423e-07	2.0466615495305727e-07	2.0645493022172726e-09	7.901005260054029e-07
YOR020C	-11.572174089488678	9.699632160919473	0.12259895258973989	0.14249744452618918	2.6444694313273384e-12	0.9942878122564673
YBR111W-A	-15.763210409081646	2.7970479958945855	6.138531673179239e-06	9.054540412158294e-06	1.4841119400417533e-09	1.9339515510292083e-05
YIL034C	-14.255746301577298	1.2684378633437685	1.4531607564806733e-06	1.4560735859616222e-06	8.056811839548982e-08	5.337247229711909e-06
YJL011C	-16.60215017649984	1.5114685894425457	1.883589651320651e-07	1.9103418545928733e-07	5.116061458262378e-09	7.352211347369669e-07
YCR090C	-16.473553260549075	0.36577500236529825	7.51690323534065e-08	7.487405312640861e-08	3.8376310183252956e-08	1.2776961305385662e-07
YNL014W	-11.053418460353848	0.08202204463699002	1.5890255282320455e-05	1.5887522077406028e-05	1.3841618654101338e-05	1.811014620577001e-05
YEL049W	-14.58246117198082	11.470043836722095	0.10459759022523399	1.1707208114748498e-05	3.050181649810509e-16	2.0744623106752576e-05
YMR221C	-17.708108506508275	1.3666058597679211	5.388300804442135e-08	5.0419920755546035e-08	2.1441980912056915e-09	1.8809248919350813e-07
YPL120W	-17.19972637715268	0.24752103646409976	3.501219318865023e-08	3.494140658079214e-08	2.255552499638723e-08	5.0902425743687855e-08
YLR277C	-12.485109065551066	0.9096474620256445	5.696561324006237e-06	6.2421082732172646e-06	9.325161201464466e-07	1.782457213567163e-05
YCR108C	-17.56939619732379	1.2205543373494507	5.00171920368337e-08	4.938030864229728e-08	3.145903359237173e-09	1.7444997356512568e-07
YMR185W	-18.777854530581813	0.39924112924486016	7.620913250113758e-09	7.575849417429413e-09	3.6256550300114346e-09	1.34926996971093e-08
YJL110C	-18.4451992579206	0.25614289917516897	1.0081586714854823e-08	1.0082723528932602e-08	6.40270525700869e-09	1.486489911524476e-08
YKL154W	-16.445937501114663	1.4324958718307883	1.9748906199521322e-07	1.7973099722196644e-07	6.7340055365851995e-09	6.889487773738361e-07
YMR162C	-16.632929572057897	0.281752525180883	6.220972688799002e-08	6.224082332764068e-08	3.761166251955571e-08	9.507925136919871e-08
YML117W	-18.16170272501126	0.1486416086666445	1.308844107134272e-08	1.3099177771552937e-08	1.0143317177454346e-08	1.654088862530742e-08
YER015W	-16.971457471133313	1.7671396967122188	2.0069350777457123e-07	1.6976496774298307e-07	2.3016251882875694e-09	7.060739669874591e-07
YER009W	-11.946202501473588	49.91676394434894	0.4043392273096466	0.48914666470050966	3.506693374189295e-39	1.0
YIL091C	-17.595618490443435	0.23350106269212567	2.3501706060482738e-08	2.345125353448153e-08	1.554200522463239e-08	3.349427845834985e-08
YBR298C	-18.31314830644346	1.134112781975798	2.1726740855340666e-08	2.0765286647485524e-08	1.7144596904626017e-09	7.03804537005537e-08
YML049C	-18.329144345968366	0.3505024235806423	1.167705749952493e-08	1.1654491053583656e-08	6.153349588890297e-09	1.9494349497698972e-08
YIL119C	-17.655310226637944	0.6590862242922859	2.6935822318640467e-08	2.6660490786321493e-08	7.262524680811885e-09	6.336838360367906e-08
YLR233C	-18.705251474712846	0.3493611425441114	8.02294132944587e-09	7.995172106322835e-09	4.232397631116683e-09	1.3358354456086475e-08
YPR133W-A	-13.938603838375409	15.429906571444436	0.18862263949350297	0.20344050498417407	1.516282958775843e-17	0.9999946283690159
YHR095W	-17.53712048834945	0.3428115853871778	2.562283917330561e-08	2.5649781973469934e-08	1.3758872579411867e-08	4.2500236458244195e-08
YLR342W-A	-17.53387805341567	0.25656356898996385	2.5033834223725202e-08	2.5078951971793237e-08	1.590986349971635e-08	3.7003598542980905e-08
YJR053W	-17.566355551790316	0.2776100095304158	2.441529515125782e-08	2.442386689390243e-08	1.4883476840340222e-08	3.709821508703599e-08
YCL054W-A	-16.712183025426334	0.7897119701847298	7.578232026973223e-08	7.506220062924072e-08	1.5021872596276965e-08	2.011020390477707e-07
YFL021W	-16.465342605829342	1.094546137939813	1.2735264117185966e-07	1.2531161458975075e-07	1.161362915951564e-08	4.1514909475881976e-07
YKL214C	-17.02769407082173	1.4092986793282813	1.0666948361806096e-07	9.926688697123505e-08	3.9198365355971325e-09	3.7714659539377344e-07
YDL054C	-17.175347804009057	0.5612473142988393	4.0636908402350655e-08	4.06437884840224e-08	1.3787853561658061e-08	8.737871921722058e-08
YBR130C	-17.2835828080651	0.6140772004481253	3.753407857559685e-08	3.7508019152699834e-08	1.1331456067982723e-08	8.519178658394121e-08
YDR081C	-17.02946169036381	0.45926285233423475	4.505647180678114e-08	4.473528177580736e-08	1.88982237300043e-08	8.569075432768629e-08
YDR261C	-17.79914960683613	0.8253770769705634	2.62551613449578e-08	2.6129360962449356e-08	4.783055183857567e-09	7.218199766112835e-08
YMR066W	-18.704067228919435	0.400743551953473	8.163133789693716e-09	8.160294426993552e-09	3.893655506167695e-09	1.4552550273833688e-08
YLR289W	-13.65704222092331	0.7024180729501086	1.5007007236040828e-06	1.5122338761040349e-06	3.7190495401006853e-07	3.750110280919546e-06
YML115C	-13.316308944392356	0.8821508522159225	2.4266531446249886e-06	2.4777800960156583e-06	3.925989698056939e-07	7.181261058452024e-06
YMR299C	-18.253850754082073	0.22127879811112464	1.2088734439971362e-08	1.210583061369226e-08	8.207638347345028e-09	1.6997338128024228e-08
YMR306W	-16.590389987694785	0.8097632550721084	8.60606496711595e-08	8.561890454260182e-08	1.6394678088772205e-08	2.3291047746547472e-07
YGL130W	-11.482512724724936	2.8148694260145417	0.00047493045804924457	0.0008775815094930357	3.6289056338789526e-07	0.0024156410471618817
YDR427W	-12.10590062863134	1.4209153335176883	1.5783700684945657e-05	3.77030634835687e-06	3.5290456031574753e-07	1.1414748319567549e-05
YKR095W	-18.160468510491178	0.24576722257413705	1.3324047801499339e-08	1.3368212616103596e-08	8.654900526612834e-09	1.9427360269555098e-08
YEL004W	-18.053885571652195	0.8514421677721306	2.0964377659231118e-08	2.0652817721901072e-08	3.551697581864492e-09	5.8237097686737456e-08
YIL136W	-13.487452764370525	1.1955450246559818	2.785558940945758e-06	1.9853291691003053e-06	1.7925961412498072e-07	6.500593061871456e-06
YDR153C	-16.329979451290406	2.7505860921241343	5.082940810340636e-06	7.36231161921331e-07	8.31813837859135e-10	3.707377604421141e-06
YGR104C	-17.19191457389838	0.3872952366256776	3.6695557453768435e-08	3.682910086206014e-08	1.807020286363934e-08	6.45744213481467e-08
YPR201W	-14.897255703975086	1.2771677325434636	7.850573171044009e-07	5.127678410825588e-07	3.7831770757025854e-08	1.760245559309947e-06
YMR073C	-17.135627605945906	1.4806669711962257	1.0696029898475165e-07	1.1093951328165209e-07	3.172001996637605e-09	4.1983741888241704e-07
YLR382C	-18.178554585604566	0.17673039855521663	1.2934765464981492e-08	1.2941410716352386e-08	9.525724782315286e-09	1.7037664725279732e-08
YAR068W	-15.733691700727784	0.9376848618483901	2.2898794635747003e-07	2.2966441663256967e-07	3.1456833595727237e-08	6.919640337871588e-07
YHR081W	-15.580010322614678	0.4525812706436305	1.8781853772465496e-07	1.8970981414675548e-07	8.12922843510746e-08	3.603266832799638e-07
YGR077C	-18.622744939749232	1.2021165109273324	1.688948209104554e-08	1.6405663012961464e-08	1.1244692861165877e-09	5.745659067790355e-08
YFR037C	-14.024601018253586	1.0381091728076373	1.3952563334101377e-06	1.0511775416900739e-06	1.3581276268997478e-07	3.1573073157892973e-06
YEL039C	-14.298991655022244	5.450878778172068	0.00607375699678093	0.008397671552165316	1.0961497195610076e-10	0.009288958781449986
YOR376W	-16.367787208983778	1.0282121062006409	1.314129044450735e-07	1.3046873801922376e-07	1.4307953855880461e-08	4.15880343304544e-07
YMR275C	-16.88951038336831	0.7831319061798915	6.269662109840699e-08	6.193562041705603e-08	1.2686249796436533e-08	1.6454472623957118e-07
YIL044C	-17.39829450092379	0.9889486012576164	4.541497241615873e-08	4.513966647053534e-08	5.455386758973881e-09	1.4053079262277758e-07
YER029C	-16.06311071069735	4.014259741592101	0.00023012541750797052	0.0002792569255099469	1.725825945130472e-10	0.00020287843039856307
YLR229C	-11.91873922760801	17.419759894694153	0.24501784908293686	0.3274786358289032	4.858629213052517e-17	0.9999999943633391
YGL154C	-18.041154865441918	0.6688073600969999	1.828623178246079e-08	1.8276420530909772e-08	4.8644156935116986e-09	4.386887588887461e-08
YOR328W	-17.652360779197757	0.7889347471359275	2.951507194072246e-08	2.9516101716447082e-08	5.896729201925822e-09	7.913849915437537e-08
YDL033C	-17.720316225976553	0.2618800663315903	2.0888382477425132e-08	2.0843441516154682e-08	1.3088672172000057e-08	3.097913586938373e-08
YKL217W	-13.154245413367741	0.8687973488233004	2.8481504652858337e-06	2.7058661515552398e-06	4.672340158765611e-07	7.52407022892367e-06
YKL034W	-15.627802372452559	0.7227061909482201	2.095118248718605e-07	2.1478671702879868e-07	4.9962022721533715e-08	5.448329221694655e-07
YGR116W	-12.880862650280458	7.793578687259421	0.052603787773617	0.15667275389807309	3.6267748947832615e-05	0.9735518185708775
YGL166W	-17.778806795359692	0.29544439143486806	1.98498864543444e-08	1.9835540308805844e-08	1.1681317106591128e-08	3.0861486925289445e-08
YOL042W	-14.880114690201433	1.5802346899346855	1.120077105851575e-06	8.922872620942409e-07	2.4862922076854026e-08	3.612817748500001e-06
YAR066W	-16.893820261576316	14.448438691588828	0.12191919374933818	0.13302930013443723	2.9626979300676767e-18	0.999392228817004
YPR035W	-10.78515431907085	4.362988369708343	0.010488244165731433	0.017705339522933714	9.38246617620602e-08	0.06211941968396297
YML046W	-18.33567130658134	0.5516027635432486	1.2536892233257328e-08	1.267492937467855e-08	4.393945470080176e-09	2.6952574266815213e-08
YDL077C	-17.5064660537982	0.16392019737390442	2.5272356339498356e-08	2.528354621701727e-08	1.904671337848795e-08	3.266095595032002e-08
YHR096C	-12.721268211339472	1.3413282570426697	7.660580916573118e-06	8.589149807601669e-06	3.912760812116298e-07	3.099177310940099e-05
YNL338W	-15.56162577628215	1.6023171704388195	6.193209195344728e-07	6.316901939338097e-07	1.2501956983557095e-08	2.4404956708765723e-06
YGR113W	-17.62616375073498	0.329349206140429	2.325831678570706e-08	2.3365684051708527e-08	1.2868819737010694e-08	3.802876274626565e-08
YBR198C	-11.787183440516808	0.11865646634818978	7.645828207685398e-06	7.594230124165028e-06	6.213222437969077e-06	9.152345386387842e-06
YNL288W	-12.635224737948144	5.548983008152472	0.015247344819800791	0.02752489625598254	2.1439522833958168e-09	0.11757172955160924
YPR133C	-16.4722492842347	0.8225022303021488	9.704274075252379e-08	9.552546415890941e-08	1.7924784266135648e-08	2.6099968576321866e-07
YGR083C	-16.06838847731064	1.2517301047979776	2.2850436621508538e-07	2.3088754412749432e-07	1.340765435906705e-08	8.287653123696769e-07
YIL017C	-18.35455592689045	0.3783758187891459	1.149836218080264e-08	1.1478585424599241e-08	5.733321986780523e-09	1.9908060069988246e-08
YBR090C	-14.721976191948622	5.630103927756617	0.0067820072255326755	4.390754272983766e-07	1.1172793220269039e-11	2.382899967688679e-06
YLR016C	-17.3152796824806	0.36688636598161917	3.2106808842687684e-08	3.2311775574061786e-08	1.6518336909316958e-08	5.522971620657632e-08
YNL115C	-16.9614475827047	0.7355014361361332	5.570724064675511e-08	5.642072631535604e-08	1.2832031319791723e-08	1.4427076687570348e-07
YJR043C	-17.810980435232473	0.3688892668964965	1.9639391191776164e-08	1.9694321163513696e-08	1.0028947331970714e-08	3.373395285525046e-08
YKL220C	-17.949875923216446	1.1828476373061223	3.2455506574436103e-08	3.213793430511625e-08	2.2836037742600963e-09	1.1164751033164947e-07
YKL096W	-17.04244534367985	0.8011483179973309	5.4764110407964375e-08	5.4794108330916174e-08	1.0622346507486241e-08	1.4840764563538278e-07
YPL224C	-17.795372505007386	0.5954654521748493	2.263198070851529e-08	2.2317199953092084e-08	7.017266798159812e-09	4.977002075352197e-08
YML091C	-17.913805176904994	0.24237879229007542	1.716031285411487e-08	1.7096458033104142e-08	1.1142383172067619e-08	2.4733661838999508e-08
YDL209C	-17.636188467114103	0.1636145196582554	2.217798280978197e-08	2.2207988399573743e-08	1.6742280345641613e-08	2.8672991233860978e-08
YBR243C	-15.365707673940912	14.577790206640573	0.14596111714962134	0.286568023142006	4.443118910439617e-15	0.9999977389466104
YOR314W-A	-15.277845527126326	0.45136971509611257	2.5718136546785267e-07	2.5620624247121773e-07	1.1011095244866828e-07	4.857723938749211e-07
YER106W	-18.155374212504235	0.3268574250969222	1.3753125054517298e-08	1.3749268110384787e-08	7.611800442834896e-09	2.231005419530573e-08
YDL185W	-13.014534538314317	0.08864899676407274	2.2361138847041656e-06	2.2404973222960666e-06	1.928437360642618e-06	2.5822005798366637e-06
YDL070W	-15.476984442176168	1.3131087897079594	4.38290392824031e-07	4.312631551208047e-07	2.184916814595577e-08	1.6019577235585694e-06
YDR285W	-18.611929526226	0.4845888367712707	9.303259675606549e-09	9.290427319242353e-09	3.721790520249013e-09	1.8328692428517772e-08
YGR067C	-18.08777434843882	0.10806668037524447	1.4028439840117066e-08	1.4031948487069314e-08	1.167822065207393e-08	1.6661228946786488e-08
YGR177C	-18.144997021409786	0.2866893214340338	1.3724623107286427e-08	1.3726456572620796e-08	8.220861854453523e-09	2.1102759225528967e-08
YOR281C	-16.59977282195991	0.7955357792138305	8.545515587875133e-08	8.43398446410252e-08	1.664847993036967e-08	2.2689401025887577e-07
YOR071C	-16.134833530661986	0.6518763887600911	1.2129859925344103e-07	1.2137045138250131e-07	3.3618471083524144e-08	2.8646495736320616e-07
YPL077C	-15.299049583184521	1.9894325591381403	1.5940907962792782e-06	2.3620893035269642e-06	8.96254881594904e-09	8.823107680144112e-06
YLL064C	-13.975688397834299	50.19419685138164	0.3920867363168339	0.424645716100389	8.786201069533377e-42	1.0
YPL092W	-17.408948987366735	0.3735877588235456	2.939843791714704e-08	2.9470936112782423e-08	1.486754181261983e-08	5.078798434555615e-08
YOR376W-A	-17.627183643861777	0.3473262992747097	2.3482406208185877e-08	2.3471341808491206e-08	1.2480743942690618e-08	3.910733438792695e-08
YFR030W	-17.73218610058479	0.17292849085927456	2.0228267546790946e-08	2.0208467902755828e-08	1.4978539751957145e-08	2.6457533490095796e-08
YHR205W	-9.904869467053638	0.28051080857048843	5.21261542643877e-05	5.369697245685433e-05	3.2757329746374606e-05	8.147272104994715e-05
YAL016C-B	-17.76094284303776	0.37481674436930856	2.0687428807224066e-08	2.074565359214383e-08	1.043497327615041e-08	3.581201417150653e-08
YGL176C	-18.416711399092442	0.24637725231562974	1.0354258691754263e-08	1.034659910527359e-08	6.691769613245983e-09	1.5050963552494354e-08
YOL033W	-18.09510803932148	0.16262617648944508	1.4004181646557228e-08	1.4032981439608564e-08	1.0597768928370086e-08	1.8095658833428733e-08
YJR100C	-16.286664235981284	2.652734922975226	2.603708832048154e-06	3.0485478185946836e-07	8.962108392195853e-10	1.4767449177917918e-06
YKR073C	-17.36003303538832	0.6340998589286679	3.5463142600536695e-08	3.530681861393297e-08	1.0166991802516733e-08	8.18828701721844e-08
YOR176W	-12.436448374232848	5.850106062622138	0.021572178851390685	0.03860672345219714	2.3713527013682396e-09	0.22926209469650008
YDR168W	-14.83104546795307	0.6318367640141707	4.3980122770817186e-07	4.3700014323323327e-07	1.2733290521500554e-07	1.007665720214243e-06
YKR050W	-18.558883714716053	0.7780488529739659	1.1738438713416722e-08	1.1779580361783652e-08	2.4188068405794047e-09	3.1280654142117083e-08
YJR050W	-17.229876618913245	0.4635514900442904	3.651546139147977e-08	3.661343159406225e-08	1.533475318781851e-08	7.046901674350745e-08
YDR252W	-17.226239049800775	0.9821626923750949	5.341880735978463e-08	5.33292151034203e-08	6.552406615836588e-09	1.6532852055766674e-07
YHR056C	-17.119164398486596	2.2711917252932055	4.3188610644162646e-07	2.503859085561193e-07	8.54389409206627e-10	1.1355261149562443e-06
YOR054C	-17.903857177902815	0.818714321545261	2.330332663375257e-08	2.3400837452207005e-08	4.355078298314165e-09	6.429902311900212e-08
YBR050C	-18.065247409515855	0.29599863817172756	1.494319269096222e-08	1.4901650399719276e-08	8.76386942576807e-09	2.3195965545595216e-08
YOL038W	-10.799934395036823	3.7998141414772575	0.005212633368374911	0.007463500872927469	1.0476314049161473e-07	0.018602799041056668
YLR410W	-11.538120215344813	0.06726685624097277	9.770322201627095e-06	9.774462847817271e-06	8.733450777041807e-06	1.0889682351713876e-05
YLR165C	-17.736184882732182	0.8348521179015221	2.7681344520475728e-08	2.8080637291567122e-08	5.015047828649891e-09	7.81825965902928e-08
YCR082W	-16.556073089589468	1.1156785945128365	1.1878327670742047e-07	1.1991950978405853e-07	1.0279542913563001e-08	4.029745841164913e-07
YBL071C	-17.690776081632926	0.2292242634004053	2.1228877763833032e-08	2.1296977366122922e-08	1.4225799333113674e-08	3.024070016326101e-08
YER073W	-11.927874382557045	0.77476335316002	8.926901715876279e-06	9.672549077846577e-06	2.026189307667818e-06	2.4820238217711053e-05
YDR072C	-17.90566036383911	1.1069808697677346	3.0090846155217694e-08	3.0909856252468265e-08	2.709221275492349e-09	1.033942755886481e-07
YDR236C	-17.12690680031023	1.1042166472507016	6.83685597128493e-08	6.684058673140078e-08	5.919162245354464e-09	2.2306321903304992e-07
YOR336W	-18.58944007957411	0.3970109413691808	9.167088865720058e-09	9.134833582349127e-09	4.3934797580340495e-09	1.6220232185850262e-08
YLR304C	-10.225837484752399	0.043293002619358506	3.624049659902859e-05	3.624582860460711e-05	3.372421309995948e-05	3.8880905352846376e-05
YOR046C	-11.67649816156422	4.822156762008248	0.011451593579289359	7.699362300393847e-06	1.1352064536968715e-09	3.458189565827724e-05
YOL107W	-17.730529254878043	2.1594929024626737	2.1692668502138794e-07	2.0720550271523822e-07	5.734428267460839e-10	7.252318683160521e-07
YLR034C	-13.990528720424615	1.606844656616875	3.172708632527628e-06	3.3047638461960183e-06	6.351293889569776e-08	1.3983387686222035e-05
YER152C	-17.424703428515336	2.071403945142266	2.3121327968796003e-07	1.9063104412592691e-07	8.939207826037852e-10	7.827849912678547e-07
YBL038W	-16.40273700211487	2.319634300544997	9.95822086024268e-07	5.556505901426169e-07	1.6141851231970797e-09	2.501016114199644e-06
YDR188W	-10.426065423344832	1.5334143093807915	9.591293564970691e-05	4.176851308165266e-05	2.6188231589270112e-06	0.00013773461651159693
YCR009C	-11.416008410386846	1.5948875026363933	3.8001320848871727e-05	5.40758515052359e-05	1.1080850540104937e-06	0.00020519794963718248
YNL094W	-17.54533036797597	0.4178393811105597	2.6271387060736718e-08	2.618555803241825e-08	1.2068569483768002e-08	4.768408805837174e-08
YIL153W	-17.26455353014621	1.6843447037725536	1.250520099762145e-07	1.2011809908208348e-07	1.979085016926285e-09	4.808207995137823e-07
YNL200C	-14.011178634588711	13.097328895731845	0.14284560043518896	0.21683916490958602	5.631812985094543e-15	0.9999539403671028
YLR163C	-13.000985923624237	8.401559260522673	0.06468534577092049	0.12495753662267656	1.1238446332219037e-10	0.9646474109393565
YDR064W	-11.28673423377854	30.89471482332674	0.3584895216136113	0.4436151924469831	6.769546584837108e-26	1.0
YOR069W	-18.308187000417952	0.9965992171831229	1.832216761671534e-08	1.832215679042465e-08	2.1686693716499296e-09	5.737822947531047e-08
YOR372C	-17.495331843882873	0.6023083105194599	3.006669968543782e-08	3.022805961836257e-08	9.357652027976251e-09	6.788030422950728e-08
YIL023C	-18.220274282263695	0.34738983270104146	1.2993245494520329e-08	1.2979402885893362e-08	6.9001807475811554e-09	2.1637663445175493e-08
YBL091C	-12.135293854394101	0.8200042399331917	7.604390995725133e-06	6.789266067020761e-06	1.3746732785599917e-06	1.7665619326127588e-05
YBL075C	-10.89210038919641	3.4990040919577963	0.00308342086177626	5.7432252012929275e-06	2.1132604043640713e-08	2.3274202353410826e-05
YDL001W	-12.236586530060729	3.739808242187641	0.0018328775765634685	0.003526222179780749	4.316686461655142e-08	0.007262098237164537
YPR186C	-17.543312805039882	0.39764609344981866	2.5910026869013853e-08	2.6004109462494644e-08	1.2493431374587668e-08	4.619142139860673e-08
YLR412W	-18.086879501694916	0.37338462057259286	1.4991441972346244e-08	1.4969266946716412e-08	7.550278184403808e-09	2.579016657272894e-08
YMR102C	-15.747465927012806	0.13104907517980902	1.4614346572187645e-07	1.4608824945989385e-07	1.167236667056932e-07	1.796393818701603e-07
YEL043W	-18.138251985620577	0.2899992252365616	1.3903479843450224e-08	1.383239264760353e-08	8.231558900513777e-09	2.1361456806365964e-08
YFL031W	-14.511007871181343	6.744042232755262	0.017082839391369703	0.030369946716784595	2.0920061974248605e-11	0.12577359797166363
YLR264W	-11.082753378600453	18.732973981864998	0.2780740259837594	0.30855331488845733	1.818210254011721e-18	0.9999999989363635
YKL006C-A	-14.573194832418219	6.875506426978388	0.01961948016313523	0.024810392564902778	8.165544825872474e-12	0.0689381337442108
YNL122C	-17.30276253620918	0.3283646929167358	3.2224655040153416e-08	3.2266177659106776e-08	1.781123762136795e-08	5.24639398686489e-08
YAL031C	-18.090841649472118	0.5482066909469441	1.6139263103310813e-08	1.615577132694307e-08	5.639336518824576e-09	3.423770349268913e-08
YPR127W	-17.831338786397232	0.6647327591291008	2.2565476240965184e-08	2.2492123377034287e-08	6.040369926100697e-09	5.38062044645018e-08
YGL120C	-9.4323514549696	0.12321456850812465	8.092185433153053e-05	7.995780493721e-05	6.484064597971753e-05	9.711418231046985e-05
YHR141C	-13.428758420451183	8.405312993002138	0.05681916212235265	0.0720547606958916	2.7034105593581895e-12	0.7645473431149938
YHL046C	-15.574797349247953	2.46072000340754	3.2299719460524047e-06	4.553069378099364e-06	3.1023869819262727e-09	1.3040539891479334e-05
YHR112C	-12.89909862708823	1.3659910580991828	6.505734006759218e-06	6.039783702893315e-06	2.785560903828482e-07	2.2295385145490454e-05
YNL082W	-18.183166224339352	0.6443195258982234	1.564298867932992e-08	1.5553018847287837e-08	4.384847445173256e-09	3.640940968100085e-08
YMR321C	-16.48149830917186	14.158527966596369	0.12469556336482886	0.1513173109363715	1.2625039836324613e-17	0.999703397281916
YGR127W	-17.84084132010407	0.27176977121222373	1.8574062016509742e-08	1.8529848545483265e-08	1.1420076244080754e-08	2.792370902402083e-08
YPR033C	-13.842557187283953	2.3784275361705625	1.4877391256903095e-05	2.03554556411488e-06	1.5663693131220387e-08	9.019376145394274e-06
YER095W	-11.5040501242192	7.2165444057112	0.06024714335966984	0.10178023035621524	1.5574036289059416e-09	0.8873956115155216
YBR122C	-16.96951217972032	0.5837571335202244	5.059692581397028e-08	5.060805255533265e-08	1.6338003247642326e-08	1.1139463874825281e-07
YBR070C	-17.51107834625231	0.5302350843345175	2.8571004852701e-08	2.8532545270971768e-08	1.0363320218169132e-08	5.9255579063859574e-08
YJL165C	-16.534251547237496	0.3075132058793798	6.941599842437995e-08	6.920072143885527e-08	3.979168673201339e-08	1.094376035741793e-07
YKL017C	-17.467342329336084	0.3486391381545587	2.762136284409282e-08	2.7549289866657007e-08	1.461234340530852e-08	4.598460695824325e-08
YDL019C	-17.130783792083953	0.25819370988443346	3.7443205710296315e-08	3.7555611022644235e-08	2.375427549549222e-08	5.554544282038254e-08
YIR021W	-17.19427918909873	1.388902708742238	8.798721090216844e-08	8.394924854641666e-08	3.439758045088752e-09	3.1675237318908444e-07
YLR297W	-17.038716678151964	0.2033669275136569	4.072818333428342e-08	4.0660670594821565e-08	2.8503239708002025e-08	5.564991101210364e-08
YPL218W	-10.149470664787211	9.09919223901665	0.1312722046505003	0.17478569964649932	6.985081404164272e-11	0.9971758206967094
YHR121W	-12.237565265583678	2.982344830056464	0.00037897131798857804	0.0004906830487713711	5.304666143640169e-08	0.001073880505137593
YNL021W	-12.290501069387526	0.30342146602346576	4.794093653499437e-06	4.69298271147652e-06	2.746568928128986e-06	7.309406421402225e-06
YDR200C	-17.854376528842245	0.26141550302924305	1.8259455636235766e-08	1.8231539179620962e-08	1.1460084392356497e-08	2.708306168301226e-08
YGL004C	-17.95858387482526	0.43476484154240785	1.7427775083266062e-08	1.7436220566654764e-08	7.758690208658094e-09	3.240987861077738e-08
YBR170C	-17.063507334293668	0.720895962820236	5.037978861389313e-08	4.996184699244243e-08	1.1827763178315185e-08	1.2572175261448706e-07
YDR434W	-15.694901860312664	2.3362270112218253	2.043207603774149e-06	4.1359193682013724e-07	2.7446447332307006e-09	1.896947420760958e-06
YOR042W	-17.642076238022987	0.3031873417822348	2.2878216327816598e-08	2.280323501550022e-08	1.3223188916488055e-08	3.585334355442343e-08
YNL111C	-13.8485281994735	4.760800416011505	0.002935478372415637	0.004411121029450944	5.210609157307107e-10	0.004428062803177067
YPL146C	-15.36890249579387	0.8178173612067602	2.939853941915423e-07	2.9287769122533295e-07	5.4880431532127936e-08	8.026071084200187e-07
YJL016W	-16.43066136037755	0.29351917231044583	7.612563775703586e-08	7.6371344506988e-08	4.5119121483282216e-08	1.185059651228151e-07
YNL333W	-17.278870272676564	21.074633169928084	0.21432288946913633	0.3206192504694736	2.2085925015735936e-21	0.999999999612361
YOR051C	-17.10277824114832	0.7743845915123244	5.072350293232589e-08	5.0311929358201175e-08	1.0437585549103973e-08	1.3303406252187382e-07
YPR016W-A	-17.64609074661798	0.2754945771038231	2.252647805566575e-08	2.2533410406675787e-08	1.3784647085922874e-08	3.412099961044605e-08
YGR081C	-17.7448575485841	0.28816160406129004	2.0488029999430183e-08	2.048057408874464e-08	1.2230484486797913e-08	3.154773057636279e-08
YLR272C	-15.892289557033061	0.7097661369502323	1.6098190308978324e-07	1.623431356559218e-07	3.908378298545117e-08	4.060458749410312e-07
YPL005W	-17.970288039877182	1.6612803057355017	6.59394194280274e-08	5.1571790121361715e-08	1.0016237911608837e-09	2.1008083052101902e-07
YML018C	-17.155909434227347	2.7777341636457553	2.202194537149528e-06	1.096369325553288e-06	3.737611205080369e-10	4.046184283449523e-06
YFL053W	-15.637599969058053	26.58048163959769	0.2838909630940449	0.5568114116887495	6.442001183583313e-18	0.9999999999999998
YGL089C	-17.056162679794348	2.0176704678274135	3.4204704763774355e-07	2.668515597688712e-07	1.4118180556847897e-09	1.0403945077393006e-06
YLR249W	-10.16560905653109	0.04131326277315871	3.850257005515453e-05	3.850062136708679e-05	3.594200647590819e-05	4.117178005170855e-05
YOL143C	-13.746554575461184	1.8106128158682206	5.148289823353308e-06	3.5853200879839926e-06	5.294982183646561e-08	1.4874710346123193e-05
YDL199C	-17.908050472929013	1.3422952079510106	3.9588958680729084e-08	4.0451681675237816e-08	1.8313245708377393e-09	1.4963634222733242e-07
YNL121C	-11.462671867867309	0.8679678057451916	1.5401725984537234e-05	1.2908640436506859e-05	2.5715383956136554e-06	3.2978638146063094e-05
YJL180C	-17.223888566867522	0.8160453841638998	4.6334097005806455e-08	4.615514402549405e-08	8.633981667234986e-09	1.2652463405231606e-07
YLL026W	-10.362558096408018	1.0070371921559027	5.2026654086696006e-05	7.719168703095253e-05	1.1936995608018074e-05	0.000224850994552142
YPL228W	-17.48954437836523	0.9118784475251479	3.8740782182152377e-08	3.835206187820266e-08	5.6533858448153105e-09	1.1322212105090763e-07
YIR030C	-17.485982104354612	1.1588305649669246	4.902296438346631e-08	4.6640664070605496e-08	3.7292758674964566e-09	1.5907028313964797e-07
YOR002W	-15.11468444082943	2.2948761677447362	3.7692263868858817e-06	1.6927339347084947e-06	6.2333842344260034e-09	8.236625980113345e-06
YGR152C	-15.88137540000839	1.380714418183625	3.389114271218026e-07	3.0393288992345813e-07	1.2930869100379414e-08	1.1466789842684838e-06
YIL156W	-17.207141052430366	1.0727359642755339	5.9072885231075705e-08	5.91330736042101e-08	5.743559298932378e-09	1.938345136087844e-07
YOL139C	-9.79393523901758	8.827210494916043	0.13857680455593605	0.17966032709890137	2.048710606076054e-10	0.9969816100776293
YGL027C	-17.725833585304777	0.1795850679499292	2.0383814135452052e-08	2.036153534551387e-08	1.4909836692932e-08	2.6919294188818115e-08
YGR142W	-17.928380206657444	0.4648154564964121	1.8219242959254983e-08	1.8213666359926934e-08	7.610561245706254e-09	3.5093044916731585e-08
YGL228W	-18.221319225726752	0.11712957928122847	1.2263523842899369e-08	1.2290794809731358e-08	1.0067099200742681e-08	1.4799902543081483e-08
YHR201C	-17.938556588015622	0.18422974980205506	1.649942451593119e-08	1.647101922808021e-08	1.1957551963908518e-08	2.192145477925072e-08
YLL059C	-17.683658993680133	0.27987421775245547	2.1735390668083318e-08	2.1726458097261054e-08	1.3180992567866194e-08	3.310029247039693e-08
YOL015W	-18.46987087197426	0.18488814160675796	9.698553386118251e-09	9.683577291863028e-09	7.021414395484518e-09	1.2900080223420744e-08
YBL064C	-12.277958015533793	2.025195091032405	3.425546837506888e-05	5.659878684222079e-05	2.3072760710051513e-07	0.0002109392968007134
YJL197W	-18.3954447149817	0.16284356189160762	1.0386866761362502e-08	1.0392035635748552e-08	7.843527430832862e-09	1.340238144031089e-08
YKL040C	-15.448108579695097	0.8334997928366109	2.742475190149315e-07	2.680547835786078e-07	4.9012533143704066e-08	7.386973973696052e-07
YLR143W	-18.12190767854276	0.4235112897251623	1.48529535225252e-08	1.4744604133930704e-08	6.712822010243101e-09	2.7040655181717985e-08
YER062C	-14.2813490378257	7.8951731015173126	0.04087591607153005	0.06258525339110335	6.065495448596728e-12	0.6074784904620237
YOR067C	-14.248116690331651	1.2813239086102204	1.4451324598977758e-06	1.4594818515397214e-06	8.014354302253022e-08	5.438882823364823e-06
YMR178W	-15.338806873413839	2.714867565682542	9.89380289798563e-06	8.933597400649009e-07	2.1060819007955157e-09	4.311044636400033e-06
YIL046W-A	-17.38379999074909	0.5720333563205452	3.358687905191266e-08	3.3191564243117564e-08	1.0996487772057063e-08	7.214007002668364e-08
YFR025C	-17.638152466382003	0.3577084247156028	2.3265201492396053e-08	2.3308080826235342e-08	1.2135357621216892e-08	3.9368208479780094e-08
YPL014W	-17.377589289092562	1.6625941734574985	1.0944432264742316e-07	1.2332005074440698e-07	1.8516719581366484e-09	4.587346679309617e-07
YDL178W	-15.171843516051874	0.8854098817572452	3.8497866177120816e-07	3.8507616995350984e-07	6.02069645228966e-08	1.1195030932537496e-06
YIL148W	-10.846297615841602	23.91948568496127	0.3163706801157559	0.3903085633248218	2.2305761806867086e-21	0.9999999999999449
YDL027C	-17.5983511795393	0.784467342065733	3.122885661381311e-08	3.0874066999648204e-08	6.2541075229466805e-09	8.239870176456104e-08
YMR258C	-17.578323427435812	1.5868515208293443	8.565304623043648e-08	7.705306492445747e-08	1.6981672176148898e-09	3.0404273678183903e-07
YJR121W	-11.028420171599416	3.9620522164770158	0.00600122965831599	0.010592019531321053	2.5043005872075447e-07	0.03089200042122345
YKL107W	-16.795743245057515	0.9743943788175681	8.112368797655884e-08	8.184008645447995e-08	1.0223391949110281e-08	2.526299285483466e-07
YDR260C	-15.028426916477608	0.8571484286546298	4.337017826379055e-07	4.2330319857634334e-07	7.219521838678933e-08	1.1946570241954496e-06
YHR063C	-16.74777690285641	0.9045076433839084	8.048726652002404e-08	8.067552783870029e-08	1.2049863340938321e-08	2.372610673379256e-07
YLR152C	-18.335766868426568	1.2268311966238648	2.3567295402237878e-08	2.3166658260460304e-08	1.4468737661017925e-09	8.206862391265263e-08
YDR051C	-13.601278220238735	1.9497026334866498	8.326767748170334e-06	1.523719489187984e-05	6.141077432686162e-08	6.0808349182871404e-05
YNL027W	-17.69326394694958	2.775885544219858	1.1277135684796884e-06	3.33027258042919e-07	2.1046401681940145e-10	1.4782716604580024e-06
YNL216W	-17.26672104982294	1.1724489254415493	6.368219091415893e-08	6.014323004361877e-08	4.5654970770553055e-09	2.069858578638548e-07
YNL116W	-16.820877582177623	1.9529828688456385	3.3896713663280223e-07	2.009053219965521e-07	1.925960559691381e-09	8.805887783448461e-07
YGL155W	-17.346653046749402	0.6193507664421243	3.516007679180976e-08	3.5477247667712846e-08	1.0567706116070878e-08	8.10788980638414e-08
YBL100W-C	-17.183383806485786	0.2848456878136868	3.5802615067588835e-08	3.588737196348221e-08	2.1560548078522017e-08	5.503598368727665e-08
YGL107C	-18.34365869906555	0.9192003376064378	1.6354727551618533e-08	1.6484070578499726e-08	2.381082497145547e-09	4.899209748930751e-08
YNL262W	-13.168841689207463	0.06797052292416943	1.914137734450862e-06	1.9094247894034544e-06	1.70368160174265e-06	2.129917047581974e-06
YLR037C	-15.328597526001383	42.6369699111153	0.3637334673241023	0.4394787824729155	6.017226548552798e-36	1.0
YHR183W	-10.765719425217819	5.065934758106364	0.02327046448334257	0.0390056939778764	1.0607308403760335e-07	0.2357795314976964
YPR072W	-14.506509438616328	0.9404727947914712	7.833726494810931e-07	7.961597282833502e-07	1.0747265771302508e-07	2.4184609904765026e-06
YDL127W	-17.590837094664444	0.4332433480116874	2.51922095453941e-08	2.5181017836843033e-08	1.1235355491409964e-08	4.673088815686952e-08
YPR096C	-17.61206772445525	0.6494989107367023	2.751953798610956e-08	2.767333384052508e-08	7.704126958799948e-09	6.513635158401063e-08
YPL280W	-16.947122141828864	31.60712467414403	0.2942229038951503	0.3922133306324975	8.450676410482108e-29	1.0
YOR037W	-18.2192208788992	0.39469128337845927	1.335586940960185e-08	1.322210281419093e-08	6.39036765955683e-09	2.3398373552726054e-08
YNL298W	-14.810427119337826	0.255090175120225	3.8149225225047656e-07	3.809516692821183e-07	2.4254403174596975e-07	5.604717123921032e-07
YGR264C	-13.52375854455108	0.22442456653170298	1.3759141524986404e-06	1.3724311384120149e-06	9.25169355639472e-07	1.9351837667467704e-06
YML083C	-17.232082291499815	0.4585650454367743	3.662897422771541e-08	3.644910893349196e-08	1.5427112810086547e-08	6.973992161681963e-08
YPL079W	-12.055222894466121	9.4147191238431	0.1042233742889655	0.13467045915653686	3.992886606566711e-12	0.9896619800203564
YIL144W	-17.31035768213855	0.7199910660630732	3.9370564886086634e-08	3.9335195036477084e-08	9.286376225166739e-09	9.909863786917526e-08
YJR059W	-14.578340849614458	0.5344879282140347	5.352805754890836e-07	5.261929682364534e-07	1.912798240692178e-07	1.0902946342169723e-06
YBR145W	-14.534551389981923	8.470091211290516	0.05041713915891702	5.489383776158267e-07	5.988430750523578e-14	3.1624251422001064e-06
YML126C	-12.072990843765135	0.780656508959253	7.813396856157387e-06	6.864553789557457e-06	1.5618549070087063e-06	1.6975712188961236e-05
YMR037C	-16.501828875357155	0.7930999060339328	9.169088640056367e-08	9.415385179863915e-08	1.85293123406669e-08	2.540369365515979e-07
YKR043C	-13.969171286179469	2.1293457385388366	7.647679967794835e-06	4.446814109336841e-06	2.5650980492922518e-08	1.9309295208780406e-05
YGR249W	-17.934186952647856	0.7616036293530959	2.1819447120908367e-08	2.1528551427194515e-08	4.624615342507045e-09	5.6175695241350694e-08
YPR111W	-14.816361455735157	1.030215519439783	6.268788970769254e-07	5.630686859015698e-07	6.575003526307075e-08	1.7656670551109657e-06
YIL014W	-18.462993859423428	0.3261396602434507	1.005765680557682e-08	1.0108853413359762e-08	5.602774571799626e-09	1.638290228622459e-08
YLR402W	-14.821545642852422	1.5350145233879045	1.1091162221416742e-06	1.2462071383206501e-06	2.9489804065028538e-08	4.797667619551089e-06
YKL065C	-16.01790476426772	2.0803008494749795	1.0535518740343259e-06	6.194498202992206e-07	3.525556619884919e-09	2.6732055925314514e-06
YBL027W	-11.31476271972583	29.390226102730796	0.3444114338652551	0.45314254274915505	1.797652928830349e-24	1.0
YNR011C	-17.85896749432954	0.06665088755380297	1.7603408328350436e-08	1.7575708778558163e-08	1.5715696393733888e-08	1.9566717079891762e-08
YHR068W	-12.524861759587063	21.54660493873559	0.28223732157552767	0.4622018573089679	1.8007134817836536e-17	0.9999999999991958
YOR330C	-18.16296752238936	0.33215344006415765	1.3597543361700438e-08	1.3675462999868917e-08	7.492613666407387e-09	2.2334831484028435e-08
YDR003W	-16.981255451894818	1.8494292496790548	2.720985254632094e-07	2.619882527761592e-07	2.0252308500472555e-09	9.460739113237872e-07
YMR117C	-16.231794494314222	1.3201342935019496	2.11830152489094e-07	2.074809471057953e-07	1.0131733580336365e-08	7.649480582475976e-07
YLR099C	-16.92878071548052	1.5424417305877571	1.515614634712837e-07	1.371746219572081e-07	3.498334248270977e-09	5.390389631546825e-07
YER162C	-18.170356228271835	0.4834117421390918	1.452999380501548e-08	1.4417542681028356e-08	5.7946838158177464e-09	2.838282261997118e-08
YGR154C	-18.272651888074456	0.24848123081159898	1.1930051705117273e-08	1.195830830414075e-08	7.701949885773966e-09	1.7443361115378704e-08
YFR002W	-14.645325894068216	0.47864494392271595	4.876636549418602e-07	4.854619236092323e-07	1.9754973099759003e-07	9.489310329633062e-07
YHR186C	-11.78690142735372	0.136658716066297	7.654760774488188e-06	7.689374690961257e-06	6.092657996149898e-06	9.522115307836333e-06
YPL217C	-12.872375078871253	0.4433073469265722	2.8337909678917193e-06	2.9698632952349683e-06	1.2804984271888898e-06	5.619632502183459e-06
YGR087C	-14.942571891145187	4.46420265769688	0.0010054070798636578	4.37661522030772e-06	1.6554794886199374e-10	2.208036598211628e-05
YGR221C	-18.75670126289419	0.0949682068090888	7.1783682315776246e-09	7.178204210295729e-09	6.1116285438324655e-09	8.353093337699174e-09
YDR049W	-18.516180024097544	0.35682784903720366	9.734814712423885e-09	9.686179935733552e-09	5.053679868646004e-09	1.6337841112830823e-08
YGR200C	-17.866746870707125	0.4225144968551593	1.904059630569757e-08	1.900173542490189e-08	8.672398788482873e-09	3.479633292789509e-08
YDL021W	-15.48787829605221	0.4428361791296692	2.0711654152740426e-07	2.0516200364830534e-07	9.006757119539264e-08	3.8416878169427e-07
YCL030C	-14.904213218768698	0.027759523627107843	3.368970750363223e-07	3.3677508255846833e-07	3.216115484698934e-07	3.5236630613585346e-07
YKL068W	-18.93302616915839	0.34121130766882607	6.361022404583044e-09	6.347978595472865e-09	3.41580498220531e-09	1.0495789235102964e-08
YPL144W	-16.96707308114214	0.6894073195442593	5.444483495138555e-08	5.4252590878462156e-08	1.3750002635481902e-08	1.3283928647467548e-07
YKL080W	-11.69995769729662	1.83620375462961	4.6008392779444586e-05	4.6792025203025575e-06	2.2946293162957752e-07	1.5737856397412524e-05
YER026C	-13.642954642470565	6.719134567119742	0.025416349665094998	0.041255156533172	7.536151511263044e-11	0.2607694037802887
YBR148W	-18.532789496814935	0.38865389338717027	9.660402679935041e-09	9.635169572101457e-09	4.713980043108635e-09	1.6920981527562544e-08
YER184C	-18.589382632687325	0.16914401305163285	8.5588904094702e-09	8.568584175380237e-09	6.394106099615359e-09	1.1154560546168778e-08
YLR177W	-18.656084317009068	0.6620344844173054	9.842172681128045e-09	9.836774836051e-09	2.6595536154906125e-09	2.345644641783825e-08
YNL096C	-11.827879442768742	33.51731121731561	0.3581270483373029	0.471794823845422	2.57504923235151e-27	1.0
YOR107W	-18.22880403370886	0.2011423526220601	1.2355439496670558e-08	1.2362664727883562e-08	8.702320948218911e-09	1.686114656363203e-08
YER024W	-16.61173168671025	0.530008666272695	7.053065540341869e-08	7.02101393283994e-08	2.5504134779281837e-08	1.4584309390823892e-07
YGL249W	-18.520644974888405	0.3709410052690399	9.698689994982655e-09	9.692901703801722e-09	4.912792454938959e-09	1.6656584926912745e-08
YCL057W	-17.769625940237297	0.2771320552006578	1.9931384460973926e-08	1.9923119464098405e-08	1.2155326793421481e-08	3.0237074456603015e-08
YHR041C	-14.40787591251951	4.697706738026183	0.002450485213496198	0.0035346854616712872	4.0009893279084735e-10	0.003529871375237816
YMR068W	-16.4834793115378	11.286526681562655	0.0761023643416799	0.15629897845963947	2.6629340499516906e-14	0.997148482414507
YDL048C	-17.368751589435256	1.5943625243277	9.93569343723387e-08	1.0019166084602273e-07	2.0736145901298167e-09	3.9232129408770554e-07
YLR389C	-15.842608872081607	0.27584044209949077	1.3741268947673058e-07	1.3684992515659713e-07	8.367239776104962e-08	2.073492337937737e-07
YNL289W	-16.372576594317202	12.031187946102914	0.09150594490051088	0.1489197778405436	2.0234292339109116e-15	0.9980700297081032
YBR196C	-10.763559162610315	1.1947293576569926	4.3976947707797445e-05	6.363628005238066e-05	5.3823612878004235e-06	0.0002085371785358807
YGL145W	-18.73678600377111	0.9628166361915873	1.145658079188038e-08	1.1568076599067878e-08	1.4935263294386069e-09	3.5417202892516615e-08
YHR005C-A	-14.005594045419409	4.439204963290971	0.001751026019415245	0.0022916370649822973	6.799292745424591e-10	0.0019430799339682184
YPR134W	-18.13105969712428	0.3640220182883775	1.4318747099401869e-08	1.4274656973356756e-08	7.34046972985142e-09	2.429879882500628e-08
YCR047C	-12.638925170119316	2.2472518689647227	3.986997327551584e-05	6.778522641206823e-05	1.140343118975529e-07	0.0002357417724679356
YDR122W	-17.916334187692833	2.6738499613493496	7.449769480275186e-07	1.6299835496315391e-07	1.9343772368103407e-10	7.589898319963256e-07
YDR322W	-17.412768376519075	0.8668536814867608	4.002075589636386e-08	3.959929608395599e-08	6.565178617982315e-09	1.12925820224384e-07
YKL103C	-16.4673837183554	0.47444567930138315	7.90328409170366e-08	7.840954373572817e-08	3.216505627540522e-08	1.5250814370381695e-07
YEL051W	-10.046721384097461	4.855660215226576	0.027711881419412273	0.034973937585340065	5.733301105477257e-08	0.19553523778276646
YOL091W	-17.842673843690996	0.5199651560713703	2.0320555737007233e-08	2.0383686622853196e-08	7.571837232187931e-09	4.185670995859264e-08
YOL077C	-11.892466030484636	4.16835643158138	0.005451022711149906	0.007269101416822119	2.0653139459796378e-08	0.015440160030011722
YBR270C	-17.362650058149434	1.3933889534000403	7.460214925779958e-08	7.677006998780718e-08	2.9111273678688015e-09	2.876111604157445e-07
YDR147W	-18.244573620490833	0.26095830809215603	1.233410751926358e-08	1.2337114760456886e-08	7.76019514771053e-09	1.8311728843557132e-08
YJL185C	-17.434659969870104	0.3102272517830028	2.8074162762420076e-08	2.812493118050163e-08	1.608354376289167e-08	4.4630711656660335e-08
YDR239C	-18.75455427090578	0.3259962634131022	7.547763116774212e-09	7.552390808383913e-09	4.188988440876567e-09	1.2236731252783508e-08
YPR084W	-17.733729109161636	0.7337978300710023	2.624630942111131e-08	2.6010311677904683e-08	5.937517696747497e-09	6.63825250902213e-08
YGR229C	-17.56501664803813	0.25115129018089144	2.4379637514332707e-08	2.4283244221621504e-08	1.5566391789002866e-08	3.5551495635606656e-08
YDR205W	-18.656910420127083	2.372361188460565	1.2521896765336245e-07	8.580514135616891e-08	1.576334333261047e-10	3.436884729970713e-07
YKL185W	-17.807114347703596	0.27464681995175444	1.9196702328638875e-08	1.9173440454817855e-08	1.1750875291962626e-08	2.899306810098707e-08
YKR103W	-18.702070106629385	0.4873774945566221	8.501790318473846e-09	8.495184888847338e-09	3.38277767736415e-09	1.6812699213787403e-08
YGR276C	-17.803855735220118	0.5279801190996741	2.129941715429621e-08	2.130301775707783e-08	7.774907362483249e-09	4.4164381169436073e-08
YNL318C	-17.331052148009753	1.4689789219663076	9.380587005927234e-08	8.353607025818254e-08	2.640832770949415e-09	3.216205774783638e-07
YLR438W	-12.529280225543468	9.487174988118229	0.09604224089733826	0.1729268550493459	4.0480133854897236e-11	0.9962477880292244
YER118C	-12.277311630376923	4.4180472895241225	0.004912548980379142	0.009463256215250022	1.4138427469623034e-08	0.021862400469285875
YGR274C	-16.605067349527367	0.14315798264438195	6.21426502317953e-08	6.208370710273063e-08	4.855555663692431e-08	7.77647472634712e-08
YMR264W	-15.377946270361415	6.605788202857872	0.011551729039728755	0.01939864597719305	8.03999755521918e-12	0.04116667601422623
YDR372C	-12.172393903489999	1.5605875786191286	1.8478144668207266e-05	2.774806306456009e-05	5.423485962858745e-07	0.0001063895290954712
YNL139C	-18.437508758529425	0.20843074375029075	1.0026974268090768e-08	1.004591775630218e-08	6.976604767655817e-09	1.3849992837186473e-08
YCR028C	-16.496134335983648	3.017457778939721	4.981690569708006e-06	2.6155975831277423e-05	6.065991612523127e-10	6.445740645609705e-05
YGL108C	-16.589822914212114	1.053689164238085	1.0795722954844147e-07	1.0853736020533307e-07	1.100638517662396e-08	3.5190163613842946e-07
YJL127W-A	-17.54390967287413	0.3436182357474104	2.5369871739741904e-08	2.5488698507853103e-08	1.3647638569941017e-08	4.226866687596601e-08
YKL077W	-17.58116206141944	0.6536616376573336	2.8591685162595162e-08	2.846268822264171e-08	7.866944402606295e-09	6.721794334820048e-08
YBR267W	-17.587952498427462	0.5095530757974616	2.6211583568593176e-08	2.6162622501499663e-08	9.937358524791379e-09	5.308419676616099e-08
YOR308C	-18.297408206381938	0.23632677848466688	1.1626399042144062e-08	1.163088419786926e-08	7.665504294991262e-09	1.6680303853312415e-08
YNL029C	-18.093156681738897	0.35770860948449407	1.4800147915093544e-08	1.4789640292559595e-08	7.699218219866446e-09	2.4976982528198946e-08
YDR079C-A	-13.98985318454738	3.2855784991771997	0.0002199577806540047	5.881534468270264e-06	2.918697783309771e-09	2.317527542191362e-05
YPL138C	-17.558685964170714	0.5095344377876396	2.688869451262765e-08	2.6957672128343604e-08	1.0232802238186103e-08	5.470365582649414e-08
YBL023C	-12.387356891319493	0.08185864898857596	4.189220875703898e-06	4.1982727412596345e-06	3.6565063354112746e-06	4.788461212684911e-06
YNL147W	-11.56233087177038	4.882299953855641	0.0137532097858101	0.016024867489930077	4.868800599003604e-09	0.043048083999868286
YGR098C	-18.4084097634995	0.25956637783943226	1.0423906708985479e-08	1.0465365401399195e-08	6.602598232051938e-09	1.5502523831108622e-08
YPL192C	-17.80258219269394	0.5336632953882702	2.1541322732645764e-08	2.1386040650309512e-08	7.705794019087393e-09	4.459790241915158e-08
YJR049C	-15.217157059939334	0.2900194575808669	2.5553295222523276e-07	2.5682323295259937e-07	1.5278579583572432e-07	3.9669990629428103e-07
YPL189W	-18.091242411167464	0.318569529589785	1.4657253514047315e-08	1.462612379801113e-08	8.231661286425946e-09	2.3477886265109656e-08
YOR303W	-15.564336270087503	10.975612888402404	0.08382445284521162	0.16188654171214115	1.174703518025473e-13	0.9974009748198245
YBR139W	-17.154489605564727	0.13408887991069401	3.5843151757372674e-08	3.5788408482682916e-08	2.844550616187495e-08	4.421804971512891e-08
YDR138W	-18.81994307561485	0.27074640512045406	6.935199304861794e-09	6.957504479403133e-09	4.295299544018031e-09	1.0467317012382547e-08
YHR134W	-17.512322502902812	0.6485565937494877	3.029351426421071e-08	3.058691404994738e-08	8.525425726648765e-09	7.200661849721457e-08
YDL203C	-18.27053020355465	0.3543619822886875	1.2389004273175329e-08	1.2373915984220097e-08	6.4871464321671325e-09	2.0802672342723873e-08
YKL178C	-17.443632923729588	1.6214174974978641	9.462222668748066e-08	9.972115231788737e-08	1.8449620239683056e-09	3.8551894175605843e-07
YKR083C	-17.37015491452707	0.29806624929021786	2.98733410504623e-08	2.988006234362567e-08	1.7502181906879142e-08	4.666256885029666e-08
YOR392W	-17.4793505509087	0.6035845612149968	3.027161684258192e-08	3.076145052532484e-08	9.497609190124224e-09	6.918543687246478e-08
YHR203C	-10.721764448921883	23.507649698734674	0.3239454330429272	0.45272397095091754	1.571287504266717e-19	0.9999999999999811
YDL142C	-17.656058352008536	0.7884974116429512	2.959687642298258e-08	2.927009336430571e-08	5.864372638331039e-09	7.839296648876092e-08
YAL014C	-17.22805316279932	0.5400241511888229	3.849674071534554e-08	3.808773742376673e-08	1.3545142278504266e-08	7.99822631915534e-08
YPL057C	-16.112674741504584	1.809072440244883	4.935437478624492e-07	7.212416516994041e-07	5.263437881724711e-09	2.5728526779069602e-06
YER172C	-18.242174601379652	0.10382791227315707	1.2028743128652958e-08	1.2021010890078022e-08	1.0077427241219706e-08	1.4183092583732049e-08
YPR170W-B	-14.402428134556382	20.999715694145937	0.24626757636520252	0.28706254293930134	2.1941422317728284e-21	0.9999999995920541
YOR168W	-11.430460490105313	0.0413352252042458	1.0864256663960936e-05	1.0870262801155968e-05	1.0146991208184776e-05	1.162432126960366e-05
YMR225C	-15.172444200369634	0.588208994031301	3.048550377394722e-07	3.045141088386078e-07	9.755486540212155e-08	6.724138826452646e-07
YLL008W	-13.303625993235025	0.1519991324243386	1.69278987364083e-06	1.6855723358342888e-06	1.2977525698727462e-06	2.138731811208138e-06
YMR207C	-18.51156739063385	0.14821695166354673	9.238936523425875e-09	9.230408262111948e-09	7.153842643946366e-09	1.16496121438222e-08
YGR163W	-11.276497599807906	5.422000457895973	0.02485431811148694	0.03824763933815302	1.1334248006814e-08	0.22777205632465766
YOL044W	-18.097650956909042	0.47536581163429575	1.5354147979853997e-08	1.5459817576786174e-08	6.314788915755001e-09	3.016897478944158e-08
YPR149W	-12.998208185127575	22.184341358084566	0.2790312671619826	0.36363181228754504	8.714471082680535e-21	0.999999999995931
YGR130C	-18.150965730944286	0.5858653568951857	1.5544242476269664e-08	1.5517205770121123e-08	4.9909931144831e-09	3.4201786184348094e-08
YBR058C	-18.31556966027069	0.09318794531013871	1.114779770823565e-08	1.1156544159389032e-08	9.529624410543164e-09	1.2946660903876863e-08
YHR130C	-17.522923878736897	0.7492936383526295	3.2483162842429845e-08	3.2441549155507234e-08	7.146205587918455e-09	8.397384046460335e-08
YNL229C	-11.063667482362641	3.492730865390873	0.0023349268660310114	0.004303736822616644	1.8738530872533468e-07	0.010372659816296459
YJL145W	-16.626799452734254	19.882328619923694	0.20617813866283674	0.32924823280465104	5.731246642959452e-20	0.9999999987904438
YCR091W	-18.46202603168144	0.790882929047118	1.3230143098616808e-08	1.3095919022094553e-08	2.6090858848154836e-09	3.510759509604551e-08
YKR048C	-13.58112939073994	0.902583812191803	1.8907141849739875e-06	1.6906372765714343e-06	2.7745082631838345e-07	4.7874656616167105e-06
YKL079W	-18.111335377679048	0.9059073519584723	2.0352538511616078e-08	2.0539679976639928e-08	3.070207120096162e-09	6.038050169526332e-08
YDR121W	-17.0151949545479	0.6382393213093683	4.940080645087625e-08	4.995396820319648e-08	1.4255867257008212e-08	1.1638812425128624e-07
YMR230W	-11.758717969926645	20.366602866716313	0.27701516214909455	0.332039534158975	1.3237921571970153e-19	0.9999999999220803
YLR082C	-17.640642532344778	0.2720769733415162	2.2667644829517246e-08	2.263771352676387e-08	1.3944237342724053e-08	3.4115262515022133e-08
YMR027W	-17.267582349705613	0.5695710715929412	3.7343067461379743e-08	3.7223697267123396e-08	1.240187758146717e-08	8.070372943704199e-08
YPL054W	-17.212896257865346	0.3799459186784217	3.597036557487338e-08	3.594377855207759e-08	1.7899343570183104e-08	6.243656709694129e-08
YDR058C	-15.939337204011231	3.9868180308974073	0.00017466438779535626	0.0004113564801009173	2.503004889987883e-10	0.0004047668141034357
YLR381W	-18.65200944683688	0.4519197927151941	8.837073595326486e-09	8.787283266777479e-09	3.772977102090936e-09	1.667524432237634e-08
YOR350C	-19.141514543321087	0.5489333443607946	5.604262547341119e-09	5.6507148193500166e-09	1.9697311238421774e-09	1.1987312069003066e-08
YBR049C	-13.677819715951907	0.2156071077330061	1.1740953020776435e-06	1.1810347479442208e-06	8.082887396819866e-07	1.6457897060060236e-06
YOL119C	-14.565463719206443	1.0682632483137975	8.254790107737567e-07	8.121296678235736e-07	8.10785748150323e-08	2.655227242450122e-06
YDR370C	-17.62165480560447	1.3677107000306992	5.8084582514035814e-08	5.543376474732804e-08	2.3335678770991035e-09	2.0679942532266326e-07
YLR323C	-17.50605824658937	0.4654460424509888	2.7627421921895362e-08	2.781067921092639e-08	1.1597859738270107e-08	5.3629804273946855e-08
YHL027W	-18.317336709552315	0.3565918905065095	1.1820432787215702e-08	1.1808717037624728e-08	6.164318071109291e-09	1.9912922621005553e-08
YGR026W	-17.266205035507433	2.982228688284618	2.2296849321974633e-06	5.578376632875146e-06	2.4874301243171365e-10	9.596817402692354e-06
YBR044C	-18.10492801490995	0.9097703918811416	2.0616943684565702e-08	2.0602850588318395e-08	3.061442677206373e-09	6.07121040944144e-08
YKL041W	-14.608738514762942	1.2365815026417941	9.66697811695757e-07	8.819269263870006e-07	5.835490967894531e-08	3.1329190232311313e-06
YKL078W	-15.175331361716369	0.37419935133163507	2.7376423993899617e-07	2.7401874853848137e-07	1.3821314415098184e-07	4.719589840288924e-07
YKR082W	-17.940593773871065	0.33709813363019586	1.7221005563937084e-08	1.7108508306602428e-08	9.282747707582305e-09	2.8139843679649243e-08
YFR005C	-17.800051134422525	0.470682779117658	2.0674218470847762e-08	2.07695416370363e-08	8.569462959288443e-09	4.0314772101866625e-08
YNL104C	-8.976215828123665	0.6033844550669625	0.00015190085156481924	0.00015922213294386	5.099169408220839e-05	0.00035326247765129484
YKL216W	-13.245006341691758	1.4283391105513759	4.971921250103795e-06	4.5096463852350525e-06	1.7309377140372972e-07	1.7273980685574034e-05
YIL115C	-18.170999526301735	0.21679658262200688	1.313909914671317e-08	1.313679366207447e-08	8.98266591790553e-09	1.832369727563741e-08
YNL246W	-15.493289215833054	0.9351759446264496	2.8931545434002457e-07	2.872145044770174e-07	3.99909225443661e-08	8.620630389024806e-07
YBR161W	-16.63932165561068	2.5383768958403183	1.555957791635431e-06	3.033605405002147e-07	8.243657945854333e-10	1.4636816046545136e-06
YLR281C	-16.595084307825296	0.487641469015227	6.999002666368285e-08	6.989509494995547e-08	2.7827607341495355e-08	1.383178074481332e-07
YGL259W	-17.774382609634763	0.8564324555752196	2.8183577307901893e-08	2.7404532958338737e-08	4.6522053765213975e-09	7.754295089475825e-08
YHR147C	-13.484144153838267	1.5832279106573575	4.604511283390216e-06	2.8459998886158022e-06	9.522399202352994e-08	1.100802423868657e-05
YMR007W	-17.674240537796273	0.27256652289029387	2.1810377905236683e-08	2.1891066110759678e-08	1.3466793068860309e-08	3.301464890426494e-08
YPR199C	-13.687630891735305	0.8104511944180623	1.574006229151671e-06	1.4842254189388507e-06	2.9307388195631826e-07	3.97742382971176e-06
YNL234W	-18.043766010749955	0.3154618162631623	1.5287502243946443e-08	1.531392617780721e-08	8.671758017321505e-09	2.4469163953695073e-08
YGL219C	-16.302815924755983	17.218951800548368	0.1736525102958574	0.3412960878860682	9.573331358113447e-17	0.9999999696945869
YGL018C	-16.678834930259605	3.524984831367566	2.8112956258982143e-05	7.546007166814758e-07	1.4778760969561965e-10	3.6670602576049346e-06
YDR409W	-18.10183442307693	0.17162019205804374	1.3978111545612233e-08	1.3958398119586503e-08	1.0369280748057483e-08	1.823724440000813e-08
YKL120W	-11.164294297625881	17.99543419417223	0.26724268137881196	0.40441899183483304	1.0513414709467595e-15	0.9999999996804889
YLR375W	-15.11072951922774	1.042885280878795	4.572086628956698e-07	4.6749405194676715e-07	4.9173665409918825e-08	1.5072338635632187e-06
YGR020C	-11.697176310984057	8.993873512161011	0.0990947499715341	0.12192484703864073	7.625696575062955e-12	0.9799439854332863
YJR102C	-15.079168457502371	8.779539082069713	0.04735670718679735	0.06947975248708307	4.847422208557633e-13	0.7350903087735302
YML042W	-18.019886128365165	0.5967053880277488	1.7930623208769077e-08	1.782943917266825e-08	5.589365087947886e-09	3.9766672962452485e-08
YFR047C	-14.488259951694042	1.5710337353781192	1.7580879104249957e-06	9.838481319939176e-07	3.5347877566908223e-08	3.822424789602849e-06
YGL188C	-16.353021601557835	1.3525629969283373	1.9453241525669752e-07	1.9898620940151638e-07	8.544827402292621e-09	7.363124550176257e-07
YKR105C	-17.49651224025815	2.4638943682249943	7.607783914030134e-07	1.3499927183955985e-06	4.570802577799374e-10	2.846821610732931e-06
YJL034W	-11.571572923291521	2.241162085006518	0.00011972296853709393	0.00027277576843315684	1.1530524823625697e-06	0.0009518884034300751
YPL232W	-11.320337494130351	1.4222244917016384	3.449919711917953e-05	1.8764259460674986e-05	1.1063256291181738e-06	6.34090522498021e-05
YDL109C	-18.91853699413418	0.7284380770363853	7.782761538154698e-09	7.914617434041151e-09	1.8318171437530922e-09	2.009864424576072e-08
YOR222W	-14.18335874573763	0.8036507451242442	9.420132729809861e-07	9.702018662553542e-07	1.8550351702797028e-07	2.643568447140216e-06
YJL168C	-17.761964572907296	0.14976245301255373	1.95141208872753e-08	1.9540346408052166e-08	1.5103814545546245e-08	2.4715127697364685e-08
YNL091W	-18.930024468246252	0.28044764293961966	6.2652918292298254e-09	6.249338228545023e-09	3.786591174293811e-09	9.52689654774964e-09
YGL229C	-18.223432263236596	0.40491379004923395	1.3211851283402899e-08	1.3219821872230157e-08	6.253346946453846e-09	2.369477197208897e-08
YOR008W-B	-15.80693660524498	1.3275280760050898	3.332346733921254e-07	3.1832479586044146e-07	1.5275036450137933e-08	1.174033753146371e-06
YDL207W	-17.596314246072275	0.5987792753998245	2.7382790137665198e-08	2.718505627557615e-08	8.499987116776615e-09	6.077214035239754e-08
YDR495C	-18.656769384681816	0.2417317534336899	8.112173588214978e-09	8.129234498831055e-09	5.304043665506162e-09	1.1748784437280776e-08
YFR018C	-17.93944604310031	0.2311924238588317	1.670638624367667e-08	1.6617702942087608e-08	1.1057915527197616e-08	2.365922623269776e-08
YLL007C	-18.667522552300348	0.43210588288646695	8.50675171780154e-09	8.575893102032238e-09	3.835320509633996e-09	1.5892553500981487e-08
YJR047C	-12.18026858445314	10.473623244965767	0.12053006055942893	0.16188213906214668	6.906030262436787e-13	0.9981462159924404
YKL094W	-17.035770507926777	1.2632706417175028	8.453026343275397e-08	8.395180799413435e-08	4.949827825191298e-09	3.021584752719164e-07
YNL309W	-17.692253309528446	0.2259416407022079	2.1298122109916748e-08	2.125230478588648e-08	1.428178562886232e-08	3.003360531293233e-08
YEL064C	-16.741958059829763	2.0797477443169075	4.80414697168549e-07	5.265663522571835e-07	1.780396727847277e-09	1.9627958526123797e-06
YOL152W	-18.593807071790202	0.4018666116579995	9.064310690523348e-09	9.115654647266567e-09	4.3395011601432395e-09	1.6278936070100932e-08
YDR280W	-12.99247070177166	3.3866368145479173	0.00045775874453667483	4.972241362172769e-06	5.4699481518923224e-09	2.2540694991507453e-05
YIR024C	-17.548752443713006	0.3786925774758934	2.5623589753413042e-08	2.569349849229366e-08	1.2827323386490786e-08	4.456029540481952e-08
YML020W	-16.676201315357453	0.19564447470305532	5.812850568978664e-08	5.831676411308989e-08	4.1468047994311605e-08	7.89067308288521e-08
YML008C	-12.231065905624698	0.5940336573345224	5.808644376903087e-06	5.219063035931418e-06	1.7602475704525016e-06	1.1033709969716724e-05
YIL016W	-16.657587002156056	1.177877007160749	1.209095979380059e-07	1.1536076253400085e-07	8.367401523259141e-09	3.9943488132601376e-07
YDR300C	-13.75888519218365	5.198460447490151	0.005510660354894802	0.013775970234621196	1.0888148928394994e-09	0.03300413897166209
YMR139W	-13.345324624730845	3.8934868007626435	0.0010524891911197056	0.002183982074394494	6.951621525136137e-09	0.0035016078532832235
YFL045C	-10.412422956986982	4.104996531550268	0.010032942083172278	0.013935131936454964	1.0513381760201181e-07	0.04358925730341818
YBR218C	-11.236968896425376	1.8629046102364764	7.235727510803635e-05	0.000215004741595633	7.501743541781441e-06	0.0007679948243503104
YDL140C	-10.673347700846486	0.6754096686311362	2.937064949999354e-05	3.663651240845561e-05	1.2250673041917954e-05	7.868940324324045e-05
YAL058W	-18.493697181774174	0.22361599385648032	9.522720940308788e-09	9.529297510412041e-09	6.432546259241837e-09	1.3424094523860846e-08
YNR044W	-18.79106056640098	0.16667813055214384	7.011343641675797e-09	7.000951275637062e-09	5.247537644715174e-09	9.080399204298362e-09
YOR213C	-17.552596557733473	0.20178085204057	2.4297687465802257e-08	2.4310552490771496e-08	1.7088813066806708e-08	3.319066633938627e-08
YKL205W	-13.503712172118819	0.1707555809352256	1.3938437048419955e-06	1.3919667852976693e-06	1.0353461236874219e-06	1.8172574211479137e-06
YDL141W	-16.688452829484	2.2694412223282625	6.893001300787942e-07	6.926116692223247e-07	1.3818892479750758e-09	2.8966860409060304e-06
YNL304W	-17.04040799856825	0.7547826371736881	5.405802169821992e-08	5.2940730462210815e-08	1.1487588437105226e-08	1.3777971122961445e-07
YFL050C	-18.914521287829253	0.4760613762773944	6.847899331504324e-09	6.824690405150463e-09	2.784635361785425e-09	1.3323951426521847e-08
YPL152W-A	-17.652099393650992	0.34098887850877535	2.2673174841957972e-08	2.2858356974131495e-08	1.2308029227798926e-08	3.777076412739152e-08
YAL028W	-18.35569962043605	0.9103119572806753	1.6225789655153305e-08	1.6135627806454838e-08	2.383759155948142e-09	4.763369431120557e-08
YDL113C	-17.51505548241125	0.8503546089439153	3.5849751086664126e-08	3.5462614329002923e-08	6.098522348517252e-09	9.991221883528583e-08
YDL076C	-16.68155489127907	2.697270230711093	2.080400631880436e-06	3.993241831085569e-07	6.178410215434526e-10	1.951913377515278e-06
YMR197C	-11.888872474680236	4.869295599766018	0.011148057359653336	0.015697757750151618	5.41649191842362e-09	0.042791550026599075
YHR007C	-10.96899088407458	6.235020416475246	0.047954926904313334	0.0811800890779887	3.6178685547981194e-08	0.7178063619227997
YGL080W	-13.563850502826378	4.715120994628041	0.0029248536568137226	0.004959194914936026	7.908604166802522e-10	0.00563073733157255
YEL055C	-18.493194314935813	0.2784007928179525	9.655934385715217e-09	9.668640690833694e-09	5.883266272229719e-09	1.470269671966177e-08
YAL022C	-16.618935379076852	2.808070807044272	3.453267236504753e-06	5.568064027720513e-07	5.586418196262563e-10	2.7743708493651086e-06
YDL241W	-17.866897020133315	0.28553963067187454	1.8068494321981647e-08	1.8121204772728874e-08	1.0872202930029657e-08	2.7816084560102203e-08
YML053C	-17.671326488057225	0.3617813616301026	2.2697447628624703e-08	2.2589387970011992e-08	1.1667670848697835e-08	3.836159411633692e-08
YDR497C	-12.877483741024614	2.379435290556659	4.8296642741631504e-05	2.7703704029535306e-06	3.538109626038467e-08	1.1150778848828338e-05
YML098W	-15.444996090803167	5.3193788497659344	0.0026745367506080878	0.004595338858611794	4.516657839276208e-11	0.003366841900556631
YPR062W	-13.72873823344066	2.416141830353649	2.4637247120571383e-05	2.9013433106691856e-05	2.3371359307959752e-08	9.124020049132882e-05
YDR066C	-17.789465830538525	0.2502563551132284	1.944020947053197e-08	1.9395697199139983e-08	1.2450200467301e-08	2.8362343918714106e-08
YDR031W	-16.532642145285486	1.268143698268723	1.4477043578842288e-07	1.3725851049385715e-07	8.104317354953567e-09	4.945371006859364e-07
YDR281C	-17.361165251576445	0.1846472933046232	2.941470517494251e-08	2.9345399361883035e-08	2.129265808020731e-08	3.907736202309842e-08
YLR043C	-11.92819562006566	12.411773039265519	0.17443987395670166	0.2028943414886749	2.7272009200303514e-14	0.999925275838027
YOR332W	-12.91567183291131	4.469479985724004	0.004419386198439819	0.00593768817065587	3.2472169499413257e-09	0.009421948238812499
YBR110W	-16.44177825537276	5.504891432621548	0.0024970715793937574	4.76955171737163e-07	4.175338045664669e-12	2.6551227233132147e-06
YNR032W	-14.082385030335852	5.496093001228492	0.007080714532726326	0.01537513463287395	3.7051678649280544e-10	0.03648148287505841
YPR102C	-10.473979844006815	10.369542983885635	0.16161213952223566	0.20181109765119937	6.203885181595395e-12	0.9995527159477674
YLR049C	-16.885684217087096	0.6599118964909308	5.7766726074430435e-08	5.782021066470951e-08	1.5674731601675273e-08	1.3772033237972707e-07
YFR026C	-17.76940603902853	0.2216401239294584	1.9694207946563746e-08	1.9656023076364105e-08	1.3315316512226904e-08	2.7607714526552704e-08
YOR122C	-11.811455698619236	57.30457797282711	0.42464545018674826	0.50573232802813	5.243801708726371e-44	1.0
YBR126W-A	-16.59813290542747	1.4912980013516373	1.8268204357245765e-07	1.9082091844676992e-07	5.322806279092229e-09	7.261885798209909e-07
YOL124C	-14.839582507652219	0.6509470588608943	4.4542848443880313e-07	4.448081763847121e-07	1.2321613699689732e-07	1.0500051197533517e-06
YNL110C	-16.649797459592214	2.079623214665106	4.3537030225033783e-07	4.553149745924727e-07	1.920454777584311e-09	1.7800375911419896e-06
YLR222C	-15.171150074275781	0.23517826936838773	2.652927929848308e-07	2.6537846942158795e-07	1.752799925060385e-07	3.8011756158000627e-07
YGL037C	-13.279966604831268	2.6380504729828074	6.279955288674006e-05	2.1369218733755954e-06	1.4733328414395187e-08	9.283857385225324e-06
YAL009W	-14.173733102209505	2.9566440823516764	5.353478168500886e-05	9.768124932180959e-05	7.1355782970013526e-09	0.00021608221590380512
YGR166W	-18.434317372510982	0.32177131289734084	1.045109223756966e-08	1.0388912033440018e-08	5.807389668329647e-09	1.674753081508879e-08
YPL025C	-17.63307112315028	1.473806825616041	6.435800848187084e-08	6.068844191553826e-08	1.9278425002120575e-09	2.346170334311947e-07
YKR054C	-18.262599477974568	0.19075176459824345	1.1936148538884698e-08	1.1922576505220646e-08	8.552947867294374e-09	1.6019964996618773e-08
YPL027W	-17.723503767506323	0.30909875225463945	2.1015746930539612e-08	2.1057290365868388e-08	1.2071061499848572e-08	3.3372222822899795e-08
YNL193W	-18.32442632770921	0.25191397394884507	1.1403789705021198e-08	1.1363855982104155e-08	7.272112710444527e-09	1.6656923123493596e-08
YBR191W	-11.94804724671935	8.43497700913994	0.08486739384871088	0.10714077800828128	1.946280239071328e-11	0.949764348351658
YOL011W	-15.644119759345765	0.7449944770850532	2.117338409094142e-07	2.1293767010652275e-07	4.722147065392346e-08	5.49716908685983e-07
YGR135W	-11.13856815883714	1.3342611249651688	3.461622683779998e-05	4.5415300896517864e-05	2.1421653817989605e-06	0.00016298119722864664
YGR220C	-12.635349562909093	4.688382721820616	0.0066898838727214895	0.00984933401728429	3.9195568790314685e-09	0.020226538729518448
YNR059W	-18.46857894036743	1.9974006960308954	6.910836972063991e-08	5.142715385376859e-08	3.510076932816021e-10	2.1644483538819257e-07
YPL220W	-11.909342353458621	14.414031747727766	0.20553346540438608	0.28126071049904594	5.923298468593883e-15	0.9999990811307077
YOR100C	-14.965079151262168	3.519464070309934	0.00010068104994181726	0.00026615481685631637	1.4621497099853892e-09	0.00039092525905647617
YJR115W	-17.280901504674098	0.4587796931746844	3.478177859698184e-08	3.473654320666845e-08	1.4697655784272037e-08	6.648926943404105e-08
YGR268C	-16.777746048283866	2.0458426669658953	4.043308724476306e-07	5.109687798219319e-07	1.8039924947288673e-09	1.7002490012577164e-06
YDL059C	-16.98496700323171	1.3022120409727405	9.632217688030257e-08	9.84217832163783e-08	4.9342774783174964e-09	3.586958435412964e-07
